reference_entry,displayid,item_level,quality,source,earliest_expansion
210,14444,5,1,item_template.sql,Classic
720,2368,28,3,item_template.sql,Classic
727,26577,10,2,item_template.sql,Classic
744,18059,44,2,item_template.sql,Classic
789,19699,22,2,item_template.sql,Classic
821,17102,13,2,item_template.sql,Classic
826,19271,15,2,item_template.sql,Classic
832,6847,15,2,item_template.sql,Classic
862,18397,50,3,item_template.sql,Classic
863,19213,37,2,item_template.sql,Classic
864,26579,38,2,item_template.sql,Classic
865,5212,31,2,item_template.sql,Classic
866,20357,42,2,item_template.sql,Classic
880,20382,23,2,item_template.sql,Classic
886,20093,26,2,item_template.sql,Classic
888,17182,27,3,item_template.sql,Classic
890,20386,24,3,item_template.sql,Classic
892,16950,22,2,item_template.sql,Classic
897,17011,29,2,item_template.sql,Classic
935,8274,20,3,item_template.sql,Classic
937,20329,38,3,item_template.sql,Classic
1009,8583,13,2,item_template.sql,Classic
1020,13552,1,1,item_template.sql,Classic
1021,13551,1,1,item_template.sql,Classic
1022,15299,1,1,item_template.sql,Classic
1023,15297,1,1,item_template.sql,Classic
1024,15304,1,1,item_template.sql,Classic
1027,15294,1,1,item_template.sql,Classic
1076,6012,25,2,item_template.sql,Classic
1121,703,24,3,item_template.sql,Classic
1156,9839,22,3,item_template.sql,Classic
1162,13219,10,1,item_template.sql,Classic
1190,15120,20,2,item_template.sql,Classic
1207,5223,39,2,item_template.sql,Classic
1211,14260,15,2,item_template.sql,Classic
1215,16942,22,2,item_template.sql,Classic
1216,9559,33,2,item_template.sql,Classic
1219,20122,16,2,item_template.sql,Classic
1265,20156,39,3,item_template.sql,Classic
1280,15298,38,2,item_template.sql,Classic
1282,15324,33,2,item_template.sql,Classic
1300,20391,20,2,item_template.sql,Classic
1302,17174,18,2,item_template.sql,Classic
1304,16818,20,2,item_template.sql,Classic
1306,11387,20,2,item_template.sql,Classic
1310,16971,20,2,item_template.sql,Classic
1314,17179,20,2,item_template.sql,Classic
1317,20377,25,2,item_template.sql,Classic
1319,14437,25,2,item_template.sql,Classic
1355,23014,15,2,item_template.sql,Classic
1391,20410,18,2,item_template.sql,Classic
1406,5638,21,2,item_template.sql,Classic
1436,17144,17,2,item_template.sql,Classic
1440,8570,19,2,item_template.sql,Classic
1444,6504,40,3,item_template.sql,Classic
1446,6841,19,2,item_template.sql,Classic
1447,14438,46,4,item_template.sql,Classic
1448,6842,20,2,item_template.sql,Classic
1454,8457,27,3,item_template.sql,Classic
1462,9846,25,2,item_template.sql,Classic
1473,20402,19,2,item_template.sql,Classic
1484,9122,22,3,item_template.sql,Classic
1486,9889,24,3,item_template.sql,Classic
1489,8676,25,3,item_template.sql,Classic
1521,19306,44,2,item_template.sql,Classic
1539,20395,19,2,item_template.sql,Classic
1566,20078,17,2,item_template.sql,Classic
1602,8489,39,3,item_template.sql,Classic
1607,20272,54,3,item_template.sql,Classic
1608,19743,47,2,item_template.sql,Classic
1613,28470,44,2,item_template.sql,Classic
1625,26586,41,2,item_template.sql,Classic
1640,8526,42,2,item_template.sql,Classic
1677,8678,46,2,item_template.sql,Classic
1713,23949,45,3,item_template.sql,Classic
1716,16667,40,3,item_template.sql,Classic
1717,12960,30,3,item_template.sql,Classic
1718,17137,43,3,item_template.sql,Classic
1726,20749,36,3,item_template.sql,Classic
1917,20435,10,2,item_template.sql,Classic
1928,20415,16,2,item_template.sql,Classic
1929,16848,18,2,item_template.sql,Classic
1933,20418,15,2,item_template.sql,Classic
1938,8565,22,2,item_template.sql,Classic
1944,17062,18,2,item_template.sql,Classic
1945,17189,18,2,item_template.sql,Classic
1955,6907,27,2,item_template.sql,Classic
1958,1759,17,2,item_template.sql,Classic
1974,16901,22,3,item_template.sql,Classic
1978,12813,27,3,item_template.sql,Classic
1988,25892,38,2,item_template.sql,Classic
1990,5533,36,2,item_template.sql,Classic
1993,14436,36,2,item_template.sql,Classic
1997,16670,34,2,item_template.sql,Classic
1998,20356,33,2,item_template.sql,Classic
2000,20251,35,2,item_template.sql,Classic
2011,20120,26,3,item_template.sql,Classic
2013,20373,26,2,item_template.sql,Classic
2016,1727,26,2,item_template.sql,Classic
2017,6738,28,2,item_template.sql,Classic
2036,17054,18,2,item_template.sql,Classic
2037,11447,18,2,item_template.sql,Classic
2041,8703,24,3,item_template.sql,Classic
2072,20363,27,2,item_template.sql,Classic
2073,19134,15,2,item_template.sql,Classic
2075,5218,12,2,item_template.sql,Classic
2077,28578,29,2,item_template.sql,Classic
2078,20157,18,2,item_template.sql,Classic
2079,19637,17,2,item_template.sql,Classic
2080,19400,34,2,item_template.sql,Classic
2087,17095,13,2,item_template.sql,Classic
2098,28718,27,3,item_template.sql,Classic
2123,14426,5,1,item_template.sql,Classic
2166,685,20,2,item_template.sql,Classic
2167,17178,20,2,item_template.sql,Classic
2168,16713,21,2,item_template.sql,Classic
2173,28227,5,1,item_template.sql,Classic
2175,8534,23,2,item_template.sql,Classic
2204,20038,17,2,item_template.sql,Classic
2218,20451,13,2,item_template.sql,Classic
2226,20372,27,2,item_template.sql,Classic
2231,16671,40,2,item_template.sql,Classic
2232,4272,25,2,item_template.sql,Classic
2233,18489,27,2,item_template.sql,Classic
2236,20345,25,3,item_template.sql,Classic
2256,5221,24,3,item_template.sql,Classic
2264,12830,30,3,item_template.sql,Classic
2271,20346,23,3,item_template.sql,Classic
2274,6883,17,2,item_template.sql,Classic
2275,13279,20,3,item_template.sql,Classic
2276,16996,37,3,item_template.sql,Classic
2277,3173,35,3,item_template.sql,Classic
2278,17190,31,3,item_template.sql,Classic
2280,20370,27,3,item_template.sql,Classic
2283,16831,15,2,item_template.sql,Classic
2300,9502,12,2,item_template.sql,Classic
2302,4713,8,1,item_template.sql,Classic
2307,17163,18,2,item_template.sql,Classic
2308,23028,15,2,item_template.sql,Classic
2309,13864,15,2,item_template.sql,Classic
2310,23025,13,2,item_template.sql,Classic
2311,17233,13,2,item_template.sql,Classic
2312,5406,15,2,item_template.sql,Classic
2314,9531,24,3,item_template.sql,Classic
2315,9530,20,2,item_template.sql,Classic
2316,23021,22,2,item_template.sql,Classic
2317,17214,20,2,item_template.sql,Classic
2504,8106,2,1,item_template.sql,Classic
2510,6594,3,1,item_template.sql,Classic
2545,3043,26,2,item_template.sql,Classic
2566,16666,27,2,item_template.sql,Classic
2569,17120,13,2,item_template.sql,Classic
2571,2486,7,1,item_template.sql,Classic
2572,12687,10,2,item_template.sql,Classic
2578,10891,14,2,item_template.sql,Classic
2580,23133,12,2,item_template.sql,Classic
2582,12394,17,2,item_template.sql,Classic
2583,13524,19,2,item_template.sql,Classic
2588,13253,20,1,item_template.sql,Classic
2694,28250,17,2,item_template.sql,Classic
2721,16826,32,3,item_template.sql,Classic
2800,21114,26,3,item_template.sql,Classic
2802,6484,43,3,item_template.sql,Classic
2805,23084,34,2,item_template.sql,Classic
2817,17103,12,2,item_template.sql,Classic
2818,1963,15,2,item_template.sql,Classic
2820,6540,50,2,item_template.sql,Classic
2850,3855,24,2,item_template.sql,Classic
2854,25851,19,2,item_template.sql,Classic
2857,25852,18,2,item_template.sql,Classic
2865,4333,21,2,item_template.sql,Classic
2866,23530,23,2,item_template.sql,Classic
2867,23532,23,2,item_template.sql,Classic
2870,23540,29,3,item_template.sql,Classic
2899,16949,15,2,item_template.sql,Classic
2908,20605,20,2,item_template.sql,Classic
2911,9898,23,3,item_template.sql,Classic
2912,20320,32,3,item_template.sql,Classic
2913,16828,28,2,item_template.sql,Classic
2917,9850,33,2,item_template.sql,Classic
2922,6564,20,1,item_template.sql,Classic
2933,9845,31,3,item_template.sql,Classic
2941,20359,26,3,item_template.sql,Classic
2949,16989,25,2,item_template.sql,Classic
2951,9851,36,3,item_template.sql,Classic
2954,14615,33,2,item_template.sql,Classic
2957,14499,11,2,item_template.sql,Classic
2958,14498,10,2,item_template.sql,Classic
2961,17093,11,2,item_template.sql,Classic
2962,17160,10,2,item_template.sql,Classic
2965,22677,11,2,item_template.sql,Classic
2966,7193,10,2,item_template.sql,Classic
2969,14524,17,2,item_template.sql,Classic
2970,14529,16,2,item_template.sql,Classic
2973,14539,17,2,item_template.sql,Classic
2976,14536,15,2,item_template.sql,Classic
2977,22689,16,2,item_template.sql,Classic
2978,22693,15,2,item_template.sql,Classic
2980,12450,15,2,item_template.sql,Classic
2981,14549,21,2,item_template.sql,Classic
2983,14552,17,2,item_template.sql,Classic
2984,16789,18,2,item_template.sql,Classic
2986,11369,20,2,item_template.sql,Classic
2987,11373,18,2,item_template.sql,Classic
2988,14411,19,2,item_template.sql,Classic
2989,25769,21,2,item_template.sql,Classic
2990,25768,21,2,item_template.sql,Classic
2992,16731,20,2,item_template.sql,Classic
3000,16888,10,2,item_template.sql,Classic
3001,18087,20,1,item_template.sql,Classic
3002,6338,30,1,item_template.sql,Classic
3004,6551,15,1,item_template.sql,Classic
3006,6521,25,1,item_template.sql,Classic
3011,13259,36,2,item_template.sql,Classic
3019,12682,18,2,item_template.sql,Classic
3020,21294,33,3,item_template.sql,Classic
3022,16534,23,2,item_template.sql,Classic
3036,5392,15,2,item_template.sql,Classic
3037,20653,34,2,item_template.sql,Classic
3039,20672,23,2,item_template.sql,Classic
3042,20734,33,2,item_template.sql,Classic
3045,25778,27,2,item_template.sql,Classic
3048,11525,26,2,item_template.sql,Classic
3049,25780,27,2,item_template.sql,Classic
3056,16954,26,2,item_template.sql,Classic
3057,16984,24,2,item_template.sql,Classic
3065,27547,23,2,item_template.sql,Classic
3068,16824,32,2,item_template.sql,Classic
3069,27554,27,2,item_template.sql,Classic
3072,16694,26,2,item_template.sql,Classic
3073,16846,26,2,item_template.sql,Classic
3074,12420,24,2,item_template.sql,Classic
3075,15322,55,4,item_template.sql,Classic
3079,20738,12,2,item_template.sql,Classic
3160,3304,15,2,item_template.sql,Classic
3166,12965,15,2,item_template.sql,Classic
3185,20362,34,2,item_template.sql,Classic
3192,26590,12,2,item_template.sql,Classic
3195,8499,18,2,item_template.sql,Classic
3198,8585,23,2,item_template.sql,Classic
3202,10216,24,2,item_template.sql,Classic
3203,5228,28,3,item_template.sql,Classic
3205,14410,17,2,item_template.sql,Classic
3206,20186,28,2,item_template.sql,Classic
3211,25766,19,2,item_template.sql,Classic
3212,25779,26,2,item_template.sql,Classic
3217,16787,15,2,item_template.sql,Classic
3222,20607,19,2,item_template.sql,Classic
3223,19624,11,2,item_template.sql,Classic
3229,9917,23,2,item_template.sql,Classic
3230,17166,26,3,item_template.sql,Classic
3235,9840,20,2,item_template.sql,Classic
3274,16587,5,1,item_template.sql,Classic
3282,26932,12,2,item_template.sql,Classic
3283,26933,13,2,item_template.sql,Classic
3287,28591,12,2,item_template.sql,Classic
3288,27996,13,2,item_template.sql,Classic
3291,14511,13,2,item_template.sql,Classic
3292,14513,13,2,item_template.sql,Classic
3302,26944,15,2,item_template.sql,Classic
3306,26949,18,2,item_template.sql,Classic
3307,11060,15,2,item_template.sql,Classic
3308,16592,15,2,item_template.sql,Classic
3309,16591,16,2,item_template.sql,Classic
3310,16590,18,2,item_template.sql,Classic
3313,28047,18,2,item_template.sql,Classic
3314,14546,15,2,item_template.sql,Classic
3315,14547,17,2,item_template.sql,Classic
3323,16906,8,1,item_template.sql,Classic
3324,21457,28,2,item_template.sql,Classic
3330,12971,13,2,item_template.sql,Classic
3344,4511,15,2,item_template.sql,Classic
3345,15912,37,2,item_template.sql,Classic
3392,21310,30,2,item_template.sql,Classic
3417,20174,26,3,item_template.sql,Classic
3429,4532,24,2,item_template.sql,Classic
3431,17092,25,2,item_template.sql,Classic
3440,6806,13,2,item_template.sql,Classic
3446,20419,13,2,item_template.sql,Classic
3449,23127,15,2,item_template.sql,Classic
3452,5120,22,2,item_template.sql,Classic
3458,6982,18,2,item_template.sql,Classic
3471,13090,10,2,item_template.sql,Classic
3472,25850,12,2,item_template.sql,Classic
3473,25849,13,2,item_template.sql,Classic
3474,9390,15,2,item_template.sql,Classic
3482,9404,26,2,item_template.sql,Classic
3485,9414,30,2,item_template.sql,Classic
3494,7430,1,0,item_template.sql,Classic
3511,23020,15,2,item_template.sql,Classic
3529,12906,1,1,item_template.sql,Classic
3533,6762,1,1,item_template.sql,Classic
3536,13564,1,1,item_template.sql,Classic
3543,6723,1,1,item_template.sql,Classic
3556,16544,30,2,item_template.sql,Classic
3558,16528,25,2,item_template.sql,Classic
3559,11626,21,2,item_template.sql,Classic
3560,20715,35,2,item_template.sql,Classic
3562,16910,27,2,item_template.sql,Classic
3565,14127,20,2,item_template.sql,Classic
3566,17101,29,2,item_template.sql,Classic
3569,18122,26,2,item_template.sql,Classic
3571,19546,21,2,item_template.sql,Classic
3578,9380,15,2,item_template.sql,Classic
3582,23085,18,2,item_template.sql,Classic
3585,16876,22,2,item_template.sql,Classic
3599,16832,5,1,item_template.sql,Classic
3600,16929,5,1,item_template.sql,Classic
3645,16915,17,2,item_template.sql,Classic
3647,14566,23,2,item_template.sql,Classic
3652,18488,14,2,item_template.sql,Classic
3654,18657,14,2,item_template.sql,Classic
3739,16132,25,2,item_template.sql,Classic
3741,17164,24,2,item_template.sql,Classic
3742,20667,28,2,item_template.sql,Classic
3748,10169,26,3,item_template.sql,Classic
3749,23118,30,2,item_template.sql,Classic
3750,8732,30,2,item_template.sql,Classic
3751,3083,30,2,item_template.sql,Classic
3752,8666,22,2,item_template.sql,Classic
3753,17129,34,2,item_template.sql,Classic
3754,17186,33,2,item_template.sql,Classic
3759,16944,33,2,item_template.sql,Classic
3764,3750,40,2,item_template.sql,Classic
3765,6971,40,2,item_template.sql,Classic
3835,9417,33,2,item_template.sql,Classic
3837,15333,38,2,item_template.sql,Classic
3843,9242,34,2,item_template.sql,Classic
3849,5153,32,2,item_template.sql,Classic
3850,20215,35,2,item_template.sql,Classic
3852,15468,34,2,item_template.sql,Classic
3854,20252,40,2,item_template.sql,Classic
3855,8528,37,2,item_template.sql,Classic
3856,8533,40,2,item_template.sql,Classic
3884,13249,22,1,item_template.sql,Classic
3885,13278,22,1,item_template.sql,Classic
3902,20412,18,2,item_template.sql,Classic
3985,16829,40,2,item_template.sql,Classic
4035,16643,31,2,item_template.sql,Classic
4036,4607,27,2,item_template.sql,Classic
4038,27557,37,2,item_template.sql,Classic
4039,15298,35,2,item_template.sql,Classic
4040,14623,34,2,item_template.sql,Classic
4042,14661,39,2,item_template.sql,Classic
4044,14659,40,2,item_template.sql,Classic
4045,14680,42,2,item_template.sql,Classic
4046,14685,45,2,item_template.sql,Classic
4047,14679,43,2,item_template.sql,Classic
4048,17199,31,2,item_template.sql,Classic
4050,17141,31,2,item_template.sql,Classic
4051,17161,30,2,item_template.sql,Classic
4052,21304,35,2,item_template.sql,Classic
4054,17149,35,2,item_template.sql,Classic
4055,3036,34,2,item_template.sql,Classic
4057,16890,36,2,item_template.sql,Classic
4058,14674,41,2,item_template.sql,Classic
4059,14673,37,2,item_template.sql,Classic
4072,25802,30,2,item_template.sql,Classic
4073,25804,31,2,item_template.sql,Classic
4077,25825,35,2,item_template.sql,Classic
4079,25896,40,2,item_template.sql,Classic
4080,15290,45,2,item_template.sql,Classic
4082,26074,47,2,item_template.sql,Classic
4107,4438,37,2,item_template.sql,Classic
4109,16983,41,2,item_template.sql,Classic
4114,15246,42,2,item_template.sql,Classic
4117,16830,44,2,item_template.sql,Classic
4118,6976,50,2,item_template.sql,Classic
4119,17100,43,2,item_template.sql,Classic
4121,14323,35,2,item_template.sql,Classic
4124,21293,40,2,item_template.sql,Classic
4131,17115,44,2,item_template.sql,Classic
4132,6884,37,2,item_template.sql,Classic
4134,20294,46,3,item_template.sql,Classic
4135,6486,35,2,item_template.sql,Classic
4137,4835,42,2,item_template.sql,Classic
4139,16822,37,2,item_template.sql,Classic
4140,4869,34,2,item_template.sql,Classic
4196,4483,30,3,item_template.sql,Classic
4239,9503,13,2,item_template.sql,Classic
4242,9505,15,2,item_template.sql,Classic
4243,9511,17,2,item_template.sql,Classic
4246,9513,16,2,item_template.sql,Classic
4247,2362,29,2,item_template.sql,Classic
4248,9526,26,2,item_template.sql,Classic
4250,17237,25,2,item_template.sql,Classic
4251,11274,26,2,item_template.sql,Classic
4252,12403,28,2,item_template.sql,Classic
4253,27881,27,3,item_template.sql,Classic
4256,9545,35,2,item_template.sql,Classic
4257,17224,32,2,item_template.sql,Classic
4258,9538,34,2,item_template.sql,Classic
4260,9550,39,2,item_template.sql,Classic
4262,17218,37,3,item_template.sql,Classic
4264,17111,40,2,item_template.sql,Classic
4290,4400,18,2,item_template.sql,Classic
4303,19615,12,2,item_template.sql,Classic
4307,6295,10,2,item_template.sql,Classic
4308,8089,12,2,item_template.sql,Classic
4309,12395,14,2,item_template.sql,Classic
4310,12865,17,2,item_template.sql,Classic
4311,23117,21,2,item_template.sql,Classic
4313,4615,20,2,item_template.sql,Classic
4314,9997,22,2,item_template.sql,Classic
4315,17135,24,2,item_template.sql,Classic
4316,6297,22,2,item_template.sql,Classic
4317,12399,25,2,item_template.sql,Classic
4318,6291,26,2,item_template.sql,Classic
4319,17130,29,2,item_template.sql,Classic
4320,4301,24,3,item_template.sql,Classic
4321,17138,28,2,item_template.sql,Classic
4322,15314,33,2,item_template.sql,Classic
4326,15076,37,2,item_template.sql,Classic
4328,17136,36,2,item_template.sql,Classic
4329,6315,40,2,item_template.sql,Classic
4343,12388,10,2,item_template.sql,Classic
4362,6600,10,2,item_template.sql,Classic
4368,13236,20,2,item_template.sql,Classic
4373,26619,24,2,item_template.sql,Classic
4379,15835,26,2,item_template.sql,Classic
4381,22293,28,2,item_template.sql,Classic
4385,22422,30,2,item_template.sql,Classic
4393,13215,37,2,item_template.sql,Classic
4396,21632,40,2,item_template.sql,Classic
4397,7841,40,2,item_template.sql,Classic
4436,9912,21,2,item_template.sql,Classic
4437,20390,20,2,item_template.sql,Classic
4438,6977,30,3,item_template.sql,Classic
4439,6795,22,2,item_template.sql,Classic
4443,11327,36,2,item_template.sql,Classic
4446,20369,26,3,item_template.sql,Classic
4447,23019,26,2,item_template.sql,Classic
4448,4723,27,2,item_template.sql,Classic
4449,20439,27,2,item_template.sql,Classic
4455,14261,33,2,item_template.sql,Classic
4456,17231,33,2,item_template.sql,Classic
4462,23098,31,2,item_template.sql,Classic
4465,6844,32,2,item_template.sql,Classic
4476,12650,34,2,item_template.sql,Classic
4478,4744,45,2,item_template.sql,Classic
4508,8639,42,3,item_template.sql,Classic
4509,17185,40,2,item_template.sql,Classic
4511,19783,40,2,item_template.sql,Classic
4535,9838,31,2,item_template.sql,Classic
4543,21313,40,2,item_template.sql,Classic
4545,16892,40,2,item_template.sql,Classic
4566,20420,13,2,item_template.sql,Classic
4569,19778,14,2,item_template.sql,Classic
4577,6592,13,2,item_template.sql,Classic
4614,9859,35,2,item_template.sql,Classic
4643,15079,33,2,item_template.sql,Classic
4659,11131,8,1,item_template.sql,Classic
4660,6322,18,2,item_template.sql,Classic
4676,6991,17,2,item_template.sql,Classic
4695,26048,18,2,item_template.sql,Classic
4697,25767,20,2,item_template.sql,Classic
4699,14555,18,2,item_template.sql,Classic
4701,23044,16,2,item_template.sql,Classic
4706,25979,24,2,item_template.sql,Classic
4707,25781,26,2,item_template.sql,Classic
4709,8098,25,2,item_template.sql,Classic
4710,23029,22,2,item_template.sql,Classic
4712,25803,29,2,item_template.sql,Classic
4713,23140,26,2,item_template.sql,Classic
4715,23024,27,2,item_template.sql,Classic
4717,25813,34,2,item_template.sql,Classic
4718,16652,35,2,item_template.sql,Classic
4719,18131,32,2,item_template.sql,Classic
4720,14624,33,2,item_template.sql,Classic
4721,17193,35,2,item_template.sql,Classic
4724,21302,30,2,item_template.sql,Classic
4725,25897,40,2,item_template.sql,Classic
4726,25900,36,2,item_template.sql,Classic
4727,25895,38,2,item_template.sql,Classic
4731,14677,39,2,item_template.sql,Classic
4732,23031,37,2,item_template.sql,Classic
4733,26078,46,2,item_template.sql,Classic
4734,11638,43,2,item_template.sql,Classic
4735,23125,41,2,item_template.sql,Classic
4737,17192,44,2,item_template.sql,Classic
4738,16921,42,2,item_template.sql,Classic
4741,4912,37,2,item_template.sql,Classic
4743,6546,50,3,item_template.sql,Classic
4744,16925,39,2,item_template.sql,Classic
4745,7005,40,2,item_template.sql,Classic
4766,5154,13,2,item_template.sql,Classic
4767,3528,15,2,item_template.sql,Classic
4768,16946,15,2,item_template.sql,Classic
4771,23012,15,2,item_template.sql,Classic
4777,19538,18,2,item_template.sql,Classic
4778,6808,19,2,item_template.sql,Classic
4782,16812,18,2,item_template.sql,Classic
4786,16833,20,2,item_template.sql,Classic
4788,4024,20,2,item_template.sql,Classic
4795,6756,25,2,item_template.sql,Classic
4796,6758,25,2,item_template.sql,Classic
4797,15161,25,2,item_template.sql,Classic
4798,15206,25,2,item_template.sql,Classic
4799,23087,23,2,item_template.sql,Classic
4810,19911,37,2,item_template.sql,Classic
4816,4978,24,2,item_template.sql,Classic
4824,8459,27,2,item_template.sql,Classic
4825,8461,29,2,item_template.sql,Classic
4831,17154,26,2,item_template.sql,Classic
4832,22428,29,2,item_template.sql,Classic
4833,6929,28,2,item_template.sql,Classic
4835,6912,30,2,item_template.sql,Classic
4853,15330,5,1,item_template.sql,Classic
4861,5243,10,2,item_template.sql,Classic
4908,17169,5,1,item_template.sql,Classic
4913,9920,5,1,item_template.sql,Classic
4919,16799,5,1,item_template.sql,Classic
4928,17017,8,1,item_template.sql,Classic
4947,20603,11,2,item_template.sql,Classic
4951,16938,7,1,item_template.sql,Classic
4954,16932,5,1,item_template.sql,Classic
4971,8572,12,2,item_template.sql,Classic
4976,28287,40,2,item_template.sql,Classic
4977,20009,41,2,item_template.sql,Classic
4978,19741,36,2,item_template.sql,Classic
4979,5434,42,2,item_template.sql,Classic
4980,5435,37,2,item_template.sql,Classic
4990,16934,50,2,item_template.sql,Classic
4998,9834,24,2,item_template.sql,Classic
5005,9658,35,2,item_template.sql,Classic
5008,9843,36,2,item_template.sql,Classic
5069,6097,12,2,item_template.sql,Classic
5071,18356,14,2,item_template.sql,Classic
5111,18133,15,2,item_template.sql,Classic
5112,20491,15,2,item_template.sql,Classic
5180,6494,34,2,item_template.sql,Classic
5181,23142,33,2,item_template.sql,Classic
5191,7311,24,3,item_template.sql,Classic
5192,5144,22,3,item_template.sql,Classic
5195,16966,22,3,item_template.sql,Classic
5196,13913,22,3,item_template.sql,Classic
5197,20953,21,3,item_template.sql,Classic
5199,1978,21,3,item_template.sql,Classic
5200,5949,22,3,item_template.sql,Classic
5201,20340,23,3,item_template.sql,Classic
5207,20903,20,2,item_template.sql,Classic
5213,20907,35,2,item_template.sql,Classic
5214,21020,32,2,item_template.sql,Classic
5216,20790,45,2,item_template.sql,Classic
5222,6001,28,1,item_template.sql,Classic
5240,6101,21,2,item_template.sql,Classic
5250,6140,28,2,item_template.sql,Classic
5252,20825,21,2,item_template.sql,Classic
5257,23000,37,3,item_template.sql,Classic
5275,7545,15,2,item_template.sql,Classic
5279,20411,20,2,item_template.sql,Classic
5299,17223,20,2,item_template.sql,Classic
5306,7524,20,2,item_template.sql,Classic
5309,7531,20,2,item_template.sql,Classic
5311,17159,21,2,item_template.sql,Classic
5312,7540,20,2,item_template.sql,Classic
5313,7544,25,2,item_template.sql,Classic
5315,28200,18,2,item_template.sql,Classic
5317,8658,25,2,item_template.sql,Classic
5318,22225,20,2,item_template.sql,Classic
5324,8576,16,2,item_template.sql,Classic
5327,16958,18,2,item_template.sql,Classic
5328,7563,15,2,item_template.sql,Classic
5337,19899,16,2,item_template.sql,Classic
5340,20417,15,2,item_template.sql,Classic
5341,8717,15,2,item_template.sql,Classic
5343,23088,18,2,item_template.sql,Classic
5344,8485,14,2,item_template.sql,Classic
5345,8602,14,2,item_template.sql,Classic
5346,20719,14,2,item_template.sql,Classic
5351,6011,20,2,item_template.sql,Classic
5355,7662,28,2,item_template.sql,Classic
5387,23108,20,2,item_template.sql,Classic
5404,6729,23,3,item_template.sql,Classic
5422,16974,20,2,item_template.sql,Classic
5425,7932,20,3,item_template.sql,Classic
5426,19396,20,3,item_template.sql,Classic
5444,15089,19,3,item_template.sql,Classic
5459,5014,13,2,item_template.sql,Classic
5541,19801,28,2,item_template.sql,Classic
5609,6755,22,2,item_template.sql,Classic
5613,20384,23,2,item_template.sql,Classic
5614,20182,31,2,item_template.sql,Classic
5617,6718,13,2,item_template.sql,Classic
5622,14432,22,2,item_template.sql,Classic
5624,15905,38,2,item_template.sql,Classic
5627,20354,20,2,item_template.sql,Classic
5739,12368,38,2,item_template.sql,Classic
5742,20569,40,2,item_template.sql,Classic
5750,8749,23,2,item_template.sql,Classic
5752,20596,26,2,item_template.sql,Classic
5753,8753,31,2,item_template.sql,Classic
5754,7093,31,2,item_template.sql,Classic
5755,8719,35,2,item_template.sql,Classic
5757,8803,20,2,item_template.sql,Classic
5780,8905,18,2,item_template.sql,Classic
5782,22393,34,2,item_template.sql,Classic
5783,8912,38,2,item_template.sql,Classic
5814,16899,30,2,item_template.sql,Classic
5817,9060,30,2,item_template.sql,Classic
5819,15810,33,3,item_template.sql,Classic
5820,9077,32,2,item_template.sql,Classic
5821,16982,24,2,item_template.sql,Classic
5822,9082,24,2,item_template.sql,Classic
5943,9378,25,3,item_template.sql,Classic
5944,7554,15,2,item_template.sql,Classic
5958,9514,21,2,item_template.sql,Classic
5961,12402,23,2,item_template.sql,Classic
5963,17212,34,2,item_template.sql,Classic
5965,23033,37,2,item_template.sql,Classic
5967,9552,18,2,item_template.sql,Classic
5969,23059,23,2,item_template.sql,Classic
5970,19128,23,3,item_template.sql,Classic
5971,23026,26,2,item_template.sql,Classic
5975,9584,23,2,item_template.sql,Classic
6058,8419,5,1,item_template.sql,Classic
6070,17173,5,1,item_template.sql,Classic
6084,9738,13,2,item_template.sql,Classic
6085,11368,13,2,item_template.sql,Classic
6087,9742,24,3,item_template.sql,Classic
6092,49990,18,2,item_template.sql,Classic
6095,11548,24,2,item_template.sql,Classic
6171,9374,5,1,item_template.sql,Classic
6173,16809,5,1,item_template.sql,Classic
6179,15166,19,2,item_template.sql,Classic
6188,10434,15,2,item_template.sql,Classic
6191,10454,23,2,item_template.sql,Classic
6195,12944,15,2,item_template.sql,Classic
6197,2644,22,2,item_template.sql,Classic
6199,10530,24,2,item_template.sql,Classic
6204,13266,32,2,item_template.sql,Classic
6226,12652,23,3,item_template.sql,Classic
6238,12389,10,2,item_template.sql,Classic
6240,12387,12,2,item_template.sql,Classic
6241,17123,10,2,item_template.sql,Classic
6243,12393,18,2,item_template.sql,Classic
6263,11182,20,2,item_template.sql,Classic
6264,12716,23,2,item_template.sql,Classic
6266,16560,13,2,item_template.sql,Classic
6267,16561,12,2,item_template.sql,Classic
6268,17098,13,2,item_template.sql,Classic
6269,17152,12,2,item_template.sql,Classic
6282,11166,32,2,item_template.sql,Classic
6314,23082,27,3,item_template.sql,Classic
6318,20335,26,3,item_template.sql,Classic
6319,11253,26,3,item_template.sql,Classic
6321,14433,26,3,item_template.sql,Classic
6323,21051,25,3,item_template.sql,Classic
6324,12696,29,3,item_template.sql,Classic
6335,11330,29,2,item_template.sql,Classic
6336,3057,13,2,item_template.sql,Classic
6337,3058,12,2,item_template.sql,Classic
6350,6885,18,2,item_template.sql,Classic
6360,11453,25,2,item_template.sql,Classic
6378,23139,17,2,item_template.sql,Classic
6379,16922,17,2,item_template.sql,Classic
6381,27549,23,2,item_template.sql,Classic
6382,16916,23,2,item_template.sql,Classic
6388,25806,30,2,item_template.sql,Classic
6389,15517,31,2,item_template.sql,Classic
6392,11533,29,3,item_template.sql,Classic
6394,11571,27,2,item_template.sql,Classic
6395,13677,29,2,item_template.sql,Classic
6396,14602,32,2,item_template.sql,Classic
6397,14603,29,2,item_template.sql,Classic
6398,17118,29,2,item_template.sql,Classic
6399,14599,30,2,item_template.sql,Classic
6402,25812,36,2,item_template.sql,Classic
6403,25808,33,2,item_template.sql,Classic
6405,14625,36,2,item_template.sql,Classic
6406,14617,34,2,item_template.sql,Classic
6408,17061,34,2,item_template.sql,Classic
6409,17121,34,2,item_template.sql,Classic
6410,17009,33,2,item_template.sql,Classic
6411,25882,41,2,item_template.sql,Classic
6412,25883,39,2,item_template.sql,Classic
6417,23091,37,2,item_template.sql,Classic
6419,14676,38,2,item_template.sql,Classic
6420,14672,39,2,item_template.sql,Classic
6421,14671,38,2,item_template.sql,Classic
6422,21297,39,2,item_template.sql,Classic
6424,26082,42,2,item_template.sql,Classic
6426,26073,43,2,item_template.sql,Classic
6427,12676,46,2,item_template.sql,Classic
6428,14684,43,2,item_template.sql,Classic
6429,15910,44,2,item_template.sql,Classic
6432,23039,41,2,item_template.sql,Classic
6433,21291,43,2,item_template.sql,Classic
6440,12643,48,3,item_template.sql,Classic
6449,23001,22,3,item_template.sql,Classic
6459,11935,23,3,item_template.sql,Classic
6461,11946,27,3,item_template.sql,Classic
6465,12693,22,3,item_template.sql,Classic
6466,23010,18,2,item_template.sql,Classic
6467,11952,21,2,item_template.sql,Classic
6468,11960,23,3,item_template.sql,Classic
6473,17091,23,3,item_template.sql,Classic
6477,11997,20,2,item_template.sql,Classic
6478,11999,23,2,item_template.sql,Classic
6481,12068,23,2,item_template.sql,Classic
6482,12070,24,2,item_template.sql,Classic
6502,12282,22,2,item_template.sql,Classic
6503,12670,22,2,item_template.sql,Classic
6511,16698,11,2,item_template.sql,Classic
6512,16813,13,2,item_template.sql,Classic
6527,12422,13,2,item_template.sql,Classic
6528,16567,17,2,item_template.sql,Classic
6531,19110,18,2,item_template.sql,Classic
6536,14739,19,2,item_template.sql,Classic
6537,12439,15,2,item_template.sql,Classic
6538,16522,19,2,item_template.sql,Classic
6539,14735,16,2,item_template.sql,Classic
6540,14738,18,2,item_template.sql,Classic
6541,14737,16,2,item_template.sql,Classic
6542,15267,15,2,item_template.sql,Classic
6543,14736,15,2,item_template.sql,Classic
6545,25755,18,2,item_template.sql,Classic
6546,25759,17,2,item_template.sql,Classic
6547,25756,17,2,item_template.sql,Classic
6548,25757,16,2,item_template.sql,Classic
6550,25758,15,2,item_template.sql,Classic
6551,6931,17,2,item_template.sql,Classic
6552,14731,19,2,item_template.sql,Classic
6553,14730,18,2,item_template.sql,Classic
6554,14729,17,2,item_template.sql,Classic
6556,14728,15,2,item_template.sql,Classic
6557,19184,16,2,item_template.sql,Classic
6558,17113,15,2,item_template.sql,Classic
6563,14750,20,2,item_template.sql,Classic
6564,23109,21,2,item_template.sql,Classic
6570,14752,22,2,item_template.sql,Classic
6573,25760,23,2,item_template.sql,Classic
6576,25762,22,2,item_template.sql,Classic
6578,12453,23,2,item_template.sql,Classic
6580,25763,23,2,item_template.sql,Classic
6581,17127,21,2,item_template.sql,Classic
6582,14759,22,2,item_template.sql,Classic
6583,3657,21,2,item_template.sql,Classic
6584,14758,25,2,item_template.sql,Classic
6586,14755,23,2,item_template.sql,Classic
6587,14757,24,2,item_template.sql,Classic
6590,25793,29,2,item_template.sql,Classic
6591,25797,27,2,item_template.sql,Classic
6596,25796,28,2,item_template.sql,Classic
6597,25799,28,2,item_template.sql,Classic
6600,14774,27,2,item_template.sql,Classic
6601,14769,28,2,item_template.sql,Classic
6603,14773,30,2,item_template.sql,Classic
6607,14776,30,2,item_template.sql,Classic
6611,16866,29,2,item_template.sql,Classic
6613,16869,28,2,item_template.sql,Classic
6615,16864,29,2,item_template.sql,Classic
6616,16863,32,2,item_template.sql,Classic
6627,12595,28,3,item_template.sql,Classic
6628,16952,22,2,item_template.sql,Classic
6629,23141,23,3,item_template.sql,Classic
6632,15156,20,3,item_template.sql,Classic
6642,12632,25,3,item_template.sql,Classic
6659,12777,20,2,item_template.sql,Classic
6665,12783,26,2,item_template.sql,Classic
6666,12784,22,2,item_template.sql,Classic
6668,12788,27,2,item_template.sql,Classic
6671,12795,27,2,item_template.sql,Classic
6675,12804,27,2,item_template.sql,Classic
6678,14434,28,2,item_template.sql,Classic
6682,12858,31,3,item_template.sql,Classic
6685,11473,30,3,item_template.sql,Classic
6686,15492,33,3,item_template.sql,Classic
6688,17277,32,3,item_template.sql,Classic
6690,17142,34,3,item_template.sql,Classic
6719,17134,30,2,item_template.sql,Classic
6721,12934,24,2,item_template.sql,Classic
6722,12935,30,2,item_template.sql,Classic
6726,16716,41,2,item_template.sql,Classic
6727,17067,41,2,item_template.sql,Classic
6729,20821,38,2,item_template.sql,Classic
6731,12945,20,2,item_template.sql,Classic
6732,12943,38,2,item_template.sql,Classic
6733,12948,28,2,item_template.sql,Classic
6737,16852,35,2,item_template.sql,Classic
6738,19126,35,2,item_template.sql,Classic
6740,12977,29,2,item_template.sql,Classic
6742,12981,36,3,item_template.sql,Classic
6743,12984,25,2,item_template.sql,Classic
6745,23069,33,2,item_template.sql,Classic
6750,12987,31,2,item_template.sql,Classic
6751,23126,30,2,item_template.sql,Classic
6752,16988,30,2,item_template.sql,Classic
6780,13023,36,2,item_template.sql,Classic
6788,17122,42,2,item_template.sql,Classic
6789,23096,42,2,item_template.sql,Classic
6791,17227,40,2,item_template.sql,Classic
6792,13052,40,2,item_template.sql,Classic
6793,13053,40,2,item_template.sql,Classic
6794,17187,40,2,item_template.sql,Classic
6804,19707,34,3,item_template.sql,Classic
6806,13084,40,3,item_template.sql,Classic
6831,20292,44,3,item_template.sql,Classic
6901,23002,29,3,item_template.sql,Classic
6902,17001,27,3,item_template.sql,Classic
6903,13357,28,3,item_template.sql,Classic
6905,22222,27,3,item_template.sql,Classic
6906,13361,28,3,item_template.sql,Classic
6908,16723,25,3,item_template.sql,Classic
6910,13365,31,3,item_template.sql,Classic
6911,16931,31,3,item_template.sql,Classic
6966,19135,15,2,item_template.sql,Classic
6967,20162,15,2,item_template.sql,Classic
6971,15327,31,2,item_template.sql,Classic
6972,22480,30,3,item_template.sql,Classic
6973,22481,29,2,item_template.sql,Classic
6974,22482,31,2,item_template.sql,Classic
6976,25079,40,3,item_template.sql,Classic
6979,19274,15,2,item_template.sql,Classic
6982,19652,15,2,item_template.sql,Classic
6984,20159,15,2,item_template.sql,Classic
6998,13500,25,2,item_template.sql,Classic
7000,16919,25,2,item_template.sql,Classic
7001,20824,29,3,item_template.sql,Classic
7003,13508,27,2,item_template.sql,Classic
7004,15042,27,2,item_template.sql,Classic
7027,17148,28,2,item_template.sql,Classic
7046,13649,28,2,item_template.sql,Classic
7048,15283,29,2,item_template.sql,Classic
7049,17143,30,2,item_template.sql,Classic
7050,15863,32,2,item_template.sql,Classic
7052,13664,35,2,item_template.sql,Classic
7054,17133,38,3,item_template.sql,Classic
7065,13684,33,2,item_template.sql,Classic
7112,14657,41,2,item_template.sql,Classic
7118,20161,15,2,item_template.sql,Classic
7130,15288,31,2,item_template.sql,Classic
7187,16999,20,3,item_template.sql,Classic
7229,11563,13,2,item_template.sql,Classic
7230,19610,23,3,item_template.sql,Classic
7280,17232,11,2,item_template.sql,Classic
7281,14002,14,2,item_template.sql,Classic
7282,3248,19,2,item_template.sql,Classic
7284,3992,24,2,item_template.sql,Classic
7285,14004,24,2,item_template.sql,Classic
7298,20425,13,2,item_template.sql,Classic
7329,20160,15,2,item_template.sql,Classic
7331,26046,34,2,item_template.sql,Classic
7332,15003,45,2,item_template.sql,Classic
7334,16523,28,2,item_template.sql,Classic
7335,12482,28,2,item_template.sql,Classic
7338,9833,10,1,item_template.sql,Classic
7348,6735,25,3,item_template.sql,Classic
7349,17230,27,2,item_template.sql,Classic
7352,14316,27,2,item_template.sql,Classic
7353,16599,35,2,item_template.sql,Classic
7354,16605,33,2,item_template.sql,Classic
7355,16604,31,2,item_template.sql,Classic
7356,23100,30,2,item_template.sql,Classic
7357,15906,34,2,item_template.sql,Classic
7359,17225,29,2,item_template.sql,Classic
7366,16601,32,2,item_template.sql,Classic
7368,16600,34,2,item_template.sql,Classic
7369,16607,35,2,item_template.sql,Classic
7373,14777,33,2,item_template.sql,Classic
7374,14781,35,2,item_template.sql,Classic
7375,25674,35,2,item_template.sql,Classic
7377,23030,36,2,item_template.sql,Classic
7386,14831,38,2,item_template.sql,Classic
7387,14832,39,2,item_template.sql,Classic
7390,17215,40,2,item_template.sql,Classic
7407,21900,35,2,item_template.sql,Classic
7408,11270,33,2,item_template.sql,Classic
7410,14803,31,2,item_template.sql,Classic
7411,23043,31,2,item_template.sql,Classic
7413,21298,33,2,item_template.sql,Classic
7414,21901,34,2,item_template.sql,Classic
7417,26030,34,2,item_template.sql,Classic
7419,26043,30,2,item_template.sql,Classic
7420,30091,33,2,item_template.sql,Classic
7423,26039,34,2,item_template.sql,Classic
7427,9853,31,2,item_template.sql,Classic
7431,14644,39,2,item_template.sql,Classic
7432,16825,38,2,item_template.sql,Classic
7435,14589,38,2,item_template.sql,Classic
7437,14647,36,2,item_template.sql,Classic
7439,14995,40,2,item_template.sql,Classic
7440,15001,39,2,item_template.sql,Classic
7444,14996,37,2,item_template.sql,Classic
7448,14999,36,2,item_template.sql,Classic
7455,25868,39,2,item_template.sql,Classic
7459,25872,38,2,item_template.sql,Classic
7460,26064,34,2,item_template.sql,Classic
7468,15005,45,2,item_template.sql,Classic
7470,15911,42,2,item_template.sql,Classic
7471,15008,42,2,item_template.sql,Classic
7472,13051,41,2,item_template.sql,Classic
7473,15014,42,2,item_template.sql,Classic
7474,15178,40,2,item_template.sql,Classic
7475,15410,41,2,item_template.sql,Classic
7476,15012,40,2,item_template.sql,Classic
7477,17099,45,2,item_template.sql,Classic
7478,15020,43,2,item_template.sql,Classic
7479,15307,42,2,item_template.sql,Classic
7480,15018,41,2,item_template.sql,Classic
7483,23057,40,2,item_template.sql,Classic
7484,15023,41,2,item_template.sql,Classic
7485,15016,41,2,item_template.sql,Classic
7487,25820,43,2,item_template.sql,Classic
7489,25819,41,2,item_template.sql,Classic
7496,18697,43,2,item_template.sql,Classic
7506,15150,25,2,item_template.sql,Classic
7510,15201,20,2,item_template.sql,Classic
7511,15223,31,2,item_template.sql,Classic
7512,15232,31,2,item_template.sql,Classic
7514,25076,40,3,item_template.sql,Classic
7517,15398,50,2,item_template.sql,Classic
7519,15401,47,2,item_template.sql,Classic
7520,15909,47,2,item_template.sql,Classic
7521,15405,46,2,item_template.sql,Classic
7523,15402,46,2,item_template.sql,Classic
7525,15407,45,2,item_template.sql,Classic
7526,16838,46,2,item_template.sql,Classic
7527,17094,50,2,item_template.sql,Classic
7528,15416,48,2,item_template.sql,Classic
7530,15415,46,2,item_template.sql,Classic
7531,15412,46,2,item_template.sql,Classic
7532,15417,47,2,item_template.sql,Classic
7534,15413,45,2,item_template.sql,Classic
7538,26087,48,2,item_template.sql,Classic
7539,3193,48,2,item_template.sql,Classic
7541,26089,46,2,item_template.sql,Classic
7544,26097,44,2,item_template.sql,Classic
7549,14437,47,2,item_template.sql,Classic
7551,15421,47,2,item_template.sql,Classic
7553,15422,48,2,item_template.sql,Classic
7607,20920,22,2,item_template.sql,Classic
7683,15720,34,3,item_template.sql,Classic
7684,15800,35,3,item_template.sql,Classic
7688,15731,35,3,item_template.sql,Classic
7689,20172,35,3,item_template.sql,Classic
7690,15753,35,3,item_template.sql,Classic
7691,16823,35,3,item_template.sql,Classic
7709,15824,35,3,item_template.sql,Classic
7710,20360,36,3,item_template.sql,Classic
7711,12673,38,3,item_template.sql,Classic
7712,4488,38,3,item_template.sql,Classic
7719,15811,42,3,item_template.sql,Classic
7720,16224,44,3,item_template.sql,Classic
7721,19735,44,3,item_template.sql,Classic
7723,21252,44,3,item_template.sql,Classic
7724,16223,44,3,item_template.sql,Classic
7727,17197,32,3,item_template.sql,Classic
7728,19109,34,3,item_template.sql,Classic
7730,15466,34,3,item_template.sql,Classic
7731,15420,35,3,item_template.sql,Classic
7734,3410,51,3,item_template.sql,Classic
7738,16815,18,2,item_template.sql,Classic
7746,7899,41,2,item_template.sql,Classic
7750,13673,33,2,item_template.sql,Classic
7751,15886,30,2,item_template.sql,Classic
7754,15889,30,3,item_template.sql,Classic
7755,15890,38,3,item_template.sql,Classic
7757,20316,37,3,item_template.sql,Classic
7758,22238,39,3,item_template.sql,Classic
7759,15897,38,3,item_template.sql,Classic
7760,21404,39,3,item_template.sql,Classic
7913,16081,32,2,item_template.sql,Classic
7914,16080,32,2,item_template.sql,Classic
7915,16084,35,2,item_template.sql,Classic
7916,16086,36,2,item_template.sql,Classic
7917,16087,37,2,item_template.sql,Classic
7921,16092,45,2,item_template.sql,Classic
7930,16109,46,2,item_template.sql,Classic
7931,16110,46,2,item_template.sql,Classic
7933,16113,47,2,item_template.sql,Classic
7939,24393,49,3,item_template.sql,Classic
7942,5639,44,2,item_template.sql,Classic
7943,16128,45,2,item_template.sql,Classic
7944,20221,48,2,item_template.sql,Classic
7946,15887,49,2,item_template.sql,Classic
7947,16130,51,2,item_template.sql,Classic
7948,16131,30,2,item_template.sql,Classic
7951,17183,30,2,item_template.sql,Classic
7952,16136,30,2,item_template.sql,Classic
7957,16147,26,2,item_template.sql,Classic
7960,23264,52,3,item_template.sql,Classic
8108,16636,47,2,item_template.sql,Classic
8111,16637,48,2,item_template.sql,Classic
8114,21459,47,2,item_template.sql,Classic
8116,16920,47,2,item_template.sql,Classic
8117,14701,47,2,item_template.sql,Classic
8118,14700,46,2,item_template.sql,Classic
8119,28737,51,2,item_template.sql,Classic
8121,14698,47,2,item_template.sql,Classic
8122,21300,48,2,item_template.sql,Classic
8123,14697,49,2,item_template.sql,Classic
8124,14696,48,2,item_template.sql,Classic
8128,26107,49,2,item_template.sql,Classic
8129,26108,49,2,item_template.sql,Classic
8133,26114,50,2,item_template.sql,Classic
8138,27330,47,2,item_template.sql,Classic
8139,27331,44,2,item_template.sql,Classic
8157,27340,42,2,item_template.sql,Classic
8159,27342,40,2,item_template.sql,Classic
8174,17213,40,3,item_template.sql,Classic
8176,16483,41,2,item_template.sql,Classic
8178,26591,10,2,item_template.sql,Classic
8185,16487,47,2,item_template.sql,Classic
8189,11598,42,2,item_template.sql,Classic
8191,16492,46,2,item_template.sql,Classic
8192,16497,42,2,item_template.sql,Classic
8193,17151,46,2,item_template.sql,Classic
8194,19721,43,2,item_template.sql,Classic
8195,23049,46,2,item_template.sql,Classic
8198,16506,42,2,item_template.sql,Classic
8199,18342,47,2,item_template.sql,Classic
8200,16508,43,2,item_template.sql,Classic
8202,16510,47,2,item_template.sql,Classic
8207,16519,48,2,item_template.sql,Classic
8208,16520,50,2,item_template.sql,Classic
8209,16521,47,2,item_template.sql,Classic
8211,25689,45,2,item_template.sql,Classic
8213,4389,49,2,item_template.sql,Classic
8215,23081,50,2,item_template.sql,Classic
8246,16766,52,2,item_template.sql,Classic
8247,17229,51,2,item_template.sql,Classic
8250,17234,52,2,item_template.sql,Classic
8252,17236,56,2,item_template.sql,Classic
8253,17228,51,2,item_template.sql,Classic
8256,17258,52,2,item_template.sql,Classic
8261,17321,54,2,item_template.sql,Classic
8262,17265,54,2,item_template.sql,Classic
8266,26228,51,2,item_template.sql,Classic
8267,28726,54,2,item_template.sql,Classic
8269,28667,55,2,item_template.sql,Classic
8271,21694,56,2,item_template.sql,Classic
8272,26217,54,2,item_template.sql,Classic
8274,27372,51,2,item_template.sql,Classic
8277,27375,46,2,item_template.sql,Classic
8278,27376,47,2,item_template.sql,Classic
8279,27379,48,2,item_template.sql,Classic
8280,27377,49,2,item_template.sql,Classic
8281,27378,48,2,item_template.sql,Classic
8290,17276,61,2,item_template.sql,Classic
8293,17318,56,2,item_template.sql,Classic
8299,17269,59,2,item_template.sql,Classic
8303,26314,62,2,item_template.sql,Classic
8304,26323,57,2,item_template.sql,Classic
8305,26316,59,2,item_template.sql,Classic
8306,26312,59,2,item_template.sql,Classic
8307,26310,60,2,item_template.sql,Classic
8309,26317,61,2,item_template.sql,Classic
8310,26321,60,2,item_template.sql,Classic
8312,27389,57,2,item_template.sql,Classic
8314,27390,53,2,item_template.sql,Classic
8316,27392,53,2,item_template.sql,Classic
8317,27395,54,2,item_template.sql,Classic
8345,45176,45,3,item_template.sql,Classic
8346,16678,46,3,item_template.sql,Classic
8350,224,15,2,item_template.sql,Classic
8367,16729,51,3,item_template.sql,Classic
9149,8025,45,2,item_template.sql,Classic
9243,17918,45,2,item_template.sql,Classic
9287,27358,41,2,item_template.sql,Classic
9291,27360,43,2,item_template.sql,Classic
9366,18256,41,2,item_template.sql,Classic
9375,21295,38,3,item_template.sql,Classic
9384,18264,36,3,item_template.sql,Classic
9385,20249,36,3,item_template.sql,Classic
9387,18430,41,3,item_template.sql,Classic
9389,18433,41,3,item_template.sql,Classic
9390,19056,40,3,item_template.sql,Classic
9395,18271,34,3,item_template.sql,Classic
9396,18274,39,3,item_template.sql,Classic
9397,22996,39,3,item_template.sql,Classic
9398,18361,40,3,item_template.sql,Classic
9400,20553,41,3,item_template.sql,Classic
9405,18283,33,3,item_template.sql,Classic
9406,18284,35,3,item_template.sql,Classic
9407,12345,40,3,item_template.sql,Classic
9410,29000,45,3,item_template.sql,Classic
9414,18434,46,3,item_template.sql,Classic
9415,18347,47,3,item_template.sql,Classic
9417,18308,47,3,item_template.sql,Classic
9420,18322,37,3,item_template.sql,Classic
9424,18325,41,3,item_template.sql,Classic
9427,22051,42,3,item_template.sql,Classic
9429,18376,44,3,item_template.sql,Classic
9430,18333,45,3,item_template.sql,Classic
9431,18334,43,3,item_template.sql,Classic
9433,18337,46,3,item_template.sql,Classic
9445,18364,34,3,item_template.sql,Classic
9446,16538,34,3,item_template.sql,Classic
9447,18365,34,3,item_template.sql,Classic
9448,18366,33,3,item_template.sql,Classic
9450,18367,33,3,item_template.sql,Classic
9454,14749,32,3,item_template.sql,Classic
9455,18371,33,3,item_template.sql,Classic
9458,18374,37,3,item_template.sql,Classic
9459,19298,37,3,item_template.sql,Classic
9461,3258,37,3,item_template.sql,Classic
9469,18382,48,3,item_template.sql,Classic
9473,18386,49,3,item_template.sql,Classic
9474,18387,49,3,item_template.sql,Classic
9476,18389,50,3,item_template.sql,Classic
9479,18392,50,3,item_template.sql,Classic
9480,22235,48,3,item_template.sql,Classic
9482,20269,47,3,item_template.sql,Classic
9483,20786,49,3,item_template.sql,Classic
9484,22426,50,3,item_template.sql,Classic
9487,18405,29,3,item_template.sql,Classic
9490,18409,29,3,item_template.sql,Classic
9491,14765,32,3,item_template.sql,Classic
9492,18415,37,3,item_template.sql,Classic
9508,18428,31,3,item_template.sql,Classic
9509,18429,30,3,item_template.sql,Classic
9510,18431,32,3,item_template.sql,Classic
9511,20029,46,3,item_template.sql,Classic
9512,22988,46,3,item_template.sql,Classic
9513,18438,13,2,item_template.sql,Classic
9514,20424,10,2,item_template.sql,Classic
9517,20348,40,3,item_template.sql,Classic
9519,18444,36,2,item_template.sql,Classic
9520,20574,41,2,item_template.sql,Classic
9521,19307,41,2,item_template.sql,Classic
9527,20300,46,2,item_template.sql,Classic
9531,18497,46,2,item_template.sql,Classic
9534,18498,47,3,item_template.sql,Classic
9535,28169,30,2,item_template.sql,Classic
9598,19011,10,2,item_template.sql,Classic
9599,26948,10,2,item_template.sql,Classic
9602,20069,10,2,item_template.sql,Classic
9603,20432,10,2,item_template.sql,Classic
9609,18991,31,2,item_template.sql,Classic
9624,28195,37,3,item_template.sql,Classic
9625,28317,37,3,item_template.sql,Classic
9626,19302,42,2,item_template.sql,Classic
9630,4440,45,2,item_template.sql,Classic
9632,28283,45,2,item_template.sql,Classic
9634,18998,46,2,item_template.sql,Classic
9636,4446,45,2,item_template.sql,Classic
9637,28252,45,2,item_template.sql,Classic
9639,28194,48,3,item_template.sql,Classic
9640,18573,48,3,item_template.sql,Classic
9645,18906,49,2,item_template.sql,Classic
9646,28172,49,2,item_template.sql,Classic
9647,18577,48,2,item_template.sql,Classic
9649,28294,55,3,item_template.sql,Classic
9652,17150,53,3,item_template.sql,Classic
9653,18579,50,2,item_template.sql,Classic
9660,28299,43,2,item_template.sql,Classic
9661,20900,43,2,item_template.sql,Classic
9663,28315,45,2,item_template.sql,Classic
9666,28300,50,2,item_template.sql,Classic
9682,28284,44,2,item_template.sql,Classic
9683,20289,51,3,item_template.sql,Classic
9687,28328,33,2,item_template.sql,Classic
9703,28297,43,2,item_template.sql,Classic
9704,28296,43,2,item_template.sql,Classic
9747,14711,14,2,item_template.sql,Classic
9748,18883,15,2,item_template.sql,Classic
9763,22687,14,2,item_template.sql,Classic
9765,22688,15,2,item_template.sql,Classic
9766,25947,22,2,item_template.sql,Classic
9770,23106,20,2,item_template.sql,Classic
9773,25944,27,2,item_template.sql,Classic
9774,25949,27,2,item_template.sql,Classic
9776,16981,20,2,item_template.sql,Classic
9777,28427,19,2,item_template.sql,Classic
9779,28433,18,2,item_template.sql,Classic
9780,28428,20,2,item_template.sql,Classic
9781,28431,22,2,item_template.sql,Classic
9782,28430,23,2,item_template.sql,Classic
9786,25978,16,2,item_template.sql,Classic
9787,13484,19,2,item_template.sql,Classic
9788,25775,18,2,item_template.sql,Classic
9789,3541,19,2,item_template.sql,Classic
9791,27751,29,2,item_template.sql,Classic
9795,27753,26,2,item_template.sql,Classic
9796,27754,27,2,item_template.sql,Classic
9797,27755,28,2,item_template.sql,Classic
9799,28477,26,2,item_template.sql,Classic
9802,27761,26,2,item_template.sql,Classic
9803,27760,26,2,item_template.sql,Classic
9806,2358,27,2,item_template.sql,Classic
9807,27759,27,2,item_template.sql,Classic
9808,691,28,2,item_template.sql,Classic
9809,27758,28,2,item_template.sql,Classic
9812,25975,22,2,item_template.sql,Classic
9813,25773,25,2,item_template.sql,Classic
9814,25771,24,2,item_template.sql,Classic
9819,27860,34,2,item_template.sql,Classic
9820,27861,31,2,item_template.sql,Classic
9821,27857,30,2,item_template.sql,Classic
9822,27858,29,2,item_template.sql,Classic
9823,10508,31,2,item_template.sql,Classic
9825,27853,33,2,item_template.sql,Classic
9826,27856,34,2,item_template.sql,Classic
9828,11581,31,2,item_template.sql,Classic
9829,28482,29,2,item_template.sql,Classic
9832,27766,31,2,item_template.sql,Classic
9833,6772,33,2,item_template.sql,Classic
9834,27764,32,2,item_template.sql,Classic
9835,11580,33,2,item_template.sql,Classic
9838,27779,29,2,item_template.sql,Classic
9840,27777,31,2,item_template.sql,Classic
9845,50497,35,2,item_template.sql,Classic
9849,16638,36,2,item_template.sql,Classic
9850,12980,36,2,item_template.sql,Classic
9851,28419,37,2,item_template.sql,Classic
9852,28425,38,2,item_template.sql,Classic
9853,28421,34,2,item_template.sql,Classic
9854,14068,38,2,item_template.sql,Classic
9855,11956,35,2,item_template.sql,Classic
9857,18930,34,2,item_template.sql,Classic
9859,26550,36,2,item_template.sql,Classic
9860,23004,34,2,item_template.sql,Classic
9861,18929,35,2,item_template.sql,Classic
9862,14635,37,2,item_template.sql,Classic
9864,25980,36,2,item_template.sql,Classic
9865,25786,34,2,item_template.sql,Classic
9866,25787,38,2,item_template.sql,Classic
9868,25788,35,2,item_template.sql,Classic
9871,26249,37,2,item_template.sql,Classic
9872,25790,37,2,item_template.sql,Classic
9876,28088,40,2,item_template.sql,Classic
9877,28065,38,2,item_template.sql,Classic
9879,28057,39,2,item_template.sql,Classic
9883,28061,42,2,item_template.sql,Classic
9884,28074,43,2,item_template.sql,Classic
9887,18903,43,2,item_template.sql,Classic
9888,20873,42,2,item_template.sql,Classic
9890,23023,38,2,item_template.sql,Classic
9893,27807,42,2,item_template.sql,Classic
9894,3169,41,2,item_template.sql,Classic
9900,27791,40,2,item_template.sql,Classic
9901,27792,40,2,item_template.sql,Classic
9902,27789,41,2,item_template.sql,Classic
9903,26163,42,2,item_template.sql,Classic
9906,28415,44,2,item_template.sql,Classic
9908,28412,43,2,item_template.sql,Classic
9910,28413,44,2,item_template.sql,Classic
9912,28409,45,2,item_template.sql,Classic
9913,28417,48,2,item_template.sql,Classic
9915,28414,45,2,item_template.sql,Classic
9919,23073,43,2,item_template.sql,Classic
9922,18935,46,2,item_template.sql,Classic
9923,18939,45,2,item_template.sql,Classic
9924,18934,48,2,item_template.sql,Classic
9928,25932,45,2,item_template.sql,Classic
9932,25937,44,2,item_template.sql,Classic
9933,25934,45,2,item_template.sql,Classic
9934,25935,44,2,item_template.sql,Classic
9936,28010,49,2,item_template.sql,Classic
9938,15040,48,2,item_template.sql,Classic
9940,27799,50,2,item_template.sql,Classic
9941,27796,49,2,item_template.sql,Classic
9942,14613,50,2,item_template.sql,Classic
9943,27800,53,2,item_template.sql,Classic
9950,18943,53,2,item_template.sql,Classic
9952,18946,49,2,item_template.sql,Classic
9959,26202,45,2,item_template.sql,Classic
9960,26185,47,2,item_template.sql,Classic
9963,26200,48,2,item_template.sql,Classic
9967,27351,43,2,item_template.sql,Classic
9998,24352,41,2,item_template.sql,Classic
9999,24354,41,2,item_template.sql,Classic
10003,18835,43,2,item_template.sql,Classic
10004,24951,43,2,item_template.sql,Classic
10008,41463,43,2,item_template.sql,Classic
10009,16764,43,2,item_template.sql,Classic
10018,19111,45,2,item_template.sql,Classic
10019,18999,45,3,item_template.sql,Classic
10023,19055,45,2,item_template.sql,Classic
10028,18866,47,2,item_template.sql,Classic
10029,19113,47,2,item_template.sql,Classic
10030,18872,48,2,item_template.sql,Classic
10031,19051,48,2,item_template.sql,Classic
10032,18877,48,2,item_template.sql,Classic
10041,19000,50,3,item_template.sql,Classic
10042,14606,45,2,item_template.sql,Classic
10043,20209,31,2,item_template.sql,Classic
10044,18933,49,2,item_template.sql,Classic
10047,19009,15,2,item_template.sql,Classic
10048,18914,24,2,item_template.sql,Classic
10049,20472,25,2,item_template.sql,Classic
10059,28124,50,2,item_template.sql,Classic
10061,44716,51,2,item_template.sql,Classic
10064,28140,53,2,item_template.sql,Classic
10065,28165,55,2,item_template.sql,Classic
10066,28155,49,2,item_template.sql,Classic
10067,19019,49,2,item_template.sql,Classic
10068,19013,51,2,item_template.sql,Classic
10070,19012,55,2,item_template.sql,Classic
10072,19017,51,2,item_template.sql,Classic
10073,21309,52,2,item_template.sql,Classic
10074,19018,53,2,item_template.sql,Classic
10075,19020,51,2,item_template.sql,Classic
10076,19725,49,2,item_template.sql,Classic
10080,26328,50,2,item_template.sql,Classic
10082,26326,51,2,item_template.sql,Classic
10083,26330,51,2,item_template.sql,Classic
10085,26329,52,2,item_template.sql,Classic
10086,27363,49,2,item_template.sql,Classic
10087,27364,46,2,item_template.sql,Classic
10090,27366,46,2,item_template.sql,Classic
10091,27367,47,2,item_template.sql,Classic
10092,27371,47,2,item_template.sql,Classic
10095,27600,56,2,item_template.sql,Classic
10098,27607,53,2,item_template.sql,Classic
10102,27609,59,2,item_template.sql,Classic
10107,27719,54,2,item_template.sql,Classic
10108,27721,53,2,item_template.sql,Classic
10111,28590,57,2,item_template.sql,Classic
10113,27733,57,2,item_template.sql,Classic
10118,26291,58,2,item_template.sql,Classic
10120,26304,53,2,item_template.sql,Classic
10121,26293,56,2,item_template.sql,Classic
10122,26295,55,2,item_template.sql,Classic
10124,19708,57,2,item_template.sql,Classic
10126,26289,54,2,item_template.sql,Classic
10127,27426,49,2,item_template.sql,Classic
10128,27427,54,2,item_template.sql,Classic
10129,27428,50,2,item_template.sql,Classic
10130,27429,50,2,item_template.sql,Classic
10132,19759,51,2,item_template.sql,Classic
10133,27430,52,2,item_template.sql,Classic
10134,27431,51,2,item_template.sql,Classic
10136,27630,60,2,item_template.sql,Classic
10137,27633,61,2,item_template.sql,Classic
10141,27629,63,2,item_template.sql,Classic
10142,27640,62,2,item_template.sql,Classic
10144,27647,60,2,item_template.sql,Classic
10146,27741,61,2,item_template.sql,Classic
10148,27743,58,2,item_template.sql,Classic
10149,27745,61,2,item_template.sql,Classic
10152,18962,63,2,item_template.sql,Classic
10164,27407,58,2,item_template.sql,Classic
10165,29014,55,2,item_template.sql,Classic
10166,27411,54,2,item_template.sql,Classic
10169,27413,57,2,item_template.sql,Classic
10171,27406,54,2,item_template.sql,Classic
10172,28109,55,2,item_template.sql,Classic
10174,23136,52,2,item_template.sql,Classic
10175,44717,55,2,item_template.sql,Classic
10177,28084,56,2,item_template.sql,Classic
10179,28080,54,2,item_template.sql,Classic
10180,28079,52,2,item_template.sql,Classic
10181,28078,58,2,item_template.sql,Classic
10184,4382,52,2,item_template.sql,Classic
10187,27809,55,2,item_template.sql,Classic
10190,19001,52,2,item_template.sql,Classic
10192,26160,53,2,item_template.sql,Classic
10193,26156,55,2,item_template.sql,Classic
10195,26176,55,2,item_template.sql,Classic
10198,26172,53,2,item_template.sql,Classic
10201,27400,48,2,item_template.sql,Classic
10202,27402,48,2,item_template.sql,Classic
10203,27397,52,2,item_template.sql,Classic
10204,27388,55,2,item_template.sql,Classic
10205,27398,49,2,item_template.sql,Classic
10206,27399,48,2,item_template.sql,Classic
10208,27401,50,2,item_template.sql,Classic
10209,27403,50,2,item_template.sql,Classic
10210,27867,60,2,item_template.sql,Classic
10213,27870,58,2,item_template.sql,Classic
10216,27842,58,2,item_template.sql,Classic
10217,25198,61,2,item_template.sql,Classic
10219,28851,60,2,item_template.sql,Classic
10223,18978,58,2,item_template.sql,Classic
10226,18985,61,2,item_template.sql,Classic
10227,18982,62,2,item_template.sql,Classic
10228,18983,60,2,item_template.sql,Classic
10229,26265,56,2,item_template.sql,Classic
10232,26269,58,2,item_template.sql,Classic
10233,26270,57,2,item_template.sql,Classic
10235,26274,59,2,item_template.sql,Classic
10236,26272,59,2,item_template.sql,Classic
10237,26273,58,2,item_template.sql,Classic
10240,27384,55,2,item_template.sql,Classic
10242,27381,52,2,item_template.sql,Classic
10244,27383,54,2,item_template.sql,Classic
10245,27386,53,2,item_template.sql,Classic
10253,27823,63,2,item_template.sql,Classic
10255,27830,62,2,item_template.sql,Classic
10275,27416,60,2,item_template.sql,Classic
10277,29003,57,2,item_template.sql,Classic
10278,27418,55,2,item_template.sql,Classic
10279,27423,58,2,item_template.sql,Classic
10280,13206,59,2,item_template.sql,Classic
10281,27422,58,2,item_template.sql,Classic
10288,18976,31,2,item_template.sql,Classic
10289,27862,32,2,item_template.sql,Classic
10328,19049,39,3,item_template.sql,Classic
10332,28383,35,3,item_template.sql,Classic
10369,26352,58,2,item_template.sql,Classic
10370,26353,57,2,item_template.sql,Classic
10372,26365,59,2,item_template.sql,Classic
10377,26362,59,2,item_template.sql,Classic
10378,26332,63,2,item_template.sql,Classic
10380,26334,60,2,item_template.sql,Classic
10381,26335,59,2,item_template.sql,Classic
10383,26337,61,2,item_template.sql,Classic
10384,19844,65,2,item_template.sql,Classic
10385,26341,62,2,item_template.sql,Classic
10387,26340,61,2,item_template.sql,Classic
10390,26342,63,2,item_template.sql,Classic
10391,26360,60,2,item_template.sql,Classic
10399,9123,24,3,item_template.sql,Classic
10402,21903,18,2,item_template.sql,Classic
10403,14389,22,3,item_template.sql,Classic
10406,28173,32,2,item_template.sql,Classic
10408,27774,32,2,item_template.sql,Classic
10409,27771,32,2,item_template.sql,Classic
10410,28385,23,3,item_template.sql,Classic
10411,27949,23,3,item_template.sql,Classic
10412,28384,21,3,item_template.sql,Classic
10413,19125,19,3,item_template.sql,Classic
10423,19201,31,2,item_template.sql,Classic
10462,19313,47,2,item_template.sql,Classic
10499,19397,35,2,item_template.sql,Classic
10500,19399,41,2,item_template.sql,Classic
10504,19563,49,3,item_template.sql,Classic
10518,23129,45,2,item_template.sql,Classic
10543,20814,41,2,item_template.sql,Classic
10545,22420,42,2,item_template.sql,Classic
10549,19951,12,2,item_template.sql,Classic
10553,19919,11,2,item_template.sql,Classic
10554,19918,11,2,item_template.sql,Classic
10555,6478,1,1,item_template.sql,Classic
10574,19903,40,3,item_template.sql,Classic
10576,60692,50,2,item_template.sql,Classic
10577,7397,41,2,item_template.sql,Classic
10582,28654,36,3,item_template.sql,Classic
10583,28808,39,3,item_template.sql,Classic
10588,67049,47,2,item_template.sql,Classic
10624,25604,47,3,item_template.sql,Classic
10626,19617,50,3,item_template.sql,Classic
10631,28800,46,3,item_template.sql,Classic
10633,19900,51,3,item_template.sql,Classic
10637,14152,15,2,item_template.sql,Classic
10638,28209,15,2,item_template.sql,Classic
10653,9174,30,2,item_template.sql,Classic
10654,19949,31,2,item_template.sql,Classic
10657,19991,26,2,item_template.sql,Classic
10658,28238,25,2,item_template.sql,Classic
10659,2516,57,2,item_template.sql,Classic
10696,22229,60,2,item_template.sql,Classic
10698,20275,60,2,item_template.sql,Classic
10700,18832,45,2,item_template.sql,Classic
10702,28273,43,2,item_template.sql,Classic
10703,20297,45,2,item_template.sql,Classic
10704,28267,46,2,item_template.sql,Classic
10705,19915,47,2,item_template.sql,Classic
10706,28336,47,2,item_template.sql,Classic
10707,19742,52,2,item_template.sql,Classic
10716,20625,41,2,item_template.sql,Classic
10720,19662,42,2,item_template.sql,Classic
10724,19665,45,2,item_template.sql,Classic
10726,19667,47,2,item_template.sql,Classic
10740,28310,53,2,item_template.sql,Classic
10742,19710,51,2,item_template.sql,Classic
10745,28330,50,2,item_template.sql,Classic
10746,28343,50,2,item_template.sql,Classic
10747,19992,41,2,item_template.sql,Classic
10749,19728,54,3,item_template.sql,Classic
10751,19920,54,3,item_template.sql,Classic
10760,28683,39,3,item_template.sql,Classic
10762,19953,44,3,item_template.sql,Classic
10763,28783,44,3,item_template.sql,Classic
10765,28688,43,3,item_template.sql,Classic
10768,28684,42,3,item_template.sql,Classic
10769,19785,41,3,item_template.sql,Classic
10771,19910,41,3,item_template.sql,Classic
10774,28744,42,3,item_template.sql,Classic
10777,28595,42,3,item_template.sql,Classic
10778,1399,60,2,item_template.sql,Classic
10779,16452,60,2,item_template.sql,Classic
10783,19995,52,3,item_template.sql,Classic
10784,19793,52,3,item_template.sql,Classic
10787,19796,52,3,item_template.sql,Classic
10788,19996,52,3,item_template.sql,Classic
10797,20030,53,3,item_template.sql,Classic
10798,28640,51,3,item_template.sql,Classic
10800,19806,52,3,item_template.sql,Classic
10801,19912,52,3,item_template.sql,Classic
10802,18968,52,3,item_template.sql,Classic
10806,19810,55,3,item_template.sql,Classic
10807,19812,55,3,item_template.sql,Classic
10820,19932,15,2,item_template.sql,Classic
10821,28298,15,2,item_template.sql,Classic
10826,20293,48,2,item_template.sql,Classic
10827,28205,48,2,item_template.sql,Classic
10833,19838,56,3,item_template.sql,Classic
10838,19869,54,3,item_template.sql,Classic
10842,22427,54,3,item_template.sql,Classic
10843,22995,54,3,item_template.sql,Classic
10844,20258,54,3,item_template.sql,Classic
10845,19893,54,3,item_template.sql,Classic
10846,19898,54,3,item_template.sql,Classic
11118,20769,47,3,item_template.sql,Classic
11122,21115,50,2,item_template.sql,Classic
11123,14590,55,3,item_template.sql,Classic
11124,28196,55,3,item_template.sql,Classic
11190,28188,5,1,item_template.sql,Classic
11193,19002,57,2,item_template.sql,Classic
11229,28306,32,2,item_template.sql,Classic
11265,28629,42,2,item_template.sql,Classic
11287,21096,15,2,item_template.sql,Classic
11288,21097,23,2,item_template.sql,Classic
11303,8104,16,2,item_template.sql,Classic
11308,21113,49,2,item_template.sql,Classic
11311,28731,46,3,item_template.sql,Classic
11469,14601,46,2,item_template.sql,Classic
11475,28181,5,1,item_template.sql,Classic
11502,28217,46,2,item_template.sql,Classic
11505,21461,1,0,item_template.sql,Classic
11603,23270,51,3,item_template.sql,Classic
11604,21580,59,3,item_template.sql,Classic
11606,21577,56,2,item_template.sql,Classic
11607,22218,57,3,item_template.sql,Classic
11624,28788,52,3,item_template.sql,Classic
11627,28658,53,3,item_template.sql,Classic
11628,28780,53,3,item_template.sql,Classic
11632,28725,52,3,item_template.sql,Classic
11634,28741,54,3,item_template.sql,Classic
11662,28642,54,3,item_template.sql,Classic
11677,28381,55,3,item_template.sql,Classic
11685,28704,55,3,item_template.sql,Classic
11686,28763,55,3,item_template.sql,Classic
11703,28686,55,3,item_template.sql,Classic
11722,28721,55,3,item_template.sql,Classic
11743,21714,55,3,item_template.sql,Classic
11745,28740,56,3,item_template.sql,Classic
11746,21717,56,3,item_template.sql,Classic
11747,21719,53,3,item_template.sql,Classic
11748,28807,53,3,item_template.sql,Classic
11749,28722,53,3,item_template.sql,Classic
11750,21723,53,3,item_template.sql,Classic
11755,21725,56,3,item_template.sql,Classic
11764,21753,57,3,item_template.sql,Classic
11766,21755,57,3,item_template.sql,Classic
11768,28785,57,3,item_template.sql,Classic
11782,21771,57,3,item_template.sql,Classic
11783,28696,57,3,item_template.sql,Classic
11784,21773,53,3,item_template.sql,Classic
11787,28669,58,3,item_template.sql,Classic
11802,19843,58,3,item_template.sql,Classic
11811,21804,55,3,item_template.sql,Classic
11814,21805,58,3,item_template.sql,Classic
11819,18725,59,3,item_template.sql,Classic
11822,28660,59,3,item_template.sql,Classic
11823,28728,59,3,item_template.sql,Classic
11832,19764,58,3,item_template.sql,Classic
11839,21839,55,3,item_template.sql,Classic
11853,28241,18,2,item_template.sql,Classic
11856,28312,45,2,item_template.sql,Classic
11857,28345,46,2,item_template.sql,Classic
11864,25632,52,2,item_template.sql,Classic
11866,28219,55,3,item_template.sql,Classic
11867,28332,53,2,item_template.sql,Classic
11872,28164,54,2,item_template.sql,Classic
11873,28325,56,2,item_template.sql,Classic
11875,28305,54,2,item_template.sql,Classic
11876,28233,56,2,item_template.sql,Classic
11889,28304,50,2,item_template.sql,Classic
11905,22753,56,2,item_template.sql,Classic
11906,28075,55,2,item_template.sql,Classic
11908,28063,55,2,item_template.sql,Classic
11910,28076,55,2,item_template.sql,Classic
11913,28132,55,2,item_template.sql,Classic
11917,28255,55,2,item_template.sql,Classic
11918,28186,55,2,item_template.sql,Classic
11920,28679,56,3,item_template.sql,Classic
11922,25609,57,3,item_template.sql,Classic
11924,28814,60,3,item_template.sql,Classic
11925,28762,57,3,item_template.sql,Classic
11929,28736,57,3,item_template.sql,Classic
11932,21968,59,3,item_template.sql,Classic
11933,28784,60,3,item_template.sql,Classic
11936,28242,20,2,item_template.sql,Classic
11964,28203,55,2,item_template.sql,Classic
11967,9835,23,2,item_template.sql,Classic
11981,3666,20,2,item_template.sql,Classic
11986,9849,39,2,item_template.sql,Classic
11993,9836,22,2,item_template.sql,Classic
12018,28135,54,2,item_template.sql,Classic
12028,9857,32,2,item_template.sql,Classic
12047,9852,30,2,item_template.sql,Classic
12062,25611,60,2,item_template.sql,Classic
12065,22037,60,2,item_template.sql,Classic
12066,28251,58,2,item_template.sql,Classic
12082,28176,58,2,item_template.sql,Classic
12105,28234,56,3,item_template.sql,Classic
12106,28089,60,2,item_template.sql,Classic
12107,28182,60,2,item_template.sql,Classic
12113,28210,56,2,item_template.sql,Classic
12251,22252,37,2,item_template.sql,Classic
12252,28699,39,2,item_template.sql,Classic
12253,28690,41,2,item_template.sql,Classic
12258,22256,44,2,item_template.sql,Classic
12295,28204,15,2,item_template.sql,Classic
12296,28248,17,2,item_template.sql,Classic
12344,22415,61,3,item_template.sql,Classic
12410,25856,56,2,item_template.sql,Classic
12414,22951,60,2,item_template.sql,Classic
12417,25826,59,2,item_template.sql,Classic
12418,25744,57,2,item_template.sql,Classic
12419,25741,58,2,item_template.sql,Classic
12420,25745,61,2,item_template.sql,Classic
12422,25749,60,2,item_template.sql,Classic
12426,24513,59,2,item_template.sql,Classic
12429,24506,61,2,item_template.sql,Classic
12466,28190,53,3,item_template.sql,Classic
12470,22656,47,3,item_template.sql,Classic
12522,28077,15,2,item_template.sql,Classic
12528,28673,52,3,item_template.sql,Classic
12531,22721,51,3,item_template.sql,Classic
12535,22733,54,3,item_template.sql,Classic
12546,28637,54,3,item_template.sql,Classic
12547,28797,56,3,item_template.sql,Classic
12549,15501,52,3,item_template.sql,Classic
12550,28824,53,3,item_template.sql,Classic
12552,23111,55,3,item_template.sql,Classic
12555,27829,55,3,item_template.sql,Classic
12587,22794,63,3,item_template.sql,Classic
12589,21796,61,3,item_template.sql,Classic
12603,8725,61,3,item_template.sql,Classic
12608,28693,58,3,item_template.sql,Classic
12613,19730,62,2,item_template.sql,Classic
12614,23485,62,2,item_template.sql,Classic
12615,22860,62,2,item_template.sql,Classic
12621,22885,59,3,item_template.sql,Classic
12624,25754,54,3,item_template.sql,Classic
12625,25827,58,3,item_template.sql,Classic
12628,22892,57,3,item_template.sql,Classic
12633,22901,60,3,item_template.sql,Classic
12653,28813,59,3,item_template.sql,Classic
12709,22977,63,3,item_template.sql,Classic
12772,23230,54,2,item_template.sql,Classic
12774,23236,55,3,item_template.sql,Classic
12775,23434,56,2,item_template.sql,Classic
12779,23243,57,2,item_template.sql,Classic
12791,23262,55,3,item_template.sql,Classic
12793,23266,55,3,item_template.sql,Classic
12805,23727,46,2,item_template.sql,Classic
12895,28335,62,4,item_template.sql,Classic
12930,8232,60,3,item_template.sql,Classic
12935,28625,63,3,item_template.sql,Classic
12970,26387,63,3,item_template.sql,Classic
12974,28676,31,3,item_template.sql,Classic
12976,8272,20,3,item_template.sql,Classic
12977,16642,20,3,item_template.sql,Classic
12978,28448,20,3,item_template.sql,Classic
12979,28661,21,3,item_template.sql,Classic
12982,28452,21,3,item_template.sql,Classic
12987,28648,22,3,item_template.sql,Classic
12988,28375,22,3,item_template.sql,Classic
12989,28758,22,3,item_template.sql,Classic
12994,27778,23,3,item_template.sql,Classic
12996,24646,23,3,item_template.sql,Classic
12998,28651,25,3,item_template.sql,Classic
12999,28370,25,3,item_template.sql,Classic
13003,28794,56,3,item_template.sql,Classic
13005,28951,28,3,item_template.sql,Classic
13007,28616,58,3,item_template.sql,Classic
13008,28646,52,3,item_template.sql,Classic
13009,28700,51,3,item_template.sql,Classic
13010,28438,26,3,item_template.sql,Classic
13011,28372,27,3,item_template.sql,Classic
13012,28596,27,3,item_template.sql,Classic
13013,28643,56,3,item_template.sql,Classic
13018,23228,48,3,item_template.sql,Classic
13024,28671,29,3,item_template.sql,Classic
13026,28776,45,3,item_template.sql,Classic
13027,28689,53,3,item_template.sql,Classic
13038,25607,40,3,item_template.sql,Classic
13039,25608,48,3,item_template.sql,Classic
13041,28768,26,3,item_template.sql,Classic
13043,28675,49,3,item_template.sql,Classic
13045,25627,35,3,item_template.sql,Classic
13051,28598,44,3,item_template.sql,Classic
13054,28764,40,3,item_template.sql,Classic
13056,12562,56,3,item_template.sql,Classic
13059,25633,52,3,item_template.sql,Classic
13063,28697,34,3,item_template.sql,Classic
13064,28787,42,3,item_template.sql,Classic
13066,28351,51,3,item_template.sql,Classic
13067,28355,54,3,item_template.sql,Classic
13068,28362,42,3,item_template.sql,Classic
13070,28353,58,3,item_template.sql,Classic
13071,28354,45,3,item_template.sql,Classic
13072,28352,60,3,item_template.sql,Classic
13073,28360,52,3,item_template.sql,Classic
13074,21961,46,3,item_template.sql,Classic
13075,28716,63,3,item_template.sql,Classic
13076,28357,48,3,item_template.sql,Classic
13084,6497,35,3,item_template.sql,Classic
13088,6522,41,3,item_template.sql,Classic
13091,23717,57,3,item_template.sql,Classic
13099,28617,29,3,item_template.sql,Classic
13100,28645,44,3,item_template.sql,Classic
13103,28612,38,3,item_template.sql,Classic
13105,28657,37,3,item_template.sql,Classic
13106,28656,31,3,item_template.sql,Classic
13107,28619,62,3,item_template.sql,Classic
13108,28614,34,3,item_template.sql,Classic
13109,28609,49,3,item_template.sql,Classic
13110,28368,36,3,item_template.sql,Classic
13112,28601,48,3,item_template.sql,Classic
13114,17031,30,3,item_template.sql,Classic
13115,28745,45,3,item_template.sql,Classic
13117,28802,42,3,item_template.sql,Classic
13119,28735,39,3,item_template.sql,Classic
13120,28373,55,3,item_template.sql,Classic
13121,28602,38,3,item_template.sql,Classic
13122,28652,55,3,item_template.sql,Classic
13124,28441,35,3,item_template.sql,Classic
13127,28440,32,3,item_template.sql,Classic
13128,28662,47,3,item_template.sql,Classic
13129,28437,39,3,item_template.sql,Classic
13130,28447,56,3,item_template.sql,Classic
13132,28443,43,3,item_template.sql,Classic
13134,28435,49,3,item_template.sql,Classic
13137,28786,34,3,item_template.sql,Classic
13144,28649,53,3,item_template.sql,Classic
13145,28356,40,3,item_template.sql,Classic
13146,28743,58,3,item_template.sql,Classic
13166,23704,60,3,item_template.sql,Classic
13181,23732,57,3,item_template.sql,Classic
13212,23766,60,3,item_template.sql,Classic
13216,23777,61,2,item_template.sql,Classic
13218,23791,61,3,item_template.sql,Classic
13249,23837,62,3,item_template.sql,Classic
13252,23844,60,3,item_template.sql,Classic
13260,23861,61,3,item_template.sql,Classic
13283,23435,59,3,item_template.sql,Classic
13359,24045,63,3,item_template.sql,Classic
13373,1225,60,3,item_template.sql,Classic
13376,24065,59,3,item_template.sql,Classic
13378,24066,58,3,item_template.sql,Classic
13383,24070,58,3,item_template.sql,Classic
13386,24073,61,3,item_template.sql,Classic
13391,25051,61,3,item_template.sql,Classic
13394,24102,59,3,item_template.sql,Classic
13395,29009,59,3,item_template.sql,Classic
13399,24109,59,3,item_template.sql,Classic
13400,24110,59,3,item_template.sql,Classic
13404,41843,57,3,item_template.sql,Classic
13408,24119,57,3,item_template.sql,Classic
13473,23715,54,2,item_template.sql,Classic
13498,24162,60,3,item_template.sql,Classic
13527,24179,62,2,item_template.sql,Classic
13530,24181,61,2,item_template.sql,Classic
13531,24182,61,2,item_template.sql,Classic
13544,24220,60,2,item_template.sql,Classic
13733,24564,1,1,item_template.sql,Classic
13793,24557,1,1,item_template.sql,Classic
13811,6502,60,2,item_template.sql,Classic
13812,24569,58,2,item_template.sql,Classic
13856,25235,51,2,item_template.sql,Classic
13864,25233,56,2,item_template.sql,Classic
13865,25208,57,2,item_template.sql,Classic
13868,24612,51,2,item_template.sql,Classic
13870,24616,53,2,item_template.sql,Classic
13871,24615,56,2,item_template.sql,Classic
13955,24777,61,3,item_template.sql,Classic
13958,24767,60,3,item_template.sql,Classic
13963,29016,60,3,item_template.sql,Classic
13968,24784,63,3,item_template.sql,Classic
14025,25881,17,2,item_template.sql,Classic
14042,24893,52,2,item_template.sql,Classic
14045,24895,56,2,item_template.sql,Classic
14090,7533,11,2,item_template.sql,Classic
14091,25869,11,2,item_template.sql,Classic
14094,25873,11,2,item_template.sql,Classic
14096,25880,16,2,item_template.sql,Classic
14097,25876,14,2,item_template.sql,Classic
14100,15820,54,2,item_template.sql,Classic
14106,24932,61,2,item_template.sql,Classic
14108,24935,57,2,item_template.sql,Classic
14111,24933,58,2,item_template.sql,Classic
14113,25858,15,2,item_template.sql,Classic
14114,25857,16,2,item_template.sql,Classic
14119,11421,17,2,item_template.sql,Classic
14121,17462,20,2,item_template.sql,Classic
14123,25916,17,2,item_template.sql,Classic
14128,24945,60,2,item_template.sql,Classic
14129,25929,20,2,item_template.sql,Classic
14131,25915,19,2,item_template.sql,Classic
14132,24943,55,2,item_template.sql,Classic
14133,25952,24,2,item_template.sql,Classic
14136,25834,57,3,item_template.sql,Classic
14138,25228,60,3,item_template.sql,Classic
14145,24981,18,3,item_template.sql,Classic
14147,24982,18,3,item_template.sql,Classic
14148,24983,18,3,item_template.sql,Classic
14149,24985,18,3,item_template.sql,Classic
14150,24988,18,3,item_template.sql,Classic
14151,24990,18,3,item_template.sql,Classic
14158,9996,26,2,item_template.sql,Classic
14161,23101,18,2,item_template.sql,Classic
14162,11144,23,2,item_template.sql,Classic
14163,25894,26,2,item_template.sql,Classic
14165,25890,25,2,item_template.sql,Classic
14166,28050,19,2,item_template.sql,Classic
14167,28054,19,2,item_template.sql,Classic
14171,13679,22,2,item_template.sql,Classic
14172,28098,23,2,item_template.sql,Classic
14176,9184,26,2,item_template.sql,Classic
14178,26302,31,2,item_template.sql,Classic
14180,26023,30,2,item_template.sql,Classic
14181,25971,28,2,item_template.sql,Classic
14183,25974,30,2,item_template.sql,Classic
14185,25969,27,2,item_template.sql,Classic
14186,25986,29,2,item_template.sql,Classic
14187,14640,28,2,item_template.sql,Classic
14192,25989,31,2,item_template.sql,Classic
14193,18887,31,2,item_template.sql,Classic
14194,28730,28,2,item_template.sql,Classic
14195,14645,29,2,item_template.sql,Classic
14196,26008,32,2,item_template.sql,Classic
14199,26007,33,2,item_template.sql,Classic
14200,15293,35,2,item_template.sql,Classic
14203,16719,35,2,item_template.sql,Classic
14204,26011,36,2,item_template.sql,Classic
14205,26005,32,2,item_template.sql,Classic
14207,26021,36,2,item_template.sql,Classic
14208,26308,36,2,item_template.sql,Classic
14210,26015,32,2,item_template.sql,Classic
14211,26020,34,2,item_template.sql,Classic
14217,24113,36,2,item_template.sql,Classic
14221,26042,35,2,item_template.sql,Classic
14222,26050,37,2,item_template.sql,Classic
14223,26054,38,2,item_template.sql,Classic
14224,26052,39,2,item_template.sql,Classic
14225,26053,41,2,item_template.sql,Classic
14226,26055,37,2,item_template.sql,Classic
14228,26059,41,2,item_template.sql,Classic
14229,26057,36,2,item_template.sql,Classic
14230,26063,42,2,item_template.sql,Classic
14231,26062,38,2,item_template.sql,Classic
14233,26061,40,2,item_template.sql,Classic
14235,26058,37,2,item_template.sql,Classic
14236,26066,38,2,item_template.sql,Classic
14238,26100,41,2,item_template.sql,Classic
14239,26101,39,2,item_template.sql,Classic
14241,26102,41,2,item_template.sql,Classic
14243,26104,43,2,item_template.sql,Classic
14244,28991,46,2,item_template.sql,Classic
14251,26112,40,2,item_template.sql,Classic
14253,26113,43,2,item_template.sql,Classic
14254,26119,47,2,item_template.sql,Classic
14258,26190,45,2,item_template.sql,Classic
14260,26187,44,2,item_template.sql,Classic
14261,26189,43,2,item_template.sql,Classic
14264,26196,48,2,item_template.sql,Classic
14266,26195,47,2,item_template.sql,Classic
14267,26192,51,2,item_template.sql,Classic
14276,26138,47,2,item_template.sql,Classic
14280,26137,48,2,item_template.sql,Classic
14283,26124,54,2,item_template.sql,Classic
14284,26131,56,2,item_template.sql,Classic
14285,26134,50,2,item_template.sql,Classic
14286,26136,50,2,item_template.sql,Classic
14287,27927,56,2,item_template.sql,Classic
14289,25098,51,2,item_template.sql,Classic
14292,26215,49,2,item_template.sql,Classic
14293,26214,55,2,item_template.sql,Classic
14294,26208,51,2,item_template.sql,Classic
14295,26212,55,2,item_template.sql,Classic
14297,26211,57,2,item_template.sql,Classic
14301,26266,53,2,item_template.sql,Classic
14302,26275,56,2,item_template.sql,Classic
14303,18834,60,2,item_template.sql,Classic
14304,26280,55,2,item_template.sql,Classic
14305,26282,57,2,item_template.sql,Classic
14307,26277,59,2,item_template.sql,Classic
14310,26261,58,2,item_template.sql,Classic
14311,26253,55,2,item_template.sql,Classic
14315,26260,59,2,item_template.sql,Classic
14319,26285,59,2,item_template.sql,Classic
14320,26287,57,2,item_template.sql,Classic
14324,26300,60,2,item_template.sql,Classic
14326,28993,63,2,item_template.sql,Classic
14327,26284,58,2,item_template.sql,Classic
14329,26225,62,2,item_template.sql,Classic
14332,26224,64,2,item_template.sql,Classic
14365,25884,15,2,item_template.sql,Classic
14367,25885,19,2,item_template.sql,Classic
14369,25888,23,2,item_template.sql,Classic
14370,10079,19,2,item_template.sql,Classic
14372,25954,28,2,item_template.sql,Classic
14373,25957,25,2,item_template.sql,Classic
14374,25966,24,2,item_template.sql,Classic
14375,25959,25,2,item_template.sql,Classic
14376,25958,22,2,item_template.sql,Classic
14377,25961,26,2,item_template.sql,Classic
14378,25965,27,2,item_template.sql,Classic
14379,25968,29,2,item_template.sql,Classic
14400,25997,29,2,item_template.sql,Classic
14402,25994,29,2,item_template.sql,Classic
14404,12973,33,2,item_template.sql,Classic
14405,27873,33,2,item_template.sql,Classic
14406,25998,30,2,item_template.sql,Classic
14411,26029,35,2,item_template.sql,Classic
14412,26035,36,2,item_template.sql,Classic
14414,26024,34,2,item_template.sql,Classic
14416,26025,34,2,item_template.sql,Classic
14417,26084,44,2,item_template.sql,Classic
14420,26080,38,2,item_template.sql,Classic
14423,26096,40,2,item_template.sql,Classic
14425,26092,44,2,item_template.sql,Classic
14429,26151,43,2,item_template.sql,Classic
14430,26175,42,2,item_template.sql,Classic
14431,26154,44,2,item_template.sql,Classic
14433,26159,46,2,item_template.sql,Classic
14434,26174,49,2,item_template.sql,Classic
14447,26171,53,2,item_template.sql,Classic
14449,26170,57,2,item_template.sql,Classic
14451,18423,53,2,item_template.sql,Classic
14452,26182,54,2,item_template.sql,Classic
14454,26169,53,2,item_template.sql,Classic
14456,26240,64,2,item_template.sql,Classic
14457,26235,58,2,item_template.sql,Classic
14465,26230,60,2,item_template.sql,Classic
14528,25138,62,3,item_template.sql,Classic
14559,27520,18,2,item_template.sql,Classic
14560,27524,19,2,item_template.sql,Classic
14562,27518,23,2,item_template.sql,Classic
14563,27525,17,2,item_template.sql,Classic
14565,27522,21,2,item_template.sql,Classic
14566,27523,25,2,item_template.sql,Classic
14570,27669,28,2,item_template.sql,Classic
14571,27673,21,2,item_template.sql,Classic
14574,27670,26,2,item_template.sql,Classic
14577,28715,61,3,item_template.sql,Classic
14578,27963,29,2,item_template.sql,Classic
14579,27965,31,2,item_template.sql,Classic
14580,27964,27,2,item_template.sql,Classic
14581,27962,33,2,item_template.sql,Classic
14583,27966,32,2,item_template.sql,Classic
14584,27968,35,2,item_template.sql,Classic
14585,27967,32,2,item_template.sql,Classic
14588,27976,36,2,item_template.sql,Classic
14589,9169,37,2,item_template.sql,Classic
14590,14770,35,2,item_template.sql,Classic
14592,27979,40,2,item_template.sql,Classic
14593,27980,35,2,item_template.sql,Classic
14594,27977,37,2,item_template.sql,Classic
14595,27975,38,2,item_template.sql,Classic
14596,27978,38,2,item_template.sql,Classic
14598,27983,40,2,item_template.sql,Classic
14599,27982,42,2,item_template.sql,Classic
14600,27985,40,2,item_template.sql,Classic
14602,27986,39,2,item_template.sql,Classic
14603,27988,41,2,item_template.sql,Classic
14611,25222,61,3,item_template.sql,Classic
14612,25223,61,3,item_template.sql,Classic
14623,25226,61,3,item_template.sql,Classic
14626,25245,61,3,item_template.sql,Classic
14632,25255,61,3,item_template.sql,Classic
14640,25253,61,3,item_template.sql,Classic
14655,27576,49,2,item_template.sql,Classic
14657,27577,46,2,item_template.sql,Classic
14659,27578,47,2,item_template.sql,Classic
14660,27580,47,2,item_template.sql,Classic
14661,27566,49,2,item_template.sql,Classic
14666,27567,51,2,item_template.sql,Classic
14668,27570,52,2,item_template.sql,Classic
14669,27569,51,2,item_template.sql,Classic
14670,27649,59,2,item_template.sql,Classic
14675,27648,56,2,item_template.sql,Classic
14722,26983,17,2,item_template.sql,Classic
14723,26982,17,2,item_template.sql,Classic
14725,26987,17,2,item_template.sql,Classic
14727,26986,19,2,item_template.sql,Classic
14730,26984,23,2,item_template.sql,Classic
14742,27009,24,2,item_template.sql,Classic
14743,27007,22,2,item_template.sql,Classic
14746,27008,22,2,item_template.sql,Classic
14747,27012,23,2,item_template.sql,Classic
14748,27013,25,2,item_template.sql,Classic
14749,27014,26,2,item_template.sql,Classic
14752,27033,27,2,item_template.sql,Classic
14753,27191,33,2,item_template.sql,Classic
14754,27027,29,2,item_template.sql,Classic
14756,27035,29,2,item_template.sql,Classic
14762,27047,37,2,item_template.sql,Classic
14763,27051,32,2,item_template.sql,Classic
14765,27052,38,2,item_template.sql,Classic
14767,27054,38,2,item_template.sql,Classic
14769,27093,42,2,item_template.sql,Classic
14771,26141,39,2,item_template.sql,Classic
14772,29007,40,2,item_template.sql,Classic
14773,27094,39,2,item_template.sql,Classic
14779,27147,49,2,item_template.sql,Classic
14781,27152,44,2,item_template.sql,Classic
14782,27148,45,2,item_template.sql,Classic
14783,27146,46,2,item_template.sql,Classic
14784,27149,46,2,item_template.sql,Classic
14785,27151,48,2,item_template.sql,Classic
14786,27150,47,2,item_template.sql,Classic
14787,16079,47,2,item_template.sql,Classic
14788,27154,49,2,item_template.sql,Classic
14793,27159,50,2,item_template.sql,Classic
14796,27157,53,2,item_template.sql,Classic
14803,27185,55,2,item_template.sql,Classic
14804,29938,58,2,item_template.sql,Classic
14805,27195,57,2,item_template.sql,Classic
14806,23490,57,2,item_template.sql,Classic
14809,27827,62,2,item_template.sql,Classic
14815,27536,62,2,item_template.sql,Classic
14816,27140,62,2,item_template.sql,Classic
14829,26814,42,2,item_template.sql,Classic
14835,26687,48,2,item_template.sql,Classic
14839,26690,44,2,item_template.sql,Classic
14840,26691,47,2,item_template.sql,Classic
14844,26820,54,2,item_template.sql,Classic
14849,27186,53,2,item_template.sql,Classic
14850,26824,52,2,item_template.sql,Classic
14854,26846,59,2,item_template.sql,Classic
14855,26847,55,2,item_template.sql,Classic
14858,28985,58,2,item_template.sql,Classic
14859,26849,57,2,item_template.sql,Classic
14860,27876,56,2,item_template.sql,Classic
14861,19760,52,2,item_template.sql,Classic
14863,26881,60,2,item_template.sql,Classic
14866,27180,62,2,item_template.sql,Classic
14867,26884,62,2,item_template.sql,Classic
14868,26885,61,2,item_template.sql,Classic
14905,27901,45,2,item_template.sql,Classic
14907,27906,48,2,item_template.sql,Classic
14913,26799,49,2,item_template.sql,Classic
14915,26795,53,2,item_template.sql,Classic
14918,26792,47,2,item_template.sql,Classic
14922,26874,53,2,item_template.sql,Classic
14927,26870,52,2,item_template.sql,Classic
14928,26873,55,2,item_template.sql,Classic
14929,26875,54,2,item_template.sql,Classic
14940,26643,43,2,item_template.sql,Classic
14941,26454,42,2,item_template.sql,Classic
14943,26634,42,2,item_template.sql,Classic
14945,26641,45,2,item_template.sql,Classic
14946,26645,43,2,item_template.sql,Classic
14948,26838,51,2,item_template.sql,Classic
14952,26257,50,2,item_template.sql,Classic
14955,26843,47,2,item_template.sql,Classic
14957,26833,51,2,item_template.sql,Classic
14959,26830,52,2,item_template.sql,Classic
14961,27835,55,2,item_template.sql,Classic
14964,23419,56,2,item_template.sql,Classic
14966,26859,61,2,item_template.sql,Classic
14967,27833,56,2,item_template.sql,Classic
14969,28024,59,2,item_template.sql,Classic
14974,26857,55,2,item_template.sql,Classic
14976,26888,61,2,item_template.sql,Classic
14977,26889,60,2,item_template.sql,Classic
14979,26893,64,2,item_template.sql,Classic
14981,26894,62,2,item_template.sql,Classic
15009,28008,11,2,item_template.sql,Classic
15010,9536,11,2,item_template.sql,Classic
15011,27668,15,2,item_template.sql,Classic
15012,14276,16,2,item_template.sql,Classic
15016,27990,16,2,item_template.sql,Classic
15017,27991,19,2,item_template.sql,Classic
15018,3390,20,2,item_template.sql,Classic
15046,25673,54,3,item_template.sql,Classic
15048,25676,57,3,item_template.sql,Classic
15049,25677,59,3,item_template.sql,Classic
15051,27945,60,3,item_template.sql,Classic
15052,27944,60,3,item_template.sql,Classic
15057,25686,55,3,item_template.sql,Classic
15058,25687,59,3,item_template.sql,Classic
15059,25688,60,3,item_template.sql,Classic
15060,25694,57,3,item_template.sql,Classic
15062,26071,60,3,item_template.sql,Classic
15069,25701,57,2,item_template.sql,Classic
15070,25702,59,2,item_template.sql,Classic
15071,25703,55,2,item_template.sql,Classic
15073,25709,55,2,item_template.sql,Classic
15077,25720,51,2,item_template.sql,Classic
15081,25713,61,2,item_template.sql,Classic
15082,25719,56,2,item_template.sql,Classic
15083,25724,52,2,item_template.sql,Classic
15084,25726,53,2,item_template.sql,Classic
15086,25729,56,2,item_template.sql,Classic
15091,25735,54,2,item_template.sql,Classic
15092,25736,55,2,item_template.sql,Classic
15093,25737,56,2,item_template.sql,Classic
15095,25732,60,2,item_template.sql,Classic
15104,28432,39,3,item_template.sql,Classic
15105,28231,40,2,item_template.sql,Classic
15106,28236,40,2,item_template.sql,Classic
15110,27880,20,2,item_template.sql,Classic
15111,1981,21,2,item_template.sql,Classic
15112,27879,20,2,item_template.sql,Classic
15114,27514,19,2,item_template.sql,Classic
15115,27878,22,2,item_template.sql,Classic
15118,27877,26,2,item_template.sql,Classic
15119,26177,56,2,item_template.sql,Classic
15120,27887,26,2,item_template.sql,Classic
15122,27888,25,2,item_template.sql,Classic
15124,27693,25,2,item_template.sql,Classic
15126,27884,29,2,item_template.sql,Classic
15127,6775,30,2,item_template.sql,Classic
15128,27882,31,2,item_template.sql,Classic
15129,27886,31,2,item_template.sql,Classic
15131,27710,32,2,item_template.sql,Classic
15132,27706,29,2,item_template.sql,Classic
15134,27711,37,2,item_template.sql,Classic
15135,28563,30,2,item_template.sql,Classic
15136,27708,31,2,item_template.sql,Classic
15137,27715,33,2,item_template.sql,Classic
15139,27712,33,2,item_template.sql,Classic
15140,27713,34,2,item_template.sql,Classic
15142,27685,35,2,item_template.sql,Classic
15143,3652,33,2,item_template.sql,Classic
15144,27689,37,2,item_template.sql,Classic
15146,27687,39,2,item_template.sql,Classic
15148,27684,34,2,item_template.sql,Classic
15150,27688,36,2,item_template.sql,Classic
15153,23048,37,2,item_template.sql,Classic
15154,27724,38,2,item_template.sql,Classic
15156,27734,43,2,item_template.sql,Classic
15157,27723,41,2,item_template.sql,Classic
15159,27728,42,2,item_template.sql,Classic
15160,27727,39,2,item_template.sql,Classic
15163,27922,43,2,item_template.sql,Classic
15164,27914,47,2,item_template.sql,Classic
15167,28979,48,2,item_template.sql,Classic
15172,27589,47,2,item_template.sql,Classic
15174,27591,50,2,item_template.sql,Classic
15175,27907,51,2,item_template.sql,Classic
15182,28584,51,2,item_template.sql,Classic
15186,27662,55,2,item_template.sql,Classic
15187,27664,54,2,item_template.sql,Classic
15190,23051,55,2,item_template.sql,Classic
15192,27635,60,2,item_template.sql,Classic
15194,28019,61,2,item_template.sql,Classic
15195,28018,62,2,item_template.sql,Classic
15200,30797,35,3,item_template.sql,Classic
15212,28527,27,2,item_template.sql,Classic
15215,28528,45,2,item_template.sql,Classic
15217,28458,54,2,item_template.sql,Classic
15218,28346,57,2,item_template.sql,Classic
15223,28571,24,2,item_template.sql,Classic
15224,28318,25,2,item_template.sql,Classic
15225,28521,33,2,item_template.sql,Classic
15226,28531,37,2,item_template.sql,Classic
15227,28508,49,2,item_template.sql,Classic
15228,28512,53,2,item_template.sql,Classic
15231,28469,31,2,item_template.sql,Classic
15236,28566,52,2,item_template.sql,Classic
15238,28459,58,2,item_template.sql,Classic
15239,28523,61,2,item_template.sql,Classic
15242,28568,30,2,item_template.sql,Classic
15244,3175,42,2,item_template.sql,Classic
15246,20299,62,2,item_template.sql,Classic
15256,28576,59,2,item_template.sql,Classic
15259,28548,25,2,item_template.sql,Classic
15260,28468,38,2,item_template.sql,Classic
15264,28311,56,2,item_template.sql,Classic
15266,28526,61,2,item_template.sql,Classic
15268,28460,16,2,item_template.sql,Classic
15270,28533,46,2,item_template.sql,Classic
15274,22144,52,2,item_template.sql,Classic
15275,28467,54,2,item_template.sql,Classic
15276,28580,58,2,item_template.sql,Classic
15278,28502,60,2,item_template.sql,Classic
15280,28457,53,2,item_template.sql,Classic
15281,28538,57,2,item_template.sql,Classic
15286,28575,35,2,item_template.sql,Classic
15287,28344,45,2,item_template.sql,Classic
15288,28322,61,2,item_template.sql,Classic
15291,28543,51,2,item_template.sql,Classic
15303,28014,14,2,item_template.sql,Classic
15304,12369,16,2,item_template.sql,Classic
15305,28039,18,2,item_template.sql,Classic
15309,28042,15,2,item_template.sql,Classic
15311,11382,22,2,item_template.sql,Classic
15312,14522,20,2,item_template.sql,Classic
15323,28557,50,2,item_template.sql,Classic
15324,28331,56,2,item_template.sql,Classic
15330,27999,25,2,item_template.sql,Classic
15337,27683,29,2,item_template.sql,Classic
15338,28002,28,2,item_template.sql,Classic
15339,27680,34,2,item_template.sql,Classic
15341,27678,30,2,item_template.sql,Classic
15342,28583,30,2,item_template.sql,Classic
15343,27677,30,2,item_template.sql,Classic
15344,27681,31,2,item_template.sql,Classic
15345,27682,31,2,item_template.sql,Classic
15347,27674,28,2,item_template.sql,Classic
15349,11953,33,2,item_template.sql,Classic
15350,27702,34,2,item_template.sql,Classic
15351,27699,30,2,item_template.sql,Classic
15353,29134,38,2,item_template.sql,Classic
15358,27704,35,2,item_template.sql,Classic
15359,27956,41,2,item_template.sql,Classic
15360,27954,38,2,item_template.sql,Classic
15361,27958,37,2,item_template.sql,Classic
15362,27957,39,2,item_template.sql,Classic
15363,27959,42,2,item_template.sql,Classic
15365,27955,38,2,item_template.sql,Classic
15370,27969,44,2,item_template.sql,Classic
15373,27973,47,2,item_template.sql,Classic
15375,19008,43,2,item_template.sql,Classic
15376,27971,46,2,item_template.sql,Classic
15377,27972,42,2,item_template.sql,Classic
15378,14702,46,2,item_template.sql,Classic
15382,23018,45,2,item_template.sql,Classic
15386,27553,48,2,item_template.sql,Classic
15388,27654,52,2,item_template.sql,Classic
15389,13343,53,2,item_template.sql,Classic
15390,27656,56,2,item_template.sql,Classic
15392,27658,49,2,item_template.sql,Classic
15393,27657,52,2,item_template.sql,Classic
15394,32816,54,2,item_template.sql,Classic
15396,26602,14,2,item_template.sql,Classic
15399,28149,14,2,item_template.sql,Classic
15403,28243,18,2,item_template.sql,Classic
15405,9529,17,2,item_template.sql,Classic
15406,28138,17,2,item_template.sql,Classic
15413,26373,63,3,item_template.sql,Classic
15425,28033,55,2,item_template.sql,Classic
15426,28031,58,2,item_template.sql,Classic
15429,28034,58,2,item_template.sql,Classic
15434,27616,61,2,item_template.sql,Classic
15435,27617,63,2,item_template.sql,Classic
15436,27608,60,2,item_template.sql,Classic
15443,28199,18,2,item_template.sql,Classic
15444,28228,18,2,item_template.sql,Classic
15451,2922,18,2,item_template.sql,Classic
15452,28168,18,2,item_template.sql,Classic
15453,28247,18,2,item_template.sql,Classic
15456,17155,37,2,item_template.sql,Classic
15457,26012,28,2,item_template.sql,Classic
15458,28192,28,2,item_template.sql,Classic
15459,28275,28,2,item_template.sql,Classic
15462,28286,25,2,item_template.sql,Classic
15464,28096,28,2,item_template.sql,Classic
15465,28216,28,2,item_template.sql,Classic
15470,28290,29,2,item_template.sql,Classic
15477,26941,11,2,item_template.sql,Classic
15479,26936,11,2,item_template.sql,Classic
15486,26959,12,2,item_template.sql,Classic
15488,27004,21,2,item_template.sql,Classic
15489,27001,16,2,item_template.sql,Classic
15491,27000,15,2,item_template.sql,Classic
15492,27029,15,2,item_template.sql,Classic
15493,26998,18,2,item_template.sql,Classic
15495,27005,15,2,item_template.sql,Classic
15498,27541,20,2,item_template.sql,Classic
15499,26993,18,2,item_template.sql,Classic
15501,26991,17,2,item_template.sql,Classic
15503,26995,22,2,item_template.sql,Classic
15506,26970,21,2,item_template.sql,Classic
15507,26971,19,2,item_template.sql,Classic
15508,26977,19,2,item_template.sql,Classic
15510,26969,20,2,item_template.sql,Classic
15515,26960,25,2,item_template.sql,Classic
15516,26964,27,2,item_template.sql,Classic
15517,24793,25,2,item_template.sql,Classic
15518,26961,30,2,item_template.sql,Classic
15519,26962,23,2,item_template.sql,Classic
15520,26963,26,2,item_template.sql,Classic
15521,26968,27,2,item_template.sql,Classic
15523,26965,27,2,item_template.sql,Classic
15526,27082,24,2,item_template.sql,Classic
15528,27079,26,2,item_template.sql,Classic
15529,27076,29,2,item_template.sql,Classic
15531,27080,30,2,item_template.sql,Classic
15533,27083,31,2,item_template.sql,Classic
15537,27040,28,2,item_template.sql,Classic
15538,27041,30,2,item_template.sql,Classic
15539,27045,30,2,item_template.sql,Classic
15541,27043,33,2,item_template.sql,Classic
15542,27044,32,2,item_template.sql,Classic
15546,27018,36,2,item_template.sql,Classic
15551,27020,35,2,item_template.sql,Classic
15552,27024,36,2,item_template.sql,Classic
15554,27068,33,2,item_template.sql,Classic
15555,27065,33,2,item_template.sql,Classic
15557,27067,37,2,item_template.sql,Classic
15558,27073,37,2,item_template.sql,Classic
15559,27072,31,2,item_template.sql,Classic
15562,27071,36,2,item_template.sql,Classic
15566,27058,35,2,item_template.sql,Classic
15567,27063,40,2,item_template.sql,Classic
15570,27060,36,2,item_template.sql,Classic
15571,27057,35,2,item_template.sql,Classic
15573,27061,38,2,item_template.sql,Classic
15577,27111,36,2,item_template.sql,Classic
15578,27112,41,2,item_template.sql,Classic
15579,25910,35,2,item_template.sql,Classic
15582,27114,40,2,item_template.sql,Classic
15583,27116,41,2,item_template.sql,Classic
15596,27890,41,2,item_template.sql,Classic
15597,27893,42,2,item_template.sql,Classic
15605,27119,42,2,item_template.sql,Classic
15606,27117,41,2,item_template.sql,Classic
15607,27121,44,2,item_template.sql,Classic
15608,27123,44,2,item_template.sql,Classic
15609,27322,47,2,item_template.sql,Classic
15613,27323,42,2,item_template.sql,Classic
15614,27328,45,2,item_template.sql,Classic
15615,26098,46,2,item_template.sql,Classic
15616,27327,46,2,item_template.sql,Classic
15617,26091,45,2,item_template.sql,Classic
15620,27128,47,2,item_template.sql,Classic
15622,27129,51,2,item_template.sql,Classic
15624,28565,45,2,item_template.sql,Classic
15625,31382,47,2,item_template.sql,Classic
15626,27132,47,2,item_template.sql,Classic
15628,27134,48,2,item_template.sql,Classic
15638,27218,49,2,item_template.sql,Classic
15639,27170,50,2,item_template.sql,Classic
15640,27171,56,2,item_template.sql,Classic
15643,27176,49,2,item_template.sql,Classic
15646,27174,55,2,item_template.sql,Classic
15651,27293,56,2,item_template.sql,Classic
15653,27287,53,2,item_template.sql,Classic
15655,27289,56,2,item_template.sql,Classic
15656,27291,54,2,item_template.sql,Classic
15660,27297,61,2,item_template.sql,Classic
15661,27304,54,2,item_template.sql,Classic
15664,27306,60,2,item_template.sql,Classic
15673,27313,58,2,item_template.sql,Classic
15674,27318,60,2,item_template.sql,Classic
15679,27307,61,2,item_template.sql,Classic
15683,27310,60,2,item_template.sql,Classic
15685,27311,63,2,item_template.sql,Classic
15689,26391,35,2,item_template.sql,Classic
15692,26412,38,2,item_template.sql,Classic
15693,28020,59,2,item_template.sql,Classic
15698,26419,38,2,item_template.sql,Classic
15706,26433,57,2,item_template.sql,Classic
15784,26465,59,2,item_template.sql,Classic
15787,26467,59,2,item_template.sql,Classic
15789,26468,56,2,item_template.sql,Classic
15795,26473,58,2,item_template.sql,Classic
15797,26476,59,2,item_template.sql,Classic
15812,26501,56,2,item_template.sql,Classic
15814,26503,60,2,item_template.sql,Classic
15822,26504,55,2,item_template.sql,Classic
15860,26542,60,2,item_template.sql,Classic
15867,26551,60,2,item_template.sql,Classic
15903,26593,25,1,item_template.sql,Classic
15905,26592,15,1,item_template.sql,Classic
15999,26614,54,2,item_template.sql,Classic
16126,28730,35,2,item_template.sql,Classic
16127,16604,35,2,item_template.sql,Classic
16134,13670,35,2,item_template.sql,Classic
16135,28734,35,2,item_template.sql,Classic
16309,26950,63,3,item_template.sql,Classic
16315,27087,30,3,item_template.sql,Classic
16370,27165,60,3,item_template.sql,Classic
16393,31070,63,3,item_template.sql,Classic
16400,27211,60,3,item_template.sql,Classic
16407,27226,60,3,item_template.sql,Classic
16419,31073,63,3,item_template.sql,Classic
16425,31241,63,3,item_template.sql,Classic
16488,27257,60,3,item_template.sql,Classic
16508,31040,63,3,item_template.sql,Classic
16604,27472,5,2,item_template.sql,Classic
16606,27477,5,2,item_template.sql,Classic
16607,27479,5,2,item_template.sql,Classic
16622,27492,57,2,item_template.sql,Classic
16659,28270,27,2,item_template.sql,Classic
16668,31415,61,3,item_template.sql,Classic
16669,30925,60,3,item_template.sql,Classic
16672,31414,59,3,item_template.sql,Classic
16675,31408,59,3,item_template.sql,Classic
16677,31410,62,3,item_template.sql,Classic
16678,31403,61,3,item_template.sql,Classic
16682,29594,59,3,item_template.sql,Classic
16683,29597,57,3,item_template.sql,Classic
16684,29593,59,3,item_template.sql,Classic
16686,31087,62,3,item_template.sql,Classic
16687,29273,61,3,item_template.sql,Classic
16691,30430,59,3,item_template.sql,Classic
16692,30427,59,3,item_template.sql,Classic
16694,30424,61,3,item_template.sql,Classic
16696,30425,58,3,item_template.sql,Classic
16701,29798,60,3,item_template.sql,Classic
16702,29793,58,3,item_template.sql,Classic
16704,29799,59,3,item_template.sql,Classic
16705,29800,59,3,item_template.sql,Classic
16706,29974,63,3,item_template.sql,Classic
16708,28179,60,3,item_template.sql,Classic
16710,24190,57,3,item_template.sql,Classic
16711,28162,59,3,item_template.sql,Classic
16715,29981,59,3,item_template.sql,Classic
16716,29976,58,3,item_template.sql,Classic
16717,29979,59,3,item_template.sql,Classic
16718,30412,60,3,item_template.sql,Classic
16719,29975,61,3,item_template.sql,Classic
16720,31228,62,3,item_template.sql,Classic
16725,29967,59,3,item_template.sql,Classic
16726,29969,63,3,item_template.sql,Classic
16728,29972,61,3,item_template.sql,Classic
16729,29971,60,3,item_template.sql,Classic
16730,29958,63,3,item_template.sql,Classic
16732,29963,61,3,item_template.sql,Classic
16734,29960,59,3,item_template.sql,Classic
16738,27910,48,2,item_template.sql,Classic
16739,27911,48,2,item_template.sql,Classic
16741,27913,31,2,item_template.sql,Classic
16824,31109,66,4,item_template.sql,Classic
16833,31797,66,4,item_template.sql,Classic
16841,31832,66,4,item_template.sql,Classic
16873,28522,38,2,item_template.sql,Classic
16889,28592,24,2,item_template.sql,Classic
16894,28610,21,2,item_template.sql,Classic
16977,28749,27,3,item_template.sql,Classic
16978,28750,27,3,item_template.sql,Classic
16984,28760,61,4,item_template.sql,Classic
16994,28822,60,2,item_template.sql,Classic
17003,28835,61,2,item_template.sql,Classic
17004,28836,61,2,item_template.sql,Classic
17005,28837,27,2,item_template.sql,Classic
17013,28843,60,4,item_template.sql,Classic
17039,28869,36,2,item_template.sql,Classic
17043,28871,36,2,item_template.sql,Classic
17050,28990,52,3,item_template.sql,Classic
17061,28891,58,3,item_template.sql,Classic
17191,57734,53,3,item_template.sql,Classic
17523,29630,58,2,item_template.sql,Classic
17567,30385,63,3,item_template.sql,Classic
17570,27258,63,3,item_template.sql,Classic
17571,31032,63,3,item_template.sql,Classic
17610,31030,63,3,item_template.sql,Classic
17690,31475,60,2,item_template.sql,Classic
17691,31480,60,2,item_template.sql,Classic
17692,4284,23,2,item_template.sql,Classic
17695,16572,26,2,item_template.sql,Classic
17704,29759,38,2,item_template.sql,Classic
17707,29842,54,3,item_template.sql,Classic
17711,29880,54,3,item_template.sql,Classic
17714,29890,54,3,item_template.sql,Classic
17715,29894,54,3,item_template.sql,Classic
17717,4427,53,3,item_template.sql,Classic
17728,30172,53,3,item_template.sql,Classic
17730,29907,53,3,item_template.sql,Classic
17732,29908,53,3,item_template.sql,Classic
17734,29911,53,3,item_template.sql,Classic
17736,29912,53,3,item_template.sql,Classic
17738,29915,52,3,item_template.sql,Classic
17739,29916,52,3,item_template.sql,Classic
17742,29919,51,3,item_template.sql,Classic
17744,29922,51,3,item_template.sql,Classic
17745,29924,51,3,item_template.sql,Classic
17746,29925,51,3,item_template.sql,Classic
17748,29927,51,3,item_template.sql,Classic
17749,29928,51,3,item_template.sql,Classic
17750,29929,51,3,item_template.sql,Classic
17753,29932,53,3,item_template.sql,Classic
17754,29934,50,3,item_template.sql,Classic
17775,29951,47,2,item_template.sql,Classic
17901,31481,60,2,item_template.sql,Classic
17906,31476,60,2,item_template.sql,Classic
17907,31477,60,3,item_template.sql,Classic
17908,31478,60,3,item_template.sql,Classic
17922,30171,10,2,item_template.sql,Classic
18023,4006,59,3,item_template.sql,Classic
18048,30440,60,3,item_template.sql,Classic
18082,30472,47,3,item_template.sql,Classic
18083,30474,47,3,item_template.sql,Classic
18295,30639,55,3,item_template.sql,Classic
18296,30643,56,3,item_template.sql,Classic
18298,30654,56,3,item_template.sql,Classic
18301,30660,58,2,item_template.sql,Classic
18304,30663,45,3,item_template.sql,Classic
18307,30667,58,2,item_template.sql,Classic
18312,30675,59,3,item_template.sql,Classic
18313,41372,58,3,item_template.sql,Classic
18319,30680,58,3,item_template.sql,Classic
18320,30681,45,3,item_template.sql,Classic
18325,30685,58,3,item_template.sql,Classic
18327,30688,59,3,item_template.sql,Classic
18337,30693,59,2,item_template.sql,Classic
18339,30703,59,2,item_template.sql,Classic
18340,30696,59,3,item_template.sql,Classic
18341,30697,45,3,item_template.sql,Classic
18349,30702,61,2,item_template.sql,Classic
18350,15217,61,2,item_template.sql,Classic
18353,30711,61,2,item_template.sql,Classic
18380,30737,62,3,item_template.sql,Classic
18381,30738,62,3,item_template.sql,Classic
18383,30740,61,3,item_template.sql,Classic
18386,21964,61,3,item_template.sql,Classic
18387,13656,60,3,item_template.sql,Classic
18388,30747,62,3,item_template.sql,Classic
18408,30772,62,3,item_template.sql,Classic
18410,30778,57,2,item_template.sql,Classic
18413,30783,62,3,item_template.sql,Classic
18427,27088,35,3,item_template.sql,Classic
18430,27273,50,3,item_template.sql,Classic
18432,27277,50,3,item_template.sql,Classic
18435,30801,50,3,item_template.sql,Classic
18438,23521,40,3,item_template.sql,Classic
18442,30799,35,3,item_template.sql,Classic
18447,27223,50,3,item_template.sql,Classic
18450,30802,60,2,item_template.sql,Classic
18453,30804,50,3,item_template.sql,Classic
18457,30806,50,3,item_template.sql,Classic
18475,15399,60,2,item_template.sql,Classic
18478,30819,60,2,item_template.sql,Classic
18479,30820,60,2,item_template.sql,Classic
18480,30821,60,2,item_template.sql,Classic
18490,33293,61,3,item_template.sql,Classic
18493,30829,60,3,item_template.sql,Classic
18497,30833,60,3,item_template.sql,Classic
18502,30836,62,3,item_template.sql,Classic
18510,30850,62,4,item_template.sql,Classic
18522,23897,63,3,item_template.sql,Classic
18529,30865,61,3,item_template.sql,Classic
18537,21072,63,3,item_template.sql,Classic
18637,31204,55,2,item_template.sql,Classic
18638,31198,58,3,item_template.sql,Classic
18677,15148,61,2,item_template.sql,Classic
18680,30926,61,3,item_template.sql,Classic
18697,31139,55,3,item_template.sql,Classic
18701,28733,59,3,item_template.sql,Classic
18709,36935,50,3,item_template.sql,Classic
18710,31159,50,3,item_template.sql,Classic
18712,31161,50,3,item_template.sql,Classic
18718,31167,63,3,item_template.sql,Classic
18730,31180,60,3,item_template.sql,Classic
18734,31351,62,3,item_template.sql,Classic
18738,31239,61,3,item_template.sql,Classic
18739,31191,61,3,item_template.sql,Classic
18742,31194,60,3,item_template.sql,Classic
18744,31196,58,3,item_template.sql,Classic
18754,31213,62,3,item_template.sql,Classic
18765,31226,52,2,item_template.sql,Classic
18854,37840,60,3,item_template.sql,Classic
18948,31385,32,3,item_template.sql,Classic
18951,31387,50,2,item_template.sql,Classic
18957,31400,10,2,item_template.sql,Classic
19024,31499,55,3,item_template.sql,Classic
19039,31675,48,2,item_template.sql,Classic
19041,31529,48,2,item_template.sql,Classic
19042,31531,48,2,item_template.sql,Classic
19047,31534,58,3,item_template.sql,Classic
19091,31597,60,3,item_template.sql,Classic
19094,31602,60,3,item_template.sql,Classic
19116,31625,50,2,item_template.sql,Classic
19117,31626,50,2,item_template.sql,Classic
19119,31630,50,2,item_template.sql,Classic
19120,31631,51,2,item_template.sql,Classic
19121,31632,51,3,item_template.sql,Classic
19123,31634,48,2,item_template.sql,Classic
19124,31635,48,2,item_template.sql,Classic
19126,31638,49,2,item_template.sql,Classic
19127,31639,50,2,item_template.sql,Classic
19129,31644,49,2,item_template.sql,Classic
19141,7418,50,2,item_template.sql,Classic
19159,31633,51,3,item_template.sql,Classic
19363,31870,81,4,item_template.sql,Classic
19507,32034,41,3,item_template.sql,Classic
19508,32036,41,3,item_template.sql,Classic
19509,32038,41,3,item_template.sql,Classic
19527,32069,53,3,item_template.sql,Classic
19528,32070,43,3,item_template.sql,Classic
19532,32071,43,3,item_template.sql,Classic
19574,32713,60,2,item_template.sql,Classic
19575,32714,60,3,item_template.sql,Classic
19584,32089,45,4,item_template.sql,Classic
19692,32164,65,3,item_template.sql,Classic
19743,32193,38,2,item_template.sql,Classic
19808,32262,45,2,item_template.sql,Classic
19827,32265,61,4,item_template.sql,Classic
19888,32339,71,3,item_template.sql,Classic
19982,32503,52,3,item_template.sql,Classic
19984,43777,52,3,item_template.sql,Classic
19992,13806,52,3,item_template.sql,Classic
20006,32678,52,3,item_template.sql,Classic
20036,7122,52,3,item_template.sql,Classic
20037,18707,52,3,item_template.sql,Classic
20082,32685,52,3,item_template.sql,Classic
20090,34392,33,3,item_template.sql,Classic
20092,34242,43,3,item_template.sql,Classic
20093,34393,33,3,item_template.sql,Classic
20096,34240,33,3,item_template.sql,Classic
20099,34244,33,3,item_template.sql,Classic
20102,34248,33,3,item_template.sql,Classic
20105,34244,33,3,item_template.sql,Classic
20107,32644,43,3,item_template.sql,Classic
20108,32644,33,3,item_template.sql,Classic
20110,32822,43,3,item_template.sql,Classic
20111,32822,33,3,item_template.sql,Classic
20114,34247,33,3,item_template.sql,Classic
20126,34394,33,3,item_template.sql,Classic
20213,32718,70,3,item_template.sql,Classic
20218,32726,59,3,item_template.sql,Classic
20281,29859,63,2,item_template.sql,Classic
20286,29865,63,2,item_template.sql,Classic
20296,32762,54,3,item_template.sql,Classic
20361,26681,63,2,item_template.sql,Classic
20362,30870,63,2,item_template.sql,Classic
20369,32890,52,3,item_template.sql,Classic
20406,33129,60,2,item_template.sql,Classic
20408,33073,60,2,item_template.sql,Classic
20426,30661,23,3,item_template.sql,Classic
20428,32072,23,3,item_template.sql,Classic
20430,32076,23,3,item_template.sql,Classic
20434,18289,23,3,item_template.sql,Classic
20440,32077,23,3,item_template.sql,Classic
20442,32008,23,3,item_template.sql,Classic
20479,32876,62,3,item_template.sql,Classic
20480,32877,62,3,item_template.sql,Classic
20502,32888,52,3,item_template.sql,Classic
20503,7143,52,3,item_template.sql,Classic
20505,31905,52,3,item_template.sql,Classic
20512,24730,52,3,item_template.sql,Classic
20521,32906,52,3,item_template.sql,Classic
20525,32912,52,3,item_template.sql,Classic
20530,33150,52,3,item_template.sql,Classic
20534,30690,52,3,item_template.sql,Classic
20536,33087,52,3,item_template.sql,Classic
20575,32974,20,2,item_template.sql,Classic
20642,33062,47,2,item_template.sql,Classic
20643,35629,47,2,item_template.sql,Classic
20661,33132,60,2,item_template.sql,Classic
20666,33120,62,3,item_template.sql,Classic
20669,33123,62,3,item_template.sql,Classic
20820,28812,22,2,item_template.sql,Classic
20821,24087,20,2,item_template.sql,Classic
20826,26537,27,3,item_template.sql,Classic
20830,9657,30,2,item_template.sql,Classic
20832,43894,31,3,item_template.sql,Classic
20906,9823,15,2,item_template.sql,Classic
20909,33262,30,2,item_template.sql,Classic
20915,33270,5,1,item_template.sql,Classic
20916,33266,5,1,item_template.sql,Classic
20921,33272,5,1,item_template.sql,Classic
20923,33276,5,1,item_template.sql,Classic
20924,33273,5,1,item_template.sql,Classic
20950,33288,31,2,item_template.sql,Classic
20956,33287,34,2,item_template.sql,Classic
20960,31616,37,2,item_template.sql,Classic
20961,28831,38,2,item_template.sql,Classic
20969,43895,45,3,item_template.sql,Classic
20996,33324,5,1,item_template.sql,Classic
21119,6502,33,3,item_template.sql,Classic
21180,33520,66,4,item_template.sql,Classic
21278,4318,55,3,item_template.sql,Classic
21316,33604,55,2,item_template.sql,Classic
21317,42880,55,2,item_template.sql,Classic
21319,33599,58,2,item_template.sql,Classic
21320,33601,58,2,item_template.sql,Classic
21322,33603,58,2,item_template.sql,Classic
21343,37266,88,4,item_template.sql,Classic
21353,34609,81,4,item_template.sql,Classic
21357,34086,88,4,item_template.sql,Classic
21468,33841,74,3,item_template.sql,Classic
21475,33853,74,3,item_template.sql,Classic
21483,33864,73,3,item_template.sql,Classic
21489,33873,73,3,item_template.sql,Classic
21524,33998,1,2,item_template.sql,Classic
21525,33999,1,2,item_template.sql,Classic
21566,34188,25,3,item_template.sql,Classic
21568,7248,25,3,item_template.sql,Classic
21585,34183,88,4,item_template.sql,Classic
21594,34187,88,4,item_template.sql,Classic
21599,34193,81,4,item_template.sql,Classic
21606,34202,81,4,item_template.sql,Classic
21607,34203,81,4,item_template.sql,Classic
21709,34336,88,4,item_template.sql,Classic
21748,39914,40,2,item_template.sql,Classic
21753,31576,50,3,item_template.sql,Classic
21756,39920,40,2,item_template.sql,Classic
21760,39916,45,2,item_template.sql,Classic
21763,39917,47,2,item_template.sql,Classic
21764,31604,47,2,item_template.sql,Classic
21767,23629,52,2,item_template.sql,Classic
21769,39918,52,2,item_template.sql,Classic
21774,43893,55,3,item_template.sql,Classic
21778,33808,57,2,item_template.sql,Classic
21779,31908,62,3,item_template.sql,Classic
21792,39214,61,3,item_template.sql,Classic
21793,39215,63,3,item_template.sql,Classic
21859,38942,106,3,item_template.sql,TBC
21860,38102,109,3,item_template.sql,TBC
21866,42714,112,3,item_template.sql,TBC
21870,43298,105,4,item_template.sql,TBC
21874,43319,105,4,item_template.sql,TBC
21933,34491,22,2,item_template.sql,Classic
21934,9854,20,2,item_template.sql,Classic
22074,34624,60,4,item_template.sql,Classic
22076,34626,60,4,item_template.sql,Classic
22084,34634,60,4,item_template.sql,Classic
22087,34521,60,4,item_template.sql,Classic
22095,34691,65,3,item_template.sql,Classic
22212,34558,56,3,item_template.sql,Classic
22225,35922,60,3,item_template.sql,Classic
22240,34585,53,3,item_template.sql,Classic
22241,34590,57,3,item_template.sql,Classic
22242,34594,56,3,item_template.sql,Classic
22254,34636,57,3,item_template.sql,Classic
22256,30774,57,3,item_template.sql,Classic
22257,31655,57,3,item_template.sql,Classic
22272,34714,52,3,item_template.sql,Classic
22273,34715,52,3,item_template.sql,Classic
22311,34792,61,3,item_template.sql,Classic
22313,34793,61,3,item_template.sql,Classic
22330,34808,61,3,item_template.sql,Classic
22348,35010,65,3,item_template.sql,Classic
22385,34890,60,4,item_template.sql,Classic
22397,34955,57,3,item_template.sql,Classic
22398,34954,62,3,item_template.sql,Classic
22399,34953,78,4,item_template.sql,Classic
22400,34961,57,3,item_template.sql,Classic
22402,34959,78,4,item_template.sql,Classic
22405,34897,61,3,item_template.sql,Classic
22409,34900,63,3,item_template.sql,Classic
22410,34901,63,3,item_template.sql,Classic
22419,35177,86,4,item_template.sql,Classic
22423,35044,88,4,item_template.sql,Classic
22428,36972,88,4,item_template.sql,Classic
22429,35617,86,4,item_template.sql,Classic
22430,35613,86,4,item_template.sql,Classic
22438,35601,88,4,item_template.sql,Classic
22476,35054,92,4,item_template.sql,Classic
22477,35065,88,4,item_template.sql,Classic
22489,35161,88,4,item_template.sql,Classic
22493,35167,88,4,item_template.sql,Classic
22495,35158,88,4,item_template.sql,Classic
22505,35184,88,4,item_template.sql,Classic
22511,35180,88,4,item_template.sql,Classic
22519,35144,88,4,item_template.sql,Classic
22668,35091,60,4,item_template.sql,Classic
22801,35242,83,4,item_template.sql,Classic
22816,35258,83,4,item_template.sql,Classic
22939,35313,83,4,item_template.sql,Classic
22961,35367,83,4,item_template.sql,Classic
22971,28159,11,2,item_template.sql,Classic
22980,44339,21,3,item_template.sql,Classic
22984,35390,21,3,item_template.sql,Classic
22986,12718,15,2,item_template.sql,Classic
22987,36996,15,2,item_template.sql,Classic
22990,35378,21,3,item_template.sql,Classic
22991,35380,15,2,item_template.sql,Classic
22992,35381,15,2,item_template.sql,Classic
22993,35399,15,2,item_template.sql,Classic
22995,35392,21,3,item_template.sql,Classic
22998,35395,20,2,item_template.sql,Classic
23019,35419,83,4,item_template.sql,Classic
23021,35422,83,4,item_template.sql,Classic
23034,35434,83,4,item_template.sql,Classic
23036,35437,83,4,item_template.sql,Classic
23037,35438,85,4,item_template.sql,Classic
23045,35444,90,4,item_template.sql,Classic
23050,35446,90,4,item_template.sql,Classic
23059,35472,92,4,item_template.sql,Classic
23090,35555,63,3,item_template.sql,Classic
23128,35569,62,3,item_template.sql,Classic
23178,22994,41,3,item_template.sql,Classic
23221,35643,83,4,item_template.sql,Classic
23423,35962,10,2,item_template.sql,Classic
23430,5145,10,2,item_template.sql,Classic
23431,35961,10,2,item_template.sql,Classic
23434,35975,15,2,item_template.sql,Classic
23482,38318,90,2,item_template.sql,TBC
23484,38319,90,2,item_template.sql,TBC
23487,39451,96,2,item_template.sql,TBC
23504,38683,105,2,item_template.sql,TBC
23506,38684,103,3,item_template.sql,TBC
23508,38685,103,3,item_template.sql,TBC
23511,38689,113,3,item_template.sql,TBC
23512,38690,115,3,item_template.sql,TBC
23513,42874,115,3,item_template.sql,TBC
23516,42876,113,3,item_template.sql,TBC
23518,38696,114,3,item_template.sql,TBC
23522,38700,115,3,item_template.sql,TBC
23523,36230,114,3,item_template.sql,TBC
23524,38701,114,3,item_template.sql,TBC
23526,38703,115,3,item_template.sql,TBC
23666,36430,85,4,item_template.sql,Classic
23714,34282,20,4,item_template.sql,Classic
23758,43889,106,3,item_template.sql,TBC
23761,40545,89,3,item_template.sql,Classic
23824,46155,112,3,item_template.sql,TBC
23825,36539,109,3,item_template.sql,TBC
23931,36676,5,2,item_template.sql,Classic
24022,43149,85,3,item_template.sql,Classic
24046,43160,85,3,item_template.sql,Classic
24063,43167,85,3,item_template.sql,Classic
24069,39050,85,3,item_template.sql,Classic
24075,39129,93,2,item_template.sql,TBC
24078,39128,83,2,item_template.sql,TBC
24079,39121,112,3,item_template.sql,TBC
24082,39120,113,3,item_template.sql,TBC
24083,43182,85,3,item_template.sql,Classic
24087,39125,109,3,item_template.sql,TBC
24088,39127,101,3,item_template.sql,TBC
24091,43136,85,3,item_template.sql,Classic
24094,38823,85,3,item_template.sql,Classic
24107,36997,10,2,item_template.sql,Classic
24111,36771,10,2,item_template.sql,Classic
24113,28013,10,2,item_template.sql,Classic
24118,9847,32,2,item_template.sql,Classic
24137,36780,86,3,item_template.sql,Classic
24138,11247,12,2,item_template.sql,Classic
24150,38813,85,3,item_template.sql,Classic
24155,40357,85,3,item_template.sql,Classic
24251,38921,112,3,item_template.sql,TBC
24253,38973,112,3,item_template.sql,TBC
24254,36937,112,3,item_template.sql,TBC
24342,28633,13,2,item_template.sql,Classic
24347,37047,18,2,item_template.sql,Classic
24348,37048,18,2,item_template.sql,Classic
24349,23608,20,2,item_template.sql,Classic
24351,37049,20,2,item_template.sql,Classic
24352,37050,20,2,item_template.sql,Classic
24356,43194,91,3,item_template.sql,TBC
24362,43197,91,3,item_template.sql,TBC
24364,43144,91,3,item_template.sql,TBC
24366,43156,91,3,item_template.sql,TBC
24378,43195,91,3,item_template.sql,TBC
24379,38548,91,3,item_template.sql,TBC
24381,39059,91,3,item_template.sql,TBC
24384,38827,88,3,item_template.sql,TBC
24386,36578,88,3,item_template.sql,TBC
24389,41427,88,3,item_template.sql,TBC
24390,38837,88,3,item_template.sql,TBC
24391,43175,88,3,item_template.sql,TBC
24392,43188,88,3,item_template.sql,TBC
24393,40042,88,3,item_template.sql,TBC
24395,43189,88,3,item_template.sql,TBC
24396,43168,88,3,item_template.sql,TBC
24397,43183,88,3,item_template.sql,TBC
24413,43198,94,3,item_template.sql,TBC
24433,37057,10,1,item_template.sql,Classic
24438,37199,11,2,item_template.sql,Classic
24440,37200,11,2,item_template.sql,Classic
24441,37201,5,1,item_template.sql,Classic
24450,43190,94,3,item_template.sql,TBC
24451,43152,94,3,item_template.sql,TBC
24454,39075,94,3,item_template.sql,TBC
24455,43177,94,3,item_template.sql,TBC
24456,43138,94,3,item_template.sql,TBC
24457,43199,94,3,item_template.sql,TBC
24458,43143,94,3,item_template.sql,TBC
24460,38555,94,3,item_template.sql,TBC
24465,43154,94,3,item_template.sql,TBC
24481,43191,94,3,item_template.sql,TBC
24544,39539,123,4,item_template.sql,TBC
24554,41716,123,4,item_template.sql,TBC
24575,37970,81,2,item_template.sql,Classic
24582,39623,81,2,item_template.sql,Classic
24586,40692,81,2,item_template.sql,Classic
24590,40700,84,2,item_template.sql,Classic
24592,40702,84,2,item_template.sql,Classic
24594,40312,84,2,item_template.sql,Classic
24597,38064,87,2,item_template.sql,Classic
24598,40706,87,2,item_template.sql,Classic
24599,40708,87,2,item_template.sql,Classic
24601,19990,87,2,item_template.sql,Classic
24602,40707,87,2,item_template.sql,Classic
24604,40709,87,2,item_template.sql,Classic
24606,38437,90,2,item_template.sql,Classic
24608,38441,90,2,item_template.sql,Classic
24610,38442,90,2,item_template.sql,Classic
24612,16790,90,2,item_template.sql,Classic
24613,38736,93,2,item_template.sql,TBC
24615,38740,93,2,item_template.sql,TBC
24616,9555,93,2,item_template.sql,TBC
24617,44718,93,2,item_template.sql,TBC
24618,38739,93,2,item_template.sql,TBC
24619,38741,93,2,item_template.sql,TBC
24625,42386,96,2,item_template.sql,TBC
24626,39010,96,2,item_template.sql,TBC
24627,39011,96,2,item_template.sql,TBC
24632,39090,99,2,item_template.sql,TBC
24633,39091,99,2,item_template.sql,TBC
24636,39088,99,2,item_template.sql,TBC
24639,39337,102,2,item_template.sql,TBC
24640,39335,102,2,item_template.sql,TBC
24643,39338,102,2,item_template.sql,TBC
24645,39395,105,2,item_template.sql,TBC
24646,39396,105,2,item_template.sql,TBC
24647,39976,105,2,item_template.sql,TBC
24648,39398,105,2,item_template.sql,TBC
24649,39405,105,2,item_template.sql,TBC
24657,39511,108,2,item_template.sql,TBC
24658,39507,108,2,item_template.sql,TBC
24661,39778,111,2,item_template.sql,TBC
24664,39779,111,2,item_template.sql,TBC
24665,39783,111,2,item_template.sql,TBC
24666,39780,111,2,item_template.sql,TBC
24667,39782,111,2,item_template.sql,TBC
24669,39882,114,2,item_template.sql,TBC
24670,39883,114,2,item_template.sql,TBC
24672,39884,114,2,item_template.sql,TBC
24681,44265,117,2,item_template.sql,TBC
24699,38830,81,2,item_template.sql,Classic
24701,40724,84,2,item_template.sql,Classic
24702,40723,84,2,item_template.sql,Classic
24703,40727,84,2,item_template.sql,Classic
24705,42209,84,2,item_template.sql,Classic
24706,40728,84,2,item_template.sql,Classic
24707,40729,84,2,item_template.sql,Classic
24710,38351,87,2,item_template.sql,Classic
24711,38352,87,2,item_template.sql,Classic
24712,38354,87,2,item_template.sql,Classic
24713,39671,87,2,item_template.sql,Classic
24716,38350,87,2,item_template.sql,Classic
24718,38416,90,2,item_template.sql,Classic
24720,14383,90,2,item_template.sql,Classic
24721,44882,90,2,item_template.sql,Classic
24724,38414,90,2,item_template.sql,Classic
24725,38658,93,2,item_template.sql,TBC
24727,38663,93,2,item_template.sql,TBC
24732,38654,93,2,item_template.sql,TBC
24733,38862,96,2,item_template.sql,TBC
24735,38856,96,2,item_template.sql,TBC
24739,38861,96,2,item_template.sql,TBC
24745,39098,99,2,item_template.sql,TBC
24746,43404,99,2,item_template.sql,TBC
24748,39095,99,2,item_template.sql,TBC
24754,39321,102,2,item_template.sql,TBC
24758,39466,105,2,item_template.sql,TBC
24761,39471,105,2,item_template.sql,TBC
24766,39496,108,2,item_template.sql,TBC
24768,39493,108,2,item_template.sql,TBC
24769,45166,108,2,item_template.sql,TBC
24774,39737,111,2,item_template.sql,TBC
24779,26035,111,2,item_template.sql,TBC
24783,39896,114,2,item_template.sql,TBC
24785,39897,114,2,item_template.sql,TBC
24786,40149,114,2,item_template.sql,TBC
24787,39898,114,2,item_template.sql,TBC
24788,39900,114,2,item_template.sql,TBC
24790,16704,117,2,item_template.sql,TBC
24802,42460,120,2,item_template.sql,TBC
24806,40737,81,2,item_template.sql,Classic
24807,40734,81,2,item_template.sql,Classic
24808,40731,81,2,item_template.sql,Classic
24809,40732,81,2,item_template.sql,Classic
24812,40736,81,2,item_template.sql,Classic
24815,40741,84,2,item_template.sql,Classic
24817,40740,84,2,item_template.sql,Classic
24818,40742,84,2,item_template.sql,Classic
24819,40129,84,2,item_template.sql,Classic
24820,40744,84,2,item_template.sql,Classic
24825,42106,87,2,item_template.sql,Classic
24827,42108,87,2,item_template.sql,Classic
24828,42109,87,2,item_template.sql,Classic
24829,39787,87,2,item_template.sql,Classic
24830,49703,90,2,item_template.sql,Classic
24831,38627,90,2,item_template.sql,Classic
24833,38626,90,2,item_template.sql,Classic
24835,38629,90,2,item_template.sql,Classic
24837,38625,90,2,item_template.sql,Classic
24839,38845,93,2,item_template.sql,TBC
24840,16725,93,2,item_template.sql,TBC
24852,38872,96,2,item_template.sql,TBC
24855,40252,99,2,item_template.sql,TBC
24857,40254,99,2,item_template.sql,TBC
24858,40255,99,2,item_template.sql,TBC
24861,40258,99,2,item_template.sql,TBC
24864,39304,102,2,item_template.sql,TBC
24868,39308,102,2,item_template.sql,TBC
24870,39436,105,2,item_template.sql,TBC
24871,39442,105,2,item_template.sql,TBC
24883,39518,108,2,item_template.sql,TBC
24887,39789,111,2,item_template.sql,TBC
24889,39790,111,2,item_template.sql,TBC
24891,39792,111,2,item_template.sql,TBC
24894,39983,114,2,item_template.sql,TBC
24895,39980,114,2,item_template.sql,TBC
24896,39979,114,2,item_template.sql,TBC
24899,39982,114,2,item_template.sql,TBC
24900,39985,114,2,item_template.sql,TBC
24903,39812,117,2,item_template.sql,TBC
24906,42461,117,2,item_template.sql,TBC
24907,39704,117,2,item_template.sql,TBC
24911,40183,120,2,item_template.sql,TBC
24917,9894,120,2,item_template.sql,TBC
24919,40758,81,2,item_template.sql,Classic
24923,40756,81,2,item_template.sql,Classic
24924,40757,81,2,item_template.sql,Classic
24926,40761,84,2,item_template.sql,Classic
24927,40765,84,2,item_template.sql,Classic
24929,40763,84,2,item_template.sql,Classic
24933,40766,84,2,item_template.sql,Classic
24934,40767,87,2,item_template.sql,Classic
24936,40769,87,2,item_template.sql,Classic
24937,40770,87,2,item_template.sql,Classic
24939,40772,87,2,item_template.sql,Classic
24940,40773,87,2,item_template.sql,Classic
24941,40768,87,2,item_template.sql,Classic
24943,40352,90,2,item_template.sql,Classic
24945,38360,90,2,item_template.sql,Classic
24948,40303,90,2,item_template.sql,Classic
24950,39174,93,2,item_template.sql,TBC
24951,49767,93,2,item_template.sql,TBC
24952,49764,93,2,item_template.sql,TBC
24953,49765,93,2,item_template.sql,TBC
24954,44684,93,2,item_template.sql,TBC
24958,44274,96,2,item_template.sql,TBC
24960,44273,96,2,item_template.sql,TBC
24961,44275,96,2,item_template.sql,TBC
24963,44279,96,2,item_template.sql,TBC
24966,39803,99,2,item_template.sql,TBC
24970,42215,99,2,item_template.sql,TBC
24971,39807,99,2,item_template.sql,TBC
24972,39802,99,2,item_template.sql,TBC
24973,39801,99,2,item_template.sql,TBC
24974,44280,102,2,item_template.sql,TBC
24977,39382,102,2,item_template.sql,TBC
24978,39386,102,2,item_template.sql,TBC
24979,39385,102,2,item_template.sql,TBC
24982,39410,105,2,item_template.sql,TBC
24990,39612,108,2,item_template.sql,TBC
24991,39615,108,2,item_template.sql,TBC
24992,39613,108,2,item_template.sql,TBC
24994,44686,108,2,item_template.sql,TBC
24995,39617,108,2,item_template.sql,TBC
24996,39620,108,2,item_template.sql,TBC
24997,39618,108,2,item_template.sql,TBC
24998,39643,111,2,item_template.sql,TBC
24999,39646,111,2,item_template.sql,TBC
25000,39641,111,2,item_template.sql,TBC
25003,39647,111,2,item_template.sql,TBC
25004,39651,111,2,item_template.sql,TBC
25005,39648,111,2,item_template.sql,TBC
25006,39868,114,2,item_template.sql,TBC
25007,39869,114,2,item_template.sql,TBC
25008,39865,114,2,item_template.sql,TBC
25009,39866,114,2,item_template.sql,TBC
25010,39873,114,2,item_template.sql,TBC
25011,39870,114,2,item_template.sql,TBC
25012,39867,114,2,item_template.sql,TBC
25013,39871,114,2,item_template.sql,TBC
25014,44334,117,2,item_template.sql,TBC
25015,44340,117,2,item_template.sql,TBC
25016,40688,117,2,item_template.sql,TBC
25017,44336,117,2,item_template.sql,TBC
25020,44335,117,2,item_template.sql,TBC
25022,44346,120,2,item_template.sql,TBC
25023,44349,120,2,item_template.sql,TBC
25024,44341,120,2,item_template.sql,TBC
25025,44345,120,2,item_template.sql,TBC
25026,42390,120,2,item_template.sql,TBC
25027,44347,120,2,item_template.sql,TBC
25029,44348,120,2,item_template.sql,TBC
25030,40775,81,2,item_template.sql,Classic
25031,40776,84,2,item_template.sql,Classic
25032,40777,87,2,item_template.sql,Classic
25033,38589,90,2,item_template.sql,Classic
25034,38665,93,2,item_template.sql,TBC
25037,39391,102,2,item_template.sql,TBC
25060,38348,87,2,item_template.sql,Classic
25062,38809,93,2,item_template.sql,TBC
25063,39000,96,2,item_template.sql,TBC
25064,39023,99,2,item_template.sql,TBC
25065,39390,102,2,item_template.sql,TBC
25069,39877,114,2,item_template.sql,TBC
25073,40781,84,2,item_template.sql,Classic
25074,40782,87,2,item_template.sql,Classic
25076,38728,93,2,item_template.sql,TBC
25103,38457,90,2,item_template.sql,Classic
25104,38633,93,2,item_template.sql,TBC
25111,39892,114,2,item_template.sql,TBC
25117,38418,90,2,item_template.sql,Classic
25119,38854,96,2,item_template.sql,TBC
25120,39045,99,2,item_template.sql,TBC
25124,39750,111,2,item_template.sql,TBC
25127,40823,120,2,item_template.sql,TBC
25130,44768,87,2,item_template.sql,Classic
25131,38423,90,2,item_template.sql,Classic
25134,39255,99,2,item_template.sql,TBC
25135,39311,102,2,item_template.sql,TBC
25139,39861,114,2,item_template.sql,TBC
25141,41952,120,2,item_template.sql,TBC
25142,40794,81,2,item_template.sql,Classic
25146,38635,93,2,item_template.sql,TBC
25148,39025,99,2,item_template.sql,TBC
25158,40798,87,2,item_template.sql,Classic
25160,38735,93,2,item_template.sql,TBC
25168,40691,117,2,item_template.sql,TBC
25169,44330,120,2,item_template.sql,TBC
25170,40799,81,2,item_template.sql,Classic
25172,38347,87,2,item_template.sql,Classic
25174,38713,93,2,item_template.sql,TBC
25175,38995,96,2,item_template.sql,TBC
25178,4995,105,2,item_template.sql,TBC
25179,5111,108,2,item_template.sql,TBC
25181,39987,114,2,item_template.sql,TBC
25184,40801,81,2,item_template.sql,Classic
25198,40804,81,2,item_template.sql,Classic
25199,40805,84,2,item_template.sql,Classic
25206,39406,105,2,item_template.sql,TBC
25207,39608,108,2,item_template.sql,TBC
25210,40313,117,2,item_template.sql,TBC
25212,40295,81,2,item_template.sql,Classic
25214,40296,87,2,item_template.sql,Classic
25224,40938,117,2,item_template.sql,TBC
25225,40940,120,2,item_template.sql,TBC
25229,38461,90,2,item_template.sql,Classic
25237,39894,114,2,item_template.sql,TBC
25243,38632,90,2,item_template.sql,Classic
25247,39331,102,2,item_template.sql,TBC
25249,39607,108,2,item_template.sql,TBC
25261,39333,102,2,item_template.sql,TBC
25262,39434,105,2,item_template.sql,TBC
25265,39864,114,2,item_template.sql,TBC
25283,40816,84,2,item_template.sql,Classic
25284,40144,87,2,item_template.sql,Classic
25289,40155,102,2,item_template.sql,TBC
25293,40136,114,2,item_template.sql,TBC
25294,40156,117,2,item_template.sql,TBC
25297,40817,84,2,item_template.sql,Classic
25299,38601,90,2,item_template.sql,Classic
25301,39006,96,2,item_template.sql,TBC
25311,39427,84,2,item_template.sql,Classic
25312,38346,87,2,item_template.sql,Classic
25319,39611,108,2,item_template.sql,TBC
25329,34939,96,2,item_template.sql,TBC
25331,39392,102,2,item_template.sql,TBC
25332,39429,105,2,item_template.sql,TBC
25334,39753,111,2,item_template.sql,TBC
25337,44331,120,2,item_template.sql,TBC
25438,6539,18,2,item_template.sql,Classic
25439,29697,18,2,item_template.sql,Classic
25464,37410,27,3,item_template.sql,Classic
25478,37441,93,2,item_template.sql,Classic
25479,37440,93,2,item_template.sql,Classic
25480,37437,93,2,item_template.sql,Classic
25481,37444,93,2,item_template.sql,Classic
25483,37436,93,2,item_template.sql,Classic
25484,39682,93,2,item_template.sql,Classic
25485,39681,93,2,item_template.sql,Classic
25486,37433,93,2,item_template.sql,Classic
25488,37430,93,2,item_template.sql,Classic
25489,37429,93,2,item_template.sql,Classic
25503,37446,90,2,item_template.sql,Classic
25504,37447,90,2,item_template.sql,Classic
25508,37450,93,2,item_template.sql,Classic
25510,37451,93,2,item_template.sql,Classic
25512,37454,93,2,item_template.sql,Classic
25513,41854,93,2,item_template.sql,Classic
25515,37457,87,2,item_template.sql,Classic
25516,37459,87,2,item_template.sql,Classic
25518,37460,93,2,item_template.sql,Classic
25524,37473,93,2,item_template.sql,Classic
25525,37474,96,2,item_template.sql,Classic
25530,44327,96,2,item_template.sql,Classic
25540,40130,94,3,item_template.sql,Classic
25556,37490,102,2,item_template.sql,TBC
25559,37493,79,2,item_template.sql,Classic
25574,23711,105,2,item_template.sql,TBC
25580,37508,105,2,item_template.sql,TBC
25582,37511,105,2,item_template.sql,TBC
25589,37533,105,2,item_template.sql,TBC
25591,37534,105,2,item_template.sql,TBC
25595,37537,105,2,item_template.sql,TBC
25597,37542,90,2,item_template.sql,Classic
25599,37544,90,2,item_template.sql,Classic
25619,37549,96,2,item_template.sql,Classic
25628,37552,102,2,item_template.sql,TBC
25634,3026,105,2,item_template.sql,TBC
25636,37556,105,2,item_template.sql,TBC
25640,44594,103,3,item_template.sql,TBC
25657,38981,108,2,item_template.sql,TBC
25661,38988,93,2,item_template.sql,TBC
25667,40160,79,3,item_template.sql,TBC
25668,41553,99,2,item_template.sql,TBC
25669,15684,84,2,item_template.sql,Classic
25670,41551,96,2,item_template.sql,TBC
25681,37619,112,3,item_template.sql,TBC
25683,37618,112,3,item_template.sql,TBC
25685,38992,106,3,item_template.sql,TBC
25687,38991,112,3,item_template.sql,TBC
25696,37775,114,3,item_template.sql,TBC
25697,37647,114,3,item_template.sql,TBC
25761,39296,103,3,item_template.sql,TBC
25764,40169,103,3,item_template.sql,TBC
25772,39359,100,3,item_template.sql,Classic
25774,39357,100,3,item_template.sql,Classic
25779,41951,105,2,item_template.sql,TBC
25780,52783,105,2,item_template.sql,TBC
25793,37798,114,2,item_template.sql,TBC
25797,37801,114,2,item_template.sql,TBC
25819,39288,103,3,item_template.sql,TBC
25822,39286,103,3,item_template.sql,TBC
25919,38098,93,2,item_template.sql,Classic
25923,27106,99,2,item_template.sql,Classic
25927,38101,99,2,item_template.sql,Classic
25942,43146,97,3,item_template.sql,TBC
25946,43173,97,3,item_template.sql,TBC
25947,43162,97,3,item_template.sql,TBC
25954,38560,97,3,item_template.sql,TBC
25955,45175,97,3,item_template.sql,TBC
25956,43141,97,3,item_template.sql,TBC
25957,43192,97,3,item_template.sql,TBC
25962,33534,97,3,item_template.sql,TBC
25965,44372,96,2,item_template.sql,Classic
25977,45179,96,2,item_template.sql,Classic
25985,42613,93,2,item_template.sql,Classic
25994,38129,87,2,item_template.sql,Classic
25995,38127,87,2,item_template.sql,Classic
25996,38130,87,2,item_template.sql,Classic
26004,16551,11,2,item_template.sql,Classic
26005,38266,16,2,item_template.sql,Classic
26010,16821,14,2,item_template.sql,Classic
26018,19029,11,2,item_template.sql,Classic
26019,38267,16,2,item_template.sql,Classic
26020,19030,12,2,item_template.sql,Classic
26021,7834,17,2,item_template.sql,Classic
26022,41379,13,2,item_template.sql,Classic
26028,25864,13,2,item_template.sql,Classic
26029,16566,18,2,item_template.sql,Classic
26030,38268,16,2,item_template.sql,Classic
26039,6864,15,2,item_template.sql,Classic
26051,5226,11,2,item_template.sql,Classic
26055,32335,100,3,item_template.sql,TBC
26173,16701,81,2,item_template.sql,Classic
26174,16706,81,2,item_template.sql,Classic
26175,9894,81,2,item_template.sql,Classic
26180,18422,84,2,item_template.sql,Classic
26235,16702,105,2,item_template.sql,TBC
26324,18422,96,2,item_template.sql,TBC
26368,16704,114,2,item_template.sql,TBC
27399,38258,12,2,item_template.sql,Classic
27401,38260,12,2,item_template.sql,Classic
27402,22929,17,2,item_template.sql,Classic
27403,39743,12,2,item_template.sql,Classic
27404,28218,17,2,item_template.sql,Classic
27408,44873,100,3,item_template.sql,TBC
27409,43180,100,3,item_template.sql,TBC
27410,43184,100,3,item_template.sql,TBC
27417,43181,103,3,item_template.sql,TBC
27418,43193,103,3,item_template.sql,TBC
27420,43147,103,3,item_template.sql,TBC
27423,38794,103,3,item_template.sql,TBC
27424,38797,103,3,item_template.sql,TBC
27426,43204,103,3,item_template.sql,TBC
27428,43164,103,3,item_template.sql,TBC
27430,43206,103,3,item_template.sql,TBC
27431,43207,103,3,item_template.sql,TBC
27433,43186,103,3,item_template.sql,TBC
27434,43209,103,3,item_template.sql,TBC
27447,42865,115,3,item_template.sql,TBC
27450,43008,115,3,item_template.sql,TBC
27451,43084,115,3,item_template.sql,TBC
27456,42953,115,3,item_template.sql,TBC
27460,40034,115,3,item_template.sql,TBC
27463,41881,115,3,item_template.sql,TBC
27467,43017,115,3,item_template.sql,TBC
27468,42452,115,3,item_template.sql,TBC
27475,40830,115,3,item_template.sql,TBC
27494,42885,115,3,item_template.sql,TBC
27495,43085,115,3,item_template.sql,TBC
27506,42997,115,3,item_template.sql,TBC
27507,41423,115,3,item_template.sql,TBC
27518,39645,112,3,item_template.sql,TBC
27519,43086,112,3,item_template.sql,TBC
27521,43009,115,3,item_template.sql,TBC
27525,43087,112,3,item_template.sql,TBC
27526,40908,112,3,item_template.sql,TBC
27528,43052,115,3,item_template.sql,TBC
27536,42576,115,3,item_template.sql,TBC
27537,42446,115,3,item_template.sql,TBC
27542,42999,115,3,item_template.sql,TBC
27544,39639,115,3,item_template.sql,TBC
27545,43018,115,3,item_template.sql,TBC
27546,40035,115,3,item_template.sql,TBC
27548,42862,115,3,item_template.sql,TBC
27550,43089,115,3,item_template.sql,TBC
27551,40036,115,3,item_template.sql,TBC
27639,38286,100,3,item_template.sql,TBC
27640,38263,16,2,item_template.sql,Classic
27641,38264,16,2,item_template.sql,Classic
27652,38279,100,3,item_template.sql,TBC
27653,38285,100,3,item_template.sql,TBC
27672,42833,115,3,item_template.sql,TBC
27713,43044,115,3,item_template.sql,TBC
27715,42217,90,2,item_template.sql,Classic
27725,44422,93,2,item_template.sql,Classic
27739,42351,115,3,item_template.sql,TBC
27742,43026,115,3,item_template.sql,TBC
27744,39640,115,3,item_template.sql,TBC
27745,42886,115,3,item_template.sql,TBC
27765,42948,115,3,item_template.sql,TBC
27766,40038,115,3,item_template.sql,TBC
27768,42977,115,3,item_template.sql,TBC
27770,43092,115,3,item_template.sql,TBC
27773,43010,115,3,item_template.sql,TBC
27776,42414,115,3,item_template.sql,TBC
27779,32087,115,3,item_template.sql,TBC
27783,42967,112,3,item_template.sql,TBC
27789,43093,112,3,item_template.sql,TBC
27790,42860,112,3,item_template.sql,TBC
27792,40040,112,3,item_template.sql,TBC
27794,41431,112,3,item_template.sql,TBC
27795,42897,115,3,item_template.sql,TBC
27799,42898,115,3,item_template.sql,TBC
27801,42583,115,3,item_template.sql,TBC
27803,42360,115,3,item_template.sql,TBC
27804,43094,115,3,item_template.sql,TBC
27813,42835,115,3,item_template.sql,TBC
27817,39230,115,3,item_template.sql,TBC
27822,40044,115,3,item_template.sql,TBC
27825,43020,115,3,item_template.sql,TBC
27827,42956,115,3,item_template.sql,TBC
27828,40045,115,3,item_template.sql,TBC
27829,41776,115,3,item_template.sql,TBC
27831,42949,115,3,item_template.sql,TBC
27838,42369,115,3,item_template.sql,TBC
27840,41777,115,3,item_template.sql,TBC
27842,40359,115,3,item_template.sql,TBC
27845,42915,115,3,item_template.sql,TBC
27847,42836,115,3,item_template.sql,TBC
27871,40047,115,3,item_template.sql,TBC
27875,42578,115,3,item_template.sql,TBC
27877,40371,115,3,item_template.sql,TBC
27878,43096,115,3,item_template.sql,TBC
27885,41671,112,3,item_template.sql,TBC
27886,40048,112,3,item_template.sql,TBC
27888,42889,112,3,item_template.sql,TBC
27891,40049,112,3,item_template.sql,TBC
27893,42871,112,3,item_template.sql,TBC
27897,42863,112,3,item_template.sql,TBC
27899,41787,115,3,item_template.sql,TBC
27900,40051,112,3,item_template.sql,TBC
27902,42982,115,3,item_template.sql,TBC
27907,43076,115,3,item_template.sql,TBC
27909,42572,115,3,item_template.sql,TBC
27914,42972,112,3,item_template.sql,TBC
27919,43003,112,3,item_template.sql,TBC
27920,38571,91,3,item_template.sql,TBC
27921,38572,91,3,item_template.sql,TBC
27922,31603,91,3,item_template.sql,TBC
27926,38556,91,3,item_template.sql,TBC
27936,43055,115,3,item_template.sql,TBC
27946,43099,115,3,item_template.sql,TBC
27979,31603,10,1,item_template.sql,Classic
27985,43042,115,3,item_template.sql,TBC
27986,39958,115,3,item_template.sql,TBC
27988,43100,112,3,item_template.sql,TBC
27992,32073,5,1,item_template.sql,Classic
27994,42900,112,3,item_template.sql,TBC
28026,44599,96,2,item_template.sql,Classic
28027,39689,96,2,item_template.sql,Classic
28030,39271,97,3,item_template.sql,Classic
28034,43101,112,3,item_template.sql,TBC
28043,36755,90,2,item_template.sql,Classic
28044,38674,90,2,item_template.sql,Classic
28055,38359,85,3,item_template.sql,Classic
28108,15853,97,3,item_template.sql,Classic
28134,43423,112,3,item_template.sql,TBC
28144,20476,12,2,item_template.sql,Classic
28146,16918,10,2,item_template.sql,Classic
28147,28045,10,2,item_template.sql,Classic
28148,22685,10,2,item_template.sql,Classic
28149,7560,11,2,item_template.sql,Classic
28150,15248,13,2,item_template.sql,Classic
28156,28056,17,2,item_template.sql,Classic
28159,28046,17,2,item_template.sql,Classic
28168,39210,103,3,item_template.sql,TBC
28173,39666,103,3,item_template.sql,TBC
28185,42980,112,3,item_template.sql,TBC
28186,43011,112,3,item_template.sql,TBC
28188,37290,115,3,item_template.sql,TBC
28190,43103,115,3,item_template.sql,TBC
28191,43075,115,3,item_template.sql,TBC
28192,43057,115,3,item_template.sql,TBC
28194,42939,115,3,item_template.sql,TBC
28202,42456,115,3,item_template.sql,TBC
28203,42352,115,3,item_template.sql,TBC
28206,44609,115,3,item_template.sql,TBC
28211,43104,115,3,item_template.sql,TBC
28217,43105,115,3,item_template.sql,TBC
28219,42892,115,3,item_template.sql,TBC
28220,64903,115,3,item_template.sql,TBC
28221,42864,115,3,item_template.sql,TBC
28225,43040,115,3,item_template.sql,TBC
28228,42579,115,3,item_template.sql,TBC
28229,42367,115,3,item_template.sql,TBC
28232,42449,115,3,item_template.sql,TBC
28249,43110,115,3,item_template.sql,TBC
28252,43029,115,3,item_template.sql,TBC
28255,42974,115,3,item_template.sql,TBC
28262,42838,115,3,item_template.sql,TBC
28265,41448,115,3,item_template.sql,TBC
28266,42919,115,3,item_template.sql,TBC
28269,41396,115,3,item_template.sql,TBC
28293,42069,115,3,item_template.sql,TBC
28296,39650,115,3,item_template.sql,TBC
28299,41558,123,4,item_template.sql,TBC
28303,28682,21,2,item_template.sql,Classic
28304,43005,115,3,item_template.sql,TBC
28320,46606,123,4,item_template.sql,TBC
28321,33808,115,3,item_template.sql,TBC
28337,42873,115,3,item_template.sql,TBC
28338,42904,115,3,item_template.sql,TBC
28339,43071,115,3,item_template.sql,TBC
28340,42964,115,3,item_template.sql,TBC
28347,43114,115,3,item_template.sql,TBC
28350,42362,115,3,item_template.sql,TBC
28367,41789,115,3,item_template.sql,TBC
28371,43115,115,3,item_template.sql,TBC
28373,23119,115,3,item_template.sql,TBC
28386,44799,115,3,item_template.sql,TBC
28396,42952,115,3,item_template.sql,TBC
28401,43054,115,3,item_template.sql,TBC
28406,43082,115,3,item_template.sql,TBC
28418,43122,115,3,item_template.sql,TBC
28422,41480,123,4,item_template.sql,TBC
28428,39570,107,4,item_template.sql,TBC
28442,39584,136,4,item_template.sql,TBC
28477,40489,115,4,item_template.sql,TBC
28491,39368,94,3,item_template.sql,TBC
28493,39706,94,3,item_template.sql,TBC
28494,39709,94,3,item_template.sql,TBC
28496,39701,99,2,item_template.sql,TBC
28497,39705,99,2,item_template.sql,TBC
28498,39708,99,2,item_template.sql,TBC
28579,39888,115,4,item_template.sql,TBC
28601,43463,115,4,item_template.sql,TBC
28649,33728,115,4,item_template.sql,TBC
28672,43488,115,4,item_template.sql,TBC
28759,37311,100,3,item_template.sql,TBC
28772,40859,125,4,item_template.sql,TBC
28774,40366,125,4,item_template.sql,TBC
28814,39034,115,3,item_template.sql,TBC
28815,39035,115,3,item_template.sql,TBC
28819,41223,115,3,item_template.sql,TBC
28820,37312,115,3,item_template.sql,TBC
28822,43535,125,4,item_template.sql,TBC
28828,43542,125,4,item_template.sql,TBC
28832,41248,115,3,item_template.sql,TBC
28834,41249,115,3,item_template.sql,TBC
28853,37300,115,3,item_template.sql,TBC
28854,37301,115,3,item_template.sql,TBC
28855,37302,115,3,item_template.sql,TBC
28858,37310,115,3,item_template.sql,TBC
28864,41231,115,3,item_template.sql,TBC
28865,41232,115,3,item_template.sql,TBC
28919,40981,115,3,item_template.sql,TBC
28931,42077,115,3,item_template.sql,TBC
28945,42083,115,3,item_template.sql,TBC
28946,40960,115,3,item_template.sql,TBC
28950,42080,115,3,item_template.sql,TBC
28959,42091,115,3,item_template.sql,TBC
29086,46214,120,4,item_template.sql,TBC
29117,40315,115,3,item_template.sql,TBC
29125,42060,100,4,item_template.sql,TBC
29129,40870,115,3,item_template.sql,TBC
29130,40322,115,3,item_template.sql,TBC
29131,40323,115,3,item_template.sql,TBC
29134,44413,115,3,item_template.sql,TBC
29139,40918,115,3,item_template.sql,TBC
29141,40335,115,3,item_template.sql,TBC
29156,41929,100,4,item_template.sql,TBC
29157,38541,36,3,item_template.sql,Classic
29158,28830,40,3,item_template.sql,Classic
29166,42057,115,3,item_template.sql,TBC
29179,40386,115,3,item_template.sql,TBC
29247,46574,110,4,item_template.sql,TBC
29251,42588,110,4,item_template.sql,TBC
29277,40518,110,4,item_template.sql,TBC
29294,43095,128,4,item_template.sql,TBC
29312,40537,97,3,item_template.sql,Classic
29315,40539,97,3,item_template.sql,Classic
29316,39080,103,3,item_template.sql,TBC
29317,39068,103,3,item_template.sql,TBC
29325,38784,97,3,item_template.sql,Classic
29326,39065,97,3,item_template.sql,Classic
29327,39064,97,3,item_template.sql,Classic
29328,38542,97,3,item_template.sql,Classic
29337,40585,100,3,item_template.sql,Classic
29345,38787,97,3,item_template.sql,Classic
29347,43125,110,4,item_template.sql,TBC
29352,39123,110,4,item_template.sql,TBC
29356,42219,105,4,item_template.sql,TBC
29377,40616,108,2,item_template.sql,TBC
29391,44593,108,2,item_template.sql,TBC
29400,40648,93,2,item_template.sql,Classic
29491,40990,112,3,item_template.sql,TBC
29493,44267,112,3,item_template.sql,TBC
29498,42855,112,3,item_template.sql,TBC
29500,42858,112,3,item_template.sql,TBC
29519,45937,120,4,item_template.sql,TBC
29918,42645,128,4,item_template.sql,TBC
29927,44579,81,2,item_template.sql,Classic
29928,43932,81,2,item_template.sql,Classic
29929,43928,81,2,item_template.sql,Classic
29931,42398,81,2,item_template.sql,Classic
29942,43920,81,2,item_template.sql,Classic
29943,44607,81,2,item_template.sql,Classic
29945,41532,81,2,item_template.sql,Classic
29947,43562,128,4,item_template.sql,TBC
29954,41548,108,2,item_template.sql,TBC
29955,41549,108,2,item_template.sql,TBC
29959,41550,108,2,item_template.sql,TBC
29964,41569,52,3,item_template.sql,Classic
29969,42995,108,2,item_template.sql,TBC
29970,41574,52,3,item_template.sql,Classic
29971,41605,52,3,item_template.sql,Classic
29974,44156,100,3,item_template.sql,TBC
29975,41583,100,3,item_template.sql,TBC
29976,46094,128,4,item_template.sql,TBC
29978,41828,114,2,item_template.sql,TBC
29981,42180,134,4,item_template.sql,TBC
29991,46092,138,4,item_template.sql,TBC
29996,41873,141,4,item_template.sql,TBC
30004,41596,114,2,item_template.sql,TBC
30010,41598,109,3,item_template.sql,TBC
30014,41838,106,3,item_template.sql,TBC
30016,42994,106,3,item_template.sql,TBC
30032,46075,128,4,item_template.sql,TBC
30039,45915,128,4,item_template.sql,TBC
30044,46090,128,4,item_template.sql,TBC
30054,46099,128,4,item_template.sql,TBC
30064,42702,128,4,item_template.sql,TBC
30067,45911,128,4,item_template.sql,TBC
30069,41604,52,3,item_template.sql,Classic
30070,41607,52,3,item_template.sql,Classic
30072,41614,52,3,item_template.sql,Classic
30073,41613,52,3,item_template.sql,Classic
30074,41616,100,3,item_template.sql,TBC
30080,41668,134,4,item_template.sql,TBC
30086,44893,100,3,item_template.sql,TBC
30088,41631,100,3,item_template.sql,TBC
30096,42651,128,4,item_template.sql,TBC
30098,43597,128,4,item_template.sql,TBC
30099,43599,128,4,item_template.sql,TBC
30105,43834,141,4,item_template.sql,TBC
30113,42297,133,4,item_template.sql,TBC
30140,43749,133,4,item_template.sql,TBC
30141,43750,133,4,item_template.sql,TBC
30146,45018,133,4,item_template.sql,TBC
30154,42294,133,4,item_template.sql,TBC
30207,42643,133,4,item_template.sql,TBC
30213,42303,133,4,item_template.sql,TBC
30219,50531,133,4,item_template.sql,TBC
30224,41757,108,2,item_template.sql,TBC
30254,41836,114,2,item_template.sql,TBC
30258,41800,109,3,item_template.sql,TBC
30262,41839,108,2,item_template.sql,TBC
30263,41803,108,2,item_template.sql,TBC
30265,41805,111,2,item_template.sql,TBC
30271,41811,111,2,item_template.sql,TBC
30273,41813,111,2,item_template.sql,TBC
30275,42668,108,2,item_template.sql,TBC
30284,41817,111,2,item_template.sql,TBC
30286,41819,111,2,item_template.sql,TBC
30289,41821,111,2,item_template.sql,TBC
30290,13206,111,2,item_template.sql,TBC
30293,41858,111,2,item_template.sql,TBC
30295,41860,108,2,item_template.sql,TBC
30296,41861,108,2,item_template.sql,TBC
30297,41938,109,3,item_template.sql,TBC
30300,41916,109,3,item_template.sql,TBC
30312,41872,175,5,item_template.sql,Wrath
30329,41918,114,2,item_template.sql,TBC
30333,41919,114,2,item_template.sql,TBC
30334,41920,114,2,item_template.sql,TBC
30337,41928,114,2,item_template.sql,TBC
30339,2854,114,2,item_template.sql,TBC
30340,41936,114,2,item_template.sql,TBC
30364,41974,108,2,item_template.sql,TBC
30369,41960,109,3,item_template.sql,TBC
30370,41961,109,3,item_template.sql,TBC
30379,41967,114,2,item_template.sql,TBC
30380,26158,114,2,item_template.sql,TBC
30398,42519,111,2,item_template.sql,TBC
30420,9842,29,2,item_template.sql,Classic
30422,31906,53,2,item_template.sql,Classic
30448,43548,128,4,item_template.sql,TBC
30459,42100,110,3,item_template.sql,TBC
30461,42101,110,3,item_template.sql,TBC
30465,42110,106,3,item_template.sql,TBC
30487,45973,136,4,item_template.sql,TBC
30491,42168,123,4,item_template.sql,TBC
30516,43150,108,2,item_template.sql,TBC
30517,15823,114,2,item_template.sql,TBC
30621,43605,138,4,item_template.sql,TBC
30804,31800,23,3,item_template.sql,Classic
30825,44358,114,3,item_template.sql,TBC
30830,42906,100,4,item_template.sql,TBC
30835,42916,115,3,item_template.sql,TBC
30837,42942,112,3,item_template.sql,TBC
30841,1317,115,3,item_template.sql,TBC
30859,43007,109,3,item_template.sql,TBC
30871,45743,141,4,item_template.sql,TBC
30874,45232,141,4,item_template.sql,TBC
30880,45239,141,4,item_template.sql,TBC
30883,45224,141,4,item_template.sql,TBC
30896,45222,141,4,item_template.sql,TBC
30910,45360,151,4,item_template.sql,TBC
30916,45219,141,4,item_template.sql,TBC
30922,43213,114,2,item_template.sql,TBC
30924,30768,106,3,item_template.sql,TBC
30925,43346,109,3,item_template.sql,TBC
30927,43217,114,2,item_template.sql,TBC
30929,43219,111,2,item_template.sql,TBC
30930,43220,114,2,item_template.sql,TBC
30933,43222,109,3,item_template.sql,TBC
30941,43231,111,2,item_template.sql,TBC
30942,44550,114,2,item_template.sql,TBC
30944,43233,109,3,item_template.sql,TBC
30947,43241,111,2,item_template.sql,TBC
30948,44018,109,3,item_template.sql,TBC
30950,43247,111,2,item_template.sql,TBC
30953,43252,114,2,item_template.sql,TBC
30957,43260,114,2,item_template.sql,TBC
30959,43272,114,2,item_template.sql,TBC
30960,43274,111,2,item_template.sql,TBC
30961,43277,114,2,item_template.sql,TBC
30962,43345,109,3,item_template.sql,TBC
30964,43344,114,2,item_template.sql,TBC
30966,43283,111,2,item_template.sql,TBC
30968,43287,114,2,item_template.sql,TBC
30972,49684,146,4,item_template.sql,TBC
30975,45658,146,4,item_template.sql,TBC
30977,45660,146,4,item_template.sql,TBC
30983,46357,146,4,item_template.sql,TBC
30987,45684,146,4,item_template.sql,TBC
30990,46350,146,4,item_template.sql,TBC
30991,45683,146,4,item_template.sql,TBC
30999,43309,109,3,item_template.sql,TBC
31003,45680,146,4,item_template.sql,TBC
31004,45678,146,4,item_template.sql,TBC
31012,45669,146,4,item_template.sql,TBC
31019,45671,146,4,item_template.sql,TBC
31027,45434,146,4,item_template.sql,TBC
31033,43318,106,3,item_template.sql,TBC
31037,45663,146,4,item_template.sql,TBC
31044,45665,146,4,item_template.sql,TBC
31050,45673,146,4,item_template.sql,TBC
31056,45449,146,4,item_template.sql,TBC
31060,44977,146,4,item_template.sql,TBC
31071,43356,109,3,item_template.sql,TBC
31075,43332,109,3,item_template.sql,TBC
31077,43339,109,3,item_template.sql,TBC
31078,43340,109,3,item_template.sql,TBC
31080,43360,105,2,item_template.sql,TBC
31106,43517,109,3,item_template.sql,TBC
31111,31135,114,2,item_template.sql,TBC
31114,43483,114,2,item_template.sql,TBC
31115,43490,114,2,item_template.sql,TBC
31126,43235,85,3,item_template.sql,Classic
31127,43626,85,3,item_template.sql,Classic
31136,43140,88,3,item_template.sql,TBC
31140,42907,88,3,item_template.sql,TBC
31142,43649,88,3,item_template.sql,TBC
31145,43653,91,3,item_template.sql,TBC
31149,43073,91,3,item_template.sql,TBC
31151,42848,94,3,item_template.sql,TBC
31154,35358,26,2,item_template.sql,Classic
31156,43665,109,3,item_template.sql,TBC
31163,43672,103,3,item_template.sql,TBC
31164,43671,103,3,item_template.sql,TBC
31165,43673,103,3,item_template.sql,TBC
31168,43676,82,3,item_template.sql,Classic
31172,43681,82,3,item_template.sql,Classic
31178,40413,94,3,item_template.sql,TBC
31179,43689,91,3,item_template.sql,TBC
31180,41964,97,3,item_template.sql,TBC
31182,43692,85,3,item_template.sql,Classic
31183,43695,85,3,item_template.sql,Classic
31185,27293,85,3,item_template.sql,Classic
31186,43313,97,3,item_template.sql,TBC
31189,43700,94,3,item_template.sql,TBC
31190,43669,97,3,item_template.sql,TBC
31195,43702,103,3,item_template.sql,TBC
31196,39211,97,3,item_template.sql,TBC
31197,43703,103,3,item_template.sql,TBC
31198,43704,103,3,item_template.sql,TBC
31199,43214,103,3,item_template.sql,TBC
31201,43705,103,3,item_template.sql,TBC
31202,41962,100,3,item_template.sql,TBC
31203,43706,103,3,item_template.sql,TBC
31209,43713,109,3,item_template.sql,TBC
31213,43715,109,3,item_template.sql,TBC
31217,43719,109,3,item_template.sql,TBC
31220,43724,109,3,item_template.sql,TBC
31221,43725,103,3,item_template.sql,TBC
31223,43726,103,3,item_template.sql,TBC
31224,43727,103,3,item_template.sql,TBC
31225,33328,103,3,item_template.sql,TBC
31227,43730,91,3,item_template.sql,TBC
31230,43718,100,3,item_template.sql,TBC
31231,43732,91,3,item_template.sql,TBC
31233,43735,91,3,item_template.sql,TBC
31234,43736,103,3,item_template.sql,TBC
31236,43737,91,3,item_template.sql,TBC
31242,43740,88,3,item_template.sql,TBC
31243,43741,88,3,item_template.sql,TBC
31246,39886,88,3,item_template.sql,TBC
31247,43743,88,3,item_template.sql,TBC
31256,44431,18,2,item_template.sql,Classic
31258,43120,103,3,item_template.sql,TBC
31263,44432,18,2,item_template.sql,Classic
31264,44430,18,2,item_template.sql,Classic
31268,8466,18,2,item_template.sql,Classic
31270,43774,18,2,item_template.sql,Classic
31284,42847,109,3,item_template.sql,TBC
31288,38993,109,3,item_template.sql,TBC
31291,43799,112,3,item_template.sql,TBC
31292,43800,112,3,item_template.sql,TBC
31294,43801,112,3,item_template.sql,TBC
31299,43830,115,3,item_template.sql,TBC
31304,43812,115,3,item_template.sql,TBC
31308,43817,115,3,item_template.sql,TBC
31312,43821,108,2,item_template.sql,TBC
31320,43829,100,4,item_template.sql,TBC
31321,39209,100,4,item_template.sql,TBC
31326,43837,100,4,item_template.sql,TBC
31341,43867,108,2,item_template.sql,TBC
31343,43424,100,4,item_template.sql,TBC
31367,43907,115,4,item_template.sql,TBC
31368,43906,115,4,item_template.sql,TBC
31382,39124,109,3,item_template.sql,TBC
31383,39126,109,3,item_template.sql,TBC
31398,44357,100,4,item_template.sql,TBC
31414,43951,108,2,item_template.sql,TBC
31421,43992,102,2,item_template.sql,TBC
31425,43997,102,2,item_template.sql,TBC
31426,3658,102,2,item_template.sql,TBC
31440,44003,105,2,item_template.sql,TBC
31441,43988,105,2,item_template.sql,TBC
31442,43972,105,2,item_template.sql,TBC
31443,44006,105,2,item_template.sql,TBC
31455,44019,105,2,item_template.sql,TBC
31458,44022,108,2,item_template.sql,TBC
31479,44113,102,2,item_template.sql,TBC
31480,44111,102,2,item_template.sql,TBC
31481,44108,102,2,item_template.sql,TBC
31483,44325,102,2,item_template.sql,TBC
31484,44110,102,2,item_template.sql,TBC
31485,44107,102,2,item_template.sql,TBC
31488,44106,102,2,item_template.sql,TBC
31508,32924,108,2,item_template.sql,TBC
31510,44124,105,2,item_template.sql,TBC
31513,44126,105,2,item_template.sql,TBC
31514,44130,108,2,item_template.sql,TBC
31515,44127,108,2,item_template.sql,TBC
31516,44125,105,2,item_template.sql,TBC
31519,44128,108,2,item_template.sql,TBC
31526,44086,108,2,item_template.sql,TBC
31531,44066,108,2,item_template.sql,TBC
31546,44076,109,3,item_template.sql,TBC
31552,30588,115,3,item_template.sql,TBC
31554,44159,115,3,item_template.sql,TBC
31555,44167,115,3,item_template.sql,TBC
31561,44183,115,3,item_template.sql,TBC
31562,44178,115,3,item_template.sql,TBC
31563,44192,115,3,item_template.sql,TBC
31565,44187,109,3,item_template.sql,TBC
31569,44206,115,3,item_template.sql,TBC
31573,44200,109,3,item_template.sql,TBC
31575,44201,115,3,item_template.sql,TBC
31577,44218,115,3,item_template.sql,TBC
31582,44220,115,3,item_template.sql,TBC
31615,44237,102,2,item_template.sql,TBC
31617,30696,102,2,item_template.sql,TBC
31659,44255,90,2,item_template.sql,Classic
31689,44312,108,2,item_template.sql,TBC
31693,39212,103,3,item_template.sql,TBC
31711,44322,105,2,item_template.sql,TBC
31713,15431,105,2,item_template.sql,TBC
31714,44324,105,2,item_template.sql,TBC
31718,44319,88,3,item_template.sql,Classic
31719,44556,88,3,item_template.sql,Classic
31720,44555,88,3,item_template.sql,Classic
31729,9865,99,2,item_template.sql,Classic
31734,44369,99,2,item_template.sql,Classic
31745,44375,115,3,item_template.sql,TBC
31765,44424,99,2,item_template.sql,Classic
31768,44450,90,2,item_template.sql,Classic
31770,44451,96,2,item_template.sql,Classic
31782,44472,99,2,item_template.sql,Classic
31784,45164,99,2,item_template.sql,Classic
31785,44470,99,2,item_template.sql,Classic
31787,44447,90,2,item_template.sql,Classic
31789,44483,90,2,item_template.sql,Classic
31790,7570,108,2,item_template.sql,TBC
31792,44458,108,2,item_template.sql,TBC
31796,44480,99,2,item_template.sql,Classic
31797,44482,99,2,item_template.sql,Classic
31798,44485,99,2,item_template.sql,Classic
31821,44546,102,2,item_template.sql,TBC
31935,44633,109,3,item_template.sql,TBC
31939,44630,109,3,item_template.sql,TBC
31942,44634,115,3,item_template.sql,TBC
31961,45964,136,4,item_template.sql,TBC
31962,45965,136,4,item_template.sql,TBC
31974,45975,136,4,item_template.sql,TBC
31997,46224,136,4,item_template.sql,TBC
32001,45961,136,4,item_template.sql,TBC
32017,46032,136,4,item_template.sql,TBC
32047,45953,136,4,item_template.sql,TBC
32072,44697,110,4,item_template.sql,TBC
32080,44700,110,4,item_template.sql,TBC
32081,44703,110,4,item_template.sql,TBC
32111,41190,105,4,item_template.sql,TBC
32137,41202,105,4,item_template.sql,TBC
32156,38295,105,4,item_template.sql,TBC
32242,45278,141,4,item_template.sql,TBC
32252,45327,141,4,item_template.sql,TBC
32262,45345,141,4,item_template.sql,TBC
32267,45918,128,4,item_template.sql,TBC
32271,45724,141,4,item_template.sql,TBC
32275,45670,141,4,item_template.sql,TBC
32278,46487,141,4,item_template.sql,TBC
32280,45715,141,4,item_template.sql,TBC
32332,45350,141,4,item_template.sql,TBC
32333,45299,141,4,item_template.sql,TBC
32342,45298,141,4,item_template.sql,TBC
32349,45351,141,4,item_template.sql,TBC
32354,45843,141,4,item_template.sql,TBC
32369,47226,141,4,item_template.sql,TBC
32373,45722,141,4,item_template.sql,TBC
32394,44830,130,4,item_template.sql,TBC
32420,45480,130,4,item_template.sql,TBC
32473,43886,127,4,item_template.sql,TBC
32491,45855,141,4,item_template.sql,TBC
32496,45488,151,4,item_template.sql,TBC
32500,45365,151,4,item_template.sql,TBC
32521,46205,151,4,item_template.sql,TBC
32524,45476,151,4,item_template.sql,TBC
32529,45008,115,3,item_template.sql,TBC
32539,45043,115,3,item_template.sql,TBC
32573,45407,141,4,item_template.sql,TBC
32584,45400,141,4,item_template.sql,TBC
32609,45706,141,4,item_template.sql,TBC
32647,45155,105,4,item_template.sql,TBC
32650,45159,115,3,item_template.sql,TBC
32654,36540,115,3,item_template.sql,TBC
32694,43551,70,2,item_template.sql,Classic
32785,46053,136,4,item_template.sql,TBC
32789,46044,136,4,item_template.sql,TBC
32799,46062,136,4,item_template.sql,TBC
32801,46042,136,4,item_template.sql,TBC
32803,46048,136,4,item_template.sql,TBC
32805,46039,136,4,item_template.sql,TBC
32807,46065,136,4,item_template.sql,TBC
32829,45475,109,3,item_template.sql,TBC
32866,45505,114,2,item_template.sql,TBC
32869,45506,114,2,item_template.sql,TBC
33077,1103,136,4,item_template.sql,TBC
33173,46324,115,3,item_template.sql,TBC
33207,46784,128,4,item_template.sql,TBC
33229,46431,36,2,item_template.sql,Classic
33230,46432,39,2,item_template.sql,Classic
33232,46434,37,2,item_template.sql,Classic
33233,46435,40,2,item_template.sql,Classic
33237,46437,40,2,item_template.sql,Classic
33241,46439,40,2,item_template.sql,Classic
33242,46440,40,2,item_template.sql,Classic
33244,46442,39,2,item_template.sql,Classic
33245,46443,36,2,item_template.sql,Classic
33247,46444,36,2,item_template.sql,Classic
33249,46445,37,2,item_template.sql,Classic
33250,46446,37,2,item_template.sql,Classic
33251,46447,39,2,item_template.sql,Classic
33252,46448,37,2,item_template.sql,Classic
33253,46449,36,2,item_template.sql,Classic
33259,46454,38,2,item_template.sql,Classic
33260,46455,39,2,item_template.sql,Classic
33261,35076,39,2,item_template.sql,Classic
33267,46457,38,2,item_template.sql,Classic
33268,46458,38,2,item_template.sql,Classic
33270,20214,38,2,item_template.sql,Classic
33274,38651,37,2,item_template.sql,Classic
33292,46514,1,3,item_template.sql,Classic
33300,46809,128,4,item_template.sql,TBC
33389,46986,132,4,item_template.sql,TBC
33421,46987,133,4,item_template.sql,TBC
33473,46998,133,4,item_template.sql,TBC
33480,47002,128,4,item_template.sql,TBC
33499,45362,141,4,item_template.sql,TBC
33501,47015,128,4,item_template.sql,TBC
33516,47023,128,4,item_template.sql,TBC
33520,47027,128,4,item_template.sql,TBC
33557,45753,128,4,item_template.sql,TBC
33587,48226,128,4,item_template.sql,TBC
33588,47062,128,4,item_template.sql,TBC
33593,47069,128,4,item_template.sql,TBC
33662,47606,146,4,item_template.sql,TBC
33665,46883,146,4,item_template.sql,TBC
33672,48262,146,4,item_template.sql,TBC
33695,47949,146,4,item_template.sql,TBC
33697,47759,146,4,item_template.sql,TBC
33703,46938,146,4,item_template.sql,TBC
33706,46891,146,4,item_template.sql,TBC
33710,46890,146,4,item_template.sql,TBC
33720,46926,146,4,item_template.sql,TBC
33732,46865,146,4,item_template.sql,TBC
33759,46930,146,4,item_template.sql,TBC
33791,46839,11,2,item_template.sql,Classic
33811,47047,146,4,item_template.sql,TBC
33820,47051,115,3,item_template.sql,TBC
33883,47413,141,4,item_template.sql,TBC
33888,47415,146,4,item_template.sql,TBC
33901,47422,141,4,item_template.sql,TBC
33914,47427,146,4,item_template.sql,TBC
33965,46995,128,4,item_template.sql,TBC
34010,47249,141,4,item_template.sql,TBC
34012,47252,141,4,item_template.sql,TBC
34014,47771,146,4,item_template.sql,TBC
34107,47454,21,3,item_template.sql,Classic
34164,48078,154,4,item_template.sql,TBC
34169,47975,159,4,item_template.sql,TBC
34177,48511,154,4,item_template.sql,TBC
34178,48507,154,4,item_template.sql,TBC
34180,47991,159,4,item_template.sql,TBC
34192,50016,159,4,item_template.sql,TBC
34194,47998,159,4,item_template.sql,TBC
34195,47999,159,4,item_template.sql,TBC
34198,48290,154,4,item_template.sql,TBC
34204,48512,154,4,item_template.sql,TBC
34205,48870,154,4,item_template.sql,TBC
34211,48011,159,4,item_template.sql,TBC
34215,48015,159,4,item_template.sql,TBC
34216,48016,159,4,item_template.sql,TBC
34240,48905,159,4,item_template.sql,TBC
34241,48868,164,4,item_template.sql,TBC
34242,48871,164,4,item_template.sql,TBC
34329,48026,164,4,item_template.sql,TBC
34335,48029,164,4,item_template.sql,TBC
34336,48031,164,4,item_template.sql,TBC
34337,48030,164,4,item_template.sql,TBC
34339,50018,164,4,item_template.sql,TBC
34341,48032,164,4,item_template.sql,TBC
34342,48305,164,4,item_template.sql,TBC
34344,48306,164,4,item_template.sql,TBC
34345,48033,164,4,item_template.sql,TBC
34350,48037,154,4,item_template.sql,TBC
34364,48925,159,4,item_template.sql,TBC
34381,48043,159,4,item_template.sql,TBC
34388,50015,159,4,item_template.sql,TBC
34393,50014,159,4,item_template.sql,TBC
34400,48058,159,4,item_template.sql,TBC
34405,50020,164,4,item_template.sql,TBC
34406,48387,164,4,item_template.sql,TBC
34409,48060,159,4,item_template.sql,TBC
34418,47699,50,3,item_template.sql,Classic
34422,34708,50,3,item_template.sql,Classic
34427,48503,154,4,item_template.sql,TBC
34428,48506,154,4,item_template.sql,TBC
34429,48505,154,4,item_template.sql,TBC
34430,48504,154,4,item_template.sql,TBC
34431,48313,154,4,item_template.sql,TBC
34432,48312,154,4,item_template.sql,TBC
34434,48321,154,4,item_template.sql,TBC
34439,48326,154,4,item_template.sql,TBC
34441,48347,154,4,item_template.sql,TBC
34444,48311,154,4,item_template.sql,TBC
34448,48324,154,4,item_template.sql,TBC
34472,48172,115,4,item_template.sql,TBC
34529,43083,146,4,item_template.sql,TBC
34530,48183,146,4,item_template.sql,TBC
34541,48359,154,4,item_template.sql,TBC
34557,48354,154,4,item_template.sql,TBC
34565,48370,154,4,item_template.sql,TBC
34568,48372,154,4,item_template.sql,TBC
34573,48362,154,4,item_template.sql,TBC
34575,48369,154,4,item_template.sql,TBC
34610,48171,125,4,item_template.sql,TBC
34649,51498,60,2,item_template.sql,Classic
34650,51494,60,2,item_template.sql,Classic
34651,51497,60,2,item_template.sql,Classic
34653,51500,60,2,item_template.sql,Classic
34656,51499,60,2,item_template.sql,Classic
34659,49738,60,2,item_template.sql,Classic
34667,48061,115,3,item_template.sql,TBC
34671,48065,115,3,item_template.sql,TBC
34679,48071,115,4,item_template.sql,TBC
34789,48253,115,3,item_template.sql,TBC
34795,48257,115,3,item_template.sql,TBC
34796,48258,115,3,item_template.sql,TBC
34887,49005,141,4,item_template.sql,TBC
34905,48456,141,4,item_template.sql,TBC
34906,48450,141,4,item_template.sql,TBC
34921,48471,141,4,item_template.sql,TBC
34925,48482,141,4,item_template.sql,TBC
34989,49993,154,4,item_template.sql,TBC
34990,48604,159,4,item_template.sql,TBC
34995,49150,154,4,item_template.sql,TBC
35000,48603,159,4,item_template.sql,TBC
35002,49968,159,4,item_template.sql,TBC
35006,50009,159,4,item_template.sql,TBC
35013,49955,159,4,item_template.sql,TBC
35015,49137,154,4,item_template.sql,TBC
35027,50001,159,4,item_template.sql,TBC
35028,48640,159,4,item_template.sql,TBC
35029,48740,159,4,item_template.sql,TBC
35030,50002,159,4,item_template.sql,TBC
35032,49965,159,4,item_template.sql,TBC
35046,48616,159,4,item_template.sql,TBC
35056,50010,159,4,item_template.sql,TBC
35064,49142,154,4,item_template.sql,TBC
35066,49999,159,4,item_template.sql,TBC
35068,49685,159,4,item_template.sql,TBC
35069,49996,159,4,item_template.sql,TBC
35079,48614,159,4,item_template.sql,TBC
35097,50008,159,4,item_template.sql,TBC
35098,49957,159,4,item_template.sql,TBC
35100,49959,159,4,item_template.sql,TBC
35103,49148,154,4,item_template.sql,TBC
35110,49152,154,4,item_template.sql,TBC
35136,48672,159,4,item_template.sql,TBC
35137,48678,159,4,item_template.sql,TBC
35140,48663,159,4,item_template.sql,TBC
35149,48691,159,4,item_template.sql,TBC
35152,48676,159,4,item_template.sql,TBC
35153,48683,159,4,item_template.sql,TBC
35155,48660,159,4,item_template.sql,TBC
35157,48674,159,4,item_template.sql,TBC
35159,48686,159,4,item_template.sql,TBC
35161,48661,159,4,item_template.sql,TBC
35168,48684,154,4,item_template.sql,TBC
35170,48662,154,4,item_template.sql,TBC
35172,48673,154,4,item_template.sql,TBC
35328,48717,115,3,item_template.sql,TBC
35329,48719,115,3,item_template.sql,TBC
35330,48721,115,3,item_template.sql,TBC
35331,48722,115,3,item_template.sql,TBC
35334,48727,115,3,item_template.sql,TBC
35335,48728,115,3,item_template.sql,TBC
35336,48729,115,3,item_template.sql,TBC
35343,48733,115,3,item_template.sql,TBC
35345,48735,115,3,item_template.sql,TBC
35346,48736,115,3,item_template.sql,TBC
35356,48745,115,3,item_template.sql,TBC
35357,48746,115,3,item_template.sql,TBC
35360,48750,115,3,item_template.sql,TBC
35368,48753,115,3,item_template.sql,TBC
35370,48755,115,3,item_template.sql,TBC
35376,48759,115,3,item_template.sql,TBC
35378,48761,115,3,item_template.sql,TBC
35381,48756,115,3,item_template.sql,TBC
35382,48757,115,3,item_template.sql,TBC
35384,48764,115,3,item_template.sql,TBC
35404,48794,115,3,item_template.sql,TBC
35405,48795,115,3,item_template.sql,TBC
35410,48800,115,3,item_template.sql,TBC
35411,48801,115,3,item_template.sql,TBC
35570,48957,155,3,item_template.sql,TBC
35572,52529,155,3,item_template.sql,TBC
35574,49353,155,3,item_template.sql,TBC
35575,49354,155,3,item_template.sql,TBC
35577,49358,155,3,item_template.sql,TBC
35578,51885,155,3,item_template.sql,TBC
35584,52337,179,3,item_template.sql,Wrath
35591,49369,179,3,item_template.sql,Wrath
35593,52341,179,3,item_template.sql,Wrath
35600,52211,159,3,item_template.sql,Wrath
35603,50507,159,3,item_template.sql,Wrath
35604,52213,159,3,item_template.sql,Wrath
35605,49378,159,3,item_template.sql,Wrath
35606,40342,167,3,item_template.sql,Wrath
35607,54506,167,3,item_template.sql,Wrath
35608,54507,167,3,item_template.sql,Wrath
35611,54508,167,3,item_template.sql,Wrath
35613,54509,167,3,item_template.sql,Wrath
35614,54510,167,3,item_template.sql,Wrath
35618,50599,171,3,item_template.sql,Wrath
35619,52335,171,3,item_template.sql,Wrath
35632,52216,171,3,item_template.sql,Wrath
35633,50604,171,3,item_template.sql,Wrath
35634,50605,171,3,item_template.sql,Wrath
35635,52217,171,3,item_template.sql,Wrath
35637,50609,171,3,item_template.sql,Wrath
35639,50615,171,3,item_template.sql,Wrath
35640,52214,171,3,item_template.sql,Wrath
35641,50618,171,3,item_template.sql,Wrath
35644,54996,175,3,item_template.sql,Wrath
35647,54998,175,3,item_template.sql,Wrath
35649,53207,175,3,item_template.sql,Wrath
35650,52363,175,3,item_template.sql,Wrath
35651,55003,175,3,item_template.sql,Wrath
35653,55004,175,3,item_template.sql,Wrath
35654,55005,175,3,item_template.sql,Wrath
35655,51711,163,3,item_template.sql,Wrath
35656,51712,163,3,item_template.sql,Wrath
35657,52222,163,3,item_template.sql,Wrath
35658,51713,163,3,item_template.sql,Wrath
35662,52224,163,3,item_template.sql,Wrath
35665,51718,163,3,item_template.sql,Wrath
35666,51719,163,3,item_template.sql,Wrath
35672,52494,183,3,item_template.sql,Wrath
35673,52351,183,3,item_template.sql,Wrath
35675,52353,183,3,item_template.sql,Wrath
35676,51528,183,3,item_template.sql,Wrath
35680,48510,183,3,item_template.sql,Wrath
35682,52362,183,3,item_template.sql,Wrath
35683,51458,183,3,item_template.sql,Wrath
35812,49203,138,2,item_template.sql,TBC
35815,56441,138,2,item_template.sql,TBC
35822,51094,138,2,item_template.sql,TBC
35835,56195,138,2,item_template.sql,TBC
35843,49473,138,2,item_template.sql,TBC
35859,51040,138,2,item_template.sql,TBC
35867,49225,138,2,item_template.sql,TBC
35870,49227,138,2,item_template.sql,TBC
35871,51045,138,2,item_template.sql,TBC
35879,51085,138,2,item_template.sql,TBC
35883,51096,138,2,item_template.sql,TBC
35889,56355,138,2,item_template.sql,TBC
35891,49510,138,2,item_template.sql,TBC
35896,51044,138,2,item_template.sql,TBC
35897,49230,138,2,item_template.sql,TBC
35899,51083,138,2,item_template.sql,TBC
35900,51050,138,2,item_template.sql,TBC
35902,49521,138,2,item_template.sql,TBC
35904,6490,138,2,item_template.sql,TBC
35905,49247,138,2,item_template.sql,TBC
35909,51078,138,2,item_template.sql,TBC
35910,51095,138,2,item_template.sql,TBC
35916,51098,138,2,item_template.sql,TBC
35925,49229,138,2,item_template.sql,TBC
35926,49930,138,2,item_template.sql,TBC
35929,51042,138,2,item_template.sql,TBC
35934,51084,138,2,item_template.sql,TBC
35936,49267,138,2,item_template.sql,TBC
35937,16283,138,2,item_template.sql,TBC
35938,49231,138,2,item_template.sql,TBC
35959,52516,130,2,item_template.sql,TBC
35960,52120,130,2,item_template.sql,TBC
35962,52071,130,2,item_template.sql,TBC
35963,52126,134,2,item_template.sql,TBC
35964,52125,134,2,item_template.sql,TBC
35965,52218,134,2,item_template.sql,TBC
35968,52123,134,2,item_template.sql,TBC
35969,49538,134,2,item_template.sql,TBC
35970,52122,134,2,item_template.sql,TBC
36020,52112,162,2,item_template.sql,Wrath
36021,51845,162,2,item_template.sql,Wrath
36023,52103,162,2,item_template.sql,Wrath
36024,52106,162,2,item_template.sql,Wrath
36025,52109,162,2,item_template.sql,Wrath
36032,52114,166,2,item_template.sql,Wrath
36035,52110,170,2,item_template.sql,Wrath
36060,52073,182,2,item_template.sql,Wrath
36061,52220,182,2,item_template.sql,Wrath
36067,49257,130,2,item_template.sql,TBC
36068,49903,130,2,item_template.sql,TBC
36069,49790,130,2,item_template.sql,TBC
36072,49241,130,2,item_template.sql,TBC
36089,49845,138,2,item_template.sql,TBC
36092,49904,142,2,item_template.sql,TBC
36093,49811,142,2,item_template.sql,TBC
36095,49842,142,2,item_template.sql,TBC
36112,49852,150,2,item_template.sql,Wrath
36118,49910,154,2,item_template.sql,Wrath
36134,49909,162,2,item_template.sql,Wrath
36136,49927,162,2,item_template.sql,Wrath
36152,49928,170,2,item_template.sql,Wrath
36157,49922,174,2,item_template.sql,Wrath
36159,52518,174,2,item_template.sql,Wrath
36171,49926,182,2,item_template.sql,Wrath
36175,52519,182,2,item_template.sql,Wrath
36183,52496,130,2,item_template.sql,TBC
36184,52155,130,2,item_template.sql,TBC
36245,51887,162,2,item_template.sql,Wrath
36259,57612,170,2,item_template.sql,Wrath
36291,51653,130,2,item_template.sql,TBC
36292,51657,130,2,item_template.sql,TBC
36293,51652,130,2,item_template.sql,TBC
36295,61307,130,2,item_template.sql,TBC
36296,51658,130,2,item_template.sql,TBC
36297,51951,130,2,item_template.sql,TBC
36299,51662,134,2,item_template.sql,TBC
36300,51131,134,2,item_template.sql,TBC
36302,51661,134,2,item_template.sql,TBC
36303,51207,134,2,item_template.sql,TBC
36304,51663,134,2,item_template.sql,TBC
36305,51949,134,2,item_template.sql,TBC
36306,51659,134,2,item_template.sql,TBC
36309,51665,138,2,item_template.sql,TBC
36312,51671,138,2,item_template.sql,TBC
36313,51950,138,2,item_template.sql,TBC
36314,51672,138,2,item_template.sql,TBC
36323,51675,146,2,item_template.sql,Wrath
36350,51645,158,2,item_template.sql,Wrath
36365,52049,166,2,item_template.sql,Wrath
36370,52039,166,2,item_template.sql,Wrath
36371,52051,170,2,item_template.sql,Wrath
36373,51633,170,2,item_template.sql,Wrath
36374,52050,170,2,item_template.sql,Wrath
36376,51640,170,2,item_template.sql,Wrath
36378,51636,170,2,item_template.sql,Wrath
36381,52053,174,2,item_template.sql,Wrath
36384,52056,174,2,item_template.sql,Wrath
36387,52063,178,2,item_template.sql,Wrath
36395,51771,182,2,item_template.sql,Wrath
36398,51772,182,2,item_template.sql,Wrath
36399,51773,182,2,item_template.sql,Wrath
36400,51774,182,2,item_template.sql,Wrath
36401,51770,182,2,item_template.sql,Wrath
36402,51776,182,2,item_template.sql,Wrath
36403,50050,130,2,item_template.sql,TBC
36404,50051,134,2,item_template.sql,TBC
36406,50053,142,2,item_template.sql,TBC
36407,50054,146,2,item_template.sql,Wrath
36408,50055,150,2,item_template.sql,Wrath
36410,50057,158,2,item_template.sql,Wrath
36411,50058,162,2,item_template.sql,Wrath
36415,50061,178,2,item_template.sql,Wrath
36416,50062,182,2,item_template.sql,Wrath
36458,52179,182,2,item_template.sql,Wrath
36473,50118,130,2,item_template.sql,TBC
36475,50124,138,2,item_template.sql,TBC
36490,49201,142,2,item_template.sql,TBC
36501,50320,130,2,item_template.sql,TBC
36509,50253,162,2,item_template.sql,Wrath
36510,50254,166,2,item_template.sql,Wrath
36511,50315,170,2,item_template.sql,Wrath
36513,50322,178,2,item_template.sql,Wrath
36514,50321,182,2,item_template.sql,Wrath
36529,49223,130,2,item_template.sql,TBC
36530,50334,134,2,item_template.sql,TBC
36532,50331,142,2,item_template.sql,TBC
36534,50332,150,2,item_template.sql,Wrath
36538,50333,166,2,item_template.sql,Wrath
36540,50330,174,2,item_template.sql,Wrath
36550,50344,158,2,item_template.sql,Wrath
36552,50347,166,2,item_template.sql,Wrath
36553,50345,170,2,item_template.sql,Wrath
36571,50063,130,2,item_template.sql,TBC
36572,50064,134,2,item_template.sql,TBC
36575,50068,146,2,item_template.sql,Wrath
36576,50070,150,2,item_template.sql,Wrath
36577,50074,154,2,item_template.sql,Wrath
36579,50065,162,2,item_template.sql,Wrath
36581,50071,170,2,item_template.sql,Wrath
36582,50069,174,2,item_template.sql,Wrath
36584,50066,182,2,item_template.sql,Wrath
36587,50340,138,2,item_template.sql,TBC
36588,50336,142,2,item_template.sql,TBC
36595,50339,170,2,item_template.sql,Wrath
36602,50357,142,2,item_template.sql,TBC
36611,50350,178,2,item_template.sql,Wrath
36623,50156,170,2,item_template.sql,Wrath
36624,50155,174,2,item_template.sql,Wrath
36656,50362,134,2,item_template.sql,TBC
36658,50364,142,2,item_template.sql,TBC
36661,50363,154,2,item_template.sql,Wrath
36663,50360,162,2,item_template.sql,Wrath
36665,50369,170,2,item_template.sql,Wrath
36668,50365,182,2,item_template.sql,Wrath
36688,50205,150,2,item_template.sql,Wrath
36697,50139,130,2,item_template.sql,TBC
36698,53556,134,2,item_template.sql,TBC
36701,50346,146,2,item_template.sql,Wrath
36874,24187,138,3,item_template.sql,TBC
36945,50973,187,3,item_template.sql,Wrath
36947,50974,187,3,item_template.sql,Wrath
36949,52225,187,3,item_template.sql,Wrath
36951,50979,187,3,item_template.sql,Wrath
36952,50982,187,3,item_template.sql,Wrath
36969,52500,187,3,item_template.sql,Wrath
36971,52226,187,3,item_template.sql,Wrath
36972,1103,187,3,item_template.sql,Wrath
36973,52231,187,3,item_template.sql,Wrath
36974,52233,187,3,item_template.sql,Wrath
36976,52227,187,3,item_template.sql,Wrath
36977,52998,187,3,item_template.sql,Wrath
36978,50995,187,3,item_template.sql,Wrath
36989,51931,187,3,item_template.sql,Wrath
36991,52361,187,3,item_template.sql,Wrath
36992,52350,187,3,item_template.sql,Wrath
36993,17776,187,3,item_template.sql,Wrath
36995,51932,187,3,item_template.sql,Wrath
36998,56207,138,2,item_template.sql,TBC
36999,52342,187,3,item_template.sql,Wrath
37005,51154,138,2,item_template.sql,TBC
37009,51269,138,2,item_template.sql,TBC
37014,50200,138,2,item_template.sql,TBC
37039,51268,138,2,item_template.sql,TBC
37040,53002,187,3,item_template.sql,Wrath
37055,52234,187,3,item_template.sql,Wrath
37056,52568,187,3,item_template.sql,Wrath
37060,50509,187,3,item_template.sql,Wrath
37065,50514,187,3,item_template.sql,Wrath
37066,52997,187,3,item_template.sql,Wrath
37069,52232,187,3,item_template.sql,Wrath
37070,55282,187,3,item_template.sql,Wrath
37081,51597,187,3,item_template.sql,Wrath
37082,53001,187,3,item_template.sql,Wrath
37083,51598,187,3,item_template.sql,Wrath
37088,51601,187,3,item_template.sql,Wrath
37095,52343,187,3,item_template.sql,Wrath
37099,51602,187,3,item_template.sql,Wrath
37105,52421,187,3,item_template.sql,Wrath
37106,51603,187,3,item_template.sql,Wrath
37108,51606,187,3,item_template.sql,Wrath
37110,52399,187,3,item_template.sql,Wrath
37111,19785,187,3,item_template.sql,Wrath
37112,55984,187,3,item_template.sql,Wrath
37113,52398,187,3,item_template.sql,Wrath
37114,51608,187,3,item_template.sql,Wrath
37128,49636,128,4,item_template.sql,TBC
37144,52327,200,3,item_template.sql,Wrath
37166,52326,200,3,item_template.sql,Wrath
37175,50917,200,3,item_template.sql,Wrath
37178,51686,200,3,item_template.sql,Wrath
37183,51689,200,3,item_template.sql,Wrath
37193,53810,200,4,item_template.sql,Wrath
37197,51374,200,3,item_template.sql,Wrath
37203,51266,138,2,item_template.sql,TBC
37211,51187,138,2,item_template.sql,TBC
37212,51224,138,2,item_template.sql,TBC
37218,52310,200,3,item_template.sql,Wrath
37219,51723,200,3,item_template.sql,Wrath
37225,51556,138,2,item_template.sql,TBC
37231,9086,138,2,item_template.sql,TBC
37237,52995,200,3,item_template.sql,Wrath
37238,51806,200,4,item_template.sql,Wrath
37245,52312,200,3,item_template.sql,Wrath
37264,51001,200,3,item_template.sql,Wrath
37270,51194,138,2,item_template.sql,TBC
37271,51161,138,2,item_template.sql,TBC
37272,51208,138,2,item_template.sql,TBC
37273,51153,138,2,item_template.sql,TBC
37277,51534,138,2,item_template.sql,TBC
37283,51218,138,2,item_template.sql,TBC
37295,51051,138,2,item_template.sql,TBC
37315,56324,138,2,item_template.sql,TBC
37318,56322,138,2,item_template.sql,TBC
37319,49913,138,2,item_template.sql,TBC
37353,51264,138,2,item_template.sql,TBC
37362,53808,200,4,item_template.sql,Wrath
37363,51010,200,4,item_template.sql,Wrath
37365,52314,200,3,item_template.sql,Wrath
37367,51700,200,3,item_template.sql,Wrath
37368,51701,200,3,item_template.sql,Wrath
37370,52329,200,3,item_template.sql,Wrath
37377,51703,200,3,item_template.sql,Wrath
37378,49864,138,2,item_template.sql,TBC
37382,56376,138,2,item_template.sql,TBC
37383,51250,138,2,item_template.sql,TBC
37386,49848,138,2,item_template.sql,TBC
37392,49847,138,2,item_template.sql,TBC
37395,51707,200,3,item_template.sql,Wrath
37417,51066,138,2,item_template.sql,TBC
37425,51223,138,2,item_template.sql,TBC
37428,51260,138,2,item_template.sql,TBC
37429,51181,138,2,item_template.sql,TBC
37437,51071,138,2,item_template.sql,TBC
37444,59543,138,2,item_template.sql,TBC
37455,51141,138,2,item_template.sql,TBC
37466,56326,138,2,item_template.sql,TBC
37469,51144,138,2,item_template.sql,TBC
37472,56321,138,2,item_template.sql,TBC
37473,51527,138,2,item_template.sql,TBC
37474,56316,138,2,item_template.sql,TBC
37485,56387,138,2,item_template.sql,TBC
37506,56354,138,2,item_template.sql,TBC
37507,56386,138,2,item_template.sql,TBC
37508,49725,138,2,item_template.sql,TBC
37511,56392,138,2,item_template.sql,TBC
37514,51133,138,2,item_template.sql,TBC
37518,56189,138,2,item_template.sql,TBC
37525,51277,138,2,item_template.sql,TBC
37527,51243,138,2,item_template.sql,TBC
37535,50137,138,2,item_template.sql,TBC
37555,45851,138,2,item_template.sql,TBC
37556,39927,138,2,item_template.sql,TBC
37560,51112,138,2,item_template.sql,TBC
37564,51256,138,2,item_template.sql,TBC
37587,51709,200,3,item_template.sql,Wrath
37591,54513,200,3,item_template.sql,Wrath
37617,54504,200,3,item_template.sql,Wrath
37625,54517,200,3,item_template.sql,Wrath
37626,53117,200,3,item_template.sql,Wrath
37628,53118,200,3,item_template.sql,Wrath
37640,53124,200,3,item_template.sql,Wrath
37643,53815,200,4,item_template.sql,Wrath
37646,53133,200,3,item_template.sql,Wrath
37650,51459,200,3,item_template.sql,Wrath
37653,51512,200,3,item_template.sql,Wrath
37655,52355,200,3,item_template.sql,Wrath
37657,51518,200,3,item_template.sql,Wrath
37670,53809,200,4,item_template.sql,Wrath
37671,51516,200,3,item_template.sql,Wrath
37680,52347,200,3,item_template.sql,Wrath
37682,50510,200,3,item_template.sql,Wrath
37691,52407,200,3,item_template.sql,Wrath
37696,51939,200,4,item_template.sql,Wrath
37717,52567,200,3,item_template.sql,Wrath
37724,52573,200,3,item_template.sql,Wrath
37731,52618,200,3,item_template.sql,Wrath
37733,52574,200,3,item_template.sql,Wrath
37734,52576,200,3,item_template.sql,Wrath
37743,50506,130,3,item_template.sql,TBC
37744,52467,130,3,item_template.sql,TBC
37745,50025,130,3,item_template.sql,TBC
37751,50376,134,3,item_template.sql,TBC
37752,52464,134,3,item_template.sql,TBC
37753,52458,138,3,item_template.sql,Wrath
37754,52545,142,3,item_template.sql,Wrath
37755,52472,146,3,item_template.sql,Wrath
37757,52448,154,3,item_template.sql,Wrath
37762,52520,134,3,item_template.sql,TBC
37764,51715,142,3,item_template.sql,Wrath
37765,52488,150,3,item_template.sql,Wrath
37766,52513,154,3,item_template.sql,Wrath
37769,52482,166,3,item_template.sql,Wrath
37772,49362,134,3,item_template.sql,TBC
37773,52476,138,3,item_template.sql,Wrath
37775,53371,146,3,item_template.sql,Wrath
37778,52473,158,3,item_template.sql,Wrath
37779,52484,166,3,item_template.sql,Wrath
37780,52502,170,3,item_template.sql,Wrath
37781,52487,174,3,item_template.sql,Wrath
37783,51927,138,3,item_template.sql,Wrath
37785,52509,146,3,item_template.sql,Wrath
37786,52483,150,3,item_template.sql,Wrath
37787,52302,154,3,item_template.sql,Wrath
37789,52512,158,3,item_template.sql,Wrath
37790,51704,162,3,item_template.sql,Wrath
37791,53814,200,4,item_template.sql,Wrath
37792,52450,166,3,item_template.sql,Wrath
37794,52454,174,3,item_template.sql,Wrath
37795,52451,142,3,item_template.sql,Wrath
37796,52453,142,3,item_template.sql,Wrath
37801,52611,200,3,item_template.sql,Wrath
37802,52445,146,3,item_template.sql,Wrath
37803,51691,138,3,item_template.sql,Wrath
37804,50536,158,3,item_template.sql,Wrath
37806,52446,162,3,item_template.sql,Wrath
37808,52455,162,3,item_template.sql,Wrath
37809,49368,162,3,item_template.sql,Wrath
37812,52460,158,3,item_template.sql,Wrath
37822,52459,170,3,item_template.sql,Wrath
37823,36902,166,3,item_template.sql,Wrath
37824,56898,174,3,item_template.sql,Wrath
37825,52364,200,3,item_template.sql,Wrath
37843,52348,200,3,item_template.sql,Wrath
37844,52614,200,3,item_template.sql,Wrath
37845,52615,200,3,item_template.sql,Wrath
37846,52616,200,3,item_template.sql,Wrath
37848,51938,200,3,item_template.sql,Wrath
37852,55709,200,4,item_template.sql,Wrath
37870,55011,200,3,item_template.sql,Wrath
37874,55019,200,3,item_template.sql,Wrath
37890,55007,200,3,item_template.sql,Wrath
37940,51301,146,2,item_template.sql,TBC
37942,53251,146,2,item_template.sql,TBC
37943,51287,146,2,item_template.sql,TBC
37944,51368,146,2,item_template.sql,TBC
37945,51334,146,2,item_template.sql,TBC
37949,51004,146,2,item_template.sql,TBC
37954,52623,146,2,item_template.sql,TBC
37956,51388,146,2,item_template.sql,TBC
37957,51361,146,2,item_template.sql,TBC
37960,51278,146,2,item_template.sql,TBC
37961,52626,146,2,item_template.sql,TBC
37962,53257,146,2,item_template.sql,TBC
37963,52625,146,2,item_template.sql,TBC
37967,51276,146,2,item_template.sql,TBC
37969,51372,146,2,item_template.sql,TBC
37970,52493,146,2,item_template.sql,TBC
37971,51312,146,2,item_template.sql,TBC
37988,51375,146,2,item_template.sql,TBC
37991,49809,146,2,item_template.sql,TBC
38008,51316,146,2,item_template.sql,TBC
38011,51335,146,2,item_template.sql,TBC
38025,51390,146,2,item_template.sql,TBC
38027,59545,146,2,item_template.sql,TBC
38036,51275,146,2,item_template.sql,TBC
38042,51280,146,2,item_template.sql,TBC
38043,56200,146,2,item_template.sql,TBC
38049,51322,146,2,item_template.sql,TBC
38051,51347,146,2,item_template.sql,TBC
38056,51311,146,2,item_template.sql,TBC
38084,56393,146,2,item_template.sql,TBC
38094,50905,146,2,item_template.sql,TBC
38104,51288,146,2,item_template.sql,TBC
38105,51302,146,2,item_template.sql,TBC
38107,51108,146,2,item_template.sql,TBC
38108,56138,146,2,item_template.sql,TBC
38110,49478,146,2,item_template.sql,TBC
38114,56445,146,2,item_template.sql,TBC
38116,51331,146,2,item_template.sql,TBC
38118,51397,146,2,item_template.sql,TBC
38128,50146,146,2,item_template.sql,TBC
38142,51366,146,2,item_template.sql,TBC
38146,51377,146,2,item_template.sql,TBC
38151,50122,146,2,item_template.sql,TBC
38187,51464,146,2,item_template.sql,TBC
38196,51463,146,2,item_template.sql,TBC
38197,51385,146,2,item_template.sql,TBC
38212,52818,138,2,item_template.sql,TBC
38237,53056,138,3,item_template.sql,TBC
38257,50547,138,3,item_template.sql,TBC
38259,7371,138,3,item_template.sql,TBC
38284,51279,146,2,item_template.sql,TBC
38353,57171,150,3,item_template.sql,Wrath
38361,50537,150,3,item_template.sql,Wrath
38364,5562,150,3,item_template.sql,Wrath
38387,50680,154,3,item_template.sql,Wrath
38400,52902,142,2,item_template.sql,TBC
38401,49794,146,2,item_template.sql,Wrath
38402,49246,142,2,unknown,TBC
38403,49253,146,2,item_template.sql,Wrath
38408,53052,138,2,item_template.sql,TBC
38409,64114,142,2,item_template.sql,TBC
38410,53054,142,2,item_template.sql,TBC
38417,56692,146,2,item_template.sql,Wrath
38418,56684,138,2,item_template.sql,TBC
38419,56690,142,2,item_template.sql,Wrath
38421,56688,134,2,item_template.sql,TBC
38422,56691,138,2,item_template.sql,TBC
38435,56687,150,2,item_template.sql,Wrath
38437,52906,150,2,item_template.sql,Wrath
38439,51293,150,2,item_template.sql,Wrath
38440,57541,150,2,item_template.sql,Wrath
38441,56696,159,3,item_template.sql,Wrath
38445,18418,187,3,item_template.sql,Wrath
38456,57089,166,3,item_template.sql,Wrath
38457,57087,166,3,item_template.sql,Wrath
38461,53470,166,3,item_template.sql,Wrath
38513,46626,13,2,item_template.sql,Classic
38524,56373,146,2,item_template.sql,TBC
38527,51310,146,2,item_template.sql,TBC
38530,51413,146,3,item_template.sql,TBC
38531,51411,146,3,item_template.sql,TBC
38532,56337,146,3,item_template.sql,TBC
38533,50753,146,3,item_template.sql,TBC
38534,50752,146,3,item_template.sql,TBC
38535,51414,146,3,item_template.sql,TBC
38541,50770,146,3,item_template.sql,TBC
38543,50771,146,3,item_template.sql,TBC
38590,56676,175,3,item_template.sql,Wrath
38591,56678,171,3,item_template.sql,Wrath
38614,51531,183,3,item_template.sql,Wrath
38616,51514,200,3,item_template.sql,Wrath
38617,51515,200,3,item_template.sql,Wrath
38760,57689,154,2,item_template.sql,TBC
38762,57687,154,2,item_template.sql,TBC
38763,48007,174,2,item_template.sql,Wrath
38764,45112,174,2,item_template.sql,Wrath
39015,56012,154,2,item_template.sql,TBC
39017,56333,154,2,item_template.sql,TBC
39034,56332,154,2,item_template.sql,TBC
39084,54813,142,2,item_template.sql,TBC
39085,51503,142,2,item_template.sql,TBC
39099,56106,154,2,item_template.sql,TBC
39168,51577,154,3,item_template.sql,TBC
39171,51575,154,3,item_template.sql,TBC
39172,49876,154,3,item_template.sql,TBC
39174,51572,154,3,item_template.sql,TBC
39175,51571,154,3,item_template.sql,TBC
39176,51574,154,3,item_template.sql,TBC
39177,51573,154,3,item_template.sql,TBC
39179,56375,154,3,item_template.sql,TBC
39180,51582,154,3,item_template.sql,TBC
39182,51584,154,3,item_template.sql,TBC
39183,51585,154,3,item_template.sql,TBC
39188,53829,200,4,item_template.sql,Wrath
39196,54223,200,4,item_template.sql,Wrath
39198,53842,200,4,item_template.sql,Wrath
39202,7464,7,0,item_template.sql,Classic
39208,51913,70,3,item_template.sql,Classic
39216,56607,200,4,item_template.sql,Wrath
39230,53852,200,4,item_template.sql,Wrath
39237,53883,200,4,item_template.sql,Wrath
39239,53884,200,4,item_template.sql,Wrath
39245,53889,200,4,item_template.sql,Wrath
39254,54227,200,4,item_template.sql,Wrath
39259,53898,200,4,item_template.sql,Wrath
39260,57522,200,4,item_template.sql,Wrath
39261,54220,200,4,item_template.sql,Wrath
39278,54207,200,4,item_template.sql,Wrath
39284,55327,200,4,item_template.sql,Wrath
39294,57542,200,4,item_template.sql,Wrath
39295,53925,200,4,item_template.sql,Wrath
39331,51849,162,2,item_template.sql,TBC
39332,51851,162,2,item_template.sql,TBC
39335,51853,162,2,item_template.sql,TBC
39336,51850,162,2,item_template.sql,TBC
39379,54219,200,4,item_template.sql,Wrath
39385,51860,162,2,item_template.sql,TBC
39386,53935,200,4,item_template.sql,Wrath
39397,53940,200,4,item_template.sql,Wrath
39408,54029,200,4,item_template.sql,Wrath
39417,55712,213,4,item_template.sql,Wrath
39427,55715,200,4,item_template.sql,Wrath
39432,51888,162,2,item_template.sql,TBC
39433,51889,162,2,item_template.sql,TBC
39439,51877,162,2,item_template.sql,TBC
39444,51881,162,2,item_template.sql,TBC
39452,51905,162,2,item_template.sql,TBC
39454,51907,162,2,item_template.sql,TBC
39457,51893,162,2,item_template.sql,TBC
39460,51896,162,2,item_template.sql,TBC
39461,51901,162,2,item_template.sql,TBC
39478,56190,162,3,item_template.sql,TBC
39480,52268,162,2,item_template.sql,TBC
39487,51909,162,3,item_template.sql,TBC
39497,56474,200,4,item_template.sql,Wrath
39507,51797,20,2,item_template.sql,Classic
39508,51894,162,2,item_template.sql,TBC
39514,54387,200,4,item_template.sql,Wrath
39515,54269,200,4,item_template.sql,Wrath
39517,54280,200,4,item_template.sql,Wrath
39535,53000,187,3,item_template.sql,Wrath
39536,52613,187,3,item_template.sql,Wrath
39558,54256,200,4,item_template.sql,Wrath
39560,54423,200,4,item_template.sql,Wrath
39578,54375,200,4,item_template.sql,Wrath
39588,57023,200,4,item_template.sql,Wrath
39591,57066,200,4,item_template.sql,Wrath
39603,57027,200,4,item_template.sql,Wrath
39606,55369,200,4,item_template.sql,Wrath
39607,55376,200,4,item_template.sql,Wrath
39608,56214,200,4,item_template.sql,Wrath
39612,55375,200,4,item_template.sql,Wrath
39617,55484,200,4,item_template.sql,Wrath
39621,55491,200,4,item_template.sql,Wrath
39629,54255,200,4,item_template.sql,Wrath
39631,54299,200,4,item_template.sql,Wrath
39672,52002,162,2,item_template.sql,TBC
39673,52004,162,2,item_template.sql,TBC
39674,56388,162,2,item_template.sql,TBC
39675,52005,162,2,item_template.sql,TBC
39680,50994,155,3,item_template.sql,TBC
39704,54708,213,4,item_template.sql,Wrath
39717,55393,213,4,item_template.sql,Wrath
39763,56662,213,4,item_template.sql,Wrath
39764,55384,213,4,item_template.sql,Wrath
39767,54719,213,4,item_template.sql,Wrath
39771,52403,158,2,item_template.sql,TBC
39772,52387,158,2,item_template.sql,TBC
39775,52444,158,2,item_template.sql,TBC
39776,52386,154,2,item_template.sql,TBC
39777,52373,158,2,item_template.sql,TBC
39778,56351,158,2,item_template.sql,TBC
39780,51073,158,2,item_template.sql,TBC
39782,51353,158,2,item_template.sql,TBC
39786,52374,158,2,item_template.sql,TBC
39792,52439,158,2,item_template.sql,TBC
39793,52417,158,2,item_template.sql,TBC
39794,52381,158,2,item_template.sql,TBC
39795,52045,158,2,item_template.sql,TBC
39796,56360,158,2,item_template.sql,TBC
39798,52438,158,2,item_template.sql,TBC
39799,52425,158,2,item_template.sql,TBC
39803,52408,158,2,item_template.sql,TBC
39804,52392,158,2,item_template.sql,TBC
39805,56381,158,2,item_template.sql,TBC
39806,52379,158,2,item_template.sql,TBC
39810,52340,158,2,item_template.sql,TBC
39815,52382,158,2,item_template.sql,TBC
39825,52378,158,2,item_template.sql,TBC
39828,52423,158,2,item_template.sql,TBC
39829,52411,158,2,item_template.sql,TBC
39831,52405,158,2,item_template.sql,TBC
39839,52332,158,2,item_template.sql,TBC
39846,56350,158,2,item_template.sql,TBC
39848,52419,158,2,item_template.sql,TBC
39851,51891,158,2,item_template.sql,TBC
39856,56352,158,2,item_template.sql,TBC
39860,52428,158,2,item_template.sql,TBC
39867,56329,158,2,item_template.sql,TBC
39870,52402,158,2,item_template.sql,TBC
39875,52442,158,2,item_template.sql,TBC
39876,52370,158,2,item_template.sql,TBC
39882,52393,158,2,item_template.sql,TBC
39888,51298,174,2,item_template.sql,Wrath
39889,53142,158,2,item_template.sql,TBC
39893,52371,158,2,item_template.sql,TBC
39894,5116,25,3,item_template.sql,Classic
39897,52161,25,3,item_template.sql,Classic
40060,51941,213,4,item_template.sql,Wrath
40063,54704,213,4,item_template.sql,Wrath
40193,54800,213,4,item_template.sql,Wrath
40194,53622,226,4,item_template.sql,Wrath
40203,54767,213,4,item_template.sql,Wrath
40204,51008,213,4,item_template.sql,Wrath
40206,55394,213,4,item_template.sql,Wrath
40241,54784,213,4,item_template.sql,Wrath
40247,54769,213,4,item_template.sql,Wrath
40249,54804,213,4,item_template.sql,Wrath
40262,54852,213,4,item_template.sql,Wrath
40277,54872,213,4,item_template.sql,Wrath
40283,54848,213,4,item_template.sql,Wrath
40293,52304,162,3,item_template.sql,TBC
40299,54865,213,4,item_template.sql,Wrath
40301,54840,213,4,item_template.sql,Wrath
40306,55386,213,4,item_template.sql,Wrath
40307,52294,200,4,item_template.sql,Wrath
40316,54881,213,4,item_template.sql,Wrath
40319,54879,213,4,item_template.sql,Wrath
40325,54876,213,4,item_template.sql,Wrath
40331,54889,213,4,item_template.sql,Wrath
40346,54886,213,4,item_template.sql,Wrath
40348,55711,213,4,item_template.sql,Wrath
40352,54890,213,4,item_template.sql,Wrath
40379,54972,213,4,item_template.sql,Wrath
40395,57250,226,4,item_template.sql,Wrath
40402,55906,226,4,item_template.sql,Wrath
40427,53194,200,4,item_template.sql,Wrath
40431,53285,213,4,item_template.sql,Wrath
40432,53291,213,4,item_template.sql,Wrath
40438,53654,213,4,item_template.sql,Wrath
40462,55224,213,4,item_template.sql,Wrath
40474,53560,213,4,item_template.sql,Wrath
40492,52575,115,3,item_template.sql,TBC
40496,55077,213,4,item_template.sql,Wrath
40499,55078,213,4,item_template.sql,Wrath
40512,57062,213,4,item_template.sql,Wrath
40547,55792,213,4,item_template.sql,Wrath
40554,55493,213,4,item_template.sql,Wrath
40557,55499,213,4,item_template.sql,Wrath
40558,53660,226,4,item_template.sql,Wrath
40566,53667,226,4,item_template.sql,Wrath
40577,55179,213,4,item_template.sql,Wrath
40586,52632,200,4,item_template.sql,Wrath
40588,53668,226,4,item_template.sql,Wrath
40672,54827,167,3,item_template.sql,Wrath
40674,54828,163,3,item_template.sql,Wrath
40675,54829,171,3,item_template.sql,Wrath
40682,53630,200,4,item_template.sql,Wrath
40689,54050,200,4,item_template.sql,Wrath
40692,54052,200,4,item_template.sql,Wrath
40693,54053,200,4,item_template.sql,Wrath
40704,57481,200,4,item_template.sql,Wrath
40739,54685,213,4,item_template.sql,Wrath
40742,56996,213,4,item_template.sql,Wrath
40745,56062,213,4,item_template.sql,Wrath
40750,57001,213,4,item_template.sql,Wrath
40754,33436,200,3,item_template.sql,Wrath
40755,51628,171,3,item_template.sql,Wrath
40757,52480,171,3,item_template.sql,Wrath
40767,36444,167,3,item_template.sql,Wrath
40778,55801,200,3,item_template.sql,Wrath
40779,55500,200,3,item_template.sql,Wrath
40780,55821,200,3,item_template.sql,Wrath
40784,55817,213,4,item_template.sql,Wrath
40786,55811,213,4,item_template.sql,Wrath
40788,58853,232,4,item_template.sql,Wrath
40792,60895,251,4,item_template.sql,Wrath
40797,55802,200,3,item_template.sql,Wrath
40801,55807,200,4,item_template.sql,Wrath
40810,62198,251,4,item_template.sql,Wrath
40816,55803,200,3,item_template.sql,Wrath
40817,57533,200,3,item_template.sql,Wrath
40818,55528,200,3,item_template.sql,Wrath
40825,55723,213,4,item_template.sql,Wrath
40827,58720,232,4,item_template.sql,Wrath
40830,61554,251,4,item_template.sql,Wrath
40836,55804,200,3,item_template.sql,Wrath
40837,55834,200,3,item_template.sql,Wrath
40856,55805,200,3,item_template.sql,Wrath
40857,55505,200,3,item_template.sql,Wrath
40858,55828,200,3,item_template.sql,Wrath
40863,55733,213,4,item_template.sql,Wrath
40864,55826,213,4,item_template.sql,Wrath
40869,58860,232,4,item_template.sql,Wrath
40870,61831,251,4,item_template.sql,Wrath
40871,60866,251,4,item_template.sql,Wrath
40872,60908,251,4,item_template.sql,Wrath
40879,55754,213,4,item_template.sql,Wrath
40883,61472,245,4,item_template.sql,Wrath
40888,55753,213,4,item_template.sql,Wrath
40933,58857,232,4,item_template.sql,Wrath
40942,54816,142,2,item_template.sql,TBC
40943,54825,158,2,item_template.sql,Wrath
40949,54823,146,2,item_template.sql,Wrath
40951,54824,150,2,item_template.sql,Wrath
40953,54822,158,2,item_template.sql,Wrath
40954,54072,162,2,item_template.sql,Wrath
40956,54821,154,2,item_template.sql,Wrath
40958,54820,166,2,item_template.sql,Wrath
40959,54818,170,2,item_template.sql,Wrath
40972,55634,200,4,item_template.sql,Wrath
40975,55728,213,4,item_template.sql,Wrath
40978,61471,245,4,item_template.sql,Wrath
40979,61473,245,4,item_template.sql,Wrath
40992,58864,232,4,item_template.sql,Wrath
41059,56946,213,4,item_template.sql,Wrath
41085,55847,200,4,item_template.sql,Wrath
41088,60192,251,4,item_template.sql,Wrath
41112,45782,183,3,item_template.sql,Wrath
41127,55300,167,3,item_template.sql,Wrath
41129,54810,179,3,item_template.sql,Wrath
41141,55844,200,4,item_template.sql,Wrath
41144,61457,251,4,item_template.sql,Wrath
41168,57237,200,4,item_template.sql,Wrath
41182,50271,163,3,item_template.sql,Wrath
41188,53478,179,3,item_template.sql,Wrath
41189,52931,179,3,item_template.sql,Wrath
41190,51612,166,3,item_template.sql,Wrath
41202,56968,200,3,item_template.sql,Wrath
41214,56969,200,3,item_template.sql,Wrath
41225,59266,226,4,item_template.sql,Wrath
41231,61465,245,4,item_template.sql,Wrath
41238,56697,167,3,item_template.sql,Wrath
41243,50076,154,2,item_template.sql,Wrath
41275,59046,232,4,item_template.sql,Wrath
41276,61447,251,4,item_template.sql,Wrath
41284,55397,200,4,item_template.sql,Wrath
41286,56418,213,4,item_template.sql,Wrath
41346,52999,187,3,item_template.sql,Wrath
41347,53003,187,3,item_template.sql,Wrath
41348,53004,187,3,item_template.sql,Wrath
41349,53110,187,3,item_template.sql,Wrath
41351,51604,187,3,item_template.sql,Wrath
41352,53005,187,3,item_template.sql,Wrath
41353,50991,187,3,item_template.sql,Wrath
41354,51710,187,3,item_template.sql,Wrath
41355,54830,187,3,item_template.sql,Wrath
41356,53007,187,3,item_template.sql,Wrath
41357,53008,187,3,item_template.sql,Wrath
41386,55310,200,4,item_template.sql,Wrath
41387,55311,200,4,item_template.sql,Wrath
41520,53086,138,2,item_template.sql,TBC
41521,52491,142,2,item_template.sql,Wrath
41522,53087,138,2,item_template.sql,TBC
41523,53088,146,3,item_template.sql,Wrath
41543,53092,154,2,item_template.sql,Wrath
41544,53093,162,2,item_template.sql,Wrath
41545,53094,158,2,item_template.sql,Wrath
41546,53381,154,2,item_template.sql,Wrath
41548,53096,154,2,item_template.sql,Wrath
41549,53097,158,2,item_template.sql,Wrath
41550,53098,162,2,item_template.sql,Wrath
41609,55336,200,4,item_template.sql,Wrath
41610,55335,200,4,item_template.sql,Wrath
41616,56423,213,4,item_template.sql,Wrath
41622,61453,245,4,item_template.sql,Wrath
41625,59415,226,4,item_template.sql,Wrath
41651,62214,251,4,item_template.sql,Wrath
41654,55869,213,4,item_template.sql,Wrath
41656,62213,251,4,item_template.sql,Wrath
41671,55432,213,4,item_template.sql,Wrath
41673,62212,251,4,item_template.sql,Wrath
41681,55742,200,4,item_template.sql,Wrath
41756,53242,158,2,item_template.sql,TBC
41758,56344,158,2,item_template.sql,TBC
41767,61799,232,4,item_template.sql,Wrath
41768,62211,251,4,item_template.sql,Wrath
41816,53200,175,3,item_template.sql,Wrath
41826,53233,158,3,item_template.sql,TBC
41829,57524,158,3,item_template.sql,TBC
41830,55747,200,4,item_template.sql,Wrath
41837,62216,245,4,item_template.sql,Wrath
41840,59303,226,4,item_template.sql,Wrath
41844,56366,158,3,item_template.sql,TBC
41846,53235,158,3,item_template.sql,TBC
41848,55545,200,3,item_template.sql,Wrath
41849,55539,200,3,item_template.sql,Wrath
41850,55549,200,3,item_template.sql,Wrath
41851,55897,200,3,item_template.sql,Wrath
41857,55895,200,4,item_template.sql,Wrath
41867,55570,200,4,item_template.sql,Wrath
41874,58848,232,4,item_template.sql,Wrath
41879,55654,200,4,item_template.sql,Wrath
41882,61481,245,4,item_template.sql,Wrath
41890,53238,158,3,item_template.sql,TBC
41893,59298,226,4,item_template.sql,Wrath
41898,59294,226,4,item_template.sql,Wrath
41901,55653,200,4,item_template.sql,Wrath
41905,56378,158,3,item_template.sql,TBC
41910,61480,245,4,item_template.sql,Wrath
41932,53241,158,3,item_template.sql,TBC
41950,55896,200,4,item_template.sql,Wrath
41954,61422,251,4,item_template.sql,Wrath
41956,56439,200,3,item_template.sql,Wrath
41957,55889,200,4,item_template.sql,Wrath
41964,55734,213,4,item_template.sql,Wrath
41966,60169,251,4,item_template.sql,Wrath
41974,54071,142,2,item_template.sql,TBC
41984,53250,187,3,item_template.sql,Wrath
41985,53252,187,3,item_template.sql,Wrath
41986,53253,187,3,item_template.sql,Wrath
41987,53255,175,3,item_template.sql,Wrath
41990,56429,200,3,item_template.sql,Wrath
41992,56153,213,4,item_template.sql,Wrath
41996,56434,200,3,item_template.sql,Wrath
41998,58785,232,4,item_template.sql,Wrath
41999,61420,251,4,item_template.sql,Wrath
42005,58788,232,4,item_template.sql,Wrath
42006,63203,251,4,item_template.sql,Wrath
42081,61564,245,4,item_template.sql,Wrath
42083,53264,252,4,item_template.sql,Wrath
42095,53270,187,3,item_template.sql,Wrath
42101,55341,200,4,item_template.sql,Wrath
42122,48071,200,4,item_template.sql,Wrath
42206,56240,200,3,item_template.sql,Wrath
42210,60811,245,4,item_template.sql,Wrath
42215,56227,200,3,item_template.sql,Wrath
42223,57299,200,3,item_template.sql,Wrath
42294,55927,200,3,item_template.sql,Wrath
42296,55965,200,3,item_template.sql,Wrath
42297,57464,200,3,item_template.sql,Wrath
42317,55926,213,4,item_template.sql,Wrath
42327,56412,213,4,item_template.sql,Wrath
42331,57463,200,4,item_template.sql,Wrath
42338,53407,167,3,item_template.sql,Wrath
42341,53455,200,3,item_template.sql,Wrath
42344,56241,200,3,item_template.sql,Wrath
42389,56259,200,4,item_template.sql,Wrath
42443,53476,175,3,item_template.sql,Wrath
42485,56177,213,4,item_template.sql,Wrath
42494,55932,200,4,item_template.sql,Wrath
42502,56617,213,4,item_template.sql,Wrath
42646,53566,200,4,item_template.sql,Wrath
42726,53577,187,3,item_template.sql,Wrath
42731,56715,187,3,item_template.sql,Wrath
42762,53626,155,3,item_template.sql,TBC
42766,53627,155,3,item_template.sql,TBC
42767,49734,155,3,item_template.sql,TBC
42768,53629,155,3,item_template.sql,TBC
42786,56004,174,2,item_template.sql,Wrath
42787,56034,174,2,item_template.sql,Wrath
42790,55476,174,2,item_template.sql,Wrath
42791,56103,174,2,item_template.sql,Wrath
42798,56081,174,2,item_template.sql,Wrath
42806,56578,174,2,item_template.sql,Wrath
42810,51873,174,2,item_template.sql,Wrath
42816,56585,174,2,item_template.sql,Wrath
42817,56587,174,2,item_template.sql,Wrath
42821,56589,174,2,item_template.sql,Wrath
42826,56018,174,2,item_template.sql,Wrath
42832,56596,174,2,item_template.sql,Wrath
42833,56598,174,2,item_template.sql,Wrath
42835,56600,174,2,item_template.sql,Wrath
42849,56005,174,2,item_template.sql,Wrath
42862,56025,174,2,item_template.sql,Wrath
42875,56581,174,2,item_template.sql,Wrath
42881,55845,174,2,item_template.sql,Wrath
42882,56391,174,2,item_template.sql,Wrath
42891,56590,174,2,item_template.sql,Wrath
42895,56575,174,2,item_template.sql,Wrath
42896,56576,174,2,item_template.sql,Wrath
43130,52333,187,3,item_template.sql,Wrath
43131,53236,187,3,item_template.sql,Wrath
43133,56716,187,3,item_template.sql,Wrath
43160,54189,158,3,item_template.sql,TBC
43161,54194,158,3,item_template.sql,TBC
43162,54195,158,3,item_template.sql,TBC
43163,54196,158,3,item_template.sql,TBC
43164,57269,175,3,item_template.sql,Wrath
43168,57264,175,3,item_template.sql,Wrath
43171,57267,175,3,item_template.sql,Wrath
43172,57268,175,3,item_template.sql,Wrath
43174,57271,175,3,item_template.sql,Wrath
43177,56875,175,3,item_template.sql,Wrath
43178,56874,175,3,item_template.sql,Wrath
43179,56873,175,3,item_template.sql,Wrath
43190,56027,174,3,item_template.sql,Wrath
43191,56035,174,3,item_template.sql,Wrath
43192,56104,174,3,item_template.sql,Wrath
43193,56072,174,3,item_template.sql,Wrath
43194,56591,174,3,item_template.sql,Wrath
43195,56135,174,3,item_template.sql,Wrath
43197,56097,174,3,item_template.sql,Wrath
43200,56131,174,3,item_template.sql,Wrath
43202,56595,174,3,item_template.sql,Wrath
43203,56033,174,3,item_template.sql,Wrath
43207,56605,187,3,item_template.sql,Wrath
43208,56608,187,3,item_template.sql,Wrath
43209,56609,187,3,item_template.sql,Wrath
43210,56017,174,3,item_template.sql,Wrath
43211,56610,174,3,item_template.sql,Wrath
43212,56014,187,3,item_template.sql,Wrath
43250,54488,187,3,item_template.sql,Wrath
43257,56695,187,3,item_template.sql,Wrath
43258,54950,187,3,item_template.sql,Wrath
43262,54925,187,3,item_template.sql,Wrath
43264,54920,187,3,item_template.sql,Wrath
43271,54923,187,3,item_template.sql,Wrath
43278,54512,167,3,item_template.sql,Wrath
43279,51520,167,3,item_template.sql,Wrath
43281,54521,200,3,item_template.sql,Wrath
43283,54522,200,3,item_template.sql,Wrath
43284,54525,200,3,item_template.sql,Wrath
43286,54523,200,3,item_template.sql,Wrath
43305,51925,179,3,item_template.sql,Wrath
43306,53042,179,3,item_template.sql,Wrath
43313,54579,200,3,item_template.sql,Wrath
43353,51615,175,3,item_template.sql,Wrath
43358,54999,175,3,item_template.sql,Wrath
43363,55000,175,3,item_template.sql,Wrath
43375,55001,175,3,item_template.sql,Wrath
43409,55017,200,3,item_template.sql,Wrath
43433,56706,187,3,item_template.sql,Wrath
43434,56703,187,3,item_template.sql,Wrath
43435,56702,187,3,item_template.sql,Wrath
43436,56704,187,3,item_template.sql,Wrath
43438,56705,187,3,item_template.sql,Wrath
43439,56708,187,3,item_template.sql,Wrath
43445,54937,187,3,item_template.sql,Wrath
43446,54932,187,3,item_template.sql,Wrath
43448,56736,187,3,item_template.sql,Wrath
43450,56728,187,3,item_template.sql,Wrath
43451,56733,187,3,item_template.sql,Wrath
43452,57620,187,3,item_template.sql,Wrath
43454,56729,187,3,item_template.sql,Wrath
43455,50611,187,3,item_template.sql,Wrath
43456,56731,187,3,item_template.sql,Wrath
43457,56732,187,3,item_template.sql,Wrath
43565,56737,200,4,item_template.sql,Wrath
43566,56738,200,4,item_template.sql,Wrath
43588,55044,213,4,item_template.sql,Wrath
43743,54405,200,4,item_template.sql,Wrath
43762,54260,200,4,item_template.sql,Wrath
43772,54306,200,4,item_template.sql,Wrath
43788,54431,200,4,item_template.sql,Wrath
43830,51299,174,2,item_template.sql,Wrath
43837,56782,174,2,item_template.sql,Wrath
43838,56786,174,2,item_template.sql,Wrath
43859,56509,174,2,item_template.sql,Wrath
43860,55301,171,3,item_template.sql,Wrath
43862,56573,174,2,item_template.sql,Wrath
43865,55306,171,3,item_template.sql,Wrath
43866,56571,174,2,item_template.sql,Wrath
43878,56572,174,2,item_template.sql,Wrath
43879,56565,174,2,item_template.sql,Wrath
43889,56488,174,2,item_template.sql,Wrath
43906,56400,174,2,item_template.sql,Wrath
43916,50210,174,2,item_template.sql,Wrath
43920,50145,174,2,item_template.sql,Wrath
43925,56557,174,2,item_template.sql,Wrath
43926,56558,174,2,item_template.sql,Wrath
43935,56512,174,2,item_template.sql,Wrath
43939,56371,174,2,item_template.sql,Wrath
43940,56574,174,2,item_template.sql,Wrath
43943,56563,174,2,item_template.sql,Wrath
43946,56500,174,2,item_template.sql,Wrath
43969,55370,187,3,item_template.sql,Wrath
43970,55368,187,3,item_template.sql,Wrath
43972,55363,187,3,item_template.sql,Wrath
43974,55366,187,3,item_template.sql,Wrath
43975,55364,187,3,item_template.sql,Wrath
43988,56114,200,4,item_template.sql,Wrath
43989,56216,200,4,item_template.sql,Wrath
43990,56117,200,4,item_template.sql,Wrath
44014,56514,174,3,item_template.sql,Wrath
44015,56513,174,3,item_template.sql,Wrath
44016,56521,174,3,item_template.sql,Wrath
44018,56522,174,3,item_template.sql,Wrath
44019,56527,174,3,item_template.sql,Wrath
44020,56537,174,3,item_template.sql,Wrath
44021,56539,174,3,item_template.sql,Wrath
44024,56540,174,3,item_template.sql,Wrath
44026,56538,174,3,item_template.sql,Wrath
44027,56070,174,3,item_template.sql,Wrath
44030,56541,174,3,item_template.sql,Wrath
44031,56542,174,3,item_template.sql,Wrath
44035,56781,174,3,item_template.sql,Wrath
44036,56516,174,3,item_template.sql,Wrath
44037,56517,174,3,item_template.sql,Wrath
44038,56518,174,3,item_template.sql,Wrath
44041,56523,174,3,item_template.sql,Wrath
44042,56524,174,3,item_template.sql,Wrath
44043,56526,174,3,item_template.sql,Wrath
44044,57523,174,3,item_template.sql,Wrath
44045,56534,174,3,item_template.sql,Wrath
44046,56532,174,3,item_template.sql,Wrath
44052,55574,187,3,item_template.sql,Wrath
44053,57482,187,3,item_template.sql,Wrath
44054,55608,166,3,item_template.sql,Wrath
44060,55603,166,3,item_template.sql,Wrath
44061,55606,166,3,item_template.sql,Wrath
44104,55691,187,3,item_template.sql,Wrath
44110,58223,187,3,item_template.sql,Wrath
44111,55695,187,3,item_template.sql,Wrath
44112,55696,187,3,item_template.sql,Wrath
44116,55757,187,3,item_template.sql,Wrath
44117,55760,174,3,item_template.sql,Wrath
44120,55772,187,3,item_template.sql,Wrath
44121,55758,187,3,item_template.sql,Wrath
44122,55763,187,3,item_template.sql,Wrath
44123,55771,187,3,item_template.sql,Wrath
44166,55818,187,3,item_template.sql,Wrath
44171,55825,187,3,item_template.sql,Wrath
44188,55943,187,3,item_template.sql,Wrath
44189,55962,187,3,item_template.sql,Wrath
44190,55964,187,3,item_template.sql,Wrath
44196,55993,187,3,item_template.sql,Wrath
44200,55989,200,3,item_template.sql,Wrath
44215,7271,35,3,item_template.sql,Classic
44218,56086,45,3,item_template.sql,Classic
44219,56080,45,3,item_template.sql,Classic
44239,56180,187,3,item_template.sql,Wrath
44240,56183,187,3,item_template.sql,Wrath
44243,56196,187,3,item_template.sql,Wrath
44247,55312,200,3,item_template.sql,Wrath
44256,56260,200,3,item_template.sql,Wrath
44257,56261,200,3,item_template.sql,Wrath
44295,56267,200,4,item_template.sql,Wrath
44303,56295,200,4,item_template.sql,Wrath
44336,56339,175,3,item_template.sql,Wrath
44337,56664,175,3,item_template.sql,Wrath
44342,56054,167,3,item_template.sql,Wrath
44343,56056,167,3,item_template.sql,Wrath
44348,56869,146,3,item_template.sql,TBC
44349,56872,146,3,item_template.sql,TBC
44350,56011,163,3,item_template.sql,TBC
44351,51857,163,3,item_template.sql,TBC
44355,56784,167,3,item_template.sql,Wrath
44356,56785,167,3,item_template.sql,Wrath
44357,56787,167,3,item_template.sql,Wrath
44360,51195,159,3,item_template.sql,TBC
44362,56759,159,3,item_template.sql,TBC
44367,56774,159,3,item_template.sql,TBC
44383,56777,183,3,item_template.sql,Wrath
44387,56766,174,3,item_template.sql,Wrath
44388,56765,174,3,item_template.sql,Wrath
44394,55296,174,3,item_template.sql,Wrath
44404,56788,187,3,item_template.sql,Wrath
44407,56789,187,3,item_template.sql,Wrath
44409,56791,187,3,item_template.sql,Wrath
44436,56673,167,3,item_template.sql,Wrath
44441,56679,171,3,item_template.sql,Wrath
44445,56725,175,3,item_template.sql,Wrath
44583,56868,146,3,item_template.sql,TBC
44590,56876,146,3,item_template.sql,TBC
44649,56883,159,3,item_template.sql,TBC
44662,23713,226,4,item_template.sql,Wrath
44666,55359,159,3,item_template.sql,TBC
44667,56924,159,3,item_template.sql,TBC
44670,56930,159,3,item_template.sql,TBC
44671,56937,167,3,item_template.sql,Wrath
44672,56943,167,3,item_template.sql,Wrath
44674,56953,167,3,item_template.sql,Wrath
44675,56958,167,3,item_template.sql,Wrath
44676,56963,167,3,item_template.sql,Wrath
44677,56964,174,3,item_template.sql,Wrath
44686,56988,175,3,item_template.sql,Wrath
44688,39432,175,3,item_template.sql,Wrath
44697,57051,183,3,item_template.sql,Wrath
44732,57302,183,3,item_template.sql,Wrath
44734,57332,175,3,item_template.sql,Wrath
44735,57334,175,3,item_template.sql,Wrath
44741,45782,183,3,item_template.sql,Wrath
44742,45782,183,3,item_template.sql,Wrath
44745,57384,174,3,item_template.sql,Wrath
44748,50535,174,3,item_template.sql,Wrath
45074,59509,200,4,item_template.sql,Wrath
45134,59702,239,4,item_template.sql,Wrath
45136,59136,239,4,item_template.sql,Wrath
45138,58998,226,4,item_template.sql,Wrath
45141,58763,226,4,item_template.sql,Wrath
45146,59027,226,4,item_template.sql,Wrath
45148,59249,226,4,item_template.sql,Wrath
45149,59100,226,4,item_template.sql,Wrath
45164,59660,226,4,item_template.sql,Wrath
45165,58876,232,4,item_template.sql,Wrath
45181,59043,200,3,item_template.sql,Wrath
45203,59082,200,4,item_template.sql,Wrath
45204,59510,200,4,item_template.sql,Wrath
45205,59595,200,4,item_template.sql,Wrath
45208,59511,200,4,item_template.sql,Wrath
45209,59073,200,3,item_template.sql,Wrath
45212,59626,200,4,item_template.sql,Wrath
45213,48508,200,3,item_template.sql,Wrath
45233,58947,232,4,item_template.sql,Wrath
45236,40051,226,4,item_template.sql,Wrath
45242,58997,239,4,item_template.sql,Wrath
45251,59715,226,4,item_template.sql,Wrath
45252,59205,226,4,item_template.sql,Wrath
45258,59735,226,4,item_template.sql,Wrath
45264,61876,226,4,item_template.sql,Wrath
45275,59728,226,4,item_template.sql,Wrath
45286,59324,219,4,item_template.sql,Wrath
45292,59311,219,4,item_template.sql,Wrath
45303,11990,219,4,item_template.sql,Wrath
45313,59313,219,4,item_template.sql,Wrath
45322,58985,219,4,item_template.sql,Wrath
45337,58230,219,4,item_template.sql,Wrath
45362,58256,219,4,item_template.sql,Wrath
45368,59517,219,4,item_template.sql,Wrath
45370,58265,219,4,item_template.sql,Wrath
45371,59612,219,4,item_template.sql,Wrath
45404,58296,219,4,item_template.sql,Wrath
45419,58302,219,4,item_template.sql,Wrath
45421,58328,219,4,item_template.sql,Wrath
45424,58308,219,4,item_template.sql,Wrath
45425,59677,219,4,item_template.sql,Wrath
45444,59632,239,4,item_template.sql,Wrath
45447,44703,226,4,item_template.sql,Wrath
45453,59746,226,4,item_template.sql,Wrath
45487,61889,239,4,item_template.sql,Wrath
45493,58977,226,4,item_template.sql,Wrath
45496,59035,239,4,item_template.sql,Wrath
45511,59391,232,4,item_template.sql,Wrath
45529,59028,226,4,item_template.sql,Wrath
45552,59209,226,4,item_template.sql,Wrath
45553,59145,226,4,item_template.sql,Wrath
45594,59712,239,4,item_template.sql,Wrath
45599,59703,239,4,item_template.sql,Wrath
45609,59321,239,4,item_template.sql,Wrath
45615,59649,239,4,item_template.sql,Wrath
45619,59032,239,4,item_template.sql,Wrath
45626,58419,24,3,item_template.sql,Classic
45629,58418,44,2,item_template.sql,Classic
45631,18155,54,3,item_template.sql,Classic
45665,59734,239,4,item_template.sql,Wrath
45698,59754,219,4,item_template.sql,Wrath
45711,59776,219,4,item_template.sql,Wrath
45810,55663,200,3,item_template.sql,Wrath
45826,58756,226,4,item_template.sql,Wrath
45835,58749,226,4,item_template.sql,Wrath
45840,61878,226,4,item_template.sql,Wrath
45871,59327,226,4,item_template.sql,Wrath
45888,59170,226,4,item_template.sql,Wrath
45892,59367,219,4,item_template.sql,Wrath
45929,59325,226,4,item_template.sql,Wrath
45933,59307,226,4,item_template.sql,Wrath
45943,61842,226,4,item_template.sql,Wrath
45945,59308,226,4,item_template.sql,Wrath
45949,58962,239,4,item_template.sql,Wrath
45960,58966,239,4,item_template.sql,Wrath
45974,59760,219,4,item_template.sql,Wrath
45975,59749,219,4,item_template.sql,Wrath
45976,59033,219,4,item_template.sql,Wrath
46031,58877,219,4,item_template.sql,Wrath
46033,58926,232,4,item_template.sql,Wrath
46034,59720,226,4,item_template.sql,Wrath
46039,59233,226,4,item_template.sql,Wrath
46042,59000,226,4,item_template.sql,Wrath
46067,58911,232,4,item_template.sql,Wrath
46075,60344,213,4,item_template.sql,Wrath
46122,59336,226,4,item_template.sql,Wrath
46123,59057,226,4,item_template.sql,Wrath
46129,61892,226,4,item_template.sql,Wrath
46130,62580,226,4,item_template.sql,Wrath
46131,58258,219,4,item_template.sql,Wrath
46160,59439,226,4,item_template.sql,Wrath
46176,59605,226,4,item_template.sql,Wrath
46182,59609,226,4,item_template.sql,Wrath
46225,58278,226,4,item_template.sql,Wrath
46226,58272,219,4,item_template.sql,Wrath
46294,58299,226,4,item_template.sql,Wrath
46320,59001,226,4,item_template.sql,Wrath
46321,59034,226,4,item_template.sql,Wrath
46331,59533,200,3,item_template.sql,Wrath
46958,60576,245,4,item_template.sql,Wrath
46961,62005,245,4,item_template.sql,Wrath
47001,60649,258,4,item_template.sql,Wrath
47052,62025,245,4,item_template.sql,Wrath
47057,62024,245,4,item_template.sql,Wrath
47072,61368,245,4,item_template.sql,Wrath
47080,61410,245,4,item_template.sql,Wrath
47089,61405,245,4,item_template.sql,Wrath
47093,62004,245,4,item_template.sql,Wrath
47121,62026,245,4,item_template.sql,Wrath
47173,60523,200,4,item_template.sql,Wrath
47211,60537,200,4,item_template.sql,Wrath
47220,60478,200,4,item_template.sql,Wrath
47226,60518,200,4,item_template.sql,Wrath
47251,61219,245,4,item_template.sql,Wrath
47257,61404,245,4,item_template.sql,Wrath
47263,61540,245,4,item_template.sql,Wrath
47301,61866,245,4,item_template.sql,Wrath
47311,61103,245,4,item_template.sql,Wrath
47502,60502,219,4,item_template.sql,Wrath
47510,60644,219,4,item_template.sql,Wrath
47511,63410,219,4,item_template.sql,Wrath
47515,60665,258,4,item_template.sql,Wrath
47560,60568,219,4,item_template.sql,Wrath
47565,60575,219,4,item_template.sql,Wrath
47567,60574,219,4,item_template.sql,Wrath
47572,62003,245,4,item_template.sql,Wrath
47589,62047,245,4,item_template.sql,Wrath
47610,62051,232,4,item_template.sql,Wrath
47613,61932,232,4,item_template.sql,Wrath
47621,61939,232,4,item_template.sql,Wrath
47667,62300,245,4,item_template.sql,Wrath
47677,62027,245,4,item_template.sql,Wrath
47696,61731,245,4,item_template.sql,Wrath
47721,61561,232,4,item_template.sql,Wrath
47738,61372,232,4,item_template.sql,Wrath
47744,62093,232,4,item_template.sql,Wrath
47798,62092,232,4,item_template.sql,Wrath
47809,61659,232,4,item_template.sql,Wrath
47810,60617,232,4,item_template.sql,Wrath
47836,62023,232,4,item_template.sql,Wrath
47852,61535,232,4,item_template.sql,Wrath
47858,62136,232,4,item_template.sql,Wrath
47865,62074,232,4,item_template.sql,Wrath
47869,61541,232,4,item_template.sql,Wrath
47873,62108,232,4,item_template.sql,Wrath
47884,60682,232,4,item_template.sql,Wrath
47891,61198,232,4,item_template.sql,Wrath
47896,61499,232,4,item_template.sql,Wrath
47914,61188,232,4,item_template.sql,Wrath
47925,62007,245,4,item_template.sql,Wrath
48071,62087,232,4,item_template.sql,Wrath
48188,61203,232,4,item_template.sql,Wrath
48251,61825,232,4,item_template.sql,Wrath
48298,62102,232,4,item_template.sql,Wrath
48365,62105,245,4,item_template.sql,Wrath
48375,62064,232,4,item_template.sql,Wrath
48386,61525,232,4,item_template.sql,Wrath
48387,62113,232,4,item_template.sql,Wrath
48402,60850,258,4,item_template.sql,Wrath
48445,62020,232,4,item_template.sql,Wrath
48459,62127,232,4,item_template.sql,Wrath
48476,61853,232,4,item_template.sql,Wrath
48478,62012,232,4,item_template.sql,Wrath
48504,62122,232,4,item_template.sql,Wrath
48505,62130,232,4,item_template.sql,Wrath
48562,62131,232,4,item_template.sql,Wrath
48606,62015,232,4,item_template.sql,Wrath
48656,62134,232,4,item_template.sql,Wrath
48671,61260,258,4,item_template.sql,Wrath
48701,61689,245,4,item_template.sql,Wrath
48712,61678,245,4,item_template.sql,Wrath
48897,61386,232,4,item_template.sql,Wrath
48904,61394,232,4,item_template.sql,Wrath
48992,60898,232,4,item_template.sql,Wrath
49183,61482,245,4,item_template.sql,Wrath
49784,64844,219,4,item_template.sql,Wrath
49792,64640,219,4,item_template.sql,Wrath
49798,64665,219,4,item_template.sql,Wrath
49808,64847,219,4,item_template.sql,Wrath
49816,64854,219,4,item_template.sql,Wrath
49817,64563,219,4,item_template.sql,Wrath
49832,64647,219,4,item_template.sql,Wrath
49841,64533,219,4,item_template.sql,Wrath
49846,64746,219,4,item_template.sql,Wrath
49849,64599,219,4,item_template.sql,Wrath
49853,64856,219,4,item_template.sql,Wrath
49899,64416,264,4,item_template.sql,Wrath
49902,64852,264,4,item_template.sql,Wrath
49906,64789,264,4,item_template.sql,Wrath
49949,64169,264,4,item_template.sql,Wrath
49986,64570,264,4,item_template.sql,Wrath
49991,64243,264,4,item_template.sql,Wrath
49997,64508,271,4,item_template.sql,Wrath
50000,64824,264,4,item_template.sql,Wrath
50003,64622,264,4,item_template.sql,Wrath
50008,64170,264,4,item_template.sql,Wrath
50014,64300,264,4,item_template.sql,Wrath
50027,64658,264,4,item_template.sql,Wrath
50046,64153,251,4,item_template.sql,Wrath
50090,63691,251,4,item_template.sql,Wrath
50094,64592,251,4,item_template.sql,Wrath
50097,64595,251,4,item_template.sql,Wrath
50098,64705,251,4,item_template.sql,Wrath
50174,64173,264,4,item_template.sql,Wrath
50175,64689,264,4,item_template.sql,Wrath
50182,64222,264,4,item_template.sql,Wrath
50194,64830,232,4,item_template.sql,Wrath
50196,64207,232,4,item_template.sql,Wrath
50198,64254,232,4,item_template.sql,Wrath
50212,64550,232,4,item_template.sql,Wrath
50213,64565,232,4,item_template.sql,Wrath
50234,64853,232,4,item_template.sql,Wrath
50242,64287,251,4,item_template.sql,Wrath
50259,64256,232,4,item_template.sql,Wrath
50260,64252,232,4,item_template.sql,Wrath
50268,64763,232,4,item_template.sql,Wrath
50277,64269,251,4,item_template.sql,Wrath
50299,64581,232,4,item_template.sql,Wrath
50305,64857,232,4,item_template.sql,Wrath
50314,64953,232,4,item_template.sql,Wrath
50326,64630,251,4,item_template.sql,Wrath
50327,64627,251,4,item_template.sql,Wrath
50341,64923,251,4,item_template.sql,Wrath
50352,64239,264,4,item_template.sql,Wrath
50354,64237,264,4,item_template.sql,Wrath
50356,64264,264,4,item_template.sql,Wrath
50357,64236,264,4,item_template.sql,Wrath
50375,63959,251,4,item_template.sql,Wrath
50376,63958,251,4,item_template.sql,Wrath
50378,63949,251,4,item_template.sql,Wrath
50392,64258,251,4,item_template.sql,Wrath
50416,64664,264,4,item_template.sql,Wrath
50452,64272,264,4,item_template.sql,Wrath
50455,54524,264,4,item_template.sql,Wrath
50459,64573,264,4,item_template.sql,Wrath
50461,64626,264,4,item_template.sql,Wrath
50462,64615,264,4,item_template.sql,Wrath
50466,64328,264,4,item_template.sql,Wrath
50470,64326,264,4,item_template.sql,Wrath
50659,64800,277,4,item_template.sql,Wrath
50701,64692,277,4,item_template.sql,Wrath
50721,64690,277,4,item_template.sql,Wrath
50761,64396,251,4,item_template.sql,Wrath
50762,64809,251,4,item_template.sql,Wrath
50773,64374,251,4,item_template.sql,Wrath
50786,64775,251,4,item_template.sql,Wrath
50795,64470,251,4,item_template.sql,Wrath
50803,64174,251,4,item_template.sql,Wrath
50809,64218,251,4,item_template.sql,Wrath
50812,64816,251,4,item_template.sql,Wrath
50833,65232,251,4,item_template.sql,Wrath
50852,53560,251,4,item_template.sql,Wrath
50986,64176,251,4,item_template.sql,Wrath
51001,64229,251,4,item_template.sql,Wrath
51007,64294,251,4,item_template.sql,Wrath
51012,64213,251,4,item_template.sql,Wrath
51016,64205,251,4,item_template.sql,Wrath
51024,64230,251,4,item_template.sql,Wrath
51125,64706,264,4,item_template.sql,Wrath
51126,64603,264,4,item_template.sql,Wrath
51209,64284,264,4,item_template.sql,Wrath
51220,64580,277,4,item_template.sql,Wrath
51221,64577,277,4,item_template.sql,Wrath
51223,64576,277,4,item_template.sql,Wrath
51256,64386,277,4,item_template.sql,Wrath
51281,64897,277,4,item_template.sql,Wrath
51338,65291,264,4,item_template.sql,Wrath
51342,65178,264,4,item_template.sql,Wrath
51370,65199,264,4,item_template.sql,Wrath
51381,64225,251,4,item_template.sql,Wrath
51382,64323,251,4,item_template.sql,Wrath
51418,65579,270,4,item_template.sql,Wrath
51458,65463,270,4,item_template.sql,Wrath
51468,65271,270,4,item_template.sql,Wrath
51486,65286,270,4,item_template.sql,Wrath
51536,65275,270,4,item_template.sql,Wrath
51553,64358,251,4,item_template.sql,Wrath
51757,65278,251,4,item_template.sql,Wrath
51833,63834,264,4,item_template.sql,Wrath
51859,64301,264,4,item_template.sql,Wrath
51862,64181,264,4,item_template.sql,Wrath
51885,64483,264,4,item_template.sql,Wrath
51897,64481,264,4,item_template.sql,Wrath
51923,64423,264,4,item_template.sql,Wrath
51958,64735,167,3,item_template.sql,Wrath
51962,49982,55,3,item_template.sql,Classic
51963,49979,55,3,item_template.sql,Classic
51964,49925,25,3,item_template.sql,Classic
51965,49985,35,3,item_template.sql,Classic
51967,52117,55,3,item_template.sql,Classic
51968,51783,25,3,item_template.sql,Classic
51972,52113,55,3,item_template.sql,Classic
51974,52068,45,3,item_template.sql,Classic
51976,51883,45,3,item_template.sql,Classic
51978,52166,25,3,item_template.sql,Classic
51980,52164,35,3,item_template.sql,Classic
51982,52163,55,3,item_template.sql,Classic
51984,51297,45,3,item_template.sql,Classic
53048,34752,1,1,item_template.sql,Classic
54572,68106,271,4,item_template.sql,Wrath
