reference_id,parent_target_type,parent_target_entry,effective_target_entry,parent_loot_id,map_id,difficulty_id,parent_loot_mode,reference_loot_mode,consumer_map_count,consumer_profile_count,verified_parent,provenance_depth
-34377,creature,31311,31311,31311,615,1,1,1,1,1,False,0
1055,creature,4805,4805,4805,48,0,1,1,2,2,False,0
1056,creature,4851,4851,4851,70,0,1,1,2,2,False,0
1056,creature,4852,4852,4852,70,0,1,1,2,2,False,0
4113,creature,28194,28194,28194,532,0,1,1,2,2,False,0
12018,creature,20169,20169,20169,546,1,1,1,1,1,True,0
12023,gameobject,194822,194822,26974,603,1,1,1,0,0,False,0
12030,gameobject,194957,194957,27086,603,0,1,1,0,0,False,0
12031,gameobject,194958,194958,26967,603,1,1,1,0,0,False,0
12034,creature,33288,33288,33288,603,0,1,1,0,0,False,0
12035,creature,33955,33955,33955,603,1,1,1,0,0,False,0
14001,creature,15318,15318,15318,509,0,1,1,1,1,True,0
14001,creature,15319,15319,15319,509,0,1,1,1,1,True,0
14001,creature,15320,15320,15320,509,0,1,1,1,1,True,0
14001,creature,15323,15323,15323,509,0,1,1,1,1,True,0
14001,creature,15324,15324,15324,509,0,1,1,1,1,True,0
14001,creature,15325,15325,15325,509,0,1,1,1,1,True,0
14001,creature,15327,15327,15327,509,0,1,1,1,1,True,0
14001,creature,15333,15333,15333,509,0,1,1,1,1,True,0
14001,creature,15335,15335,15335,509,0,1,1,1,1,True,0
14001,creature,15336,15336,15336,509,0,1,1,1,1,True,0
14001,creature,15338,15338,15338,509,0,1,1,1,1,True,0
14001,creature,15343,15343,15343,509,0,1,1,1,1,True,0
14001,creature,15355,15355,15355,509,0,1,1,1,1,True,0
14001,creature,15385,15385,15385,509,0,1,1,1,1,True,0
14001,creature,15386,15386,15386,509,0,1,1,1,1,True,0
14001,creature,15388,15388,15388,509,0,1,1,1,1,True,0
14001,creature,15389,15389,15389,509,0,1,1,1,1,True,0
14001,creature,15390,15390,15390,509,0,1,1,1,1,True,0
14001,creature,15391,15391,15391,509,0,1,1,1,1,True,0
14001,creature,15392,15392,15392,509,0,1,1,1,1,True,0
14001,creature,15461,15461,15461,509,0,1,1,1,1,True,0
14001,creature,15462,15462,15462,509,0,1,1,1,1,True,0
24005,creature,18314,18314,18314,557,0,1,1,1,2,True,0
24005,creature,20264,20264,20264,557,1,1,1,1,2,True,0
24007,creature,19306,19306,19306,557,0,1,1,2,3,False,0
24007,creature,20263,20263,19306,557,1,1,1,2,3,False,0
24009,creature,17722,17722,17722,545,0,1,1,3,5,False,0
24009,creature,17800,17800,17800,545,0,1,1,3,5,False,0
24009,creature,21694,21694,21694,545,0,1,1,3,5,False,0
24009,creature,20621,20621,17800,545,1,1,1,3,5,False,0
24009,creature,20625,20625,17722,545,1,1,1,3,5,False,0
24009,creature,21914,21914,21694,545,1,1,1,3,5,False,0
24009,creature,19306,19306,19306,557,0,1,1,3,5,False,0
24009,creature,20263,20263,19306,557,1,1,1,3,5,False,0
24010,creature,19306,19306,19306,557,0,1,1,1,2,True,0
24010,creature,20263,20263,19306,557,1,1,1,1,2,True,0
24011,creature,23397,23397,23397,564,0,1,1,3,3,False,0
24013,creature,23397,23397,23397,564,0,1,1,2,2,False,0
24016,creature,10503,10503,10503,289,0,1,1,9,12,False,0
24016,creature,10439,10439,10439,329,0,1,1,9,12,False,0
24016,creature,11032,11032,11032,329,0,1,1,9,12,False,0
24016,creature,11659,11659,11659,409,0,1,1,9,12,False,0
24016,creature,14308,14308,14308,429,0,1,1,9,12,False,0
24016,creature,12460,12460,12460,469,0,1,1,9,12,False,0
24016,creature,15385,15385,15385,509,0,1,1,9,12,False,0
24016,creature,15392,15392,15392,509,0,1,1,9,12,False,0
24017,creature,11032,11032,11032,329,0,1,1,7,9,False,0
24017,creature,11659,11659,11659,409,0,1,1,7,9,False,0
24017,creature,12460,12460,12460,469,0,1,1,7,9,False,0
24017,creature,15386,15386,15386,509,0,1,1,7,9,False,0
24018,creature,11032,11032,11032,329,0,1,1,10,13,False,0
24018,creature,11659,11659,11659,409,0,1,1,10,13,False,0
24018,creature,14308,14308,14308,429,0,1,1,10,13,False,0
24018,creature,12460,12460,12460,469,0,1,1,10,13,False,0
24018,creature,15385,15385,15385,509,0,1,1,10,13,False,0
24018,creature,15386,15386,15386,509,0,1,1,10,13,False,0
24018,creature,15388,15388,15388,509,0,1,1,10,13,False,0
24018,creature,15389,15389,15389,509,0,1,1,10,13,False,0
24018,creature,15390,15390,15390,509,0,1,1,10,13,False,0
24018,creature,15391,15391,15391,509,0,1,1,10,13,False,0
24018,creature,15392,15392,15392,509,0,1,1,10,13,False,0
24018,creature,15252,15252,15252,531,0,1,1,10,13,False,0
24018,creature,15311,15311,15311,531,0,1,1,10,13,False,0
24018,creature,19306,19306,19306,557,0,1,1,10,13,False,0
24018,creature,20263,20263,19306,557,1,1,1,10,13,False,0
24019,creature,11032,11032,11032,329,0,1,1,8,10,False,0
24019,creature,11659,11659,11659,409,0,1,1,8,10,False,0
24019,creature,12460,12460,12460,469,0,1,1,8,10,False,0
24019,creature,15385,15385,15385,509,0,1,1,8,10,False,0
24019,creature,15386,15386,15386,509,0,1,1,8,10,False,0
24019,creature,15388,15388,15388,509,0,1,1,8,10,False,0
24019,creature,15389,15389,15389,509,0,1,1,8,10,False,0
24019,creature,15390,15390,15390,509,0,1,1,8,10,False,0
24019,creature,15391,15391,15391,509,0,1,1,8,10,False,0
24019,creature,15392,15392,15392,509,0,1,1,8,10,False,0
24019,creature,15252,15252,15252,531,0,1,1,8,10,False,0
24019,creature,15311,15311,15311,531,0,1,1,8,10,False,0
24020,creature,11659,11659,11659,409,0,1,1,8,9,False,0
24020,creature,14308,14308,14308,429,0,1,1,8,9,False,0
24020,creature,12460,12460,12460,469,0,1,1,8,9,False,0
24020,creature,15385,15385,15385,509,0,1,1,8,9,False,0
24020,creature,15386,15386,15386,509,0,1,1,8,9,False,0
24020,creature,15388,15388,15388,509,0,1,1,8,9,False,0
24020,creature,15389,15389,15389,509,0,1,1,8,9,False,0
24020,creature,15390,15390,15390,509,0,1,1,8,9,False,0
24020,creature,15391,15391,15391,509,0,1,1,8,9,False,0
24020,creature,15392,15392,15392,509,0,1,1,8,9,False,0
24020,creature,15252,15252,15252,531,0,1,1,8,9,False,0
24020,creature,15311,15311,15311,531,0,1,1,8,9,False,0
24021,creature,11032,11032,11032,329,0,1,1,4,6,False,0
24024,creature,9541,9541,9541,230,0,1,1,7,10,False,0
24024,creature,9677,9677,9677,230,0,1,1,7,10,False,0
24024,creature,9678,9678,9678,230,0,1,1,7,10,False,0
24024,creature,9680,9680,9680,230,0,1,1,7,10,False,0
24024,creature,9681,9681,9681,230,0,1,1,7,10,False,0
24024,creature,9956,9956,9956,230,0,1,1,7,10,False,0
24024,creature,10043,10043,10043,230,0,1,1,7,10,False,0
24024,creature,11032,11032,11032,329,0,1,1,7,10,False,0
24024,creature,11659,11659,11659,409,0,1,1,7,10,False,0
24025,creature,7272,7272,7272,209,0,1,1,6,9,False,0
24025,creature,7795,7795,7795,209,0,1,1,6,9,False,0
24025,creature,10043,10043,10043,230,0,1,1,6,9,False,0
24025,creature,11783,11783,11783,349,0,1,1,6,9,False,0
24025,creature,12207,12207,12207,349,0,1,1,6,9,False,0
24026,creature,10043,10043,10043,230,0,1,1,5,8,False,0
24026,creature,12207,12207,12207,349,0,1,1,5,8,False,0
24027,creature,9541,9541,9541,230,0,1,1,4,7,False,0
24027,creature,9677,9677,9677,230,0,1,1,4,7,False,0
24027,creature,9680,9680,9680,230,0,1,1,4,7,False,0
24027,creature,9681,9681,9681,230,0,1,1,4,7,False,0
24027,creature,9956,9956,9956,230,0,1,1,4,7,False,0
24027,creature,10043,10043,10043,230,0,1,1,4,7,False,0
24028,creature,10043,10043,10043,230,0,1,1,4,7,False,0
24029,creature,9541,9541,9541,230,0,1,1,4,7,False,0
24029,creature,9677,9677,9677,230,0,1,1,4,7,False,0
24029,creature,9678,9678,9678,230,0,1,1,4,7,False,0
24029,creature,9680,9680,9680,230,0,1,1,4,7,False,0
24029,creature,9681,9681,9681,230,0,1,1,4,7,False,0
24029,creature,9956,9956,9956,230,0,1,1,4,7,False,0
24029,creature,10043,10043,10043,230,0,1,1,4,7,False,0
24030,creature,10043,10043,10043,230,0,1,1,4,7,False,0
24031,creature,9541,9541,9541,230,0,1,1,4,7,False,0
24031,creature,9677,9677,9677,230,0,1,1,4,7,False,0
24031,creature,9678,9678,9678,230,0,1,1,4,7,False,0
24031,creature,9680,9680,9680,230,0,1,1,4,7,False,0
24031,creature,9681,9681,9681,230,0,1,1,4,7,False,0
24031,creature,9956,9956,9956,230,0,1,1,4,7,False,0
24033,creature,9677,9677,9677,230,0,1,1,7,10,False,0
24033,creature,9678,9678,9678,230,0,1,1,7,10,False,0
24033,creature,9956,9956,9956,230,0,1,1,7,10,False,0
24033,creature,11032,11032,11032,329,0,1,1,7,10,False,0
24033,creature,14308,14308,14308,429,0,1,1,7,10,False,0
24033,creature,12460,12460,12460,469,0,1,1,7,10,False,0
24034,creature,11032,11032,11032,329,0,1,1,4,6,False,0
24035,creature,19306,19306,19306,557,0,1,1,2,3,False,0
24035,creature,20263,20263,19306,557,1,1,1,2,3,False,0
24036,creature,10120,10120,10120,70,0,1,1,10,13,False,0
24036,creature,7272,7272,7272,209,0,1,1,10,13,False,0
24036,creature,7604,7604,7604,209,0,1,1,10,13,False,0
24036,creature,7605,7605,7605,209,0,1,1,10,13,False,0
24036,creature,7606,7606,7606,209,0,1,1,10,13,False,0
24036,creature,7608,7608,7608,209,0,1,1,10,13,False,0
24036,creature,7795,7795,7795,209,0,1,1,10,13,False,0
24036,creature,7797,7797,7797,209,0,1,1,10,13,False,0
24036,creature,9541,9541,9541,230,0,1,1,10,13,False,0
24036,creature,9677,9677,9677,230,0,1,1,10,13,False,0
24036,creature,9678,9678,9678,230,0,1,1,10,13,False,0
24036,creature,9680,9680,9680,230,0,1,1,10,13,False,0
24036,creature,9681,9681,9681,230,0,1,1,10,13,False,0
24036,creature,9956,9956,9956,230,0,1,1,10,13,False,0
24036,creature,10043,10043,10043,230,0,1,1,10,13,False,0
24036,creature,11032,11032,11032,329,0,1,1,10,13,False,0
24036,creature,11659,11659,11659,409,0,1,1,10,13,False,0
24037,creature,4293,4293,4293,189,0,1,1,5,5,False,0
24039,creature,7272,7272,7272,209,0,1,1,6,6,False,0
24039,creature,7604,7604,7604,209,0,1,1,6,6,False,0
24039,creature,7605,7605,7605,209,0,1,1,6,6,False,0
24039,creature,7606,7606,7606,209,0,1,1,6,6,False,0
24039,creature,7608,7608,7608,209,0,1,1,6,6,False,0
24039,creature,7795,7795,7795,209,0,1,1,6,6,False,0
24039,creature,7797,7797,7797,209,0,1,1,6,6,False,0
24039,creature,11783,11783,11783,349,0,1,1,6,6,False,0
24039,creature,12207,12207,12207,349,0,1,1,6,6,False,0
24040,creature,7604,7604,7604,209,0,1,1,3,3,False,0
24040,creature,7605,7605,7605,209,0,1,1,3,3,False,0
24040,creature,7606,7606,7606,209,0,1,1,3,3,False,0
24040,creature,7608,7608,7608,209,0,1,1,3,3,False,0
24041,creature,10120,10120,10120,70,0,1,1,7,7,False,0
24041,creature,7272,7272,7272,209,0,1,1,7,7,False,0
24041,creature,7604,7604,7604,209,0,1,1,7,7,False,0
24041,creature,7605,7605,7605,209,0,1,1,7,7,False,0
24041,creature,7606,7606,7606,209,0,1,1,7,7,False,0
24041,creature,7608,7608,7608,209,0,1,1,7,7,False,0
24041,creature,7795,7795,7795,209,0,1,1,7,7,False,0
24041,creature,7797,7797,7797,209,0,1,1,7,7,False,0
24041,creature,11783,11783,11783,349,0,1,1,7,7,False,0
24041,creature,12207,12207,12207,349,0,1,1,7,7,False,0
24042,creature,7272,7272,7272,209,0,1,1,4,4,False,0
24042,creature,7604,7604,7604,209,0,1,1,4,4,False,0
24042,creature,7605,7605,7605,209,0,1,1,4,4,False,0
24042,creature,7606,7606,7606,209,0,1,1,4,4,False,0
24042,creature,7608,7608,7608,209,0,1,1,4,4,False,0
24042,creature,7795,7795,7795,209,0,1,1,4,4,False,0
24042,creature,7797,7797,7797,209,0,1,1,4,4,False,0
24042,creature,11783,11783,11783,349,0,1,1,4,4,False,0
24042,creature,12207,12207,12207,349,0,1,1,4,4,False,0
24043,creature,7272,7272,7272,209,0,1,1,5,5,False,0
24043,creature,7604,7604,7604,209,0,1,1,5,5,False,0
24043,creature,7605,7605,7605,209,0,1,1,5,5,False,0
24043,creature,7606,7606,7606,209,0,1,1,5,5,False,0
24043,creature,7608,7608,7608,209,0,1,1,5,5,False,0
24043,creature,7795,7795,7795,209,0,1,1,5,5,False,0
24043,creature,7797,7797,7797,209,0,1,1,5,5,False,0
24043,creature,10043,10043,10043,230,0,1,1,5,5,False,0
24043,creature,11783,11783,11783,349,0,1,1,5,5,False,0
24043,creature,12207,12207,12207,349,0,1,1,5,5,False,0
24044,creature,7272,7272,7272,209,0,1,1,5,5,False,0
24044,creature,7604,7604,7604,209,0,1,1,5,5,False,0
24044,creature,7605,7605,7605,209,0,1,1,5,5,False,0
24044,creature,7795,7795,7795,209,0,1,1,5,5,False,0
24044,creature,7797,7797,7797,209,0,1,1,5,5,False,0
24044,creature,10043,10043,10043,230,0,1,1,5,5,False,0
24044,creature,11783,11783,11783,349,0,1,1,5,5,False,0
24044,creature,12207,12207,12207,349,0,1,1,5,5,False,0
24045,creature,7272,7272,7272,209,0,1,1,6,8,False,0
24045,creature,7604,7604,7604,209,0,1,1,6,8,False,0
24045,creature,7606,7606,7606,209,0,1,1,6,8,False,0
24045,creature,7608,7608,7608,209,0,1,1,6,8,False,0
24045,creature,7795,7795,7795,209,0,1,1,6,8,False,0
24045,creature,7797,7797,7797,209,0,1,1,6,8,False,0
24045,creature,10043,10043,10043,230,0,1,1,6,8,False,0
24045,creature,11783,11783,11783,349,0,1,1,6,8,False,0
24045,creature,12207,12207,12207,349,0,1,1,6,8,False,0
24046,creature,7272,7272,7272,209,0,1,1,6,6,False,0
24046,creature,7797,7797,7797,209,0,1,1,6,6,False,0
24046,creature,10043,10043,10043,230,0,1,1,6,6,False,0
24046,creature,11783,11783,11783,349,0,1,1,6,6,False,0
24046,creature,12207,12207,12207,349,0,1,1,6,6,False,0
24047,creature,3981,3981,3981,189,0,1,1,4,4,False,0
24047,creature,4293,4293,4293,189,0,1,1,4,4,False,0
24047,creature,6426,6426,6426,189,0,1,1,4,4,False,0
24047,creature,6427,6427,6427,189,0,1,1,4,4,False,0
24049,creature,1716,1716,1716,34,0,1,1,4,4,False,0
24049,creature,1717,1717,1717,34,0,1,1,4,4,False,0
24049,creature,4293,4293,4293,189,0,1,1,4,4,False,0
24049,creature,6427,6427,6427,189,0,1,1,4,4,False,0
24050,creature,1716,1716,1716,34,0,1,1,4,4,False,0
24050,creature,1717,1717,1717,34,0,1,1,4,4,False,0
24050,creature,3981,3981,3981,189,0,1,1,4,4,False,0
24050,creature,4293,4293,4293,189,0,1,1,4,4,False,0
24050,creature,6426,6426,6426,189,0,1,1,4,4,False,0
24050,creature,6427,6427,6427,189,0,1,1,4,4,False,0
24051,creature,1716,1716,1716,34,0,1,1,4,4,False,0
24051,creature,4293,4293,4293,189,0,1,1,4,4,False,0
24051,creature,6426,6426,6426,189,0,1,1,4,4,False,0
24052,creature,7849,7849,7849,90,0,1,1,5,5,False,0
24052,creature,3981,3981,3981,189,0,1,1,5,5,False,0
24052,creature,4293,4293,4293,189,0,1,1,5,5,False,0
24052,creature,6426,6426,6426,189,0,1,1,5,5,False,0
24052,creature,6427,6427,6427,189,0,1,1,5,5,False,0
24054,creature,4293,4293,4293,189,0,1,1,4,5,False,0
24054,creature,6426,6426,6426,189,0,1,1,4,5,False,0
24054,creature,6427,6427,6427,189,0,1,1,4,5,False,0
24058,creature,1716,1716,1716,34,0,1,1,6,6,False,0
24058,creature,1717,1717,1717,34,0,1,1,6,6,False,0
24058,creature,6168,6168,6168,47,0,1,1,6,6,False,0
24058,creature,7849,7849,7849,90,0,1,1,6,6,False,0
24058,creature,4293,4293,4293,189,0,1,1,6,6,False,0
24058,creature,6426,6426,6426,189,0,1,1,6,6,False,0
24058,creature,6427,6427,6427,189,0,1,1,6,6,False,0
24059,creature,1663,1663,1663,34,0,1,1,5,5,False,0
24059,creature,1666,1666,1666,34,0,1,1,5,5,False,0
24059,creature,1696,1696,1696,34,0,1,1,5,5,False,0
24059,creature,1716,1716,1716,34,0,1,1,5,5,False,0
24059,creature,20424,20424,20424,560,0,1,1,5,5,False,0
24060,creature,3849,3849,3849,33,0,1,1,6,6,False,0
24060,creature,3850,3850,3850,33,0,1,1,6,6,False,0
24060,creature,1716,1716,1716,34,0,1,1,6,6,False,0
24060,creature,11517,11517,11517,389,0,1,1,6,6,False,0
24060,creature,11519,11519,11519,389,0,1,1,6,6,False,0
24062,creature,1716,1716,1716,34,0,1,1,5,5,False,0
24062,creature,1717,1717,1717,34,0,1,1,5,5,False,0
24062,creature,4511,4511,4511,47,0,1,1,5,5,False,0
24063,creature,4511,4511,4511,47,0,1,1,3,3,False,0
24064,creature,1716,1716,1716,34,0,1,1,7,7,False,0
24064,creature,1717,1717,1717,34,0,1,1,7,7,False,0
24064,creature,4511,4511,4511,47,0,1,1,7,7,False,0
24064,creature,6168,6168,6168,47,0,1,1,7,7,False,0
24064,creature,7849,7849,7849,90,0,1,1,7,7,False,0
24064,creature,20424,20424,20424,560,0,1,1,7,7,False,0
24065,creature,4511,4511,4511,47,0,1,1,3,3,False,0
24066,creature,1717,1717,1717,34,0,1,1,6,6,False,0
24066,creature,4511,4511,4511,47,0,1,1,6,6,False,0
24066,creature,6168,6168,6168,47,0,1,1,6,6,False,0
24066,creature,7849,7849,7849,90,0,1,1,6,6,False,0
24066,creature,20424,20424,20424,560,0,1,1,6,6,False,0
24067,creature,1716,1716,1716,34,0,1,1,5,5,False,0
24067,creature,1717,1717,1717,34,0,1,1,5,5,False,0
24067,creature,4511,4511,4511,47,0,1,1,5,5,False,0
24067,creature,7849,7849,7849,90,0,1,1,5,5,False,0
24068,creature,1716,1716,1716,34,0,1,1,6,6,False,0
24068,creature,1717,1717,1717,34,0,1,1,6,6,False,0
24068,creature,4511,4511,4511,47,0,1,1,6,6,False,0
24068,creature,6168,6168,6168,47,0,1,1,6,6,False,0
24068,creature,7849,7849,7849,90,0,1,1,6,6,False,0
24068,creature,4293,4293,4293,189,0,1,1,6,6,False,0
24068,creature,6426,6426,6426,189,0,1,1,6,6,False,0
24069,creature,1716,1716,1716,34,0,1,1,4,4,False,0
24069,creature,1717,1717,1717,34,0,1,1,4,4,False,0
24069,creature,4293,4293,4293,189,0,1,1,4,4,False,0
24070,creature,3849,3849,3849,33,0,1,1,6,6,False,0
24070,creature,3850,3850,3850,33,0,1,1,6,6,False,0
24070,creature,4830,4830,4830,48,0,1,1,6,6,False,0
24070,creature,11517,11517,11517,389,0,1,1,6,6,False,0
24070,creature,11519,11519,11519,389,0,1,1,6,6,False,0
24075,creature,11517,11517,11517,389,0,1,1,4,4,False,0
24075,creature,11519,11519,11519,389,0,1,1,4,4,False,0
24076,creature,11517,11517,11517,389,0,1,1,4,4,False,0
24076,creature,11519,11519,11519,389,0,1,1,4,4,False,0
24077,creature,3849,3849,3849,33,0,1,1,5,5,False,0
24077,creature,3850,3850,3850,33,0,1,1,5,5,False,0
24077,creature,11517,11517,11517,389,0,1,1,5,5,False,0
24077,creature,11519,11519,11519,389,0,1,1,5,5,False,0
24078,creature,3849,3849,3849,33,0,1,1,5,5,False,0
24078,creature,3850,3850,3850,33,0,1,1,5,5,False,0
24078,creature,11517,11517,11517,389,0,1,1,5,5,False,0
24078,creature,11519,11519,11519,389,0,1,1,5,5,False,0
24080,creature,7604,7604,7604,209,0,1,1,3,3,False,0
24080,creature,7608,7608,7608,209,0,1,1,3,3,False,0
24081,creature,7604,7604,7604,209,0,1,1,4,4,False,0
24081,creature,7606,7606,7606,209,0,1,1,4,4,False,0
24081,creature,7608,7608,7608,209,0,1,1,4,4,False,0
24081,creature,7795,7795,7795,209,0,1,1,4,4,False,0
24081,creature,11783,11783,11783,349,0,1,1,4,4,False,0
24081,creature,12207,12207,12207,349,0,1,1,4,4,False,0
24082,creature,7795,7795,7795,209,0,1,1,5,5,False,0
24082,creature,10043,10043,10043,230,0,1,1,5,5,False,0
24082,creature,11783,11783,11783,349,0,1,1,5,5,False,0
24082,creature,12207,12207,12207,349,0,1,1,5,5,False,0
24083,creature,7795,7795,7795,209,0,1,1,5,5,False,0
24083,creature,11783,11783,11783,349,0,1,1,5,5,False,0
24083,creature,12207,12207,12207,349,0,1,1,5,5,False,0
24084,creature,9541,9541,9541,230,0,1,1,5,8,False,0
24084,creature,10043,10043,10043,230,0,1,1,5,8,False,0
24084,creature,12207,12207,12207,349,0,1,1,5,8,False,0
24085,creature,9541,9541,9541,230,0,1,1,4,7,False,0
24085,creature,9681,9681,9681,230,0,1,1,4,7,False,0
24086,creature,9541,9541,9541,230,0,1,1,4,7,False,0
24086,creature,9677,9677,9677,230,0,1,1,4,7,False,0
24086,creature,9678,9678,9678,230,0,1,1,4,7,False,0
24087,creature,9541,9541,9541,230,0,1,1,4,7,False,0
24087,creature,9677,9677,9677,230,0,1,1,4,7,False,0
24087,creature,9678,9678,9678,230,0,1,1,4,7,False,0
24088,creature,11032,11032,11032,329,0,1,1,4,6,False,0
24089,creature,11659,11659,11659,409,0,1,1,5,7,False,0
24089,creature,12460,12460,12460,469,0,1,1,5,7,False,0
24090,creature,11659,11659,11659,409,0,1,1,7,8,False,0
24090,creature,12460,12460,12460,469,0,1,1,7,8,False,0
24090,creature,15386,15386,15386,509,0,1,1,7,8,False,0
24090,creature,15252,15252,15252,531,0,1,1,7,8,False,0
24091,creature,11659,11659,11659,409,0,1,1,3,3,False,0
24091,creature,12460,12460,12460,469,0,1,1,3,3,False,0
24092,creature,17721,17721,17721,545,0,1,1,7,12,False,0
24092,creature,17722,17722,17722,545,0,1,1,7,12,False,0
24092,creature,17800,17800,17800,545,0,1,1,7,12,False,0
24092,creature,20620,20620,17721,545,1,1,1,7,12,False,0
24092,creature,20621,20621,17800,545,1,1,1,7,12,False,0
24092,creature,20625,20625,17722,545,1,1,1,7,12,False,0
24092,creature,20898,20898,20898,552,0,1,1,7,12,False,0
24092,creature,21598,21598,20898,552,1,1,1,7,12,False,0
24092,creature,19168,19168,19168,554,0,1,1,7,12,False,0
24092,creature,21539,21539,19168,554,1,1,1,7,12,False,0
24092,creature,18322,18322,18322,556,0,1,1,7,12,False,0
24092,creature,20696,20696,18322,556,1,1,1,7,12,False,0
24092,creature,17819,17819,17819,560,0,1,1,7,12,False,0
24092,creature,20527,20527,17819,560,1,1,1,7,12,False,0
24093,creature,17801,17801,17801,545,0,1,1,6,11,False,0
24093,creature,17805,17805,17805,545,0,1,1,6,11,False,0
24093,creature,20623,20623,17801,545,1,1,1,6,11,False,0
24093,creature,20624,20624,17805,545,1,1,1,6,11,False,0
24093,creature,19168,19168,19168,554,0,1,1,6,11,False,0
24093,creature,21539,21539,19168,554,1,1,1,6,11,False,0
24093,creature,18830,18830,18830,555,0,1,1,6,11,False,0
24093,creature,20644,20644,18830,555,1,1,1,6,11,False,0
24093,creature,18314,18314,18314,557,0,1,1,6,11,False,0
24093,creature,20264,20264,20264,557,1,1,1,6,11,False,0
24093,creature,17819,17819,17819,560,0,1,1,6,11,False,0
24093,creature,20527,20527,17819,560,1,1,1,6,11,False,0
24106,creature,1696,1696,1696,34,0,1,1,2,2,False,0
24722,creature,1663,1663,1663,34,0,1,1,2,2,False,0
24722,creature,1666,1666,1666,34,0,1,1,2,2,False,0
24722,creature,1696,1696,1696,34,0,1,1,2,2,False,0
24740,creature,18473,18473,18473,556,0,1,1,1,1,True,0
24741,creature,18473,18473,18473,556,0,1,1,1,1,True,0
25000,creature,20870,20870,20870,552,0,1,1,1,2,True,0
25000,creature,21626,21626,21626,552,1,1,1,1,2,True,0
25001,creature,20885,20885,20885,552,0,1,1,1,2,True,0
25001,creature,21590,21590,21590,552,1,1,1,1,2,True,0
25002,creature,20886,20886,20886,552,0,1,1,1,2,True,0
25002,creature,21624,21624,21624,552,1,1,1,1,2,True,0
25004,creature,20912,20912,20912,552,0,1,1,0,0,False,0
25004,creature,21601,21601,21601,552,1,1,1,0,0,False,0
25005,creature,21601,21601,21601,552,1,1,1,0,0,False,0
25006,creature,20706,20706,20706,556,1,1,1,1,1,True,0
25007,creature,20690,20690,20690,556,1,1,1,1,1,True,0
25010,creature,19219,19219,19219,554,0,1,1,1,2,True,0
25010,creature,21533,21533,21533,554,1,1,1,1,2,True,0
25011,creature,19221,19221,19221,554,0,1,1,1,2,True,0
25011,creature,21536,21536,21536,554,1,1,1,1,2,True,0
25012,creature,18731,18731,18731,555,0,1,1,1,2,True,0
25012,creature,20636,20636,20636,555,1,1,1,1,2,True,0
25013,creature,18667,18667,18667,555,0,1,1,1,2,True,0
25013,creature,20637,20637,20637,555,1,1,1,1,2,True,0
25014,creature,18732,18732,18732,555,0,1,1,1,2,True,0
25014,creature,20653,20653,20653,555,1,1,1,1,2,True,0
25015,creature,17797,17797,17797,545,0,1,1,1,2,True,0
25015,creature,20629,20629,20629,545,1,1,1,1,2,True,0
25016,creature,17796,17796,17796,545,0,1,1,1,2,True,0
25016,creature,20630,20630,20630,545,1,1,1,1,2,True,0
25019,creature,16807,16807,16807,540,0,1,1,1,2,True,0
25019,creature,20568,20568,20568,540,1,1,1,1,2,True,0
25020,creature,16809,16809,16809,540,0,1,1,1,2,True,0
25020,creature,20596,20596,20596,540,1,1,1,1,2,True,0
25021,creature,17976,17976,17976,553,0,1,1,1,2,True,0
25021,creature,21551,21551,21551,553,1,1,1,1,2,True,0
25022,creature,17975,17975,17975,553,0,1,1,1,2,True,0
25022,creature,21558,21558,21558,553,1,1,1,1,2,True,0
25023,creature,17978,17978,17978,553,0,1,1,1,2,True,0
25023,creature,21581,21581,21581,553,1,1,1,1,2,True,0
25024,creature,17980,17980,17980,553,0,1,1,1,2,True,0
25024,creature,21559,21559,21559,553,1,1,1,1,2,True,0
25025,creature,24723,24723,24723,585,0,1,1,1,1,True,0
25026,creature,24744,24744,24744,585,0,1,1,1,1,True,0
25027,creature,24560,24560,24560,585,0,1,1,1,1,True,0
25028,creature,24664,24664,24664,585,0,1,1,1,1,True,0
25029,creature,24664,24664,24664,585,0,1,1,1,1,True,0
26012,creature,29306,29306,29306,604,0,1,1,1,1,True,0
26013,creature,29306,29306,29306,604,0,1,1,2,2,False,0
26040,creature,12129,12129,12129,249,0,1,1,19,30,False,0
26040,creature,36572,36572,36572,249,1,1,1,19,30,False,0
26040,creature,23953,23953,23953,574,0,1,1,19,30,False,0
26040,creature,23954,23954,23954,574,0,1,1,19,30,False,0
26040,creature,30748,30748,30748,574,1,1,1,19,30,False,0
26040,creature,31673,31673,31673,574,1,1,1,19,30,False,0
26040,creature,26687,26687,26687,575,0,1,1,19,30,False,0
26040,creature,26693,26693,26693,575,0,1,1,19,30,False,0
26040,creature,26861,26861,26861,575,0,1,1,19,30,False,0
26040,creature,30774,30774,30774,575,1,1,1,19,30,False,0
26040,creature,30788,30788,30788,575,1,1,1,19,30,False,0
26040,creature,30807,30807,30807,575,1,1,1,19,30,False,0
26040,creature,26723,26723,26723,576,0,1,1,19,30,False,0
26040,creature,26731,26731,26731,576,0,1,1,19,30,False,0
26040,creature,26763,26763,26763,576,0,1,1,19,30,False,0
26040,creature,30510,30510,30510,576,1,1,1,19,30,False,0
26040,creature,30529,30529,30529,576,1,1,1,19,30,False,0
26040,creature,30532,30532,30532,576,1,1,1,19,30,False,0
26040,creature,30540,30540,30540,576,1,1,1,19,30,False,0
26040,creature,26529,26529,26529,595,0,1,1,19,30,False,0
26040,creature,26530,26530,26530,595,0,1,1,19,30,False,0
26040,creature,26532,26532,26532,595,0,1,1,19,30,False,0
26040,creature,31211,31211,31211,595,1,1,1,19,30,False,0
26040,creature,31212,31212,31212,595,1,1,1,19,30,False,0
26040,creature,31215,31215,31215,595,1,1,1,19,30,False,0
26040,creature,26630,26630,26630,600,0,1,1,19,30,False,0
26040,creature,26631,26631,26631,600,0,1,1,19,30,False,0
26040,creature,26632,26632,26632,600,0,1,1,19,30,False,0
26040,creature,31349,31349,31349,600,1,1,1,19,30,False,0
26040,creature,31350,31350,31350,600,1,1,1,19,30,False,0
26040,creature,31360,31360,31360,600,1,1,1,19,30,False,0
26040,creature,31362,31362,31362,600,1,1,1,19,30,False,0
26040,creature,28684,28684,28684,601,0,1,1,19,30,False,0
26040,creature,28921,28921,28921,601,0,1,1,19,30,False,0
26040,creature,29120,29120,29120,601,0,1,1,19,30,False,0
26040,creature,31610,31610,31610,601,1,1,1,19,30,False,0
26040,creature,31611,31611,31611,601,1,1,1,19,30,False,0
26040,creature,31612,31612,31612,601,1,1,1,19,30,False,0
26040,creature,28586,28586,28586,602,0,1,1,19,30,False,0
26040,creature,28587,28587,28587,602,0,1,1,19,30,False,0
26040,creature,28923,28923,28923,602,0,1,1,19,30,False,0
26040,creature,31533,31533,31533,602,1,1,1,19,30,False,0
26040,creature,31536,31536,31536,602,1,1,1,19,30,False,0
26040,creature,31537,31537,31537,602,1,1,1,19,30,False,0
26040,creature,31538,31538,31538,602,1,1,1,19,30,False,0
26040,creature,29304,29304,29304,604,0,1,1,19,30,False,0
26040,creature,29305,29305,29305,604,0,1,1,19,30,False,0
26040,creature,29306,29306,29306,604,0,1,1,19,30,False,0
26040,creature,29932,29932,29932,604,0,1,1,19,30,False,0
26040,creature,30530,30530,30530,604,1,1,1,19,30,False,0
26040,creature,31368,31368,31368,604,1,1,1,19,30,False,0
26040,creature,31370,31370,31370,604,1,1,1,19,30,False,0
26040,creature,29266,29266,29266,608,0,1,1,19,30,False,0
26040,creature,29312,29312,29312,608,0,1,1,19,30,False,0
26040,creature,29313,29313,29313,608,0,1,1,19,30,False,0
26040,creature,29314,29314,29314,608,0,1,1,19,30,False,0
26040,creature,29315,29315,29315,608,0,1,1,19,30,False,0
26040,creature,29316,29316,29316,608,0,1,1,19,30,False,0
26040,creature,31134,31134,31134,608,0,1,1,19,30,False,0
26040,creature,31506,31506,31506,608,1,1,1,19,30,False,0
26040,creature,31507,31507,31507,608,1,1,1,19,30,False,0
26040,creature,31508,31508,31508,608,1,1,1,19,30,False,0
26040,creature,31509,31509,31509,608,1,1,1,19,30,False,0
26040,creature,31510,31510,31510,608,1,1,1,19,30,False,0
26040,creature,31511,31511,31511,608,1,1,1,19,30,False,0
26040,creature,31512,31512,31512,608,1,1,1,19,30,False,0
26040,creature,30453,30453,30453,615,0,1,1,19,30,False,0
26040,creature,30680,30680,30680,615,0,1,1,19,30,False,0
26040,creature,30681,30681,30681,615,0,1,1,19,30,False,0
26040,creature,30682,30682,30682,615,0,1,1,19,30,False,0
26040,creature,30999,30999,30998,615,1,1,1,19,30,False,0
26040,creature,29308,29308,29308,619,0,1,1,19,30,False,0
26040,creature,29309,29309,29309,619,0,1,1,19,30,False,0
26040,creature,29310,29310,29310,619,0,1,1,19,30,False,0
26040,creature,29311,29311,29311,619,0,1,1,19,30,False,0
26040,creature,31456,31456,31456,619,1,1,1,19,30,False,0
26040,creature,31463,31463,31463,619,1,1,1,19,30,False,0
26040,creature,31464,31464,31464,619,1,1,1,19,30,False,0
26040,creature,31465,31465,31465,619,1,1,1,19,30,False,0
26040,creature,31469,31469,31469,619,1,1,1,19,30,False,0
30001,creature,11982,11982,11982,409,0,1,1,1,1,True,0
30001,creature,11988,11988,11988,409,0,1,1,1,1,True,0
30001,creature,12056,12056,12056,409,0,1,1,1,1,True,0
30001,creature,12057,12057,12057,409,0,1,1,1,1,True,0
30001,creature,12118,12118,12118,409,0,1,1,1,1,True,0
30001,creature,12259,12259,12259,409,0,1,1,1,1,True,0
30001,creature,12264,12264,12264,409,0,1,1,1,1,True,0
30337,creature,11981,11981,11981,469,0,1,1,1,1,True,0
30338,creature,11982,11982,11982,409,0,1,1,1,1,True,0
30339,creature,11982,11982,11982,409,0,1,1,1,1,True,0
30340,creature,11982,11982,11982,409,0,1,1,1,1,True,0
30341,creature,11983,11983,11983,469,0,1,1,1,1,True,0
30342,creature,11981,11981,11981,469,0,1,1,1,1,True,0
30342,creature,11983,11983,11983,469,0,1,1,1,1,True,0
30342,creature,14601,14601,14601,469,0,1,1,1,1,True,0
30343,creature,11988,11988,11988,409,0,1,1,1,1,True,0
30344,creature,11988,11988,11988,409,0,1,1,1,1,True,0
30345,creature,11988,11988,11988,409,0,1,1,1,1,True,0
30346,creature,12017,12017,12017,469,0,1,1,1,1,True,0
30348,creature,12017,12017,12017,469,0,1,1,1,1,True,0
30349,creature,12056,12056,12056,409,0,1,1,1,1,True,0
30350,creature,12056,12056,12056,409,0,1,1,1,1,True,0
30352,creature,12057,12057,12057,409,0,1,1,1,1,True,0
30353,creature,12057,12057,12057,409,0,1,1,1,1,True,0
30354,creature,12057,12057,12057,409,0,1,1,1,1,True,0
30355,creature,12098,12098,12098,409,0,1,1,1,1,True,0
30356,creature,12098,12098,12098,409,0,1,1,1,1,True,0
30357,creature,12118,12118,12118,409,0,1,1,1,1,True,0
30365,creature,12259,12259,12259,409,0,1,1,1,1,True,0
30366,creature,12259,12259,12259,409,0,1,1,1,1,True,0
30367,creature,12264,12264,12264,409,0,1,1,1,1,True,0
30368,creature,12264,12264,12264,409,0,1,1,1,1,True,0
30369,creature,12435,12435,12435,469,0,1,1,1,1,True,0
30371,creature,12435,12435,12435,469,0,1,1,1,1,True,0
30372,creature,13020,13020,13020,469,0,1,1,1,1,True,0
30374,creature,13020,13020,13020,469,0,1,1,1,1,True,0
30379,creature,14020,14020,14020,469,0,1,1,1,1,True,0
30380,creature,14020,14020,14020,469,0,1,1,1,1,True,0
30382,creature,14020,14020,14020,469,0,1,1,1,1,True,0
30395,creature,14601,14601,14601,469,0,1,1,1,1,True,0
30398,creature,14834,14834,14834,309,0,1,1,1,1,True,0
30411,creature,15339,15339,15339,509,0,1,1,1,1,True,0
30411,creature,15340,15340,15340,509,0,1,1,1,1,True,0
30411,creature,15341,15341,15341,509,0,1,1,1,1,True,0
30411,creature,15348,15348,15348,509,0,1,1,1,1,True,0
30411,creature,15369,15369,15369,509,0,1,1,1,1,True,0
30411,creature,15370,15370,15370,509,0,1,1,1,1,True,0
30420,creature,15339,15339,15339,509,0,1,1,1,1,True,0
30421,creature,15339,15339,15339,509,0,1,1,1,1,True,0
30422,creature,15339,15339,15339,509,0,1,1,1,1,True,0
30423,creature,15339,15339,15339,509,0,1,1,1,1,True,0
30424,creature,15339,15339,15339,509,0,1,1,1,1,True,0
30425,creature,15339,15339,15339,509,0,1,1,1,1,True,0
30426,creature,15340,15340,15340,509,0,1,1,1,1,True,0
30426,creature,15341,15341,15341,509,0,1,1,1,1,True,0
30426,creature,15348,15348,15348,509,0,1,1,1,1,True,0
30426,creature,15369,15369,15369,509,0,1,1,1,1,True,0
30426,creature,15370,15370,15370,509,0,1,1,1,1,True,0
30427,creature,15340,15340,15340,509,0,1,1,1,1,True,0
30427,creature,15341,15341,15341,509,0,1,1,1,1,True,0
30427,creature,15369,15369,15369,509,0,1,1,1,1,True,0
30427,creature,15370,15370,15370,509,0,1,1,1,1,True,0
30428,creature,15340,15340,15340,509,0,1,1,1,1,True,0
30429,creature,15340,15340,15340,509,0,1,1,1,1,True,0
30430,creature,15340,15340,15340,509,0,1,1,1,1,True,0
30431,creature,15341,15341,15341,509,0,1,1,1,1,True,0
30431,creature,15348,15348,15348,509,0,1,1,1,1,True,0
30432,creature,15341,15341,15341,509,0,1,1,1,1,True,0
30433,creature,15348,15348,15348,509,0,1,1,1,1,True,0
30434,creature,15369,15369,15369,509,0,1,1,1,1,True,0
30434,creature,15370,15370,15370,509,0,1,1,1,1,True,0
30435,creature,15369,15369,15369,509,0,1,1,1,1,True,0
30436,creature,15370,15370,15370,509,0,1,1,1,1,True,0
30488,creature,12118,12118,12118,409,0,1,1,1,1,True,0
30546,creature,14507,14507,14507,309,0,1,1,1,1,True,0
30546,creature,14509,14509,14509,309,0,1,1,1,1,True,0
30546,creature,14510,14510,14510,309,0,1,1,1,1,True,0
30546,creature,14517,14517,14517,309,0,1,1,1,1,True,0
34000,creature,10184,10184,10184,249,0,1,1,1,1,True,0
34001,creature,36538,36538,36538,249,1,1,1,1,1,True,0
34017,creature,15687,15687,15687,532,0,1,1,1,1,True,0
34018,creature,16457,16457,16457,532,0,1,1,1,1,True,0
34019,creature,15688,15688,15688,532,0,1,1,1,1,True,0
34020,creature,16524,16524,16524,532,0,1,1,1,1,True,0
34021,creature,15689,15689,15689,532,0,1,1,1,1,True,0
34022,creature,17225,17225,17225,532,0,1,1,1,1,True,0
34039,creature,17257,17257,17257,544,0,1,1,1,1,True,0
34040,creature,15952,15952,15952,533,0,1,1,1,1,True,0
34041,creature,15936,15936,15936,533,0,1,1,1,1,True,0
34042,creature,15954,15954,15954,533,0,1,1,1,1,True,0
34043,creature,15989,15989,15989,533,0,1,1,1,1,True,0
34044,creature,15990,15990,15990,533,0,1,1,1,1,True,0
34045,creature,15263,15263,15263,531,0,1,1,1,1,True,0
34045,creature,15275,15275,15275,531,0,1,1,1,1,True,0
34045,creature,15276,15276,15276,531,0,1,1,1,1,True,0
34045,creature,15299,15299,15299,531,0,1,1,1,1,True,0
34045,creature,15509,15509,15509,531,0,1,1,1,1,True,0
34045,creature,15510,15510,15510,531,0,1,1,1,1,True,0
34045,creature,15511,15511,15511,531,0,1,1,1,1,True,0
34045,creature,15516,15516,15516,531,0,1,1,1,1,True,0
34045,creature,15543,15543,15543,531,0,1,1,1,1,True,0
34045,creature,15544,15544,15544,531,0,1,1,1,1,True,0
34045,creature,15727,15727,15727,531,0,1,1,1,1,True,0
34046,creature,15275,15275,15275,531,0,1,1,1,1,True,0
34046,creature,15276,15276,15276,531,0,1,1,1,1,True,0
34046,creature,15299,15299,15299,531,0,1,1,1,1,True,0
34046,creature,15509,15509,15509,531,0,1,1,1,1,True,0
34046,creature,15510,15510,15510,531,0,1,1,1,1,True,0
34046,creature,15511,15511,15511,531,0,1,1,1,1,True,0
34046,creature,15516,15516,15516,531,0,1,1,1,1,True,0
34046,creature,15543,15543,15543,531,0,1,1,1,1,True,0
34046,creature,15544,15544,15544,531,0,1,1,1,1,True,0
34046,creature,15727,15727,15727,531,0,1,1,1,1,True,0
34047,creature,17257,17257,17257,544,0,1,1,1,1,True,0
34050,creature,18831,18831,18831,565,0,1,1,1,1,True,0
34051,creature,19044,19044,19044,565,0,1,1,1,1,True,0
34052,creature,21218,21218,21218,548,0,1,1,3,3,False,0
34052,creature,21220,21220,21220,548,0,1,1,3,3,False,0
34052,creature,21221,21221,21221,548,0,1,1,3,3,False,0
34052,creature,21224,21224,21224,548,0,1,1,3,3,False,0
34052,creature,21225,21225,21225,548,0,1,1,3,3,False,0
34052,creature,21226,21226,21226,548,0,1,1,3,3,False,0
34052,creature,21227,21227,21227,548,0,1,1,3,3,False,0
34052,creature,21228,21228,21228,548,0,1,1,3,3,False,0
34052,creature,21229,21229,21229,548,0,1,1,3,3,False,0
34052,creature,21230,21230,21230,548,0,1,1,3,3,False,0
34052,creature,21231,21231,21231,548,0,1,1,3,3,False,0
34052,creature,21232,21232,21232,548,0,1,1,3,3,False,0
34052,creature,21246,21246,21246,548,0,1,1,3,3,False,0
34052,creature,21251,21251,21251,548,0,1,1,3,3,False,0
34052,creature,21263,21263,21263,548,0,1,1,3,3,False,0
34052,creature,21298,21298,21298,548,0,1,1,3,3,False,0
34052,creature,21299,21299,21299,548,0,1,1,3,3,False,0
34052,creature,21301,21301,21301,548,0,1,1,3,3,False,0
34052,creature,21339,21339,21339,548,0,1,1,3,3,False,0
34052,creature,21863,21863,21863,548,0,1,1,3,3,False,0
34052,creature,20031,20031,20031,550,0,1,1,3,3,False,0
34052,creature,20032,20032,20032,550,0,1,1,3,3,False,0
34052,creature,20033,20033,20033,550,0,1,1,3,3,False,0
34052,creature,20034,20034,20034,550,0,1,1,3,3,False,0
34052,creature,20035,20035,20035,550,0,1,1,3,3,False,0
34052,creature,20036,20036,20036,550,0,1,1,3,3,False,0
34052,creature,20037,20037,20037,550,0,1,1,3,3,False,0
34052,creature,20039,20039,20039,550,0,1,1,3,3,False,0
34052,creature,20040,20040,20040,550,0,1,1,3,3,False,0
34052,creature,20041,20041,20041,550,0,1,1,3,3,False,0
34052,creature,20042,20042,20042,550,0,1,1,3,3,False,0
34052,creature,20043,20043,20043,550,0,1,1,3,3,False,0
34052,creature,20044,20044,20044,550,0,1,1,3,3,False,0
34052,creature,20045,20045,20045,550,0,1,1,3,3,False,0
34052,creature,20046,20046,20046,550,0,1,1,3,3,False,0
34052,creature,20048,20048,20048,550,0,1,1,3,3,False,0
34052,creature,20049,20049,20049,550,0,1,1,3,3,False,0
34052,creature,20050,20050,20050,550,0,1,1,3,3,False,0
34052,creature,20052,20052,20052,550,0,1,1,3,3,False,0
34053,creature,19514,19514,19514,550,0,1,1,1,1,True,0
34063,creature,17968,17968,17968,534,0,1,1,1,1,True,0
34069,creature,22841,22841,22841,564,0,1,1,1,1,True,0
34069,creature,22871,22871,22871,564,0,1,1,1,1,True,0
34069,creature,22887,22887,22887,564,0,1,1,1,1,True,0
34069,creature,22898,22898,22898,564,0,1,1,1,1,True,0
34069,creature,22917,22917,22917,564,0,1,1,1,1,True,0
34069,creature,22947,22947,22947,564,0,1,1,1,1,True,0
34069,creature,22948,22948,22948,564,0,1,1,1,1,True,0
34078,creature,24239,24239,24239,568,0,1,1,1,1,True,0
34079,creature,23863,23863,23863,568,0,1,1,1,1,True,0
34081,creature,25165,25165,25165,580,0,1,1,1,1,True,0
34081,creature,25166,25166,25166,580,0,1,1,1,1,True,0
34082,creature,24892,24892,24892,580,0,1,1,0,0,False,0
34083,creature,24882,24882,24882,580,0,1,1,1,1,True,0
34085,creature,25165,25165,25165,580,0,1,1,1,1,True,0
34085,creature,25166,25166,25166,580,0,1,1,1,1,True,0
34086,creature,14507,14507,14507,309,0,1,1,1,1,True,0
34086,creature,14509,14509,14509,309,0,1,1,1,1,True,0
34086,creature,14510,14510,14510,309,0,1,1,1,1,True,0
34086,creature,14517,14517,14517,309,0,1,1,1,1,True,0
34087,creature,11380,11380,11380,309,0,1,1,1,1,True,0
34087,creature,11382,11382,11382,309,0,1,1,1,1,True,0
34088,creature,11382,11382,11382,309,0,1,1,1,1,True,0
34089,creature,11380,11380,11380,309,0,1,1,1,1,True,0
34090,creature,14834,14834,14834,309,0,1,1,1,1,True,0
34092,creature,19514,19514,19514,550,0,1,1,1,1,True,0
34093,creature,22844,22844,22844,564,0,1,1,2,2,False,0
34093,creature,22845,22845,22845,564,0,1,1,2,2,False,0
34093,creature,22846,22846,22846,564,0,1,1,2,2,False,0
34093,creature,22847,22847,22847,564,0,1,1,2,2,False,0
34093,creature,22853,22853,22853,564,0,1,1,2,2,False,0
34093,creature,22855,22855,22855,564,0,1,1,2,2,False,0
34093,creature,22869,22869,22869,564,0,1,1,2,2,False,0
34093,creature,22873,22873,22873,564,0,1,1,2,2,False,0
34093,creature,22874,22874,22874,564,0,1,1,2,2,False,0
34093,creature,22875,22875,22875,564,0,1,1,2,2,False,0
34093,creature,22876,22876,22876,564,0,1,1,2,2,False,0
34093,creature,22877,22877,22877,564,0,1,1,2,2,False,0
34093,creature,22878,22878,22878,564,0,1,1,2,2,False,0
34093,creature,22879,22879,22879,564,0,1,1,2,2,False,0
34093,creature,22880,22880,22880,564,0,1,1,2,2,False,0
34093,creature,22881,22881,22881,564,0,1,1,2,2,False,0
34093,creature,22882,22882,22882,564,0,1,1,2,2,False,0
34093,creature,22884,22884,22884,564,0,1,1,2,2,False,0
34093,creature,22885,22885,22885,564,0,1,1,2,2,False,0
34093,creature,22939,22939,22939,564,0,1,1,2,2,False,0
34093,creature,22945,22945,22945,564,0,1,1,2,2,False,0
34093,creature,22946,22946,22946,564,0,1,1,2,2,False,0
34093,creature,22953,22953,22953,564,0,1,1,2,2,False,0
34093,creature,22954,22954,22954,564,0,1,1,2,2,False,0
34093,creature,22955,22955,22955,564,0,1,1,2,2,False,0
34093,creature,22956,22956,22956,564,0,1,1,2,2,False,0
34093,creature,22957,22957,22957,564,0,1,1,2,2,False,0
34093,creature,22959,22959,22959,564,0,1,1,2,2,False,0
34093,creature,22962,22962,22962,564,0,1,1,2,2,False,0
34093,creature,22964,22964,22964,564,0,1,1,2,2,False,0
34093,creature,22965,22965,22965,564,0,1,1,2,2,False,0
34093,creature,23018,23018,23018,564,0,1,1,2,2,False,0
34093,creature,23047,23047,23047,564,0,1,1,2,2,False,0
34093,creature,23049,23049,23049,564,0,1,1,2,2,False,0
34093,creature,23172,23172,23172,564,0,1,1,2,2,False,0
34093,creature,23196,23196,23196,564,0,1,1,2,2,False,0
34093,creature,23222,23222,23222,564,0,1,1,2,2,False,0
34093,creature,23223,23223,23223,564,0,1,1,2,2,False,0
34093,creature,23232,23232,23232,564,0,1,1,2,2,False,0
34093,creature,23235,23235,23235,564,0,1,1,2,2,False,0
34093,creature,23236,23236,23236,564,0,1,1,2,2,False,0
34093,creature,23237,23237,23237,564,0,1,1,2,2,False,0
34093,creature,23239,23239,23239,564,0,1,1,2,2,False,0
34093,creature,23330,23330,23330,564,0,1,1,2,2,False,0
34093,creature,23337,23337,23337,564,0,1,1,2,2,False,0
34093,creature,23339,23339,23339,564,0,1,1,2,2,False,0
34093,creature,23374,23374,23374,564,0,1,1,2,2,False,0
34093,creature,23394,23394,23394,564,0,1,1,2,2,False,0
34093,creature,23397,23397,23397,564,0,1,1,2,2,False,0
34093,creature,23400,23400,23400,564,0,1,1,2,2,False,0
34093,creature,23402,23402,23402,564,0,1,1,2,2,False,0
34093,creature,23403,23403,23403,564,0,1,1,2,2,False,0
34096,creature,25315,25315,25315,580,0,1,1,0,0,False,0
34097,creature,19044,19044,19044,565,0,1,1,1,1,True,0
34098,creature,15956,15956,15956,533,0,1,1,1,1,True,0
34099,creature,15953,15953,15953,533,0,1,1,1,1,True,0
34100,creature,16028,16028,16028,533,0,1,1,1,1,True,0
34101,creature,15931,15931,15931,533,0,1,1,1,1,True,0
34102,creature,16061,16061,16061,533,0,1,1,1,1,True,0
34103,creature,16060,16060,16060,533,0,1,1,1,1,True,0
34106,reference,34112,34112,34112,603,0,1,1,1,2,True,1
34106,reference,34156,34156,34156,603,0,1,1,1,2,True,1
34106,reference,34156,34156,34156,603,1,1,1,1,2,True,1
34107,reference,34112,34112,34112,603,0,1,1,1,2,True,1
34107,reference,34156,34156,34156,603,0,1,1,1,2,True,1
34107,reference,34156,34156,34156,603,1,1,1,1,2,True,1
34108,reference,34112,34112,34112,603,0,1,1,1,2,True,1
34108,reference,34156,34156,34156,603,0,1,1,1,2,True,1
34108,reference,34156,34156,34156,603,1,1,1,1,2,True,1
34109,reference,34112,34112,34112,603,0,1,1,1,2,True,1
34109,reference,34156,34156,34156,603,0,1,1,1,2,True,1
34109,reference,34156,34156,34156,603,1,1,1,1,2,True,1
34110,reference,34112,34112,34112,603,0,1,1,3,4,True,1
34110,reference,34156,34156,34156,603,0,1,1,3,4,True,1
34110,reference,34156,34156,34156,603,1,1,1,3,4,True,1
34111,reference,34112,34112,34112,603,0,1,1,1,1,True,1
34112,creature,34069,34069,33755,603,0,1,1,1,1,True,0
34112,creature,34085,34085,34183,603,0,1,1,1,1,True,0
34113,reference,34115,34115,34115,603,0,1,1,1,2,True,1
34113,reference,34115,34115,34115,603,1,1,1,1,2,True,1
34114,reference,34115,34115,34115,603,0,1,1,1,2,True,1
34114,reference,34115,34115,34115,603,1,1,1,1,2,True,1
34115,creature,34085,34085,34183,603,0,1,1,1,2,True,0
34115,creature,34186,34186,33700,603,1,1,1,1,2,True,0
34116,creature,22841,22841,22841,564,0,1,1,1,1,True,0
34116,creature,22871,22871,22871,564,0,1,1,1,1,True,0
34116,creature,22887,22887,22887,564,0,1,1,1,1,True,0
34116,creature,22898,22898,22898,564,0,1,1,1,1,True,0
34116,creature,22917,22917,22917,564,0,1,1,1,1,True,0
34133,creature,30061,30061,30061,533,1,1,1,1,1,True,0
34134,gameobject,194821,194821,27030,603,0,1,1,0,0,False,0
34135,creature,29991,29991,29991,533,1,1,1,1,1,True,0
34136,creature,30061,30061,30061,533,1,1,1,1,1,True,0
34137,creature,29249,29249,29249,533,1,1,1,1,1,True,0
34138,creature,29268,29268,29268,533,1,1,1,1,1,True,0
34139,creature,29278,29278,29278,533,1,1,1,1,1,True,0
34140,creature,29324,29324,29324,533,1,1,1,1,1,True,0
34141,creature,29373,29373,29373,533,1,1,1,1,1,True,0
34142,creature,29417,29417,29417,533,1,1,1,1,1,True,0
34143,creature,29448,29448,29448,533,1,1,1,1,1,True,0
34144,creature,29940,29940,29940,533,1,1,1,1,1,True,0
34145,creature,29955,29955,29955,533,1,1,1,1,1,True,0
34147,creature,29615,29615,29615,533,1,1,1,1,1,True,0
34148,creature,29701,29701,29701,533,1,1,1,1,1,True,0
34149,creature,29718,29718,29718,533,1,1,1,1,1,True,0
34150,creature,23574,23574,23574,568,0,1,1,1,1,True,0
34151,creature,23576,23576,23576,568,0,1,1,1,1,True,0
34152,creature,23578,23578,23578,568,0,1,1,1,1,True,0
34153,creature,23577,23577,23577,568,0,1,1,1,1,True,0
34154,creature,33190,33190,33190,603,1,1,1,2,2,False,0
34154,creature,33449,33449,33449,603,1,1,1,2,2,False,0
34154,creature,33692,33692,33692,603,1,1,1,2,2,False,0
34154,creature,33693,33693,33693,603,1,1,1,2,2,False,0
34154,creature,33694,33694,33694,603,1,1,1,2,2,False,0
34154,creature,33724,33724,33724,603,1,1,1,2,2,False,0
34154,creature,33885,33885,33885,603,1,1,1,2,2,False,0
34154,creature,33955,33955,33955,603,1,1,1,2,2,False,0
34154,creature,34003,34003,34003,603,1,1,1,2,2,False,0
34154,creature,34175,34175,34175,603,1,1,1,2,2,False,0
34154,gameobject,194822,194822,26974,603,1,1,1,2,2,False,0
34154,gameobject,194958,194958,26967,603,1,1,1,2,2,False,0
34154,gameobject,195047,195047,26929,603,1,1,1,2,2,False,0
34155,reference,34156,34156,34156,603,0,1,1,1,2,True,1
34155,reference,34156,34156,34156,603,1,1,1,1,2,True,1
34156,creature,33528,33528,33528,603,0,1,1,1,2,True,0
34156,creature,34185,34185,33729,603,1,1,1,1,2,True,0
34156,creature,34186,34186,33700,603,1,1,1,1,2,True,0
34166,creature,31311,31311,31311,615,1,1,1,1,1,True,0
34203,creature,31125,31125,31125,624,0,1,1,1,2,True,0
34203,creature,33993,33993,33993,624,0,1,1,1,2,True,0
34203,creature,38433,38433,38433,624,0,1,1,1,2,True,0
34203,creature,31722,31722,31722,624,1,1,1,1,2,True,0
34203,creature,33994,33994,33994,624,1,1,1,1,2,True,0
34203,creature,35360,35360,35360,624,1,1,1,1,2,True,0
34203,creature,38462,38462,38462,624,1,1,1,1,2,True,0
34204,creature,35013,35013,35013,624,0,1,1,1,1,True,0
34205,creature,35360,35360,35360,624,1,1,1,1,1,True,0
34206,creature,38433,38433,38433,624,0,1,1,1,1,True,0
34207,creature,38462,38462,38462,624,1,1,1,1,1,True,0
34208,creature,33993,33993,33993,624,0,1,1,1,1,True,0
34209,creature,31125,31125,31125,624,0,1,1,1,1,True,0
34210,creature,35013,35013,35013,624,0,1,1,1,1,True,0
34211,creature,35013,35013,35013,624,0,1,1,1,1,True,0
34212,creature,35360,35360,35360,624,1,1,1,1,1,True,0
34213,creature,35360,35360,35360,624,1,1,1,1,1,True,0
34215,creature,33994,33994,33994,624,1,1,1,1,1,True,0
34216,creature,31722,31722,31722,624,1,1,1,1,1,True,0
34230,creature,36612,36612,36612,631,0,1,1,1,1,True,0
34231,creature,36855,36855,36855,631,0,1,1,1,1,True,0
34232,creature,36626,36626,36626,631,0,1,1,1,1,True,0
34233,creature,36627,36627,36627,631,0,1,1,1,1,True,0
34234,creature,36678,36678,36678,631,0,1,1,1,1,True,0
34235,creature,37970,37970,37970,631,0,1,1,1,1,True,0
34236,creature,37955,37955,37955,631,0,1,1,1,1,True,0
34238,creature,36597,36597,36597,631,0,1,1,1,1,True,0
34242,creature,37957,37957,37957,631,1,1,1,1,1,True,0
34243,creature,38106,38106,38106,631,1,1,1,1,1,True,0
34244,creature,37504,37504,37504,631,1,1,1,1,1,True,0
34245,creature,38390,38390,38390,631,1,1,1,1,1,True,0
34247,creature,38434,38434,38434,631,1,1,1,1,1,True,0
34248,creature,38401,38401,38401,631,1,1,1,1,1,True,0
34250,creature,39166,39166,39166,631,1,1,1,1,1,True,0
34254,creature,37958,37958,37958,631,2,1,1,1,1,True,0
34255,creature,38296,38296,38296,631,2,1,1,1,1,True,0
34256,creature,37505,37505,37505,631,2,1,1,1,1,True,0
34257,creature,38549,38549,38549,631,2,1,1,1,1,True,0
34258,creature,38585,38585,38585,631,2,1,1,1,1,True,0
34259,creature,38784,38784,38784,631,2,1,1,1,1,True,0
34260,creature,38435,38435,38435,631,2,1,1,1,1,True,0
34262,creature,39167,39167,39167,631,2,1,1,1,1,True,0
34266,creature,37959,37959,37959,631,3,1,1,1,1,True,0
34267,creature,38297,38297,38297,631,3,1,1,1,1,True,0
34268,creature,37506,37506,37506,631,3,1,1,1,1,True,0
34269,creature,38550,38550,38550,631,3,1,1,1,1,True,0
34271,creature,38785,38785,38785,631,3,1,1,1,1,True,0
34272,creature,38436,38436,38436,631,3,1,1,1,1,True,0
34274,creature,39168,39168,39168,631,3,1,1,1,1,True,0
34278,creature,38431,38431,38431,631,1,1,1,1,4,True,0
34278,creature,38434,38434,38434,631,1,1,1,1,4,True,0
34278,creature,39166,39166,39166,631,1,1,1,1,4,True,0
34278,creature,38435,38435,38435,631,2,1,1,1,4,True,0
34278,creature,38585,38585,38585,631,2,1,1,1,4,True,0
34278,creature,39167,39167,39167,631,2,1,1,1,4,True,0
34278,creature,38436,38436,38436,631,3,1,1,1,4,True,0
34278,creature,38586,38586,38586,631,3,1,1,1,4,True,0
34278,creature,39168,39168,39168,631,3,1,1,1,4,True,0
34279,creature,38436,38436,38436,631,3,1,1,1,2,True,0
34279,creature,38586,38586,38586,631,3,1,1,1,2,True,0
34279,creature,39168,39168,39168,631,3,1,1,1,2,True,0
34280,creature,39863,39863,39863,724,0,1,1,1,1,True,0
34281,creature,39944,39944,39944,724,2,1,1,1,1,True,0
34282,creature,39864,39864,39864,724,1,1,1,1,1,True,0
34283,creature,39945,39945,39945,724,3,1,1,1,1,True,0
34284,creature,23872,23872,23872,230,0,1,1,1,1,True,0
34294,creature,34797,34797,34797,649,0,1,1,0,0,False,0
34295,creature,34780,34780,34780,649,0,1,1,0,0,False,0
34297,creature,34496,34496,34496,649,0,1,1,0,0,False,0
34298,creature,34564,34564,34564,649,0,1,1,0,0,False,0
34300,creature,34797,34797,34797,649,0,1,1,0,0,False,0
34301,creature,34780,34780,34780,649,0,1,1,0,0,False,0
34303,creature,34496,34496,34496,649,0,1,1,0,0,False,0
34304,creature,34564,34564,34564,649,0,1,1,0,0,False,0
34306,creature,35448,35448,35448,649,2,1,1,0,0,False,0
34307,creature,35268,35268,35268,649,2,1,1,0,0,False,0
34309,creature,35348,35348,35348,649,2,1,1,0,0,False,0
34310,creature,35615,35615,35615,649,2,1,1,0,0,False,0
34312,creature,35268,35268,35268,649,2,1,1,0,0,False,0
34312,creature,35348,35348,35348,649,2,1,1,0,0,False,0
34312,creature,35448,35448,35448,649,2,1,1,0,0,False,0
34312,creature,35615,35615,35615,649,2,1,1,0,0,False,0
34313,creature,35448,35448,35448,649,2,1,1,0,0,False,0
34314,creature,35268,35268,35268,649,2,1,1,0,0,False,0
34316,creature,35348,35348,35348,649,2,1,1,0,0,False,0
34317,creature,35615,35615,35615,649,2,1,1,0,0,False,0
34319,creature,35268,35268,35268,649,2,1,1,0,0,False,0
34319,creature,35348,35348,35348,649,2,1,1,0,0,False,0
34319,creature,35448,35448,35448,649,2,1,1,0,0,False,0
34319,creature,35615,35615,35615,649,2,1,1,0,0,False,0
34320,creature,35447,35447,35447,649,1,1,1,0,0,False,0
34321,creature,35216,35216,35216,649,1,1,1,0,0,False,0
34323,creature,35347,35347,35347,649,1,1,1,0,0,False,0
34324,creature,34566,34566,34566,649,1,1,1,0,0,False,0
34326,creature,34566,34566,34566,649,1,1,1,0,0,False,0
34326,creature,35216,35216,35216,649,1,1,1,0,0,False,0
34326,creature,35347,35347,35347,649,1,1,1,0,0,False,0
34326,creature,35447,35447,35447,649,1,1,1,0,0,False,0
34327,creature,35447,35447,35447,649,1,1,1,0,0,False,0
34328,creature,35216,35216,35216,649,1,1,1,0,0,False,0
34330,creature,35347,35347,35347,649,1,1,1,0,0,False,0
34331,creature,34566,34566,34566,649,1,1,1,0,0,False,0
34333,creature,34566,34566,34566,649,1,1,1,0,0,False,0
34333,creature,35216,35216,35216,649,1,1,1,0,0,False,0
34333,creature,35347,35347,35347,649,1,1,1,0,0,False,0
34333,creature,35447,35447,35447,649,1,1,1,0,0,False,0
34334,creature,35449,35449,35449,649,3,1,1,0,0,False,0
34335,creature,35269,35269,35269,649,3,1,1,0,0,False,0
34337,creature,35349,35349,35349,649,3,1,1,0,0,False,0
34338,creature,35616,35616,35616,649,3,1,1,0,0,False,0
34340,creature,35269,35269,35269,649,3,1,1,1,1,False,0
34340,creature,35349,35349,35349,649,3,1,1,1,1,False,0
34340,creature,35449,35449,35449,649,3,1,1,1,1,False,0
34340,creature,35616,35616,35616,649,3,1,1,1,1,False,0
34341,creature,35449,35449,35449,649,3,1,1,0,0,False,0
34342,creature,35269,35269,35269,649,3,1,1,0,0,False,0
34344,creature,35349,35349,35349,649,3,1,1,0,0,False,0
34345,creature,35616,35616,35616,649,3,1,1,0,0,False,0
34347,creature,35269,35269,35269,649,3,1,1,1,1,False,0
34347,creature,35349,35349,35349,649,3,1,1,1,1,False,0
34347,creature,35449,35449,35449,649,3,1,1,1,1,False,0
34347,creature,35616,35616,35616,649,3,1,1,1,1,False,0
34349,creature,33113,33113,33113,603,0,1,1,1,2,True,0
34349,creature,33955,33955,33955,603,1,2,1,1,2,False,0
34349,creature,34003,34003,34003,603,1,1,1,1,2,True,0
34349,creature,34003,34003,34003,603,1,2,1,1,2,True,0
34350,creature,33449,33449,33449,603,1,1,1,1,1,True,0
34350,creature,33955,33955,33955,603,1,1,1,1,1,False,0
34350,creature,34003,34003,34003,603,1,1,1,1,1,True,0
34351,creature,33113,33113,33113,603,0,1,1,1,1,True,0
34352,creature,34003,34003,34003,603,1,1,1,1,1,True,0
34353,creature,33118,33118,33118,603,0,1,1,1,1,True,0
34354,creature,33190,33190,33190,603,1,1,1,1,1,True,0
34355,creature,33186,33186,33186,603,0,1,1,1,1,True,0
34356,creature,33724,33724,33724,603,1,1,1,1,1,True,0
34357,creature,33293,33293,33293,603,0,1,1,1,1,True,0
34358,creature,33885,33885,33885,603,1,1,1,1,1,True,0
34359,creature,32857,32857,32857,603,0,1,1,1,1,True,0
34359,creature,32867,32867,32867,603,0,1,1,1,1,True,0
34359,creature,32927,32927,32927,603,0,1,1,1,1,True,0
34360,creature,33692,33692,33692,603,1,1,1,1,1,True,0
34360,creature,33693,33693,33693,603,1,1,1,1,1,True,0
34360,creature,33694,33694,33694,603,1,1,1,1,1,True,0
34361,gameobject,195046,195046,27061,603,0,1,1,0,0,False,0
34362,gameobject,195047,195047,26929,603,1,1,1,0,0,False,0
34363,creature,33515,33515,33515,603,0,1,1,1,1,True,0
34364,creature,34175,34175,34175,603,1,1,1,1,1,True,0
34369,gameobject,194957,194957,27086,603,0,1,1,0,0,False,0
34370,gameobject,194958,194958,26967,603,1,1,1,0,0,False,0
34373,creature,33271,33271,33271,603,0,1,1,1,1,True,0
34374,creature,33449,33449,33449,603,1,1,1,1,1,True,0
34375,creature,33288,33288,33288,603,0,1,1,0,0,False,0
34376,creature,33955,33955,33955,603,1,1,1,0,0,False,0
34379,creature,37126,37126,37126,631,0,1,1,1,2,True,0
34379,creature,38258,38258,37126,631,1,1,1,1,2,True,0
34380,creature,29448,29448,29448,533,1,1,1,1,1,True,0
34381,creature,29718,29718,29718,533,1,1,1,1,1,True,0
34383,creature,29417,29417,29417,533,1,1,1,1,1,True,0
35001,creature,17798,17798,17798,545,0,1,1,2,3,False,0
35001,creature,20633,20633,20633,545,1,1,1,2,3,False,0
35002,creature,18708,18708,18708,555,0,1,1,1,2,True,0
35002,creature,20657,20657,20657,555,1,1,1,1,2,True,0
35003,creature,16808,16808,16808,540,0,1,1,1,2,True,0
35003,creature,20597,20597,20597,540,1,1,1,1,2,True,0
35005,creature,19220,19220,19220,554,0,1,1,1,2,True,0
35005,creature,21537,21537,21537,554,1,1,1,1,2,True,0
35006,creature,17977,17977,17977,553,0,1,1,1,2,True,0
35006,creature,21582,21582,21582,553,1,1,1,1,2,True,0
35008,creature,24664,24664,24664,585,0,1,1,1,2,True,0
35008,creature,24857,24857,24857,585,1,1,1,1,2,True,0
35009,creature,12201,12201,12201,349,0,1,1,1,1,True,0
35010,creature,5712,5712,5712,109,0,1,1,1,1,True,0
35010,creature,5713,5713,5713,109,0,1,1,1,1,True,0
35010,creature,5714,5714,5714,109,0,1,1,1,1,True,0
35010,creature,5715,5715,5715,109,0,1,1,1,1,True,0
35010,creature,5716,5716,5716,109,0,1,1,1,1,True,0
35010,creature,5717,5717,5717,109,0,1,1,1,1,True,0
35011,creature,5719,5719,5719,109,0,1,1,1,1,True,0
35011,creature,5720,5720,5720,109,0,1,1,1,1,True,0
35011,creature,5721,5721,5721,109,0,1,1,1,1,True,0
35011,creature,5722,5722,5722,109,0,1,1,1,1,True,0
35013,creature,5709,5709,5709,109,0,1,1,1,1,True,0
35014,creature,9019,9019,9019,230,0,1,1,1,1,True,0
35016,creature,11487,11487,11487,429,0,1,1,1,1,True,0
35016,creature,11488,11488,11488,429,0,1,1,1,1,True,0
35016,creature,11489,11489,11489,429,0,1,1,1,1,True,0
35016,creature,11490,11490,11490,429,0,1,1,1,1,True,0
35016,creature,11492,11492,11492,429,0,1,1,1,1,True,0
35016,creature,11496,11496,11496,429,0,1,1,1,1,True,0
35016,creature,11501,11501,11501,429,0,1,1,1,1,True,0
35016,creature,13280,13280,13280,429,0,1,1,1,1,True,0
35016,creature,14321,14321,14321,429,0,1,1,1,1,True,0
35016,creature,14323,14323,14323,429,0,1,1,1,1,True,0
35016,creature,14324,14324,14324,429,0,1,1,1,1,True,0
35016,creature,14325,14325,14325,429,0,1,1,1,1,True,0
35016,creature,14354,14354,14354,429,0,1,1,1,1,True,0
35017,creature,11492,11492,11492,429,0,1,1,1,1,True,0
35018,creature,14323,14323,14323,429,0,1,1,1,1,True,0
35018,creature,14326,14326,14326,429,0,1,1,1,1,True,0
35019,creature,11501,11501,11501,429,0,1,1,1,1,True,0
35020,creature,11496,11496,11496,429,0,1,1,1,1,True,0
35021,creature,11486,11486,11486,429,0,1,1,1,1,True,0
35022,creature,10429,10429,10429,229,0,1,1,1,1,True,0
35023,creature,10430,10430,10430,229,0,1,1,1,1,True,0
35025,creature,10363,10363,10363,229,0,1,1,1,1,True,0
35026,creature,10997,10997,10997,329,0,1,1,1,1,True,0
35028,creature,10440,10440,10440,329,0,1,1,1,1,True,0
35029,creature,11490,11490,11490,429,0,1,1,1,1,True,0
35029,creature,11492,11492,11492,429,0,1,1,1,1,True,0
35029,creature,13280,13280,13280,429,0,1,1,1,1,True,0
35029,creature,14327,14327,14327,429,0,1,1,1,1,True,0
35029,creature,14349,14349,14349,429,0,1,1,1,1,True,0
35029,creature,14354,14354,14354,429,0,1,1,1,1,True,0
35030,creature,10508,10508,10508,289,0,1,1,1,1,True,0
35031,creature,10502,10502,10502,289,0,1,1,1,1,True,0
35031,creature,10504,10504,10504,289,0,1,1,1,1,True,0
35031,creature,10505,10505,10505,289,0,1,1,1,1,True,0
35031,creature,10507,10507,10507,289,0,1,1,1,1,True,0
35031,creature,10901,10901,10901,289,0,1,1,1,1,True,0
35031,creature,11261,11261,11261,289,0,1,1,1,1,True,0
35032,creature,26632,26632,26632,600,0,1,1,1,1,True,0
35033,creature,26723,26723,26723,576,0,1,1,1,1,True,0
35034,creature,30398,30398,30398,576,1,1,1,1,1,True,0
35035,creature,29120,29120,29120,601,0,1,1,1,1,True,0
35036,creature,29311,29311,29311,619,0,1,1,1,1,True,0
35037,gameobject,190663,190663,24556,595,0,1,1,0,0,False,0
35039,creature,29306,29306,29306,604,0,1,1,1,1,True,0
35042,creature,31134,31134,31134,608,0,1,1,0,0,False,0
35043,creature,28923,28923,28923,602,0,1,1,1,1,True,0
35044,creature,27978,27978,27978,599,0,1,1,1,1,True,0
35045,creature,24200,24200,24200,574,0,1,1,2,2,False,0
35045,creature,24201,24201,24201,574,0,1,1,2,2,False,0
35046,creature,23954,23954,23954,574,0,1,1,2,3,False,0
35046,creature,31673,31673,31673,574,1,1,1,2,3,False,0
35047,creature,23954,23954,23954,574,0,1,1,2,3,False,0
35047,creature,31673,31673,31673,574,1,1,1,2,3,False,0
35048,creature,23954,23954,23954,574,0,1,1,2,2,False,0
35049,creature,31656,31656,31656,574,1,1,1,1,1,True,0
35049,creature,31679,31679,31679,574,1,1,1,1,1,True,0
35050,creature,26861,26861,26861,575,0,1,1,8,8,False,0
35051,creature,36502,36502,36502,632,0,1,1,1,1,True,0
35052,creature,37677,37677,37677,632,1,1,1,1,1,True,0
35053,creature,38112,38112,38112,668,0,1,1,1,1,True,0
35054,creature,38113,38113,38113,668,0,1,1,1,1,True,0
35055,creature,38599,38599,38599,668,1,1,1,1,1,True,0
35056,creature,38603,38603,38603,668,1,1,1,1,1,True,0
35057,creature,36494,36494,36494,658,0,1,1,1,1,True,0
35058,creature,36476,36476,36476,658,0,1,1,1,1,True,0
35060,creature,37613,37613,37613,658,1,1,1,1,1,True,0
35061,creature,37627,37627,37627,658,1,1,1,1,1,True,0
35063,reference,35069,35069,35069,631,0,1,1,5,9,True,1
35063,reference,35069,35069,35069,631,1,1,1,5,9,True,1
35064,reference,35069,35069,35069,631,0,1,1,4,8,True,1
35064,reference,35069,35069,35069,631,1,1,1,4,8,True,1
35065,reference,35069,35069,35069,631,0,1,1,4,8,True,1
35065,reference,35069,35069,35069,631,1,1,1,4,8,True,1
35066,reference,35069,35069,35069,631,0,1,1,5,9,True,1
35066,reference,35069,35069,35069,631,1,1,1,5,9,True,1
35067,reference,35069,35069,35069,631,0,1,1,4,8,True,1
35067,reference,35069,35069,35069,631,1,1,1,4,8,True,1
35068,reference,35069,35069,35069,631,0,1,1,1,2,True,1
35068,reference,35069,35069,35069,631,1,1,1,1,2,True,1
35069,creature,10404,10404,10404,631,0,1,1,1,2,True,0
35069,creature,36724,36724,36724,631,0,1,1,1,2,True,0
35069,creature,36725,36725,36725,631,0,1,1,1,2,True,0
35069,creature,36805,36805,36805,631,0,1,1,1,2,True,0
35069,creature,36807,36807,36807,631,0,1,1,1,2,True,0
35069,creature,36808,36808,36808,631,0,1,1,1,2,True,0
35069,creature,36811,36811,36811,631,0,1,1,1,2,True,0
35069,creature,36829,36829,36829,631,0,1,1,1,2,True,0
35069,creature,36880,36880,36880,631,0,1,1,1,2,True,0
35069,creature,37007,37007,37007,631,0,1,1,1,2,True,0
35069,creature,37012,37012,37012,631,0,1,1,1,2,True,0
35069,creature,37022,37022,37022,631,0,1,1,1,2,True,0
35069,creature,37023,37023,37023,631,0,1,1,1,2,True,0
35069,creature,37025,37025,37025,631,0,1,1,1,2,True,0
35069,creature,37038,37038,37038,631,0,1,1,1,2,True,0
35069,creature,37098,37098,37098,631,0,1,1,1,2,True,0
35069,creature,37531,37531,37531,631,0,1,1,1,2,True,0
35069,creature,37544,37544,37544,631,0,1,1,1,2,True,0
35069,creature,37545,37545,37545,631,0,1,1,1,2,True,0
35069,creature,37546,37546,37546,631,0,1,1,1,2,True,0
35069,creature,37571,37571,37571,631,0,1,1,1,2,True,0
35069,creature,37595,37595,37595,631,0,1,1,1,2,True,0
35069,creature,37662,37662,37662,631,0,1,1,1,2,True,0
35069,creature,37663,37663,37663,631,0,1,1,1,2,True,0
35069,creature,37664,37664,37664,631,0,1,1,1,2,True,0
35069,creature,37665,37665,37665,631,0,1,1,1,2,True,0
35069,creature,37666,37666,37666,631,0,1,1,1,2,True,0
35069,creature,38490,38490,38490,631,0,1,1,1,2,True,0
35069,creature,38494,38494,38494,631,0,1,1,1,2,True,0
35069,creature,37655,37655,37655,631,1,1,1,1,2,True,0
35069,creature,38031,38031,38031,631,1,1,1,1,2,True,0
35069,creature,38057,38057,38057,631,1,1,1,1,2,True,0
35069,creature,38058,38058,38058,631,1,1,1,1,2,True,0
35069,creature,38059,38059,38059,631,1,1,1,1,2,True,0
35069,creature,38062,38062,38062,631,1,1,1,1,2,True,0
35069,creature,38063,38063,38063,631,1,1,1,1,2,True,0
35069,creature,38064,38064,38064,631,1,1,1,1,2,True,0
35069,creature,38072,38072,38072,631,1,1,1,1,2,True,0
35069,creature,38073,38073,38073,631,1,1,1,1,2,True,0
35069,creature,38074,38074,38074,631,1,1,1,1,2,True,0
35069,creature,38075,38075,38075,631,1,1,1,1,2,True,0
35069,creature,38076,38076,38076,631,1,1,1,1,2,True,0
35069,creature,38098,38098,38098,631,1,1,1,1,2,True,0
35069,creature,38099,38099,38099,631,1,1,1,1,2,True,0
35069,creature,38100,38100,38100,631,1,1,1,1,2,True,0
35069,creature,38101,38101,38101,631,1,1,1,1,2,True,0
35069,creature,38102,38102,38102,631,1,1,1,1,2,True,0
35069,creature,38108,38108,38108,631,1,1,1,1,2,True,0
35069,creature,38110,38110,38110,631,1,1,1,1,2,True,0
35069,creature,38139,38139,38139,631,1,1,1,1,2,True,0
35069,creature,38418,38418,38418,631,1,1,1,1,2,True,0
35069,creature,38445,38445,38445,631,1,1,1,1,2,True,0
35069,creature,38446,38446,38446,631,1,1,1,1,2,True,0
35069,creature,38479,38479,38479,631,1,1,1,1,2,True,0
35069,creature,38480,38480,38480,631,1,1,1,1,2,True,0
35069,creature,38481,38481,38481,631,1,1,1,1,2,True,0
35071,creature,36499,36499,100000,632,0,1,1,3,3,False,0
35071,creature,36830,36830,100000,658,0,1,1,3,3,False,0
35071,creature,38177,38177,100000,668,0,1,1,3,3,False,0
35073,creature,37568,37568,100001,632,1,1,1,3,3,False,0
35073,creature,37638,37638,100001,658,1,1,1,3,3,False,0
35073,creature,38564,38564,100001,668,1,1,1,3,3,False,0
35074,reference,35069,35069,35069,631,0,1,1,4,8,True,1
35074,reference,35069,35069,35069,631,1,1,1,4,8,True,1
35077,reference,35083,35083,35083,533,0,1,1,1,2,True,1
35077,reference,35085,35085,35085,533,1,1,1,1,2,True,1
35078,reference,35083,35083,35083,533,0,1,1,1,2,True,1
35078,reference,35085,35085,35085,533,1,1,1,1,2,True,1
35079,reference,35083,35083,35083,533,0,1,1,1,2,True,1
35079,reference,35085,35085,35085,533,1,1,1,1,2,True,1
35080,reference,35083,35083,35083,533,0,1,1,1,2,True,1
35080,reference,35085,35085,35085,533,1,1,1,1,2,True,1
35081,reference,35083,35083,35083,533,0,1,1,1,2,True,1
35081,reference,35085,35085,35085,533,1,1,1,1,2,True,1
35082,reference,35083,35083,35083,533,0,1,1,1,1,True,1
35083,creature,15974,15974,100004,533,0,1,1,1,1,True,0
35083,creature,16029,16029,100003,533,0,1,1,1,1,True,0
35084,reference,35085,35085,35085,533,1,1,1,1,1,True,1
35085,creature,29242,29242,100006,533,1,1,1,1,1,True,0
35085,creature,29356,29356,100005,533,1,1,1,1,1,True,0
35086,creature,28860,28860,28860,615,0,1,1,1,1,True,0
35087,creature,28860,28860,28860,615,0,1,1,1,1,True,0
36003,creature,19516,19516,19516,550,0,1,1,1,1,True,0
36004,creature,19516,19516,19516,550,0,1,1,1,1,True,0
36005,creature,18805,18805,18805,550,0,1,1,1,1,True,0
36006,creature,18805,18805,18805,550,0,1,1,1,1,True,0
36007,creature,18805,18805,18805,550,0,1,1,1,1,True,0
36008,creature,19622,19622,19622,550,0,1,1,1,1,True,0
36009,creature,19622,19622,19622,550,0,1,1,1,1,True,0
36010,creature,19622,19622,19622,550,0,1,1,1,1,True,0
36011,creature,21216,21216,21216,548,0,1,1,1,1,True,0
36012,creature,21216,21216,21216,548,0,1,1,1,1,True,0
36013,creature,21216,21216,21216,548,0,1,1,1,1,True,0
36014,creature,21217,21217,21217,548,0,1,1,0,0,False,0
36015,creature,21217,21217,21217,548,0,1,1,0,0,False,0
36016,creature,21217,21217,21217,548,0,1,1,0,0,False,0
36017,creature,21213,21213,21213,548,0,1,1,1,1,True,0
36018,creature,21213,21213,21213,548,0,1,1,1,1,True,0
36019,creature,21213,21213,21213,548,0,1,1,1,1,True,0
36020,creature,21215,21215,21215,548,0,1,1,1,1,True,0
36021,creature,21215,21215,21215,548,0,1,1,1,1,True,0
36022,creature,21214,21214,21214,548,0,1,1,1,1,True,0
36023,creature,21214,21214,21214,548,0,1,1,1,1,True,0
36024,creature,21212,21212,21212,548,0,1,1,1,1,True,0
36025,creature,21212,21212,21212,548,0,1,1,1,1,True,0
36026,creature,21212,21212,21212,548,0,1,1,1,1,True,0
36098,creature,21218,21218,21218,548,0,1,1,2,2,False,0
36098,creature,21220,21220,21220,548,0,1,1,2,2,False,0
36098,creature,21221,21221,21221,548,0,1,1,2,2,False,0
36098,creature,21224,21224,21224,548,0,1,1,2,2,False,0
36098,creature,21225,21225,21225,548,0,1,1,2,2,False,0
36098,creature,21226,21226,21226,548,0,1,1,2,2,False,0
36098,creature,21227,21227,21227,548,0,1,1,2,2,False,0
36098,creature,21228,21228,21228,548,0,1,1,2,2,False,0
36098,creature,21229,21229,21229,548,0,1,1,2,2,False,0
36098,creature,21230,21230,21230,548,0,1,1,2,2,False,0
36098,creature,21231,21231,21231,548,0,1,1,2,2,False,0
36098,creature,21232,21232,21232,548,0,1,1,2,2,False,0
36098,creature,21246,21246,21246,548,0,1,1,2,2,False,0
36098,creature,21251,21251,21251,548,0,1,1,2,2,False,0
36098,creature,21263,21263,21263,548,0,1,1,2,2,False,0
36098,creature,21298,21298,21298,548,0,1,1,2,2,False,0
36098,creature,21299,21299,21299,548,0,1,1,2,2,False,0
36098,creature,21301,21301,21301,548,0,1,1,2,2,False,0
36098,creature,21339,21339,21339,548,0,1,1,2,2,False,0
36098,creature,21863,21863,21863,548,0,1,1,2,2,False,0
36109,creature,17968,17968,17968,534,0,1,1,1,1,True,0
36110,creature,17968,17968,17968,534,0,1,1,1,1,True,0
36111,creature,17968,17968,17968,534,0,1,1,1,1,True,0
36121,creature,22887,22887,22887,564,0,1,1,1,1,True,0
36122,creature,22887,22887,22887,564,0,1,1,1,1,True,0
36123,creature,22898,22898,22898,564,0,1,1,1,1,True,0
36124,creature,22898,22898,22898,564,0,1,1,1,1,True,0
36125,creature,22841,22841,22841,564,0,1,1,1,1,True,0
36126,creature,22841,22841,22841,564,0,1,1,1,1,True,0
36127,creature,22871,22871,22871,564,0,1,1,1,1,True,0
36128,creature,22871,22871,22871,564,0,1,1,1,1,True,0
36129,creature,22948,22948,22948,564,0,1,1,1,1,True,0
36130,creature,22948,22948,22948,564,0,1,1,1,1,True,0
36133,creature,22947,22947,22947,564,0,1,1,1,1,True,0
36134,creature,22947,22947,22947,564,0,1,1,1,1,True,0
36137,creature,22917,22917,22917,564,0,1,1,1,1,True,0
36138,creature,22917,22917,22917,564,0,1,1,1,1,True,0
36139,creature,22917,22917,22917,564,0,1,1,1,1,True,0
36196,creature,17895,17895,17895,534,0,1,1,2,2,False,0
36196,creature,17898,17898,17898,534,0,1,1,2,2,False,0
36196,creature,17899,17899,17899,534,0,1,1,2,2,False,0
36197,creature,17895,17895,17895,534,0,1,1,2,2,False,0
36197,creature,17898,17898,17898,534,0,1,1,2,2,False,0
36197,creature,17899,17899,17899,534,0,1,1,2,2,False,0
36198,creature,22844,22844,22844,564,0,1,1,2,2,False,0
36198,creature,22845,22845,22845,564,0,1,1,2,2,False,0
36198,creature,22846,22846,22846,564,0,1,1,2,2,False,0
36198,creature,22847,22847,22847,564,0,1,1,2,2,False,0
36198,creature,22853,22853,22853,564,0,1,1,2,2,False,0
36198,creature,22855,22855,22855,564,0,1,1,2,2,False,0
36198,creature,22869,22869,22869,564,0,1,1,2,2,False,0
36198,creature,22873,22873,22873,564,0,1,1,2,2,False,0
36198,creature,22874,22874,22874,564,0,1,1,2,2,False,0
36198,creature,22875,22875,22875,564,0,1,1,2,2,False,0
36198,creature,22876,22876,22876,564,0,1,1,2,2,False,0
36198,creature,22877,22877,22877,564,0,1,1,2,2,False,0
36198,creature,22878,22878,22878,564,0,1,1,2,2,False,0
36198,creature,22879,22879,22879,564,0,1,1,2,2,False,0
36198,creature,22880,22880,22880,564,0,1,1,2,2,False,0
36198,creature,22881,22881,22881,564,0,1,1,2,2,False,0
36198,creature,22882,22882,22882,564,0,1,1,2,2,False,0
36198,creature,22884,22884,22884,564,0,1,1,2,2,False,0
36198,creature,22885,22885,22885,564,0,1,1,2,2,False,0
36198,creature,22939,22939,22939,564,0,1,1,2,2,False,0
36198,creature,22945,22945,22945,564,0,1,1,2,2,False,0
36198,creature,22946,22946,22946,564,0,1,1,2,2,False,0
36198,creature,22953,22953,22953,564,0,1,1,2,2,False,0
36198,creature,22954,22954,22954,564,0,1,1,2,2,False,0
36198,creature,22955,22955,22955,564,0,1,1,2,2,False,0
36198,creature,22956,22956,22956,564,0,1,1,2,2,False,0
36198,creature,22957,22957,22957,564,0,1,1,2,2,False,0
36198,creature,22959,22959,22959,564,0,1,1,2,2,False,0
36198,creature,22960,22960,22960,564,0,1,1,2,2,False,0
36198,creature,22962,22962,22962,564,0,1,1,2,2,False,0
36198,creature,22963,22963,22963,564,0,1,1,2,2,False,0
36198,creature,22964,22964,22964,564,0,1,1,2,2,False,0
36198,creature,22965,22965,22965,564,0,1,1,2,2,False,0
36198,creature,23018,23018,23018,564,0,1,1,2,2,False,0
36198,creature,23028,23028,23028,564,0,1,1,2,2,False,0
36198,creature,23030,23030,23030,564,0,1,1,2,2,False,0
36198,creature,23047,23047,23047,564,0,1,1,2,2,False,0
36198,creature,23049,23049,23049,564,0,1,1,2,2,False,0
36198,creature,23147,23147,23147,564,0,1,1,2,2,False,0
36198,creature,23172,23172,23172,564,0,1,1,2,2,False,0
36198,creature,23196,23196,23196,564,0,1,1,2,2,False,0
36198,creature,23222,23222,23222,564,0,1,1,2,2,False,0
36198,creature,23223,23223,23223,564,0,1,1,2,2,False,0
36198,creature,23232,23232,23232,564,0,1,1,2,2,False,0
36198,creature,23235,23235,23235,564,0,1,1,2,2,False,0
36198,creature,23236,23236,23236,564,0,1,1,2,2,False,0
36198,creature,23237,23237,23237,564,0,1,1,2,2,False,0
36198,creature,23239,23239,23239,564,0,1,1,2,2,False,0
36198,creature,23330,23330,23330,564,0,1,1,2,2,False,0
36198,creature,23337,23337,23337,564,0,1,1,2,2,False,0
36198,creature,23339,23339,23339,564,0,1,1,2,2,False,0
36198,creature,23374,23374,23374,564,0,1,1,2,2,False,0
36198,creature,23394,23394,23394,564,0,1,1,2,2,False,0
36198,creature,23397,23397,23397,564,0,1,1,2,2,False,0
36198,creature,23400,23400,23400,564,0,1,1,2,2,False,0
36198,creature,23402,23402,23402,564,0,1,1,2,2,False,0
36198,creature,23403,23403,23403,564,0,1,1,2,2,False,0
36199,creature,22844,22844,22844,564,0,1,1,2,2,False,0
36199,creature,22845,22845,22845,564,0,1,1,2,2,False,0
36199,creature,22846,22846,22846,564,0,1,1,2,2,False,0
36199,creature,22847,22847,22847,564,0,1,1,2,2,False,0
36199,creature,22853,22853,22853,564,0,1,1,2,2,False,0
36199,creature,22855,22855,22855,564,0,1,1,2,2,False,0
36199,creature,22869,22869,22869,564,0,1,1,2,2,False,0
36199,creature,22873,22873,22873,564,0,1,1,2,2,False,0
36199,creature,22874,22874,22874,564,0,1,1,2,2,False,0
36199,creature,22875,22875,22875,564,0,1,1,2,2,False,0
36199,creature,22876,22876,22876,564,0,1,1,2,2,False,0
36199,creature,22877,22877,22877,564,0,1,1,2,2,False,0
36199,creature,22878,22878,22878,564,0,1,1,2,2,False,0
36199,creature,22879,22879,22879,564,0,1,1,2,2,False,0
36199,creature,22880,22880,22880,564,0,1,1,2,2,False,0
36199,creature,22881,22881,22881,564,0,1,1,2,2,False,0
36199,creature,22882,22882,22882,564,0,1,1,2,2,False,0
36199,creature,22884,22884,22884,564,0,1,1,2,2,False,0
36199,creature,22885,22885,22885,564,0,1,1,2,2,False,0
36199,creature,22939,22939,22939,564,0,1,1,2,2,False,0
36199,creature,22945,22945,22945,564,0,1,1,2,2,False,0
36199,creature,22946,22946,22946,564,0,1,1,2,2,False,0
36199,creature,22953,22953,22953,564,0,1,1,2,2,False,0
36199,creature,22954,22954,22954,564,0,1,1,2,2,False,0
36199,creature,22955,22955,22955,564,0,1,1,2,2,False,0
36199,creature,22956,22956,22956,564,0,1,1,2,2,False,0
36199,creature,22957,22957,22957,564,0,1,1,2,2,False,0
36199,creature,22959,22959,22959,564,0,1,1,2,2,False,0
36199,creature,22960,22960,22960,564,0,1,1,2,2,False,0
36199,creature,22962,22962,22962,564,0,1,1,2,2,False,0
36199,creature,22963,22963,22963,564,0,1,1,2,2,False,0
36199,creature,22964,22964,22964,564,0,1,1,2,2,False,0
36199,creature,22965,22965,22965,564,0,1,1,2,2,False,0
36199,creature,23018,23018,23018,564,0,1,1,2,2,False,0
36199,creature,23028,23028,23028,564,0,1,1,2,2,False,0
36199,creature,23030,23030,23030,564,0,1,1,2,2,False,0
36199,creature,23047,23047,23047,564,0,1,1,2,2,False,0
36199,creature,23049,23049,23049,564,0,1,1,2,2,False,0
36199,creature,23147,23147,23147,564,0,1,1,2,2,False,0
36199,creature,23172,23172,23172,564,0,1,1,2,2,False,0
36199,creature,23196,23196,23196,564,0,1,1,2,2,False,0
36199,creature,23222,23222,23222,564,0,1,1,2,2,False,0
36199,creature,23223,23223,23223,564,0,1,1,2,2,False,0
36199,creature,23232,23232,23232,564,0,1,1,2,2,False,0
36199,creature,23235,23235,23235,564,0,1,1,2,2,False,0
36199,creature,23236,23236,23236,564,0,1,1,2,2,False,0
36199,creature,23237,23237,23237,564,0,1,1,2,2,False,0
36199,creature,23239,23239,23239,564,0,1,1,2,2,False,0
36199,creature,23330,23330,23330,564,0,1,1,2,2,False,0
36199,creature,23337,23337,23337,564,0,1,1,2,2,False,0
36199,creature,23339,23339,23339,564,0,1,1,2,2,False,0
36199,creature,23374,23374,23374,564,0,1,1,2,2,False,0
36199,creature,23394,23394,23394,564,0,1,1,2,2,False,0
36199,creature,23397,23397,23397,564,0,1,1,2,2,False,0
36199,creature,23400,23400,23400,564,0,1,1,2,2,False,0
36199,creature,23402,23402,23402,564,0,1,1,2,2,False,0
36199,creature,23403,23403,23403,564,0,1,1,2,2,False,0
43000,creature,20597,20597,20597,540,1,1,1,13,16,False,0
43000,creature,18607,18607,18607,542,1,1,1,13,16,False,0
43000,creature,18433,18433,18433,543,1,1,1,13,16,False,0
43000,creature,17798,17798,17798,545,0,1,1,13,16,False,0
43000,creature,20633,20633,20633,545,1,1,1,13,16,False,0
43000,creature,20184,20184,20184,546,1,1,1,13,16,False,0
43000,creature,19894,19894,19894,547,1,1,1,13,16,False,0
43000,creature,20912,20912,20912,552,0,1,1,13,16,False,0
43000,creature,21601,21601,21601,552,1,1,1,13,16,False,0
43000,creature,21582,21582,21582,553,1,1,1,13,16,False,0
43000,creature,19220,19220,19220,554,0,1,1,13,16,False,0
43000,creature,21537,21537,21537,554,1,1,1,13,16,False,0
43000,creature,18708,18708,18708,555,0,1,1,13,16,False,0
43000,creature,20657,20657,20657,555,1,1,1,13,16,False,0
43000,creature,20706,20706,20706,556,1,1,1,13,16,False,0
43000,creature,20266,20266,20266,557,1,1,1,13,16,False,0
43000,creature,20306,20306,20306,558,1,1,1,13,16,False,0
43000,creature,20531,20531,20531,560,1,1,1,13,16,False,0
43002,creature,20168,20168,20168,546,1,1,1,1,1,True,0
43002,creature,20169,20169,20169,546,1,1,1,1,1,True,0
43002,creature,20183,20183,20183,546,1,1,1,1,1,True,0
43002,creature,20184,20184,20184,546,1,1,1,1,1,True,0
43003,creature,21590,21590,21590,552,1,1,1,1,1,True,0
43003,creature,21601,21601,21601,552,1,1,1,1,1,False,0
43003,creature,21624,21624,21624,552,1,1,1,1,1,True,0
43003,creature,21626,21626,21626,552,1,1,1,1,1,True,0
43004,creature,19893,19893,19893,547,1,1,1,1,1,True,0
43004,creature,19894,19894,19894,547,1,1,1,1,1,True,0
43004,creature,19895,19895,19895,547,1,1,1,1,1,True,0
43005,creature,18433,18433,18433,543,1,1,1,1,1,True,0
43005,creature,18436,18436,18436,543,1,1,1,1,1,True,0
43006,creature,20266,20266,20266,557,1,1,1,3,3,False,0
43006,creature,20267,20267,20267,557,1,1,1,3,3,False,0
43006,creature,20268,20268,20268,557,1,1,1,3,3,False,0
43007,creature,20690,20690,20690,556,1,1,1,1,2,True,0
43007,creature,20706,20706,20706,556,1,1,1,1,2,True,0
43008,creature,20306,20306,20306,558,1,1,1,1,1,True,0
43008,creature,20318,20318,20318,558,1,1,1,1,1,True,0
43009,creature,21533,21533,21533,554,1,1,1,1,1,True,0
43009,creature,21536,21536,21536,554,1,1,1,1,1,True,0
43009,creature,21537,21537,21537,554,1,1,1,1,1,True,0
43010,creature,20636,20636,20636,555,1,1,1,1,1,True,0
43010,creature,20637,20637,20637,555,1,1,1,1,1,True,0
43010,creature,20653,20653,20653,555,1,1,1,1,1,True,0
43010,creature,20657,20657,20657,555,1,1,1,1,1,True,0
43011,creature,20521,20521,20521,560,1,1,1,0,0,False,0
43011,creature,20531,20531,20531,560,1,1,1,0,0,False,0
43011,creature,20535,20535,20535,560,1,1,1,0,0,False,0
43012,creature,20629,20629,20629,545,1,1,1,1,1,True,0
43012,creature,20630,20630,20630,545,1,1,1,1,1,True,0
43012,creature,20633,20633,20633,545,1,1,1,1,1,True,0
43013,creature,18601,18601,18601,542,1,1,1,1,1,True,0
43013,creature,18607,18607,18607,542,1,1,1,1,1,True,0
43013,creature,18621,18621,18621,542,1,1,1,1,1,True,0
43015,creature,20923,20923,20923,540,0,1,1,1,2,True,0
43015,creature,20568,20568,20568,540,1,1,1,1,2,True,0
43015,creature,20596,20596,20596,540,1,1,1,1,2,True,0
43015,creature,20597,20597,20597,540,1,1,1,1,2,True,0
43015,creature,20993,20993,20923,540,1,1,1,1,2,True,0
43016,creature,21551,21551,21551,553,1,1,1,1,1,True,0
43016,creature,21558,21558,21558,553,1,1,1,1,1,True,0
43016,creature,21559,21559,21559,553,1,1,1,1,1,True,0
43016,creature,21581,21581,21581,553,1,1,1,1,1,True,0
43016,creature,21582,21582,21582,553,1,1,1,1,1,True,0
45100,creature,39864,39864,39864,724,1,1,1,1,1,True,0
45101,creature,39945,39945,39945,724,3,1,1,1,1,True,0
50010,creature,36296,36296,36296,33,0,1,1,1,1,True,0
50501,creature,17952,17952,17952,269,0,1,1,32,46,False,0
50501,creature,18982,18982,18982,269,0,1,1,32,46,False,0
50501,creature,18983,18983,18983,269,0,1,1,32,46,False,0
50501,creature,22162,22162,18983,269,1,1,1,32,46,False,0
50501,creature,22163,22163,17952,269,1,1,1,32,46,False,0
50501,creature,22173,22173,18982,269,1,1,1,32,46,False,0
50501,creature,15547,15547,15547,532,0,1,1,32,46,False,0
50501,creature,15548,15548,15548,532,0,1,1,32,46,False,0
50501,creature,15551,15551,15551,532,0,1,1,32,46,False,0
50501,creature,15687,15687,15687,532,0,1,1,32,46,False,0
50501,creature,15688,15688,15688,532,0,1,1,32,46,False,0
50501,creature,15689,15689,15689,532,0,1,1,32,46,False,0
50501,creature,15690,15690,15690,532,0,1,1,32,46,False,0
50501,creature,15691,15691,15691,532,0,1,1,32,46,False,0
50501,creature,16170,16170,16170,532,0,1,1,32,46,False,0
50501,creature,16171,16171,16171,532,0,1,1,32,46,False,0
50501,creature,16173,16173,16173,532,0,1,1,32,46,False,0
50501,creature,16174,16174,16174,532,0,1,1,32,46,False,0
50501,creature,16175,16175,16175,532,0,1,1,32,46,False,0
50501,creature,16176,16176,16176,532,0,1,1,32,46,False,0
50501,creature,16177,16177,16177,532,0,1,1,32,46,False,0
50501,creature,16178,16178,16178,532,0,1,1,32,46,False,0
50501,creature,16389,16389,16389,532,0,1,1,32,46,False,0
50501,creature,16406,16406,16406,532,0,1,1,32,46,False,0
50501,creature,16407,16407,16407,532,0,1,1,32,46,False,0
50501,creature,16408,16408,16408,532,0,1,1,32,46,False,0
50501,creature,16409,16409,16409,532,0,1,1,32,46,False,0
50501,creature,16410,16410,16410,532,0,1,1,32,46,False,0
50501,creature,16411,16411,16411,532,0,1,1,32,46,False,0
50501,creature,16412,16412,16412,532,0,1,1,32,46,False,0
50501,creature,16414,16414,16414,532,0,1,1,32,46,False,0
50501,creature,16415,16415,16415,532,0,1,1,32,46,False,0
50501,creature,16424,16424,16424,532,0,1,1,32,46,False,0
50501,creature,16425,16425,16425,532,0,1,1,32,46,False,0
50501,creature,16457,16457,16457,532,0,1,1,32,46,False,0
50501,creature,16459,16459,16459,532,0,1,1,32,46,False,0
50501,creature,16460,16460,16460,532,0,1,1,32,46,False,0
50501,creature,16461,16461,16461,532,0,1,1,32,46,False,0
50501,creature,16468,16468,16468,532,0,1,1,32,46,False,0
50501,creature,16470,16470,16470,532,0,1,1,32,46,False,0
50501,creature,16471,16471,16471,532,0,1,1,32,46,False,0
50501,creature,16472,16472,16472,532,0,1,1,32,46,False,0
50501,creature,16473,16473,16473,532,0,1,1,32,46,False,0
50501,creature,16481,16481,16481,532,0,1,1,32,46,False,0
50501,creature,16482,16482,16482,532,0,1,1,32,46,False,0
50501,creature,16485,16485,16485,532,0,1,1,32,46,False,0
50501,creature,16488,16488,16488,532,0,1,1,32,46,False,0
50501,creature,16489,16489,16489,532,0,1,1,32,46,False,0
50501,creature,16491,16491,16491,532,0,1,1,32,46,False,0
50501,creature,16492,16492,16492,532,0,1,1,32,46,False,0
50501,creature,16504,16504,16504,532,0,1,1,32,46,False,0
50501,creature,16524,16524,16524,532,0,1,1,32,46,False,0
50501,creature,16525,16525,16525,532,0,1,1,32,46,False,0
50501,creature,16526,16526,16526,532,0,1,1,32,46,False,0
50501,creature,16529,16529,16529,532,0,1,1,32,46,False,0
50501,creature,16530,16530,16530,532,0,1,1,32,46,False,0
50501,creature,16539,16539,16539,532,0,1,1,32,46,False,0
50501,creature,16540,16540,16540,532,0,1,1,32,46,False,0
50501,creature,16544,16544,16544,532,0,1,1,32,46,False,0
50501,creature,16545,16545,16545,532,0,1,1,32,46,False,0
50501,creature,16595,16595,16595,532,0,1,1,32,46,False,0
50501,creature,16596,16596,16596,532,0,1,1,32,46,False,0
50501,creature,17225,17225,17225,532,0,1,1,32,46,False,0
50501,creature,17895,17895,17895,534,0,1,1,32,46,False,0
50501,creature,17898,17898,17898,534,0,1,1,32,46,False,0
50501,creature,17899,17899,17899,534,0,1,1,32,46,False,0
50501,creature,17968,17968,17968,534,0,1,1,32,46,False,0
50501,creature,16523,16523,16523,540,0,1,1,32,46,False,0
50501,creature,16807,16807,16807,540,0,1,1,32,46,False,0
50501,creature,16808,16808,16808,540,0,1,1,32,46,False,0
50501,creature,16809,16809,16809,540,0,1,1,32,46,False,0
50501,creature,17356,17356,17356,540,0,1,1,32,46,False,0
50501,creature,17420,17420,16507,540,0,1,1,32,46,False,0
50501,creature,17465,17465,17465,540,0,1,1,32,46,False,0
50501,creature,20923,20923,20923,540,0,1,1,32,46,False,0
50501,creature,20565,20565,17356,540,1,1,1,32,46,False,0
50501,creature,20568,20568,20568,540,1,1,1,32,46,False,0
50501,creature,20583,20583,20583,540,1,1,1,32,46,False,0
50501,creature,20585,20585,20585,540,1,1,1,32,46,False,0
50501,creature,20587,20587,16507,540,1,1,1,32,46,False,0
50501,creature,20591,20591,16523,540,1,1,1,32,46,False,0
50501,creature,20596,20596,20596,540,1,1,1,32,46,False,0
50501,creature,20597,20597,20597,540,1,1,1,32,46,False,0
50501,creature,20993,20993,20923,540,1,1,1,32,46,False,0
50501,creature,18601,18601,18601,542,1,1,1,32,46,False,0
50501,creature,18607,18607,18607,542,1,1,1,32,46,False,0
50501,creature,18610,18610,18608,542,1,1,1,32,46,False,0
50501,creature,18621,18621,18621,542,1,1,1,32,46,False,0
50501,creature,17537,17537,17537,543,0,1,1,32,46,False,0
50501,creature,18053,18053,18608,543,1,1,1,32,46,False,0
50501,creature,18433,18433,18433,543,1,1,1,32,46,False,0
50501,creature,18434,18434,17537,543,1,1,1,32,46,False,0
50501,creature,18436,18436,18436,543,1,1,1,32,46,False,0
50501,creature,17257,17257,17257,544,0,1,1,32,46,False,0
50501,creature,17721,17721,17721,545,0,1,1,32,46,False,0
50501,creature,17722,17722,17722,545,0,1,1,32,46,False,0
50501,creature,17796,17796,17796,545,0,1,1,32,46,False,0
50501,creature,17797,17797,17797,545,0,1,1,32,46,False,0
50501,creature,17798,17798,17798,545,0,1,1,32,46,False,0
50501,creature,17799,17799,17799,545,0,1,1,32,46,False,0
50501,creature,17800,17800,17800,545,0,1,1,32,46,False,0
50501,creature,17801,17801,17801,545,0,1,1,32,46,False,0
50501,creature,17802,17802,17802,545,0,1,1,32,46,False,0
50501,creature,17803,17803,17803,545,0,1,1,32,46,False,0
50501,creature,17805,17805,17805,545,0,1,1,32,46,False,0
50501,creature,21694,21694,21694,545,0,1,1,32,46,False,0
50501,creature,21695,21695,21695,545,0,1,1,32,46,False,0
50501,creature,21696,21696,21696,545,0,1,1,32,46,False,0
50501,creature,20620,20620,17721,545,1,1,1,32,46,False,0
50501,creature,20621,20621,17800,545,1,1,1,32,46,False,0
50501,creature,20622,20622,17803,545,1,1,1,32,46,False,0
50501,creature,20623,20623,17801,545,1,1,1,32,46,False,0
50501,creature,20624,20624,17805,545,1,1,1,32,46,False,0
50501,creature,20625,20625,17722,545,1,1,1,32,46,False,0
50501,creature,20626,20626,17802,545,1,1,1,32,46,False,0
50501,creature,20628,20628,17799,545,1,1,1,32,46,False,0
50501,creature,20629,20629,20629,545,1,1,1,32,46,False,0
50501,creature,20630,20630,20630,545,1,1,1,32,46,False,0
50501,creature,20633,20633,20633,545,1,1,1,32,46,False,0
50501,creature,21914,21914,21694,545,1,1,1,32,46,False,0
50501,creature,21916,21916,21696,545,1,1,1,32,46,False,0
50501,creature,21917,21917,21695,545,1,1,1,32,46,False,0
50501,creature,17723,17723,17723,546,0,1,1,32,46,False,0
50501,creature,17724,17724,17724,546,0,1,1,32,46,False,0
50501,creature,17725,17725,17725,546,0,1,1,32,46,False,0
50501,creature,17726,17726,17726,546,0,1,1,32,46,False,0
50501,creature,17727,17727,17727,546,0,1,1,32,46,False,0
50501,creature,17728,17728,17728,546,0,1,1,32,46,False,0
50501,creature,17729,17729,17729,546,0,1,1,32,46,False,0
50501,creature,17730,17730,17730,546,0,1,1,32,46,False,0
50501,creature,17731,17731,17731,546,0,1,1,32,46,False,0
50501,creature,17732,17732,17732,546,0,1,1,32,46,False,0
50501,creature,17734,17734,17734,546,0,1,1,32,46,False,0
50501,creature,17735,17735,17735,546,0,1,1,32,46,False,0
50501,creature,17770,17770,17770,546,0,1,1,32,46,False,0
50501,creature,17771,17771,17771,546,0,1,1,32,46,False,0
50501,creature,17826,17826,17826,546,0,1,1,32,46,False,0
50501,creature,17871,17871,17871,546,0,1,1,32,46,False,0
50501,creature,17882,17882,17882,546,0,1,1,32,46,False,0
50501,creature,18105,18105,18105,546,0,1,1,32,46,False,0
50501,creature,19632,19632,19632,546,0,1,1,32,46,False,0
50501,creature,20164,20164,17723,546,1,1,1,32,46,False,0
50501,creature,20168,20168,20168,546,1,1,1,32,46,False,0
50501,creature,20169,20169,20169,546,1,1,1,32,46,False,0
50501,creature,20173,20173,17731,546,1,1,1,32,46,False,0
50501,creature,20174,20174,19632,546,1,1,1,32,46,False,0
50501,creature,20175,20175,17732,546,1,1,1,32,46,False,0
50501,creature,20177,20177,20177,546,1,1,1,32,46,False,0
50501,creature,20179,20179,20179,546,1,1,1,32,46,False,0
50501,creature,20180,20180,20180,546,1,1,1,32,46,False,0
50501,creature,20181,20181,20181,546,1,1,1,32,46,False,0
50501,creature,20183,20183,20183,546,1,1,1,32,46,False,0
50501,creature,20184,20184,20184,546,1,1,1,32,46,False,0
50501,creature,20185,20185,17724,546,1,1,1,32,46,False,0
50501,creature,20187,20187,17734,546,1,1,1,32,46,False,0
50501,creature,20188,20188,17725,546,1,1,1,32,46,False,0
50501,creature,20190,20190,17871,546,1,1,1,32,46,False,0
50501,creature,20191,20191,20191,546,1,1,1,32,46,False,0
50501,creature,20192,20192,20192,546,1,1,1,32,46,False,0
50501,creature,20193,20193,20193,546,1,1,1,32,46,False,0
50501,creature,17816,17816,17816,547,0,1,1,32,46,False,0
50501,creature,17817,17817,17817,547,0,1,1,32,46,False,0
50501,creature,17938,17938,17938,547,0,1,1,32,46,False,0
50501,creature,17940,17940,17940,547,0,1,1,32,46,False,0
50501,creature,17941,17941,17941,547,0,1,1,32,46,False,0
50501,creature,17942,17942,17942,547,0,1,1,32,46,False,0
50501,creature,17957,17957,17957,547,0,1,1,32,46,False,0
50501,creature,17958,17958,17958,547,0,1,1,32,46,False,0
50501,creature,17959,17959,17959,547,0,1,1,32,46,False,0
50501,creature,17960,17960,17960,547,0,1,1,32,46,False,0
50501,creature,17961,17961,17961,547,0,1,1,32,46,False,0
50501,creature,17962,17962,17962,547,0,1,1,32,46,False,0
50501,creature,17991,17991,17991,547,0,1,1,32,46,False,0
50501,creature,21126,21126,21126,547,0,1,1,32,46,False,0
50501,creature,21127,21127,21127,547,0,1,1,32,46,False,0
50501,creature,19884,19884,19884,547,1,1,1,32,46,False,0
50501,creature,19885,19885,19885,547,1,1,1,32,46,False,0
50501,creature,19886,19886,19886,547,1,1,1,32,46,False,0
50501,creature,19887,19887,19887,547,1,1,1,32,46,False,0
50501,creature,19888,19888,19888,547,1,1,1,32,46,False,0
50501,creature,19889,19889,19889,547,1,1,1,32,46,False,0
50501,creature,19890,19890,19890,547,1,1,1,32,46,False,0
50501,creature,19891,19891,19891,547,1,1,1,32,46,False,0
50501,creature,19892,19892,19892,547,1,1,1,32,46,False,0
50501,creature,19893,19893,19893,547,1,1,1,32,46,False,0
50501,creature,19894,19894,19894,547,1,1,1,32,46,False,0
50501,creature,19895,19895,19895,547,1,1,1,32,46,False,0
50501,creature,19902,19902,19902,547,1,1,1,32,46,False,0
50501,creature,19903,19903,19903,547,1,1,1,32,46,False,0
50501,creature,19904,19904,19904,547,1,1,1,32,46,False,0
50501,creature,21842,21842,21842,547,1,1,1,32,46,False,0
50501,creature,21843,21843,21843,547,1,1,1,32,46,False,0
50501,creature,21212,21212,21212,548,0,1,1,32,46,False,0
50501,creature,21213,21213,21213,548,0,1,1,32,46,False,0
50501,creature,21214,21214,21214,548,0,1,1,32,46,False,0
50501,creature,21215,21215,21215,548,0,1,1,32,46,False,0
50501,creature,21216,21216,21216,548,0,1,1,32,46,False,0
50501,creature,21217,21217,21217,548,0,1,1,32,46,False,0
50501,creature,21218,21218,21218,548,0,1,1,32,46,False,0
50501,creature,21220,21220,21220,548,0,1,1,32,46,False,0
50501,creature,21221,21221,21221,548,0,1,1,32,46,False,0
50501,creature,21224,21224,21224,548,0,1,1,32,46,False,0
50501,creature,21225,21225,21225,548,0,1,1,32,46,False,0
50501,creature,21226,21226,21226,548,0,1,1,32,46,False,0
50501,creature,21227,21227,21227,548,0,1,1,32,46,False,0
50501,creature,21228,21228,21228,548,0,1,1,32,46,False,0
50501,creature,21229,21229,21229,548,0,1,1,32,46,False,0
50501,creature,21230,21230,21230,548,0,1,1,32,46,False,0
50501,creature,21231,21231,21231,548,0,1,1,32,46,False,0
50501,creature,21232,21232,21232,548,0,1,1,32,46,False,0
50501,creature,21246,21246,21246,548,0,1,1,32,46,False,0
50501,creature,21251,21251,21251,548,0,1,1,32,46,False,0
50501,creature,21263,21263,21263,548,0,1,1,32,46,False,0
50501,creature,21298,21298,21298,548,0,1,1,32,46,False,0
50501,creature,21299,21299,21299,548,0,1,1,32,46,False,0
50501,creature,21301,21301,21301,548,0,1,1,32,46,False,0
50501,creature,21339,21339,21339,548,0,1,1,32,46,False,0
50501,creature,21863,21863,21863,548,0,1,1,32,46,False,0
50501,creature,18805,18805,18805,550,0,1,1,32,46,False,0
50501,creature,19514,19514,19514,550,0,1,1,32,46,False,0
50501,creature,19516,19516,19516,550,0,1,1,32,46,False,0
50501,creature,19622,19622,19622,550,0,1,1,32,46,False,0
50501,creature,20031,20031,20031,550,0,1,1,32,46,False,0
50501,creature,20032,20032,20032,550,0,1,1,32,46,False,0
50501,creature,20033,20033,20033,550,0,1,1,32,46,False,0
50501,creature,20034,20034,20034,550,0,1,1,32,46,False,0
50501,creature,20035,20035,20035,550,0,1,1,32,46,False,0
50501,creature,20036,20036,20036,550,0,1,1,32,46,False,0
50501,creature,20037,20037,20037,550,0,1,1,32,46,False,0
50501,creature,20038,20038,20038,550,0,1,1,32,46,False,0
50501,creature,20039,20039,20039,550,0,1,1,32,46,False,0
50501,creature,20040,20040,20040,550,0,1,1,32,46,False,0
50501,creature,20041,20041,20041,550,0,1,1,32,46,False,0
50501,creature,20042,20042,20042,550,0,1,1,32,46,False,0
50501,creature,20043,20043,20043,550,0,1,1,32,46,False,0
50501,creature,20044,20044,20044,550,0,1,1,32,46,False,0
50501,creature,20045,20045,20045,550,0,1,1,32,46,False,0
50501,creature,20046,20046,20046,550,0,1,1,32,46,False,0
50501,creature,20048,20048,20048,550,0,1,1,32,46,False,0
50501,creature,20049,20049,20049,550,0,1,1,32,46,False,0
50501,creature,20050,20050,20050,550,0,1,1,32,46,False,0
50501,creature,20052,20052,20052,550,0,1,1,32,46,False,0
50501,creature,20857,20857,20857,552,0,1,1,32,46,False,0
50501,creature,20859,20859,20859,552,0,1,1,32,46,False,0
50501,creature,20864,20864,20864,552,0,1,1,32,46,False,0
50501,creature,20865,20865,20865,552,0,1,1,32,46,False,0
50501,creature,20866,20866,20866,552,0,1,1,32,46,False,0
50501,creature,20867,20867,20867,552,0,1,1,32,46,False,0
50501,creature,20868,20868,20868,552,0,1,1,32,46,False,0
50501,creature,20869,20869,20869,552,0,1,1,32,46,False,0
50501,creature,20870,20870,20870,552,0,1,1,32,46,False,0
50501,creature,20873,20873,20873,552,0,1,1,32,46,False,0
50501,creature,20875,20875,20875,552,0,1,1,32,46,False,0
50501,creature,20879,20879,20879,552,0,1,1,32,46,False,0
50501,creature,20881,20881,20881,552,0,1,1,32,46,False,0
50501,creature,20882,20882,20882,552,0,1,1,32,46,False,0
50501,creature,20883,20883,20883,552,0,1,1,32,46,False,0
50501,creature,20885,20885,20885,552,0,1,1,32,46,False,0
50501,creature,20886,20886,20886,552,0,1,1,32,46,False,0
50501,creature,20896,20896,20896,552,0,1,1,32,46,False,0
50501,creature,20897,20897,20897,552,0,1,1,32,46,False,0
50501,creature,20898,20898,20898,552,0,1,1,32,46,False,0
50501,creature,20900,20900,20900,552,0,1,1,32,46,False,0
50501,creature,20901,20901,20901,552,0,1,1,32,46,False,0
50501,creature,20902,20902,20902,552,0,1,1,32,46,False,0
50501,creature,20912,20912,20912,552,0,1,1,32,46,False,0
50501,creature,21702,21702,21702,552,0,1,1,32,46,False,0
50501,creature,21585,21585,20857,552,1,1,1,32,46,False,0
50501,creature,21586,21586,20869,552,1,1,1,32,46,False,0
50501,creature,21587,21587,20859,552,1,1,1,32,46,False,0
50501,creature,21590,21590,21590,552,1,1,1,32,46,False,0
50501,creature,21591,21591,20867,552,1,1,1,32,46,False,0
50501,creature,21593,21593,20868,552,1,1,1,32,46,False,0
50501,creature,21595,21595,20879,552,1,1,1,32,46,False,0
50501,creature,21596,21596,20896,552,1,1,1,32,46,False,0
50501,creature,21597,21597,20897,552,1,1,1,32,46,False,0
50501,creature,21598,21598,20898,552,1,1,1,32,46,False,0
50501,creature,21604,21604,20875,552,1,1,1,32,46,False,0
50501,creature,21605,21605,20873,552,1,1,1,32,46,False,0
50501,creature,21607,21607,20865,552,1,1,1,32,46,False,0
50501,creature,21608,21608,20864,552,1,1,1,32,46,False,0
50501,creature,21610,21610,20901,552,1,1,1,32,46,False,0
50501,creature,21611,21611,20902,552,1,1,1,32,46,False,0
50501,creature,21613,21613,20882,552,1,1,1,32,46,False,0
50501,creature,21614,21614,20866,552,1,1,1,32,46,False,0
50501,creature,21615,21615,20883,552,1,1,1,32,46,False,0
50501,creature,21619,21619,20881,552,1,1,1,32,46,False,0
50501,creature,21621,21621,20900,552,1,1,1,32,46,False,0
50501,creature,21624,21624,21624,552,1,1,1,32,46,False,0
50501,creature,21626,21626,21626,552,1,1,1,32,46,False,0
50501,creature,22346,22346,21702,552,1,1,1,32,46,False,0
50501,creature,17975,17975,17975,553,0,1,1,32,46,False,0
50501,creature,17976,17976,17976,553,0,1,1,32,46,False,0
50501,creature,17977,17977,17977,553,0,1,1,32,46,False,0
50501,creature,17978,17978,17978,553,0,1,1,32,46,False,0
50501,creature,17980,17980,17980,553,0,1,1,32,46,False,0
50501,creature,17993,17993,17993,553,0,1,1,32,46,False,0
50501,creature,17994,17994,17994,553,0,1,1,32,46,False,0
50501,creature,18155,18155,18155,553,0,1,1,32,46,False,0
50501,creature,18404,18404,18404,553,0,1,1,32,46,False,0
50501,creature,18405,18405,18405,553,0,1,1,32,46,False,0
50501,creature,18419,18419,18419,553,0,1,1,32,46,False,0
50501,creature,18420,18420,18420,553,0,1,1,32,46,False,0
50501,creature,18421,18421,18421,553,0,1,1,32,46,False,0
50501,creature,18422,18422,18422,553,0,1,1,32,46,False,0
50501,creature,18587,18587,18587,553,0,1,1,32,46,False,0
50501,creature,19486,19486,19486,553,0,1,1,32,46,False,0
50501,creature,19505,19505,19505,553,0,1,1,32,46,False,0
50501,creature,19507,19507,19507,553,0,1,1,32,46,False,0
50501,creature,19508,19508,19508,553,0,1,1,32,46,False,0
50501,creature,19509,19509,19509,553,0,1,1,32,46,False,0
50501,creature,19511,19511,19511,553,0,1,1,32,46,False,0
50501,creature,19512,19512,19512,553,0,1,1,32,46,False,0
50501,creature,19513,19513,19513,553,0,1,1,32,46,False,0
50501,creature,19557,19557,19557,553,0,1,1,32,46,False,0
50501,creature,19598,19598,19598,553,0,1,1,32,46,False,0
50501,creature,19608,19608,19608,553,0,1,1,32,46,False,0
50501,creature,19633,19633,19633,553,0,1,1,32,46,False,0
50501,creature,19843,19843,19843,553,0,1,1,32,46,False,0
50501,creature,19865,19865,19865,553,0,1,1,32,46,False,0
50501,creature,21544,21544,18155,553,1,1,1,32,46,False,0
50501,creature,21545,21545,17994,553,1,1,1,32,46,False,0
50501,creature,21546,21546,18419,553,1,1,1,32,46,False,0
50501,creature,21547,21547,19633,553,1,1,1,32,46,False,0
50501,creature,21548,21548,17993,553,1,1,1,32,46,False,0
50501,creature,21549,21549,18404,553,1,1,1,32,46,False,0
50501,creature,21551,21551,21551,553,1,1,1,32,46,False,0
50501,creature,21552,21552,18587,553,1,1,1,32,46,False,0
50501,creature,21554,21554,19608,553,1,1,1,32,46,False,0
50501,creature,21555,21555,19557,553,1,1,1,32,46,False,0
50501,creature,21558,21558,21558,553,1,1,1,32,46,False,0
50501,creature,21559,21559,21559,553,1,1,1,32,46,False,0
50501,creature,21560,21560,19513,553,1,1,1,32,46,False,0
50501,creature,21561,21561,19598,553,1,1,1,32,46,False,0
50501,creature,21562,21562,19865,553,1,1,1,32,46,False,0
50501,creature,21563,21563,19511,553,1,1,1,32,46,False,0
50501,creature,21564,21564,19512,553,1,1,1,32,46,False,0
50501,creature,21565,21565,19843,553,1,1,1,32,46,False,0
50501,creature,21570,21570,18422,553,1,1,1,32,46,False,0
50501,creature,21571,21571,19505,553,1,1,1,32,46,False,0
50501,creature,21572,21572,19486,553,1,1,1,32,46,False,0
50501,creature,21573,21573,19507,553,1,1,1,32,46,False,0
50501,creature,21574,21574,18420,553,1,1,1,32,46,False,0
50501,creature,21575,21575,19509,553,1,1,1,32,46,False,0
50501,creature,21576,21576,19508,553,1,1,1,32,46,False,0
50501,creature,21577,21577,18421,553,1,1,1,32,46,False,0
50501,creature,21578,21578,18405,553,1,1,1,32,46,False,0
50501,creature,21581,21581,21581,553,1,1,1,32,46,False,0
50501,creature,21582,21582,21582,553,1,1,1,32,46,False,0
50501,creature,19166,19166,19166,554,0,1,1,32,46,False,0
50501,creature,19167,19167,19167,554,0,1,1,32,46,False,0
50501,creature,19168,19168,19168,554,0,1,1,32,46,False,0
50501,creature,19218,19218,19218,554,0,1,1,32,46,False,0
50501,creature,19219,19219,19219,554,0,1,1,32,46,False,0
50501,creature,19220,19220,19220,554,0,1,1,32,46,False,0
50501,creature,19221,19221,19221,554,0,1,1,32,46,False,0
50501,creature,19231,19231,19231,554,0,1,1,32,46,False,0
50501,creature,19510,19510,19510,554,0,1,1,32,46,False,0
50501,creature,19710,19710,19710,554,0,1,1,32,46,False,0
50501,creature,19712,19712,19712,554,0,1,1,32,46,False,0
50501,creature,19713,19713,19713,554,0,1,1,32,46,False,0
50501,creature,19716,19716,19716,554,0,1,1,32,46,False,0
50501,creature,19735,19735,19735,554,0,1,1,32,46,False,0
50501,creature,20059,20059,20059,554,0,1,1,32,46,False,0
50501,creature,20988,20988,20988,554,0,1,1,32,46,False,0
50501,creature,20990,20990,20990,554,0,1,1,32,46,False,0
50501,creature,21522,21522,19510,554,1,1,1,32,46,False,0
50501,creature,21523,21523,20990,554,1,1,1,32,46,False,0
50501,creature,21524,21524,19167,554,1,1,1,32,46,False,0
50501,creature,21525,21525,21525,554,1,1,1,32,46,False,0
50501,creature,21526,21526,21526,554,1,1,1,32,46,False,0
50501,creature,21527,21527,19231,554,1,1,1,32,46,False,0
50501,creature,21528,21528,19712,554,1,1,1,32,46,False,0
50501,creature,21531,21531,19716,554,1,1,1,32,46,False,0
50501,creature,21532,21532,19713,554,1,1,1,32,46,False,0
50501,creature,21533,21533,21533,554,1,1,1,32,46,False,0
50501,creature,21536,21536,21536,554,1,1,1,32,46,False,0
50501,creature,21537,21537,21537,554,1,1,1,32,46,False,0
50501,creature,21539,21539,19168,554,1,1,1,32,46,False,0
50501,creature,21540,21540,20988,554,1,1,1,32,46,False,0
50501,creature,21541,21541,20059,554,1,1,1,32,46,False,0
50501,creature,21542,21542,19735,554,1,1,1,32,46,False,0
50501,creature,21543,21543,19166,554,1,1,1,32,46,False,0
50501,creature,18631,18631,18631,555,0,1,1,32,46,False,0
50501,creature,18632,18632,18632,555,0,1,1,32,46,False,0
50501,creature,18633,18633,18633,555,0,1,1,32,46,False,0
50501,creature,18634,18634,18634,555,0,1,1,32,46,False,0
50501,creature,18635,18635,18635,555,0,1,1,32,46,False,0
50501,creature,18636,18636,18636,555,0,1,1,32,46,False,0
50501,creature,18637,18637,18637,555,0,1,1,32,46,False,0
50501,creature,18638,18638,18638,555,0,1,1,32,46,False,0
50501,creature,18639,18639,18639,555,0,1,1,32,46,False,0
50501,creature,18640,18640,18640,555,0,1,1,32,46,False,0
50501,creature,18641,18641,18641,555,0,1,1,32,46,False,0
50501,creature,18642,18642,18642,555,0,1,1,32,46,False,0
50501,creature,18667,18667,18667,555,0,1,1,32,46,False,0
50501,creature,18708,18708,18708,555,0,1,1,32,46,False,0
50501,creature,18731,18731,18731,555,0,1,1,32,46,False,0
50501,creature,18732,18732,18732,555,0,1,1,32,46,False,0
50501,creature,18794,18794,18794,555,0,1,1,32,46,False,0
50501,creature,18796,18796,18796,555,0,1,1,32,46,False,0
50501,creature,18830,18830,18830,555,0,1,1,32,46,False,0
50501,creature,18848,18848,18848,555,0,1,1,32,46,False,0
50501,creature,20636,20636,20636,555,1,1,1,32,46,False,0
50501,creature,20637,20637,20637,555,1,1,1,32,46,False,0
50501,creature,20638,20638,18633,555,1,1,1,32,46,False,0
50501,creature,20639,20639,18636,555,1,1,1,32,46,False,0
50501,creature,20640,20640,18631,555,1,1,1,32,46,False,0
50501,creature,20641,20641,18635,555,1,1,1,32,46,False,0
50501,creature,20642,20642,18632,555,1,1,1,32,46,False,0
50501,creature,20643,20643,18641,555,1,1,1,32,46,False,0
50501,creature,20644,20644,18830,555,1,1,1,32,46,False,0
50501,creature,20645,20645,18794,555,1,1,1,32,46,False,0
50501,creature,20646,20646,18637,555,1,1,1,32,46,False,0
50501,creature,20647,20647,18639,555,1,1,1,32,46,False,0
50501,creature,20648,20648,18634,555,1,1,1,32,46,False,0
50501,creature,20649,20649,18640,555,1,1,1,32,46,False,0
50501,creature,20650,20650,18638,555,1,1,1,32,46,False,0
50501,creature,20651,20651,18642,555,1,1,1,32,46,False,0
50501,creature,20652,20652,18796,555,1,1,1,32,46,False,0
50501,creature,20653,20653,20653,555,1,1,1,32,46,False,0
50501,creature,20656,20656,18848,555,1,1,1,32,46,False,0
50501,creature,20657,20657,20657,555,1,1,1,32,46,False,0
50501,creature,18318,18318,18318,556,0,1,1,32,46,False,0
50501,creature,18319,18319,18319,556,0,1,1,32,46,False,0
50501,creature,18320,18320,18320,556,0,1,1,32,46,False,0
50501,creature,18321,18321,18321,556,0,1,1,32,46,False,0
50501,creature,18322,18322,18322,556,0,1,1,32,46,False,0
50501,creature,18323,18323,18323,556,0,1,1,32,46,False,0
50501,creature,18325,18325,18325,556,0,1,1,32,46,False,0
50501,creature,18326,18326,18326,556,0,1,1,32,46,False,0
50501,creature,18328,18328,18328,556,0,1,1,32,46,False,0
50501,creature,18472,18472,18472,556,0,1,1,32,46,False,0
50501,creature,18473,18473,18473,556,0,1,1,32,46,False,0
50501,creature,19428,19428,19428,556,0,1,1,32,46,False,0
50501,creature,19429,19429,19429,556,0,1,1,32,46,False,0
50501,creature,21891,21891,21891,556,0,1,1,32,46,False,0
50501,creature,21904,21904,21904,556,0,1,1,32,46,False,0
50501,creature,20686,20686,19429,556,1,1,1,32,46,False,0
50501,creature,20688,20688,19428,556,1,1,1,32,46,False,0
50501,creature,20690,20690,20690,556,1,1,1,32,46,False,0
50501,creature,20692,20692,18323,556,1,1,1,32,46,False,0
50501,creature,20693,20693,18318,556,1,1,1,32,46,False,0
50501,creature,20694,20694,18328,556,1,1,1,32,46,False,0
50501,creature,20695,20695,18325,556,1,1,1,32,46,False,0
50501,creature,20696,20696,18322,556,1,1,1,32,46,False,0
50501,creature,20697,20697,18319,556,1,1,1,32,46,False,0
50501,creature,20698,20698,18320,556,1,1,1,32,46,False,0
50501,creature,20699,20699,18326,556,1,1,1,32,46,False,0
50501,creature,20701,20701,18321,556,1,1,1,32,46,False,0
50501,creature,20706,20706,20706,556,1,1,1,32,46,False,0
50501,creature,21989,21989,21891,556,1,1,1,32,46,False,0
50501,creature,21990,21990,21904,556,1,1,1,32,46,False,0
50501,creature,18309,18309,18309,557,0,1,1,32,46,False,0
50501,creature,18311,18311,18311,557,0,1,1,32,46,False,0
50501,creature,18312,18312,18312,557,0,1,1,32,46,False,0
50501,creature,18313,18313,18313,557,0,1,1,32,46,False,0
50501,creature,18314,18314,18314,557,0,1,1,32,46,False,0
50501,creature,18315,18315,18315,557,0,1,1,32,46,False,0
50501,creature,18317,18317,18317,557,0,1,1,32,46,False,0
50501,creature,18331,18331,18331,557,0,1,1,32,46,False,0
50501,creature,18341,18341,18341,557,0,1,1,32,46,False,0
50501,creature,18343,18343,18343,557,0,1,1,32,46,False,0
50501,creature,18344,18344,18344,557,0,1,1,32,46,False,0
50501,creature,19307,19307,19307,557,0,1,1,32,46,False,0
50501,creature,20255,20255,20255,557,1,1,1,32,46,False,0
50501,creature,20256,20256,20256,557,1,1,1,32,46,False,0
50501,creature,20257,20257,18317,557,1,1,1,32,46,False,0
50501,creature,20258,20258,20258,557,1,1,1,32,46,False,0
50501,creature,20259,20259,20259,557,1,1,1,32,46,False,0
50501,creature,20260,20260,20260,557,1,1,1,32,46,False,0
50501,creature,20261,20261,20261,557,1,1,1,32,46,False,0
50501,creature,20264,20264,20264,557,1,1,1,32,46,False,0
50501,creature,20265,20265,20265,557,1,1,1,32,46,False,0
50501,creature,20266,20266,20266,557,1,1,1,32,46,False,0
50501,creature,20267,20267,20267,557,1,1,1,32,46,False,0
50501,creature,20268,20268,20268,557,1,1,1,32,46,False,0
50501,creature,18371,18371,18371,558,0,1,1,32,46,False,0
50501,creature,18373,18373,18373,558,0,1,1,32,46,False,0
50501,creature,18493,18493,18493,558,0,1,1,32,46,False,0
50501,creature,18495,18495,18495,558,0,1,1,32,46,False,0
50501,creature,18497,18497,18497,558,0,1,1,32,46,False,0
50501,creature,18521,18521,18521,558,0,1,1,32,46,False,0
50501,creature,18524,18524,18524,558,0,1,1,32,46,False,0
50501,creature,18556,18556,18556,558,0,1,1,32,46,False,0
50501,creature,18557,18557,18557,558,0,1,1,32,46,False,0
50501,creature,18558,18558,18558,558,0,1,1,32,46,False,0
50501,creature,18559,18559,18559,558,0,1,1,32,46,False,0
50501,creature,18702,18702,18702,558,0,1,1,32,46,False,0
50501,creature,20298,20298,18524,558,1,1,1,32,46,False,0
50501,creature,20299,20299,18497,558,1,1,1,32,46,False,0
50501,creature,20300,20300,18702,558,1,1,1,32,46,False,0
50501,creature,20301,20301,18493,558,1,1,1,32,46,False,0
50501,creature,20302,20302,18495,558,1,1,1,32,46,False,0
50501,creature,20306,20306,20306,558,1,1,1,32,46,False,0
50501,creature,20310,20310,18557,558,1,1,1,32,46,False,0
50501,creature,20311,20311,18556,558,1,1,1,32,46,False,0
50501,creature,20312,20312,18558,558,1,1,1,32,46,False,0
50501,creature,20313,20313,18559,558,1,1,1,32,46,False,0
50501,creature,20315,20315,18521,558,1,1,1,32,46,False,0
50501,creature,20318,20318,20318,558,1,1,1,32,46,False,0
50501,creature,17814,17814,17814,560,0,1,1,32,46,False,0
50501,creature,17815,17815,17815,560,0,1,1,32,46,False,0
50501,creature,17819,17819,17819,560,0,1,1,32,46,False,0
50501,creature,17820,17820,17820,560,0,1,1,32,46,False,0
50501,creature,17833,17833,17833,560,0,1,1,32,46,False,0
50501,creature,17840,17840,17840,560,0,1,1,32,46,False,0
50501,creature,17846,17846,17846,560,0,1,1,32,46,False,0
50501,creature,17848,17848,17848,560,0,1,1,32,46,False,0
50501,creature,17860,17860,17860,560,0,1,1,32,46,False,0
50501,creature,17862,17862,17862,560,0,1,1,32,46,False,0
50501,creature,18092,18092,18092,560,0,1,1,32,46,False,0
50501,creature,18093,18093,18093,560,0,1,1,32,46,False,0
50501,creature,18094,18094,18094,560,0,1,1,32,46,False,0
50501,creature,18096,18096,18096,560,0,1,1,32,46,False,0
50501,creature,28132,28132,28132,560,0,1,1,32,46,False,0
50501,creature,20521,20521,20521,560,1,1,1,32,46,False,0
50501,creature,20526,20526,17820,560,1,1,1,32,46,False,0
50501,creature,20527,20527,17819,560,1,1,1,32,46,False,0
50501,creature,20528,20528,17840,560,1,1,1,32,46,False,0
50501,creature,20529,20529,17860,560,1,1,1,32,46,False,0
50501,creature,20530,20530,17833,560,1,1,1,32,46,False,0
50501,creature,20531,20531,20531,560,1,1,1,32,46,False,0
50501,creature,20535,20535,20535,560,1,1,1,32,46,False,0
50501,creature,20537,20537,17815,560,1,1,1,32,46,False,0
50501,creature,20538,20538,17814,560,1,1,1,32,46,False,0
50501,creature,20543,20543,17846,560,1,1,1,32,46,False,0
50501,creature,20545,20545,18092,560,1,1,1,32,46,False,0
50501,creature,20546,20546,18094,560,1,1,1,32,46,False,0
50501,creature,20547,20547,18093,560,1,1,1,32,46,False,0
50501,creature,22844,22844,22844,564,0,1,1,32,46,False,0
50501,creature,22845,22845,22845,564,0,1,1,32,46,False,0
50501,creature,22846,22846,22846,564,0,1,1,32,46,False,0
50501,creature,22847,22847,22847,564,0,1,1,32,46,False,0
50501,creature,22853,22853,22853,564,0,1,1,32,46,False,0
50501,creature,22855,22855,22855,564,0,1,1,32,46,False,0
50501,creature,22869,22869,22869,564,0,1,1,32,46,False,0
50501,creature,22873,22873,22873,564,0,1,1,32,46,False,0
50501,creature,22874,22874,22874,564,0,1,1,32,46,False,0
50501,creature,22875,22875,22875,564,0,1,1,32,46,False,0
50501,creature,22876,22876,22876,564,0,1,1,32,46,False,0
50501,creature,22877,22877,22877,564,0,1,1,32,46,False,0
50501,creature,22878,22878,22878,564,0,1,1,32,46,False,0
50501,creature,22879,22879,22879,564,0,1,1,32,46,False,0
50501,creature,22880,22880,22880,564,0,1,1,32,46,False,0
50501,creature,22881,22881,22881,564,0,1,1,32,46,False,0
50501,creature,22882,22882,22882,564,0,1,1,32,46,False,0
50501,creature,22883,22883,22883,564,0,1,1,32,46,False,0
50501,creature,22884,22884,22884,564,0,1,1,32,46,False,0
50501,creature,22885,22885,22885,564,0,1,1,32,46,False,0
50501,creature,22939,22939,22939,564,0,1,1,32,46,False,0
50501,creature,22945,22945,22945,564,0,1,1,32,46,False,0
50501,creature,22946,22946,22946,564,0,1,1,32,46,False,0
50501,creature,22953,22953,22953,564,0,1,1,32,46,False,0
50501,creature,22954,22954,22954,564,0,1,1,32,46,False,0
50501,creature,22955,22955,22955,564,0,1,1,32,46,False,0
50501,creature,22956,22956,22956,564,0,1,1,32,46,False,0
50501,creature,22957,22957,22957,564,0,1,1,32,46,False,0
50501,creature,22959,22959,22959,564,0,1,1,32,46,False,0
50501,creature,22960,22960,22960,564,0,1,1,32,46,False,0
50501,creature,22962,22962,22962,564,0,1,1,32,46,False,0
50501,creature,22963,22963,22963,564,0,1,1,32,46,False,0
50501,creature,22964,22964,22964,564,0,1,1,32,46,False,0
50501,creature,22965,22965,22965,564,0,1,1,32,46,False,0
50501,creature,23018,23018,23018,564,0,1,1,32,46,False,0
50501,creature,23028,23028,23028,564,0,1,1,32,46,False,0
50501,creature,23030,23030,23030,564,0,1,1,32,46,False,0
50501,creature,23047,23047,23047,564,0,1,1,32,46,False,0
50501,creature,23049,23049,23049,564,0,1,1,32,46,False,0
50501,creature,23147,23147,23147,564,0,1,1,32,46,False,0
50501,creature,23172,23172,23172,564,0,1,1,32,46,False,0
50501,creature,23196,23196,23196,564,0,1,1,32,46,False,0
50501,creature,23222,23222,23222,564,0,1,1,32,46,False,0
50501,creature,23223,23223,23223,564,0,1,1,32,46,False,0
50501,creature,23232,23232,23232,564,0,1,1,32,46,False,0
50501,creature,23235,23235,23235,564,0,1,1,32,46,False,0
50501,creature,23236,23236,23236,564,0,1,1,32,46,False,0
50501,creature,23237,23237,23237,564,0,1,1,32,46,False,0
50501,creature,23239,23239,23239,564,0,1,1,32,46,False,0
50501,creature,23330,23330,23330,564,0,1,1,32,46,False,0
50501,creature,23337,23337,23337,564,0,1,1,32,46,False,0
50501,creature,23339,23339,23339,564,0,1,1,32,46,False,0
50501,creature,23374,23374,23374,564,0,1,1,32,46,False,0
50501,creature,23394,23394,23394,564,0,1,1,32,46,False,0
50501,creature,23397,23397,23397,564,0,1,1,32,46,False,0
50501,creature,23400,23400,23400,564,0,1,1,32,46,False,0
50501,creature,23402,23402,23402,564,0,1,1,32,46,False,0
50501,creature,23403,23403,23403,564,0,1,1,32,46,False,0
50501,creature,18831,18831,18831,565,0,1,1,32,46,False,0
50501,creature,19044,19044,19044,565,0,1,1,32,46,False,0
50501,creature,19389,19389,19389,565,0,1,1,32,46,False,0
50501,creature,21350,21350,21350,565,0,1,1,32,46,False,0
50501,creature,23542,23542,23542,568,0,1,1,32,46,False,0
50501,creature,23580,23580,23580,568,0,1,1,32,46,False,0
50501,creature,23581,23581,23581,568,0,1,1,32,46,False,0
50501,creature,23582,23582,23582,568,0,1,1,32,46,False,0
50501,creature,23584,23584,23584,568,0,1,1,32,46,False,0
50501,creature,23586,23586,23586,568,0,1,1,32,46,False,0
50501,creature,23596,23596,23596,568,0,1,1,32,46,False,0
50501,creature,23597,23597,23597,568,0,1,1,32,46,False,0
50501,creature,23774,23774,23774,568,0,1,1,32,46,False,0
50501,creature,23834,23834,23834,568,0,1,1,32,46,False,0
50501,creature,24043,24043,24043,568,0,1,1,32,46,False,0
50501,creature,24047,24047,24047,568,0,1,1,32,46,False,0
50501,creature,24059,24059,24059,568,0,1,1,32,46,False,0
50501,creature,24064,24064,24064,568,0,1,1,32,46,False,0
50501,creature,24065,24065,24065,568,0,1,1,32,46,False,0
50501,creature,24179,24179,24179,568,0,1,1,32,46,False,0
50501,creature,24180,24180,24180,568,0,1,1,32,46,False,0
50501,creature,24374,24374,24374,568,0,1,1,32,46,False,0
50501,creature,24530,24530,24530,568,0,1,1,32,46,False,0
50501,creature,24549,24549,24549,568,0,1,1,32,46,False,0
50501,creature,24882,24882,24882,580,0,1,1,32,46,False,0
50501,creature,24892,24892,24892,580,0,1,1,32,46,False,0
50501,creature,25369,25369,25593,580,0,1,1,32,46,False,0
50501,creature,25507,25507,25595,580,0,1,1,32,46,False,0
50501,creature,25599,25599,25599,580,0,1,1,32,46,False,0
50501,creature,25867,25867,25867,580,0,1,1,32,46,False,0
50501,creature,24560,24560,24560,585,0,1,1,32,46,False,0
50501,creature,24664,24664,24664,585,0,1,1,32,46,False,0
50501,creature,24683,24683,24684,585,0,1,1,32,46,False,0
50501,creature,24688,24688,24689,585,0,1,1,32,46,False,0
50501,creature,24696,24696,24696,585,0,1,1,32,46,False,0
50501,creature,24697,24697,24698,585,0,1,1,32,46,False,0
50501,creature,24723,24723,24723,585,0,1,1,32,46,False,0
50501,creature,24744,24744,24744,585,0,1,1,32,46,False,0
50501,creature,24777,24777,24777,585,0,1,1,32,46,False,0
50501,creature,24857,24857,24857,585,1,1,1,32,46,False,0
50501,creature,25547,25547,24696,585,1,1,1,32,46,False,0
50501,creature,25560,25560,25560,585,1,1,1,32,46,False,0
50501,creature,25562,25562,25562,585,1,1,1,32,46,False,0
50501,creature,25563,25563,24698,585,1,1,1,32,46,False,0
50501,creature,25568,25568,24684,585,1,1,1,32,46,False,0
50501,creature,25571,25571,24777,585,1,1,1,32,46,False,0
50501,creature,25573,25573,25573,585,1,1,1,32,46,False,0
50501,creature,25577,25577,24689,585,1,1,1,32,46,False,0
240160,creature,301002,301002,301002,249,0,1,1,2,2,False,0
240160,creature,351010,351010,351010,533,0,1,1,2,2,False,0
240160,creature,351011,351011,351011,533,0,1,1,2,2,False,0
240160,creature,351012,351012,351012,533,0,1,1,2,2,False,0
240160,creature,351014,351014,351014,533,0,1,1,2,2,False,0
240160,creature,351016,351016,351016,533,0,1,1,2,2,False,0
240160,creature,351017,351017,351017,533,0,1,1,2,2,False,0
240160,creature,351021,351021,351021,533,0,1,1,2,2,False,0
240160,creature,351022,351022,351022,533,0,1,1,2,2,False,0
240160,creature,351023,351023,351023,533,0,1,1,2,2,False,0
240160,creature,351024,351024,351024,533,0,1,1,2,2,False,0
240160,creature,351025,351025,351025,533,0,1,1,2,2,False,0
240160,creature,351027,351027,351027,533,0,1,1,2,2,False,0
240160,creature,351041,351041,351041,533,0,1,1,2,2,False,0
240160,creature,351048,351048,351048,533,0,1,1,2,2,False,0
240160,creature,351053,351053,351053,533,0,1,1,2,2,False,0
240160,creature,351054,351054,351054,533,0,1,1,2,2,False,0
240160,creature,351055,351055,351055,533,0,1,1,2,2,False,0
240160,creature,351056,351056,351056,533,0,1,1,2,2,False,0
240160,creature,351057,351057,351057,533,0,1,1,2,2,False,0
240160,creature,351058,351058,351058,533,0,1,1,2,2,False,0
240160,creature,351059,351059,351059,533,0,1,1,2,2,False,0
240160,creature,351060,351060,351060,533,0,1,1,2,2,False,0
240160,creature,351064,351064,351064,533,0,1,1,2,2,False,0
240160,creature,351065,351065,351065,533,0,1,1,2,2,False,0
240160,creature,351070,351070,351070,533,0,1,1,2,2,False,0
240160,creature,351077,351077,351077,533,0,1,1,2,2,False,0
240160,creature,351078,351078,351078,533,0,1,1,2,2,False,0
240240,creature,301002,301002,301002,249,0,1,1,2,2,False,0
240240,creature,351064,351064,351064,533,0,1,1,2,2,False,0
240900,creature,301002,301002,301002,249,0,1,1,1,1,True,0
300000,creature,301000,301000,301000,249,0,1,1,1,1,True,0
300440,creature,301000,301000,301000,249,0,1,1,1,1,True,0
300480,creature,301002,301002,301002,249,0,1,1,1,1,True,0
300610,creature,351010,351010,351010,533,0,1,1,1,1,True,0
300610,creature,351011,351011,351011,533,0,1,1,1,1,True,0
300610,creature,351012,351012,351012,533,0,1,1,1,1,True,0
300610,creature,351016,351016,351016,533,0,1,1,1,1,True,0
300610,creature,351017,351017,351017,533,0,1,1,1,1,True,0
300610,creature,351021,351021,351021,533,0,1,1,1,1,True,0
300610,creature,351022,351022,351022,533,0,1,1,1,1,True,0
300610,creature,351023,351023,351023,533,0,1,1,1,1,True,0
300610,creature,351024,351024,351024,533,0,1,1,1,1,True,0
300610,creature,351027,351027,351027,533,0,1,1,1,1,True,0
300610,creature,351041,351041,351041,533,0,1,1,1,1,True,0
300610,creature,351048,351048,351048,533,0,1,1,1,1,True,0
300610,creature,351053,351053,351053,533,0,1,1,1,1,True,0
300610,creature,351054,351054,351054,533,0,1,1,1,1,True,0
300610,creature,351055,351055,351055,533,0,1,1,1,1,True,0
300610,creature,351056,351056,351056,533,0,1,1,1,1,True,0
300610,creature,351057,351057,351057,533,0,1,1,1,1,True,0
300610,creature,351058,351058,351058,533,0,1,1,1,1,True,0
300610,creature,351059,351059,351059,533,0,1,1,1,1,True,0
300610,creature,351060,351060,351060,533,0,1,1,1,1,True,0
300610,creature,351064,351064,351064,533,0,1,1,1,1,True,0
300610,creature,351065,351065,351065,533,0,1,1,1,1,True,0
300610,creature,351070,351070,351070,533,0,1,1,1,1,True,0
300610,creature,351077,351077,351077,533,0,1,1,1,1,True,0
300610,creature,351078,351078,351078,533,0,1,1,1,1,True,0
300790,creature,301002,301002,301002,249,0,1,1,1,1,True,0
300810,creature,301002,301002,301002,249,0,1,1,2,2,False,0
300810,creature,351010,351010,351010,533,0,1,1,2,2,False,0
300810,creature,351011,351011,351011,533,0,1,1,2,2,False,0
300810,creature,351016,351016,351016,533,0,1,1,2,2,False,0
300810,creature,351022,351022,351022,533,0,1,1,2,2,False,0
300810,creature,351025,351025,351025,533,0,1,1,2,2,False,0
300810,creature,351048,351048,351048,533,0,1,1,2,2,False,0
300810,creature,351053,351053,351053,533,0,1,1,2,2,False,0
300810,creature,351057,351057,351057,533,0,1,1,2,2,False,0
300810,creature,351077,351077,351077,533,0,1,1,2,2,False,0
300810,creature,351078,351078,351078,533,0,1,1,2,2,False,0
300830,creature,301002,301002,301002,249,0,1,1,1,1,True,0
300840,creature,301002,301002,301002,249,0,1,1,1,1,True,0
300870,creature,301002,301002,301002,249,0,1,1,1,1,True,0
300880,creature,301002,301002,301002,249,0,1,1,1,1,True,0
300890,creature,301002,301002,301002,249,0,1,1,1,1,True,0
301070,creature,351010,351010,351010,533,0,1,1,1,1,True,0
301070,creature,351011,351011,351011,533,0,1,1,1,1,True,0
301070,creature,351012,351012,351012,533,0,1,1,1,1,True,0
301070,creature,351014,351014,351014,533,0,1,1,1,1,True,0
301070,creature,351016,351016,351016,533,0,1,1,1,1,True,0
301070,creature,351017,351017,351017,533,0,1,1,1,1,True,0
301070,creature,351021,351021,351021,533,0,1,1,1,1,True,0
301070,creature,351022,351022,351022,533,0,1,1,1,1,True,0
301070,creature,351023,351023,351023,533,0,1,1,1,1,True,0
301070,creature,351024,351024,351024,533,0,1,1,1,1,True,0
301070,creature,351025,351025,351025,533,0,1,1,1,1,True,0
301070,creature,351027,351027,351027,533,0,1,1,1,1,True,0
301070,creature,351029,351029,351029,533,0,1,1,1,1,True,0
301070,creature,351041,351041,351041,533,0,1,1,1,1,True,0
301070,creature,351048,351048,351048,533,0,1,1,1,1,True,0
301070,creature,351053,351053,351053,533,0,1,1,1,1,True,0
301070,creature,351054,351054,351054,533,0,1,1,1,1,True,0
301070,creature,351055,351055,351055,533,0,1,1,1,1,True,0
301070,creature,351056,351056,351056,533,0,1,1,1,1,True,0
301070,creature,351057,351057,351057,533,0,1,1,1,1,True,0
301070,creature,351058,351058,351058,533,0,1,1,1,1,True,0
301070,creature,351059,351059,351059,533,0,1,1,1,1,True,0
301070,creature,351060,351060,351060,533,0,1,1,1,1,True,0
301070,creature,351064,351064,351064,533,0,1,1,1,1,True,0
301070,creature,351065,351065,351065,533,0,1,1,1,1,True,0
301070,creature,351070,351070,351070,533,0,1,1,1,1,True,0
301070,creature,351077,351077,351077,533,0,1,1,1,1,True,0
301070,creature,351078,351078,351078,533,0,1,1,1,1,True,0
301710,creature,301000,301000,301000,249,0,1,1,1,1,True,0
301720,creature,301000,301000,301000,249,0,1,1,1,1,True,0
301730,creature,301000,301000,301000,249,0,1,1,1,1,True,0
301830,creature,301002,301002,301002,249,0,1,1,1,1,True,0
302620,creature,301000,301000,301000,249,0,1,1,1,1,True,0
302630,creature,301000,301000,301000,249,0,1,1,1,1,True,0
302680,creature,301002,301002,301002,249,0,1,1,1,1,True,0
304370,creature,351029,351029,351029,533,0,1,1,1,1,True,0
304500,creature,351000,351000,351000,533,0,1,1,1,1,True,0
304500,reference,304510,304510,304510,533,0,1,1,1,1,True,1
304510,creature,351000,351000,351000,533,0,1,1,1,1,True,0
304520,creature,351000,351000,351000,533,0,1,1,1,1,True,0
304530,creature,351003,351003,351003,533,0,1,1,1,1,True,0
304530,creature,351028,351028,351028,533,0,1,1,1,1,True,0
304540,creature,351003,351003,351003,533,0,1,1,1,1,True,0
304550,creature,351004,351004,351004,533,0,1,1,1,1,True,0
304560,creature,351004,351004,351004,533,0,1,1,1,1,True,0
304570,creature,351005,351005,351005,533,0,1,1,1,1,True,0
304570,creature,351008,351008,351008,533,0,1,1,1,1,True,0
304580,creature,351005,351005,351005,533,0,1,1,1,1,True,0
304590,creature,351006,351006,351006,533,0,1,1,1,1,True,0
304590,reference,304600,304600,304600,533,0,1,1,1,1,True,1
304600,creature,351006,351006,351006,533,0,1,1,1,1,True,0
304610,creature,351006,351006,351006,533,0,1,1,1,1,True,0
304620,creature,351007,351007,351007,533,0,1,1,1,1,True,0
304620,creature,351009,351009,351009,533,0,1,1,1,1,True,0
304630,creature,351007,351007,351007,533,0,1,1,1,1,True,0
304640,creature,351008,351008,351008,533,0,1,1,1,1,True,0
304650,creature,351009,351009,351009,533,0,1,1,1,1,True,0
304660,creature,351018,351018,351018,533,0,1,1,1,1,True,0
304660,reference,304670,304670,304670,533,0,1,1,1,1,True,1
304670,creature,351018,351018,351018,533,0,1,1,1,1,True,0
304680,creature,351018,351018,351018,533,0,1,1,1,1,True,0
304690,creature,351018,351018,351018,533,0,1,1,1,1,True,0
304700,creature,351019,351019,351019,533,0,1,1,1,1,True,0
304700,reference,304720,304720,304720,533,0,1,1,1,1,True,1
304710,creature,351019,351019,351019,533,0,1,1,1,1,True,0
304710,reference,304730,304730,304730,533,0,1,1,1,1,True,1
304720,creature,351019,351019,351019,533,0,1,1,1,1,True,0
304730,creature,351019,351019,351019,533,0,1,1,1,1,True,0
304740,creature,351020,351020,351020,533,0,1,1,1,1,True,0
304740,reference,304750,304750,304750,533,0,1,1,1,1,True,1
304750,creature,351020,351020,351020,533,0,1,1,1,1,True,0
304760,creature,351020,351020,351020,533,0,1,1,1,1,True,0
304770,creature,351028,351028,351028,533,0,1,1,1,1,True,0
304780,creature,351035,351035,351035,533,0,1,1,1,1,True,0
304780,creature,351036,351036,351036,533,0,1,1,1,1,True,0
304790,creature,351035,351035,351035,533,0,1,1,1,1,True,0
304800,creature,351036,351036,351036,533,0,1,1,1,1,True,0
1000018,creature,5053,5053,5053,43,0,1,1,4,4,False,0
1000018,creature,8886,8886,8886,43,0,1,1,4,4,False,0
1000019,creature,5053,5053,5053,43,0,1,1,4,4,False,0
1000019,creature,5055,5055,5055,43,0,1,1,4,4,False,0
1000019,creature,8886,8886,8886,43,0,1,1,4,4,False,0
1000020,creature,2350,2350,2350,560,0,1,1,3,3,False,0
1000021,creature,2350,2350,2350,560,0,1,1,4,4,False,0
1000022,creature,2354,2354,2354,560,0,1,1,4,4,False,0
1000023,creature,2354,2354,2354,560,0,1,1,3,3,False,0
1000027,creature,2385,2385,2385,560,0,1,1,3,3,False,0
1000028,creature,2385,2385,2385,560,0,1,1,3,3,False,0
1000030,creature,2408,2408,2408,560,0,1,1,3,3,False,0
1000031,creature,2408,2408,2408,560,0,1,1,5,5,False,0
1000036,creature,7078,7078,7078,70,0,1,1,3,3,False,0
1000037,creature,7405,7405,7405,70,0,1,1,3,3,False,0
1000038,creature,7405,7405,7405,70,0,1,1,3,3,False,0
1000042,creature,12216,12216,12216,349,0,1,1,3,3,False,0
1000042,creature,12217,12217,12217,349,0,1,1,3,3,False,0
1000044,creature,7269,7269,7269,209,0,1,1,4,4,False,0
1000044,creature,12218,12218,12218,349,0,1,1,4,4,False,0
1000045,creature,8311,8311,8311,109,0,1,1,4,4,False,0
1000045,creature,13599,13599,13599,349,0,1,1,4,4,False,0
1000046,creature,8311,8311,8311,109,0,1,1,4,4,False,0
1000046,creature,8318,8318,8318,109,0,1,1,4,4,False,0
1000046,creature,11789,11789,11789,349,0,1,1,4,4,False,0
1000046,creature,13599,13599,13599,349,0,1,1,4,4,False,0
1000047,creature,8318,8318,8318,109,0,1,1,4,4,False,0
1000047,creature,11789,11789,11789,349,0,1,1,4,4,False,0
1000048,creature,8319,8319,8319,109,0,1,1,3,3,False,0
1000049,creature,8921,8921,8921,230,0,1,1,3,3,False,0
1000050,creature,8921,8921,8921,230,0,1,1,3,3,False,0
1000052,creature,10221,10221,10221,229,0,1,1,4,4,False,0
1000052,creature,8922,8922,8922,230,0,1,1,4,4,False,0
1000053,creature,9416,9416,9416,229,0,1,1,4,4,False,0
1000053,creature,10221,10221,10221,229,0,1,1,4,4,False,0
1000053,creature,8922,8922,8922,230,0,1,1,4,4,False,0
1000054,creature,9416,9416,9416,229,0,1,1,4,4,False,0
1000054,creature,13022,13022,13022,429,0,1,1,4,4,False,0
1000055,creature,10375,10375,10375,229,0,1,1,4,4,False,0
1000055,creature,15168,15168,15168,509,0,1,1,4,4,False,0
1000055,creature,15333,15333,15333,509,0,1,1,4,4,False,0
1000056,creature,9696,9696,9696,229,0,1,1,4,4,False,0
1000056,creature,10375,10375,10375,229,0,1,1,4,4,False,0
1000056,creature,13276,13276,13276,429,0,1,1,4,4,False,0
1000057,creature,9696,9696,9696,229,0,1,1,5,5,False,0
1000057,creature,10442,10442,10442,229,0,1,1,5,5,False,0
1000057,creature,10678,10678,10678,289,0,1,1,5,5,False,0
1000057,creature,13036,13036,13036,429,0,1,1,5,5,False,0
1000057,creature,13160,13160,13160,429,0,1,1,5,5,False,0
1000058,creature,9701,9701,9701,229,0,1,1,5,5,False,0
1000058,creature,10177,10177,10177,229,0,1,1,5,5,False,0
1000058,creature,10442,10442,10442,229,0,1,1,5,5,False,0
1000058,creature,10678,10678,10678,289,0,1,1,5,5,False,0
1000058,creature,13036,13036,13036,429,0,1,1,5,5,False,0
1000058,creature,13160,13160,13160,429,0,1,1,5,5,False,0
1000059,creature,10678,10678,10678,289,0,1,1,4,4,False,0
1000059,creature,13036,13036,13036,429,0,1,1,4,4,False,0
1000059,creature,14400,14400,14400,429,0,1,1,4,4,False,0
1000060,creature,11360,11360,11360,309,0,1,1,4,4,False,0
1000060,creature,11368,11368,11368,309,0,1,1,4,4,False,0
1000060,creature,14400,14400,14400,429,0,1,1,4,4,False,0
1000115,creature,1725,1725,1725,36,0,1,1,6,6,False,0
1000116,creature,1725,1725,1725,36,0,1,1,4,4,False,0
1000117,creature,598,598,598,36,0,1,1,4,4,False,0
1000117,creature,1725,1725,1725,36,0,1,1,4,4,False,0
1000118,creature,598,598,598,36,0,1,1,4,4,False,0
1000118,creature,4416,4416,4416,36,0,1,1,4,4,False,0
1000119,creature,4416,4416,4416,36,0,1,1,4,4,False,0
1000120,creature,4787,4787,4787,48,0,1,1,4,4,False,0
1000124,creature,6207,6207,6207,90,0,1,1,5,5,False,0
1000124,creature,2267,2267,2267,560,0,1,1,5,5,False,0
1000125,creature,6207,6207,6207,90,0,1,1,6,6,False,0
1000125,creature,6547,6547,6547,189,0,1,1,6,6,False,0
1000125,creature,2267,2267,2267,560,0,1,1,6,6,False,0
1000126,creature,6207,6207,6207,90,0,1,1,3,3,False,0
1000126,creature,6222,6222,6222,90,0,1,1,3,3,False,0
1000126,creature,6224,6224,6224,90,0,1,1,3,3,False,0
1000126,creature,7603,7603,7603,90,0,1,1,3,3,False,0
1000127,creature,6222,6222,6222,90,0,1,1,3,3,False,0
1000127,creature,6224,6224,6224,90,0,1,1,3,3,False,0
1000127,creature,7603,7603,7603,90,0,1,1,3,3,False,0
1000130,creature,4283,4283,4283,189,0,1,1,3,3,False,0
1000130,creature,4308,4308,4308,189,0,1,1,3,3,False,0
1000131,creature,4283,4283,4283,189,0,1,1,3,3,False,0
1000131,creature,4308,4308,4308,189,0,1,1,3,3,False,0
1000134,creature,7333,7333,7333,129,0,1,1,5,5,False,0
1000135,creature,7175,7175,7175,70,0,1,1,4,4,False,0
1000135,creature,7334,7334,7334,129,0,1,1,4,4,False,0
1000135,creature,7344,7344,7344,129,0,1,1,4,4,False,0
1000136,creature,4851,4851,4851,70,0,1,1,4,4,False,0
1000136,creature,7334,7334,7334,129,0,1,1,4,4,False,0
1000136,creature,7344,7344,7344,129,0,1,1,4,4,False,0
1000136,creature,7346,7346,7346,129,0,1,1,4,4,False,0
1000137,creature,4851,4851,4851,70,0,1,1,4,4,False,0
1000138,creature,7011,7011,7011,70,0,1,1,5,5,False,0
1000138,creature,7012,7012,7012,70,0,1,1,5,5,False,0
1000138,creature,7076,7076,7076,70,0,1,1,5,5,False,0
1000138,creature,7077,7077,7077,70,0,1,1,5,5,False,0
1000138,creature,7309,7309,7309,70,0,1,1,5,5,False,0
1000139,creature,7011,7011,7011,70,0,1,1,4,4,False,0
1000139,creature,7012,7012,7012,70,0,1,1,4,4,False,0
1000139,creature,7396,7396,7396,70,0,1,1,4,4,False,0
1000139,creature,7397,7397,7397,70,0,1,1,4,4,False,0
1000146,creature,5263,5263,5263,109,0,1,1,3,3,False,0
1000146,creature,5269,5269,5269,109,0,1,1,3,3,False,0
1000147,creature,5263,5263,5263,109,0,1,1,3,3,False,0
1000147,creature,5269,5269,5269,109,0,1,1,3,3,False,0
1000148,creature,9545,9545,9545,230,0,1,1,3,3,False,0
1000148,creature,9547,9547,9547,230,0,1,1,3,3,False,0
1000149,creature,9545,9545,9545,230,0,1,1,3,3,False,0
1000149,creature,9547,9547,9547,230,0,1,1,3,3,False,0
1000150,creature,8896,8896,8896,230,0,1,1,3,3,False,0
1000150,creature,8916,8916,8916,230,0,1,1,3,3,False,0
1000150,creature,9545,9545,9545,230,0,1,1,3,3,False,0
1000150,creature,9547,9547,9547,230,0,1,1,3,3,False,0
1000151,creature,8896,8896,8896,230,0,1,1,3,3,False,0
1000151,creature,8897,8897,8897,230,0,1,1,3,3,False,0
1000151,creature,8902,8902,8902,230,0,1,1,3,3,False,0
1000151,creature,8916,8916,8916,230,0,1,1,3,3,False,0
1000151,creature,9545,9545,9545,230,0,1,1,3,3,False,0
1000151,creature,9547,9547,9547,230,0,1,1,3,3,False,0
1000152,creature,8902,8902,8902,230,0,1,1,3,3,False,0
1000152,creature,9545,9545,9545,230,0,1,1,3,3,False,0
1000152,creature,9547,9547,9547,230,0,1,1,3,3,False,0
1000153,creature,8920,8920,8920,230,0,1,1,3,3,False,0
1000154,creature,8900,8900,8900,230,0,1,1,3,3,False,0
1000154,creature,8904,8904,8904,230,0,1,1,3,3,False,0
1000154,creature,8915,8915,8915,230,0,1,1,3,3,False,0
1000154,creature,8920,8920,8920,230,0,1,1,3,3,False,0
1000155,creature,8904,8904,8904,230,0,1,1,4,4,False,0
1000155,creature,8915,8915,8915,230,0,1,1,4,4,False,0
1000155,creature,10390,10390,10390,329,0,1,1,4,4,False,0
1000155,creature,10411,10411,10411,329,0,1,1,4,4,False,0
1000156,creature,10390,10390,10390,329,0,1,1,3,3,False,0
1000156,creature,10391,10391,10391,329,0,1,1,3,3,False,0
1000156,creature,10411,10411,10411,329,0,1,1,3,3,False,0
1000157,creature,10485,10485,10485,289,0,1,1,5,5,False,0
1000157,creature,10391,10391,10391,329,0,1,1,5,5,False,0
1000157,creature,10411,10411,10411,329,0,1,1,5,5,False,0
1000157,creature,11476,11476,11476,429,0,1,1,5,5,False,0
1000158,creature,10480,10480,10480,289,0,1,1,4,4,False,0
1000158,creature,10481,10481,10481,289,0,1,1,4,4,False,0
1000158,creature,10485,10485,10485,289,0,1,1,4,4,False,0
1000158,creature,11476,11476,11476,429,0,1,1,4,4,False,0
1000158,creature,11477,11477,11477,429,0,1,1,4,4,False,0
1000159,creature,10316,10316,10316,229,0,1,1,6,6,False,0
1000159,creature,10480,10480,10480,289,0,1,1,6,6,False,0
1000159,creature,10481,10481,10481,289,0,1,1,6,6,False,0
1000159,creature,10399,10399,10399,329,0,1,1,6,6,False,0
1000159,creature,11477,11477,11477,429,0,1,1,6,6,False,0
1000160,creature,10316,10316,10316,229,0,1,1,4,4,False,0
1000160,creature,10399,10399,10399,329,0,1,1,4,4,False,0
1000161,creature,11387,11387,11387,309,0,1,1,2,2,False,0
1000161,creature,11388,11388,11388,309,0,1,1,2,2,False,0
1000161,creature,11390,11390,11390,309,0,1,1,2,2,False,0
1000161,creature,11391,11391,11391,309,0,1,1,2,2,False,0
1000213,creature,11320,11320,11320,389,0,1,1,1,1,True,0
1000213,creature,11321,11321,11321,389,0,1,1,1,1,True,0
1000214,creature,11320,11320,11320,389,0,1,1,1,1,True,0
1000217,creature,3640,3640,3640,43,0,1,1,1,1,True,0
1000218,creature,3861,3861,3861,33,0,1,1,2,2,False,0
1000218,creature,3862,3862,3862,33,0,1,1,2,2,False,0
1000218,creature,3636,3636,3636,43,0,1,1,2,2,False,0
1000218,creature,3637,3637,3637,43,0,1,1,2,2,False,0
1000218,creature,3640,3640,3640,43,0,1,1,2,2,False,0
1000218,creature,5048,5048,5048,43,0,1,1,2,2,False,0
1000219,creature,3861,3861,3861,33,0,1,1,2,2,False,0
1000219,creature,3862,3862,3862,33,0,1,1,2,2,False,0
1000219,creature,3864,3864,3864,33,0,1,1,2,2,False,0
1000219,creature,3636,3636,3636,43,0,1,1,2,2,False,0
1000219,creature,3637,3637,3637,43,0,1,1,2,2,False,0
1000219,creature,5048,5048,5048,43,0,1,1,2,2,False,0
1000219,creature,5056,5056,5056,43,0,1,1,2,2,False,0
1000219,creature,5755,5755,5755,43,0,1,1,2,2,False,0
1000219,creature,5756,5756,5756,43,0,1,1,2,2,False,0
1000219,creature,5761,5761,5761,43,0,1,1,2,2,False,0
1000219,creature,5912,5912,5912,43,0,1,1,2,2,False,0
1000220,creature,3861,3861,3861,33,0,1,1,1,1,True,0
1000220,creature,3862,3862,3862,33,0,1,1,1,1,True,0
1000220,creature,3863,3863,3863,33,0,1,1,1,1,True,0
1000220,creature,3866,3866,3866,33,0,1,1,1,1,True,0
1000220,creature,3868,3868,3868,33,0,1,1,1,1,True,0
1000221,creature,3861,3861,3861,33,0,1,1,1,1,True,0
1000221,creature,3862,3862,3862,33,0,1,1,1,1,True,0
1000221,creature,3863,3863,3863,33,0,1,1,1,1,True,0
1000222,creature,4821,4821,4821,48,0,1,1,1,1,True,0
1000222,creature,4822,4822,4822,48,0,1,1,1,1,True,0
1000222,creature,4824,4824,4824,48,0,1,1,1,1,True,0
1000222,creature,4827,4827,4827,48,0,1,1,1,1,True,0
1000223,creature,4822,4822,4822,48,0,1,1,1,1,True,0
1000223,creature,4823,4823,4823,48,0,1,1,1,1,True,0
1000223,creature,4824,4824,4824,48,0,1,1,1,1,True,0
1000223,creature,4825,4825,4825,48,0,1,1,1,1,True,0
1000223,creature,4827,4827,4827,48,0,1,1,1,1,True,0
1000225,creature,4514,4514,4514,47,0,1,1,2,2,False,0
1000225,creature,6233,6233,6233,90,0,1,1,2,2,False,0
1000226,creature,4512,4512,4512,47,0,1,1,2,2,False,0
1000226,creature,4538,4538,4538,47,0,1,1,2,2,False,0
1000226,creature,4539,4539,4539,47,0,1,1,2,2,False,0
1000226,creature,4541,4541,4541,47,0,1,1,2,2,False,0
1000226,creature,6218,6218,6218,90,0,1,1,2,2,False,0
1000226,creature,6219,6219,6219,90,0,1,1,2,2,False,0
1000226,creature,6220,6220,6220,90,0,1,1,2,2,False,0
1000226,creature,6225,6225,6225,90,0,1,1,2,2,False,0
1000226,creature,6233,6233,6233,90,0,1,1,2,2,False,0
1000227,creature,4425,4425,4425,47,0,1,1,2,2,False,0
1000227,creature,6219,6219,6219,90,0,1,1,2,2,False,0
1000227,creature,6220,6220,6220,90,0,1,1,2,2,False,0
1000227,creature,6225,6225,6225,90,0,1,1,2,2,False,0
1000227,creature,6226,6226,6226,90,0,1,1,2,2,False,0
1000227,creature,6227,6227,6227,90,0,1,1,2,2,False,0
1000227,creature,6230,6230,6230,90,0,1,1,2,2,False,0
1000227,creature,6232,6232,6232,90,0,1,1,2,2,False,0
1000227,creature,6233,6233,6233,90,0,1,1,2,2,False,0
1000227,creature,6234,6234,6234,90,0,1,1,2,2,False,0
1000228,creature,7079,7079,7079,90,0,1,1,1,1,True,0
1000233,creature,4304,4304,4304,189,0,1,1,2,2,False,0
1000237,creature,4861,4861,4861,70,0,1,1,1,1,True,0
1000237,creature,4863,4863,4863,70,0,1,1,1,1,True,0
1000237,creature,7022,7022,7022,70,0,1,1,1,1,True,0
1000238,creature,4861,4861,4861,70,0,1,1,1,1,True,0
1000238,creature,4863,4863,4863,70,0,1,1,1,1,True,0
1000238,creature,7022,7022,7022,70,0,1,1,1,1,True,0
1000239,creature,4860,4860,4860,70,0,1,1,1,1,True,0
1000240,creature,4857,4857,4857,70,0,1,1,1,1,True,0
1000240,creature,7023,7023,7023,70,0,1,1,1,1,True,0
1000240,creature,7206,7206,7206,70,0,1,1,1,1,True,0
1000243,creature,12221,12221,12221,349,0,1,1,1,1,True,0
1000243,creature,12222,12222,12222,349,0,1,1,1,1,True,0
1000244,creature,8095,8095,8095,209,0,1,1,2,2,False,0
1000244,creature,12220,12220,12220,349,0,1,1,2,2,False,0
1000244,creature,12221,12221,12221,349,0,1,1,2,2,False,0
1000244,creature,12222,12222,12222,349,0,1,1,2,2,False,0
1000244,creature,13533,13533,13533,349,0,1,1,2,2,False,0
1000245,creature,7268,7268,7268,209,0,1,1,2,2,False,0
1000245,creature,8095,8095,8095,209,0,1,1,2,2,False,0
1000245,creature,8120,8120,8120,209,0,1,1,2,2,False,0
1000245,creature,12219,12219,12219,349,0,1,1,2,2,False,0
1000245,creature,12220,12220,12220,349,0,1,1,2,2,False,0
1000245,creature,13533,13533,13533,349,0,1,1,2,2,False,0
1000246,creature,11784,11784,11784,349,0,1,1,1,1,True,0
1000246,creature,12237,12237,12237,349,0,1,1,1,1,True,0
1000246,creature,13323,13323,13323,349,0,1,1,1,1,True,0
1000247,creature,5226,5226,5226,109,0,1,1,2,2,False,0
1000247,creature,5228,5228,5228,109,0,1,1,2,2,False,0
1000247,creature,8384,8384,8384,109,0,1,1,2,2,False,0
1000247,creature,11784,11784,11784,349,0,1,1,2,2,False,0
1000247,creature,12206,12206,12206,349,0,1,1,2,2,False,0
1000247,creature,13323,13323,13323,349,0,1,1,2,2,False,0
1000248,creature,5226,5226,5226,109,0,1,1,1,1,True,0
1000248,creature,5228,5228,5228,109,0,1,1,1,1,True,0
1000248,creature,5291,5291,5291,109,0,1,1,1,1,True,0
1000248,creature,8384,8384,8384,109,0,1,1,1,1,True,0
1000249,creature,5291,5291,5291,109,0,1,1,1,1,True,0
1000249,creature,5708,5708,5708,109,0,1,1,1,1,True,0
1000250,creature,8909,8909,8909,230,0,1,1,1,1,True,0
1000251,creature,8909,8909,8909,230,0,1,1,1,1,True,0
1000252,creature,8905,8905,8905,230,0,1,1,1,1,True,0
1000252,creature,8909,8909,8909,230,0,1,1,1,1,True,0
1000252,creature,8910,8910,8910,230,0,1,1,1,1,True,0
1000253,creature,9042,9042,9042,230,0,1,1,1,1,True,0
1000254,creature,8906,8906,8906,230,0,1,1,2,2,False,0
1000254,creature,8907,8907,8907,230,0,1,1,2,2,False,0
1000254,creature,8911,8911,8911,230,0,1,1,2,2,False,0
1000254,creature,13196,13196,13196,429,0,1,1,2,2,False,0
1000255,creature,8908,8908,8908,230,0,1,1,3,3,False,0
1000255,creature,10408,10408,10408,329,0,1,1,3,3,False,0
1000255,creature,13196,13196,13196,429,0,1,1,3,3,False,0
1000256,creature,10263,10263,10263,229,0,1,1,5,5,False,0
1000256,creature,8923,8923,8923,230,0,1,1,5,5,False,0
1000256,creature,14880,14880,14880,309,0,1,1,5,5,False,0
1000256,creature,10408,10408,10408,329,0,1,1,5,5,False,0
1000256,creature,13197,13197,13197,429,0,1,1,5,5,False,0
1000257,creature,10263,10263,10263,229,0,1,1,4,4,False,0
1000257,creature,10374,10374,10374,229,0,1,1,4,4,False,0
1000257,creature,14880,14880,14880,309,0,1,1,4,4,False,0
1000257,creature,10408,10408,10408,329,0,1,1,4,4,False,0
1000257,creature,11483,11483,11483,429,0,1,1,4,4,False,0
1000257,creature,13285,13285,13285,429,0,1,1,4,4,False,0
1000257,creature,14303,14303,14303,429,0,1,1,4,4,False,0
1000258,creature,10374,10374,10374,229,0,1,1,5,5,False,0
1000258,creature,11551,11551,11551,289,0,1,1,5,5,False,0
1000258,creature,14880,14880,14880,309,0,1,1,5,5,False,0
1000258,creature,10408,10408,10408,329,0,1,1,5,5,False,0
1000258,creature,10409,10409,10409,329,0,1,1,5,5,False,0
1000258,creature,10412,10412,10412,329,0,1,1,5,5,False,0
1000258,creature,11483,11483,11483,429,0,1,1,5,5,False,0
1000258,creature,13285,13285,13285,429,0,1,1,5,5,False,0
1000258,creature,14303,14303,14303,429,0,1,1,5,5,False,0
1000258,creature,14398,14398,14398,429,0,1,1,5,5,False,0
1000259,creature,11551,11551,11551,289,0,1,1,4,4,False,0
1000259,creature,15043,15043,15043,309,0,1,1,4,4,False,0
1000259,creature,10409,10409,10409,329,0,1,1,4,4,False,0
1000259,creature,10412,10412,10412,329,0,1,1,4,4,False,0
1000259,creature,10413,10413,10413,329,0,1,1,4,4,False,0
1000259,creature,11480,11480,11480,429,0,1,1,4,4,False,0
1000259,creature,11483,11483,11483,429,0,1,1,4,4,False,0
1000259,creature,11484,11484,11484,429,0,1,1,4,4,False,0
1000259,creature,14303,14303,14303,429,0,1,1,4,4,False,0
1000259,creature,14398,14398,14398,429,0,1,1,4,4,False,0
1000259,creature,14399,14399,14399,429,0,1,1,4,4,False,0
1000260,creature,9816,9816,9816,229,0,1,1,7,7,False,0
1000260,creature,10376,10376,10376,229,0,1,1,7,7,False,0
1000260,creature,11551,11551,11551,289,0,1,1,7,7,False,0
1000260,creature,11357,11357,11357,309,0,1,1,7,7,False,0
1000260,creature,11361,11361,11361,309,0,1,1,7,7,False,0
1000260,creature,11365,11365,11365,309,0,1,1,7,7,False,0
1000260,creature,11371,11371,11371,309,0,1,1,7,7,False,0
1000260,creature,11372,11372,11372,309,0,1,1,7,7,False,0
1000260,creature,11373,11373,11373,309,0,1,1,7,7,False,0
1000260,creature,14532,14532,14532,309,0,1,1,7,7,False,0
1000260,creature,14821,14821,14821,309,0,1,1,7,7,False,0
1000260,creature,15043,15043,15043,309,0,1,1,7,7,False,0
1000260,creature,10413,10413,10413,329,0,1,1,7,7,False,0
1000260,creature,11480,11480,11480,429,0,1,1,7,7,False,0
1000260,creature,11484,11484,11484,429,0,1,1,7,7,False,0
1000260,creature,14399,14399,14399,429,0,1,1,7,7,False,0
1000260,creature,15318,15318,15318,509,0,1,1,7,7,False,0
1000260,creature,15319,15319,15319,509,0,1,1,7,7,False,0
1000260,creature,15461,15461,15461,509,0,1,1,7,7,False,0
1000260,creature,15462,15462,15462,509,0,1,1,7,7,False,0
1000260,creature,15505,15505,15505,509,0,1,1,7,7,False,0
1000260,creature,15236,15236,15236,531,0,1,1,7,7,False,0
1000260,creature,15262,15262,15262,531,0,1,1,7,7,False,0
1000261,creature,11359,11359,11359,309,0,1,1,4,4,False,0
1000261,creature,11370,11370,11370,309,0,1,1,4,4,False,0
1000261,creature,15067,15067,15067,309,0,1,1,4,4,False,0
1000261,creature,11665,11665,11665,409,0,1,1,4,4,False,0
1000261,creature,11666,11666,11666,409,0,1,1,4,4,False,0
1000261,creature,11667,11667,11667,409,0,1,1,4,4,False,0
1000261,creature,11668,11668,11668,409,0,1,1,4,4,False,0
1000261,creature,12076,12076,12076,409,0,1,1,4,4,False,0
1000261,creature,12101,12101,12101,409,0,1,1,4,4,False,0
1000261,creature,15320,15320,15320,509,0,1,1,4,4,False,0
1000261,creature,15323,15323,15323,509,0,1,1,4,4,False,0
1000261,creature,15324,15324,15324,509,0,1,1,4,4,False,0
1000261,creature,15325,15325,15325,509,0,1,1,4,4,False,0
1000261,creature,15327,15327,15327,509,0,1,1,4,4,False,0
1000261,creature,15336,15336,15336,509,0,1,1,4,4,False,0
1000261,creature,15338,15338,15338,509,0,1,1,4,4,False,0
1000261,creature,15343,15343,15343,509,0,1,1,4,4,False,0
1000261,creature,15229,15229,15229,531,0,1,1,4,4,False,0
1000261,creature,15230,15230,15230,531,0,1,1,4,4,False,0
1000261,creature,15233,15233,15233,531,0,1,1,4,4,False,0
1000261,creature,15247,15247,15247,531,0,1,1,4,4,False,0
1000261,creature,15249,15249,15249,531,0,1,1,4,4,False,0
1000261,creature,15250,15250,15250,531,0,1,1,4,4,False,0
1000261,creature,15264,15264,15264,531,0,1,1,4,4,False,0
1000261,creature,15312,15312,15312,531,0,1,1,4,4,False,0
1000262,creature,11658,11658,11658,409,0,1,1,3,3,False,0
1000262,creature,11665,11665,11665,409,0,1,1,3,3,False,0
1000262,creature,11666,11666,11666,409,0,1,1,3,3,False,0
1000262,creature,11667,11667,11667,409,0,1,1,3,3,False,0
1000262,creature,11668,11668,11668,409,0,1,1,3,3,False,0
1000262,creature,11673,11673,11673,409,0,1,1,3,3,False,0
1000262,creature,12076,12076,12076,409,0,1,1,3,3,False,0
1000262,creature,12100,12100,12100,409,0,1,1,3,3,False,0
1000262,creature,12101,12101,12101,409,0,1,1,3,3,False,0
1000262,creature,15335,15335,15335,509,0,1,1,3,3,False,0
1000262,creature,15355,15355,15355,509,0,1,1,3,3,False,0
1000262,creature,15235,15235,15235,531,0,1,1,3,3,False,0
1000262,creature,15240,15240,15240,531,0,1,1,3,3,False,0
1000262,creature,15277,15277,15277,531,0,1,1,3,3,False,0
1000263,creature,11659,11659,11659,409,0,1,1,3,3,False,0
1000263,creature,12100,12100,12100,409,0,1,1,3,3,False,0
1000263,creature,15385,15385,15385,509,0,1,1,3,3,False,0
1000263,creature,15386,15386,15386,509,0,1,1,3,3,False,0
1000263,creature,15388,15388,15388,509,0,1,1,3,3,False,0
1000263,creature,15389,15389,15389,509,0,1,1,3,3,False,0
1000263,creature,15390,15390,15390,509,0,1,1,3,3,False,0
1000263,creature,15391,15391,15391,509,0,1,1,3,3,False,0
1000263,creature,15392,15392,15392,509,0,1,1,3,3,False,0
1000263,creature,15252,15252,15252,531,0,1,1,3,3,False,0
1000263,creature,15311,15311,15311,531,0,1,1,3,3,False,0
1000313,creature,11318,11318,11318,389,0,1,1,1,1,True,0
1000313,creature,11319,11319,11319,389,0,1,1,1,1,True,0
1000313,creature,11322,11322,11322,389,0,1,1,1,1,True,0
1000313,creature,11323,11323,11323,389,0,1,1,1,1,True,0
1000313,creature,11324,11324,11324,389,0,1,1,1,1,True,0
1000314,creature,11318,11318,11318,389,0,1,1,1,1,True,0
1000314,creature,11319,11319,11319,389,0,1,1,1,1,True,0
1000314,creature,11322,11322,11322,389,0,1,1,1,1,True,0
1000314,creature,11323,11323,11323,389,0,1,1,1,1,True,0
1000314,creature,11324,11324,11324,389,0,1,1,1,1,True,0
1000315,creature,11318,11318,11318,389,0,1,1,1,1,True,0
1000315,creature,11319,11319,11319,389,0,1,1,1,1,True,0
1000315,creature,11322,11322,11322,389,0,1,1,1,1,True,0
1000315,creature,11323,11323,11323,389,0,1,1,1,1,True,0
1000315,creature,11324,11324,11324,389,0,1,1,1,1,True,0
1000317,creature,634,634,634,36,0,1,1,1,1,True,0
1000317,creature,1729,1729,1729,36,0,1,1,1,1,True,0
1000318,creature,3851,3851,3851,33,0,1,1,6,6,False,0
1000318,creature,3875,3875,3875,33,0,1,1,6,6,False,0
1000318,creature,622,622,622,36,0,1,1,6,6,False,0
1000318,creature,634,634,634,36,0,1,1,6,6,False,0
1000318,creature,641,641,641,36,0,1,1,6,6,False,0
1000318,creature,1729,1729,1729,36,0,1,1,6,6,False,0
1000318,creature,1731,1731,1731,36,0,1,1,6,6,False,0
1000318,creature,4417,4417,4417,36,0,1,1,6,6,False,0
1000318,creature,4418,4418,4418,36,0,1,1,6,6,False,0
1000319,creature,3851,3851,3851,33,0,1,1,7,7,False,0
1000319,creature,3853,3853,3853,33,0,1,1,7,7,False,0
1000319,creature,3855,3855,3855,33,0,1,1,7,7,False,0
1000319,creature,3857,3857,3857,33,0,1,1,7,7,False,0
1000319,creature,3875,3875,3875,33,0,1,1,7,7,False,0
1000319,creature,3877,3877,3877,33,0,1,1,7,7,False,0
1000319,creature,622,622,622,36,0,1,1,7,7,False,0
1000319,creature,636,636,636,36,0,1,1,7,7,False,0
1000319,creature,641,641,641,36,0,1,1,7,7,False,0
1000319,creature,657,657,657,36,0,1,1,7,7,False,0
1000319,creature,1731,1731,1731,36,0,1,1,7,7,False,0
1000319,creature,1732,1732,1732,36,0,1,1,7,7,False,0
1000319,creature,3586,3586,3586,36,0,1,1,7,7,False,0
1000319,creature,3947,3947,3947,36,0,1,1,7,7,False,0
1000319,creature,4417,4417,4417,36,0,1,1,7,7,False,0
1000319,creature,4418,4418,4418,36,0,1,1,7,7,False,0
1000319,creature,3840,3840,3840,43,0,1,1,7,7,False,0
1000320,creature,2529,2529,2529,33,0,1,1,3,3,False,0
1000320,creature,3854,3854,3854,33,0,1,1,3,3,False,0
1000320,creature,3859,3859,3859,33,0,1,1,3,3,False,0
1000320,creature,3873,3873,3873,33,0,1,1,3,3,False,0
1000320,creature,657,657,657,36,0,1,1,3,3,False,0
1000320,creature,3947,3947,3947,36,0,1,1,3,3,False,0
1000321,creature,3872,3872,3872,33,0,1,1,1,1,True,0
1000322,creature,4798,4798,4798,48,0,1,1,1,1,True,0
1000322,creature,4799,4799,4799,48,0,1,1,1,1,True,0
1000322,creature,4805,4805,4805,48,0,1,1,1,1,True,0
1000322,creature,4807,4807,4807,48,0,1,1,1,1,True,0
1000322,creature,4809,4809,4809,48,0,1,1,1,1,True,0
1000322,creature,4812,4812,4812,48,0,1,1,1,1,True,0
1000322,creature,4815,4815,4815,48,0,1,1,1,1,True,0
1000322,creature,4818,4818,4818,48,0,1,1,1,1,True,0
1000323,creature,1706,1706,1706,34,0,1,1,3,3,False,0
1000323,creature,1707,1707,1707,34,0,1,1,3,3,False,0
1000323,creature,1708,1708,1708,34,0,1,1,3,3,False,0
1000323,creature,1711,1711,1711,34,0,1,1,3,3,False,0
1000323,creature,4798,4798,4798,48,0,1,1,3,3,False,0
1000323,creature,4799,4799,4799,48,0,1,1,3,3,False,0
1000323,creature,4805,4805,4805,48,0,1,1,3,3,False,0
1000323,creature,4809,4809,4809,48,0,1,1,3,3,False,0
1000323,creature,4810,4810,4810,48,0,1,1,3,3,False,0
1000323,creature,4811,4811,4811,48,0,1,1,3,3,False,0
1000323,creature,4812,4812,4812,48,0,1,1,3,3,False,0
1000323,creature,4813,4813,4813,48,0,1,1,3,3,False,0
1000323,creature,4814,4814,4814,48,0,1,1,3,3,False,0
1000323,creature,4819,4819,4819,48,0,1,1,3,3,False,0
1000323,creature,4820,4820,4820,48,0,1,1,3,3,False,0
1000324,creature,1708,1708,1708,34,0,1,1,5,5,False,0
1000324,creature,1711,1711,1711,34,0,1,1,5,5,False,0
1000324,creature,1715,1715,1715,34,0,1,1,5,5,False,0
1000324,creature,4435,4435,4435,47,0,1,1,5,5,False,0
1000324,creature,12902,12902,12902,48,0,1,1,5,5,False,0
1000324,creature,6206,6206,6206,90,0,1,1,5,5,False,0
1000325,creature,1720,1720,1720,34,0,1,1,3,3,False,0
1000325,creature,4435,4435,4435,47,0,1,1,3,3,False,0
1000325,creature,4436,4436,4436,47,0,1,1,3,3,False,0
1000325,creature,4437,4437,4437,47,0,1,1,3,3,False,0
1000325,creature,4438,4438,4438,47,0,1,1,3,3,False,0
1000325,creature,4440,4440,4440,47,0,1,1,3,3,False,0
1000325,creature,4442,4442,4442,47,0,1,1,3,3,False,0
1000325,creature,4515,4515,4515,47,0,1,1,3,3,False,0
1000325,creature,4516,4516,4516,47,0,1,1,3,3,False,0
1000325,creature,4517,4517,4517,47,0,1,1,3,3,False,0
1000325,creature,4518,4518,4518,47,0,1,1,3,3,False,0
1000325,creature,4519,4519,4519,47,0,1,1,3,3,False,0
1000325,creature,4520,4520,4520,47,0,1,1,3,3,False,0
1000325,creature,4522,4522,4522,47,0,1,1,3,3,False,0
1000325,creature,4523,4523,4523,47,0,1,1,3,3,False,0
1000325,creature,4530,4530,4530,47,0,1,1,3,3,False,0
1000325,creature,4531,4531,4531,47,0,1,1,3,3,False,0
1000325,creature,6035,6035,6035,47,0,1,1,3,3,False,0
1000325,creature,6206,6206,6206,90,0,1,1,3,3,False,0
1000325,creature,6329,6329,6329,90,0,1,1,3,3,False,0
1000326,creature,4427,4427,4427,47,0,1,1,3,3,False,0
1000326,creature,4438,4438,4438,47,0,1,1,3,3,False,0
1000326,creature,4440,4440,4440,47,0,1,1,3,3,False,0
1000326,creature,4442,4442,4442,47,0,1,1,3,3,False,0
1000326,creature,4515,4515,4515,47,0,1,1,3,3,False,0
1000326,creature,4516,4516,4516,47,0,1,1,3,3,False,0
1000326,creature,4518,4518,4518,47,0,1,1,3,3,False,0
1000326,creature,4519,4519,4519,47,0,1,1,3,3,False,0
1000326,creature,4522,4522,4522,47,0,1,1,3,3,False,0
1000326,creature,4523,4523,4523,47,0,1,1,3,3,False,0
1000326,creature,4525,4525,4525,47,0,1,1,3,3,False,0
1000326,creature,4531,4531,4531,47,0,1,1,3,3,False,0
1000326,creature,4532,4532,4532,47,0,1,1,3,3,False,0
1000326,creature,4623,4623,4623,47,0,1,1,3,3,False,0
1000326,creature,6035,6035,6035,47,0,1,1,3,3,False,0
1000326,creature,6206,6206,6206,90,0,1,1,3,3,False,0
1000326,creature,6211,6211,6211,90,0,1,1,3,3,False,0
1000326,creature,6223,6223,6223,90,0,1,1,3,3,False,0
1000326,creature,6329,6329,6329,90,0,1,1,3,3,False,0
1000326,creature,6391,6391,6391,90,0,1,1,3,3,False,0
1000326,creature,6392,6392,6392,90,0,1,1,3,3,False,0
1000326,creature,6407,6407,6407,90,0,1,1,3,3,False,0
1000327,creature,4842,4842,4842,47,0,1,1,3,3,False,0
1000327,creature,6212,6212,6212,90,0,1,1,3,3,False,0
1000327,creature,6223,6223,6223,90,0,1,1,3,3,False,0
1000327,creature,6391,6391,6391,90,0,1,1,3,3,False,0
1000327,creature,6392,6392,6392,90,0,1,1,3,3,False,0
1000327,creature,6407,6407,6407,90,0,1,1,3,3,False,0
1000328,creature,6228,6228,6228,90,0,1,1,1,1,True,0
1000330,creature,4306,4306,4306,189,0,1,1,1,1,True,0
1000331,creature,4306,4306,4306,189,0,1,1,1,1,True,0
1000332,creature,6488,6488,6488,189,0,1,1,1,1,True,0
1000332,creature,6489,6489,6489,189,0,1,1,1,1,True,0
1000332,creature,6490,6490,6490,189,0,1,1,1,1,True,0
1000333,creature,4287,4287,4287,189,0,1,1,1,1,True,0
1000333,creature,4288,4288,4288,189,0,1,1,1,1,True,0
1000333,creature,4296,4296,4296,189,0,1,1,1,1,True,0
1000334,creature,7327,7327,7327,129,0,1,1,2,2,False,0
1000334,creature,7332,7332,7332,129,0,1,1,2,2,False,0
1000334,creature,4287,4287,4287,189,0,1,1,2,2,False,0
1000334,creature,4288,4288,4288,189,0,1,1,2,2,False,0
1000334,creature,4291,4291,4291,189,0,1,1,2,2,False,0
1000334,creature,4296,4296,4296,189,0,1,1,2,2,False,0
1000334,creature,4299,4299,4299,189,0,1,1,2,2,False,0
1000334,creature,4540,4540,4540,189,0,1,1,2,2,False,0
1000335,creature,7327,7327,7327,129,0,1,1,2,2,False,0
1000335,creature,7328,7328,7328,129,0,1,1,2,2,False,0
1000335,creature,7329,7329,7329,129,0,1,1,2,2,False,0
1000335,creature,7332,7332,7332,129,0,1,1,2,2,False,0
1000335,creature,7335,7335,7335,129,0,1,1,2,2,False,0
1000335,creature,7337,7337,7337,129,0,1,1,2,2,False,0
1000335,creature,7341,7341,7341,129,0,1,1,2,2,False,0
1000335,creature,7348,7348,7348,129,0,1,1,2,2,False,0
1000335,creature,7352,7352,7352,129,0,1,1,2,2,False,0
1000335,creature,4286,4286,4286,189,0,1,1,2,2,False,0
1000335,creature,4289,4289,4289,189,0,1,1,2,2,False,0
1000335,creature,4290,4290,4290,189,0,1,1,2,2,False,0
1000335,creature,4292,4292,4292,189,0,1,1,2,2,False,0
1000335,creature,4297,4297,4297,189,0,1,1,2,2,False,0
1000336,creature,7328,7328,7328,129,0,1,1,2,2,False,0
1000336,creature,7329,7329,7329,129,0,1,1,2,2,False,0
1000336,creature,7341,7341,7341,129,0,1,1,2,2,False,0
1000336,creature,7342,7342,7342,129,0,1,1,2,2,False,0
1000336,creature,7345,7345,7345,129,0,1,1,2,2,False,0
1000336,creature,7347,7347,7347,129,0,1,1,2,2,False,0
1000336,creature,7348,7348,7348,129,0,1,1,2,2,False,0
1000336,creature,7352,7352,7352,129,0,1,1,2,2,False,0
1000336,creature,7353,7353,7353,129,0,1,1,2,2,False,0
1000336,creature,4289,4289,4289,189,0,1,1,2,2,False,0
1000336,creature,4290,4290,4290,189,0,1,1,2,2,False,0
1000336,creature,4292,4292,4292,189,0,1,1,2,2,False,0
1000336,creature,4295,4295,4295,189,0,1,1,2,2,False,0
1000336,creature,4298,4298,4298,189,0,1,1,2,2,False,0
1000337,creature,4850,4850,4850,70,0,1,1,3,3,False,0
1000337,creature,4852,4852,4852,70,0,1,1,3,3,False,0
1000337,creature,7354,7354,7354,129,0,1,1,3,3,False,0
1000337,creature,7357,7357,7357,129,0,1,1,3,3,False,0
1000337,creature,7358,7358,7358,129,0,1,1,3,3,False,0
1000337,creature,4294,4294,4294,189,0,1,1,3,3,False,0
1000338,creature,4847,4847,4847,70,0,1,1,2,2,False,0
1000338,creature,4848,4848,4848,70,0,1,1,2,2,False,0
1000338,creature,4849,4849,4849,70,0,1,1,2,2,False,0
1000338,creature,4850,4850,4850,70,0,1,1,2,2,False,0
1000338,creature,4853,4853,4853,70,0,1,1,2,2,False,0
1000338,creature,4855,4855,4855,70,0,1,1,2,2,False,0
1000338,creature,7030,7030,7030,70,0,1,1,2,2,False,0
1000338,creature,7290,7290,7290,70,0,1,1,2,2,False,0
1000338,creature,7320,7320,7320,70,0,1,1,2,2,False,0
1000338,creature,7321,7321,7321,70,0,1,1,2,2,False,0
1000338,creature,4294,4294,4294,189,0,1,1,2,2,False,0
1000338,creature,4300,4300,4300,189,0,1,1,2,2,False,0
1000338,creature,4301,4301,4301,189,0,1,1,2,2,False,0
1000339,creature,4847,4847,4847,70,0,1,1,2,2,False,0
1000339,creature,4848,4848,4848,70,0,1,1,2,2,False,0
1000339,creature,4849,4849,4849,70,0,1,1,2,2,False,0
1000339,creature,4853,4853,4853,70,0,1,1,2,2,False,0
1000339,creature,4855,4855,4855,70,0,1,1,2,2,False,0
1000339,creature,7030,7030,7030,70,0,1,1,2,2,False,0
1000339,creature,7290,7290,7290,70,0,1,1,2,2,False,0
1000339,creature,7320,7320,7320,70,0,1,1,2,2,False,0
1000339,creature,7321,7321,7321,70,0,1,1,2,2,False,0
1000339,creature,4300,4300,4300,189,0,1,1,2,2,False,0
1000339,creature,4301,4301,4301,189,0,1,1,2,2,False,0
1000339,creature,4302,4302,4302,189,0,1,1,2,2,False,0
1000339,creature,4303,4303,4303,189,0,1,1,2,2,False,0
1000342,creature,11790,11790,11790,349,0,1,1,1,1,True,0
1000342,creature,11792,11792,11792,349,0,1,1,1,1,True,0
1000342,creature,13141,13141,13141,349,0,1,1,1,1,True,0
1000343,creature,5648,5648,5648,209,0,1,1,2,2,False,0
1000343,creature,7246,7246,7246,209,0,1,1,2,2,False,0
1000343,creature,11790,11790,11790,349,0,1,1,2,2,False,0
1000343,creature,11791,11791,11791,349,0,1,1,2,2,False,0
1000343,creature,11792,11792,11792,349,0,1,1,2,2,False,0
1000343,creature,13141,13141,13141,349,0,1,1,2,2,False,0
1000343,creature,13142,13142,13142,349,0,1,1,2,2,False,0
1000344,creature,5648,5648,5648,209,0,1,1,2,2,False,0
1000344,creature,5649,5649,5649,209,0,1,1,2,2,False,0
1000344,creature,5650,5650,5650,209,0,1,1,2,2,False,0
1000344,creature,7246,7246,7246,209,0,1,1,2,2,False,0
1000344,creature,7247,7247,7247,209,0,1,1,2,2,False,0
1000344,creature,12223,12223,12223,349,0,1,1,2,2,False,0
1000345,creature,5649,5649,5649,209,0,1,1,2,2,False,0
1000345,creature,5650,5650,5650,209,0,1,1,2,2,False,0
1000345,creature,7247,7247,7247,209,0,1,1,2,2,False,0
1000345,creature,10080,10080,10080,209,0,1,1,2,2,False,0
1000345,creature,10082,10082,10082,209,0,1,1,2,2,False,0
1000345,creature,11793,11793,11793,349,0,1,1,2,2,False,0
1000345,creature,11794,11794,11794,349,0,1,1,2,2,False,0
1000345,creature,12223,12223,12223,349,0,1,1,2,2,False,0
1000345,creature,12224,12224,12224,349,0,1,1,2,2,False,0
1000346,creature,7274,7274,7274,209,0,1,1,1,1,True,0
1000346,creature,10081,10081,10081,209,0,1,1,1,1,True,0
1000347,creature,5259,5259,5259,109,0,1,1,1,1,True,0
1000347,creature,5267,5267,5267,109,0,1,1,1,1,True,0
1000348,creature,5256,5256,5256,109,0,1,1,2,2,False,0
1000348,creature,5259,5259,5259,109,0,1,1,2,2,False,0
1000348,creature,5267,5267,5267,109,0,1,1,2,2,False,0
1000348,creature,5270,5270,5270,109,0,1,1,2,2,False,0
1000348,creature,5271,5271,5271,109,0,1,1,2,2,False,0
1000348,creature,5273,5273,5273,109,0,1,1,2,2,False,0
1000348,creature,5280,5280,5280,109,0,1,1,2,2,False,0
1000348,creature,5283,5283,5283,109,0,1,1,2,2,False,0
1000348,creature,9554,9554,9554,230,0,1,1,2,2,False,0
1000349,creature,5271,5271,5271,109,0,1,1,2,2,False,0
1000349,creature,5273,5273,5273,109,0,1,1,2,2,False,0
1000349,creature,5277,5277,5277,109,0,1,1,2,2,False,0
1000349,creature,5280,5280,5280,109,0,1,1,2,2,False,0
1000349,creature,5283,5283,5283,109,0,1,1,2,2,False,0
1000349,creature,9554,9554,9554,230,0,1,1,2,2,False,0
1000350,creature,8891,8891,8891,230,0,1,1,1,1,True,0
1000350,creature,8892,8892,8892,230,0,1,1,1,1,True,0
1000350,creature,8893,8893,8893,230,0,1,1,1,1,True,0
1000350,creature,8894,8894,8894,230,0,1,1,1,1,True,0
1000350,creature,8912,8912,8912,230,0,1,1,1,1,True,0
1000350,creature,9554,9554,9554,230,0,1,1,1,1,True,0
1000351,creature,8891,8891,8891,230,0,1,1,1,1,True,0
1000351,creature,8892,8892,8892,230,0,1,1,1,1,True,0
1000351,creature,8894,8894,8894,230,0,1,1,1,1,True,0
1000351,creature,8895,8895,8895,230,0,1,1,1,1,True,0
1000351,creature,8912,8912,8912,230,0,1,1,1,1,True,0
1000351,creature,8913,8913,8913,230,0,1,1,1,1,True,0
1000351,creature,9554,9554,9554,230,0,1,1,1,1,True,0
1000352,creature,8913,8913,8913,230,0,1,1,1,1,True,0
1000352,creature,8914,8914,8914,230,0,1,1,1,1,True,0
1000352,creature,9024,9024,9024,230,0,1,1,1,1,True,0
1000352,creature,9554,9554,9554,230,0,1,1,1,1,True,0
1000353,creature,8898,8898,8898,230,0,1,1,1,1,True,0
1000353,creature,8899,8899,8899,230,0,1,1,1,1,True,0
1000354,creature,9045,9045,9045,229,0,1,1,4,4,False,0
1000354,creature,9097,9097,9097,229,0,1,1,4,4,False,0
1000354,creature,9098,9098,9098,229,0,1,1,4,4,False,0
1000354,creature,9199,9199,9199,229,0,1,1,4,4,False,0
1000354,creature,9201,9201,9201,229,0,1,1,4,4,False,0
1000354,creature,9257,9257,9257,229,0,1,1,4,4,False,0
1000354,creature,8898,8898,8898,230,0,1,1,4,4,False,0
1000354,creature,8899,8899,8899,230,0,1,1,4,4,False,0
1000354,creature,9041,9041,9041,230,0,1,1,4,4,False,0
1000354,creature,11462,11462,11462,429,0,1,1,4,4,False,0
1000355,creature,9045,9045,9045,229,0,1,1,5,5,False,0
1000355,creature,9097,9097,9097,229,0,1,1,5,5,False,0
1000355,creature,9098,9098,9098,229,0,1,1,5,5,False,0
1000355,creature,9198,9198,9198,229,0,1,1,5,5,False,0
1000355,creature,9199,9199,9199,229,0,1,1,5,5,False,0
1000355,creature,9200,9200,9200,229,0,1,1,5,5,False,0
1000355,creature,9201,9201,9201,229,0,1,1,5,5,False,0
1000355,creature,9239,9239,9239,229,0,1,1,5,5,False,0
1000355,creature,9240,9240,9240,229,0,1,1,5,5,False,0
1000355,creature,9257,9257,9257,229,0,1,1,5,5,False,0
1000355,creature,9258,9258,9258,229,0,1,1,5,5,False,0
1000355,creature,9267,9267,9267,229,0,1,1,5,5,False,0
1000355,creature,8903,8903,8903,230,0,1,1,5,5,False,0
1000355,creature,10382,10382,10382,329,0,1,1,5,5,False,0
1000355,creature,10384,10384,10384,329,0,1,1,5,5,False,0
1000355,creature,11451,11451,11451,429,0,1,1,5,5,False,0
1000355,creature,11454,11454,11454,429,0,1,1,5,5,False,0
1000355,creature,11455,11455,11455,429,0,1,1,5,5,False,0
1000355,creature,11462,11462,11462,429,0,1,1,5,5,False,0
1000355,creature,11464,11464,11464,429,0,1,1,5,5,False,0
1000356,creature,9198,9198,9198,229,0,1,1,4,4,False,0
1000356,creature,9200,9200,9200,229,0,1,1,4,4,False,0
1000356,creature,9239,9239,9239,229,0,1,1,4,4,False,0
1000356,creature,9240,9240,9240,229,0,1,1,4,4,False,0
1000356,creature,9241,9241,9241,229,0,1,1,4,4,False,0
1000356,creature,9258,9258,9258,229,0,1,1,4,4,False,0
1000356,creature,9259,9259,9259,229,0,1,1,4,4,False,0
1000356,creature,9261,9261,9261,229,0,1,1,4,4,False,0
1000356,creature,9262,9262,9262,229,0,1,1,4,4,False,0
1000356,creature,9265,9265,9265,229,0,1,1,4,4,False,0
1000356,creature,9266,9266,9266,229,0,1,1,4,4,False,0
1000356,creature,9267,9267,9267,229,0,1,1,4,4,False,0
1000356,creature,9269,9269,9269,229,0,1,1,4,4,False,0
1000356,creature,10381,10381,10381,329,0,1,1,4,4,False,0
1000356,creature,10382,10382,10382,329,0,1,1,4,4,False,0
1000356,creature,10384,10384,10384,329,0,1,1,4,4,False,0
1000356,creature,10385,10385,10385,329,0,1,1,4,4,False,0
1000356,creature,11451,11451,11451,429,0,1,1,4,4,False,0
1000356,creature,11452,11452,11452,429,0,1,1,4,4,False,0
1000356,creature,11453,11453,11453,429,0,1,1,4,4,False,0
1000356,creature,11454,11454,11454,429,0,1,1,4,4,False,0
1000356,creature,11455,11455,11455,429,0,1,1,4,4,False,0
1000356,creature,11456,11456,11456,429,0,1,1,4,4,False,0
1000356,creature,11457,11457,11457,429,0,1,1,4,4,False,0
1000356,creature,11464,11464,11464,429,0,1,1,4,4,False,0
1000356,creature,13021,13021,13021,429,0,1,1,4,4,False,0
1000357,creature,9197,9197,9197,229,0,1,1,5,5,False,0
1000357,creature,9216,9216,9216,229,0,1,1,5,5,False,0
1000357,creature,9219,9219,9219,229,0,1,1,5,5,False,0
1000357,creature,9241,9241,9241,229,0,1,1,5,5,False,0
1000357,creature,9259,9259,9259,229,0,1,1,5,5,False,0
1000357,creature,9260,9260,9260,229,0,1,1,5,5,False,0
1000357,creature,9261,9261,9261,229,0,1,1,5,5,False,0
1000357,creature,9262,9262,9262,229,0,1,1,5,5,False,0
1000357,creature,9263,9263,9263,229,0,1,1,5,5,False,0
1000357,creature,9264,9264,9264,229,0,1,1,5,5,False,0
1000357,creature,9265,9265,9265,229,0,1,1,5,5,False,0
1000357,creature,9266,9266,9266,229,0,1,1,5,5,False,0
1000357,creature,9268,9268,9268,229,0,1,1,5,5,False,0
1000357,creature,9269,9269,9269,229,0,1,1,5,5,False,0
1000357,creature,9692,9692,9692,229,0,1,1,5,5,False,0
1000357,creature,9716,9716,9716,229,0,1,1,5,5,False,0
1000357,creature,9717,9717,9717,229,0,1,1,5,5,False,0
1000357,creature,10470,10470,10470,289,0,1,1,5,5,False,0
1000357,creature,10471,10471,10471,289,0,1,1,5,5,False,0
1000357,creature,10476,10476,10476,289,0,1,1,5,5,False,0
1000357,creature,10489,10489,10489,289,0,1,1,5,5,False,0
1000357,creature,10381,10381,10381,329,0,1,1,5,5,False,0
1000357,creature,10385,10385,10385,329,0,1,1,5,5,False,0
1000357,creature,10405,10405,10405,329,0,1,1,5,5,False,0
1000357,creature,10414,10414,10414,329,0,1,1,5,5,False,0
1000357,creature,10418,10418,10418,329,0,1,1,5,5,False,0
1000357,creature,10419,10419,10419,329,0,1,1,5,5,False,0
1000357,creature,10420,10420,10420,329,0,1,1,5,5,False,0
1000357,creature,10463,10463,10463,329,0,1,1,5,5,False,0
1000357,creature,10558,10558,10558,329,0,1,1,5,5,False,0
1000357,creature,11441,11441,11441,429,0,1,1,5,5,False,0
1000357,creature,11444,11444,11444,429,0,1,1,5,5,False,0
1000357,creature,11452,11452,11452,429,0,1,1,5,5,False,0
1000357,creature,11453,11453,11453,429,0,1,1,5,5,False,0
1000357,creature,11457,11457,11457,429,0,1,1,5,5,False,0
1000357,creature,11458,11458,11458,429,0,1,1,5,5,False,0
1000357,creature,11459,11459,11459,429,0,1,1,5,5,False,0
1000357,creature,11461,11461,11461,429,0,1,1,5,5,False,0
1000357,creature,11465,11465,11465,429,0,1,1,5,5,False,0
1000357,creature,11471,11471,11471,429,0,1,1,5,5,False,0
1000357,creature,11472,11472,11472,429,0,1,1,5,5,False,0
1000358,creature,9096,9096,9096,229,0,1,1,5,5,False,0
1000358,creature,9197,9197,9197,229,0,1,1,5,5,False,0
1000358,creature,9216,9216,9216,229,0,1,1,5,5,False,0
1000358,creature,9217,9217,9217,229,0,1,1,5,5,False,0
1000358,creature,9218,9218,9218,229,0,1,1,5,5,False,0
1000358,creature,9260,9260,9260,229,0,1,1,5,5,False,0
1000358,creature,9263,9263,9263,229,0,1,1,5,5,False,0
1000358,creature,9268,9268,9268,229,0,1,1,5,5,False,0
1000358,creature,9583,9583,9583,229,0,1,1,5,5,False,0
1000358,creature,9692,9692,9692,229,0,1,1,5,5,False,0
1000358,creature,9693,9693,9693,229,0,1,1,5,5,False,0
1000358,creature,9716,9716,9716,229,0,1,1,5,5,False,0
1000358,creature,9717,9717,9717,229,0,1,1,5,5,False,0
1000358,creature,10083,10083,10083,229,0,1,1,5,5,False,0
1000358,creature,10469,10469,10469,289,0,1,1,5,5,False,0
1000358,creature,10470,10470,10470,289,0,1,1,5,5,False,0
1000358,creature,10471,10471,10471,289,0,1,1,5,5,False,0
1000358,creature,10472,10472,10472,289,0,1,1,5,5,False,0
1000358,creature,10475,10475,10475,289,0,1,1,5,5,False,0
1000358,creature,10476,10476,10476,289,0,1,1,5,5,False,0
1000358,creature,10477,10477,10477,289,0,1,1,5,5,False,0
1000358,creature,10487,10487,10487,289,0,1,1,5,5,False,0
1000358,creature,10488,10488,10488,289,0,1,1,5,5,False,0
1000358,creature,10489,10489,10489,289,0,1,1,5,5,False,0
1000358,creature,10491,10491,10491,289,0,1,1,5,5,False,0
1000358,creature,10495,10495,10495,289,0,1,1,5,5,False,0
1000358,creature,10498,10498,10498,289,0,1,1,5,5,False,0
1000358,creature,10499,10499,10499,289,0,1,1,5,5,False,0
1000358,creature,10500,10500,10500,289,0,1,1,5,5,False,0
1000358,creature,11582,11582,11582,289,0,1,1,5,5,False,0
1000358,creature,10393,10393,10393,329,0,1,1,5,5,False,0
1000358,creature,10398,10398,10398,329,0,1,1,5,5,False,0
1000358,creature,10405,10405,10405,329,0,1,1,5,5,False,0
1000358,creature,10406,10406,10406,329,0,1,1,5,5,False,0
1000358,creature,10414,10414,10414,329,0,1,1,5,5,False,0
1000358,creature,10418,10418,10418,329,0,1,1,5,5,False,0
1000358,creature,10419,10419,10419,329,0,1,1,5,5,False,0
1000358,creature,10420,10420,10420,329,0,1,1,5,5,False,0
1000358,creature,10421,10421,10421,329,0,1,1,5,5,False,0
1000358,creature,10422,10422,10422,329,0,1,1,5,5,False,0
1000358,creature,10423,10423,10423,329,0,1,1,5,5,False,0
1000358,creature,10463,10463,10463,329,0,1,1,5,5,False,0
1000358,creature,10464,10464,10464,329,0,1,1,5,5,False,0
1000358,creature,11043,11043,11043,329,0,1,1,5,5,False,0
1000358,creature,11441,11441,11441,429,0,1,1,5,5,False,0
1000358,creature,11444,11444,11444,429,0,1,1,5,5,False,0
1000358,creature,11450,11450,11450,429,0,1,1,5,5,False,0
1000358,creature,11458,11458,11458,429,0,1,1,5,5,False,0
1000358,creature,11459,11459,11459,429,0,1,1,5,5,False,0
1000358,creature,11461,11461,11461,429,0,1,1,5,5,False,0
1000358,creature,11465,11465,11465,429,0,1,1,5,5,False,0
1000358,creature,11469,11469,11469,429,0,1,1,5,5,False,0
1000358,creature,11470,11470,11470,429,0,1,1,5,5,False,0
1000358,creature,11471,11471,11471,429,0,1,1,5,5,False,0
1000358,creature,11472,11472,11472,429,0,1,1,5,5,False,0
1000358,creature,11473,11473,11473,429,0,1,1,5,5,False,0
1000358,creature,11475,11475,11475,429,0,1,1,5,5,False,0
1000359,creature,9096,9096,9096,229,0,1,1,7,7,False,0
1000359,creature,9583,9583,9583,229,0,1,1,7,7,False,0
1000359,creature,9596,9596,9596,229,0,1,1,7,7,False,0
1000359,creature,9693,9693,9693,229,0,1,1,7,7,False,0
1000359,creature,9718,9718,9718,229,0,1,1,7,7,False,0
1000359,creature,9817,9817,9817,229,0,1,1,7,7,False,0
1000359,creature,9818,9818,9818,229,0,1,1,7,7,False,0
1000359,creature,9819,9819,9819,229,0,1,1,7,7,False,0
1000359,creature,10083,10083,10083,229,0,1,1,7,7,False,0
1000359,creature,10447,10447,10447,229,0,1,1,7,7,False,0
1000359,creature,10509,10509,10509,229,0,1,1,7,7,False,0
1000359,creature,10814,10814,10814,229,0,1,1,7,7,False,0
1000359,creature,10469,10469,10469,289,0,1,1,7,7,False,0
1000359,creature,10472,10472,10472,289,0,1,1,7,7,False,0
1000359,creature,10475,10475,10475,289,0,1,1,7,7,False,0
1000359,creature,10477,10477,10477,289,0,1,1,7,7,False,0
1000359,creature,10478,10478,10478,289,0,1,1,7,7,False,0
1000359,creature,10486,10486,10486,289,0,1,1,7,7,False,0
1000359,creature,10487,10487,10487,289,0,1,1,7,7,False,0
1000359,creature,10488,10488,10488,289,0,1,1,7,7,False,0
1000359,creature,10489,10489,10489,289,0,1,1,7,7,False,0
1000359,creature,10491,10491,10491,289,0,1,1,7,7,False,0
1000359,creature,10495,10495,10495,289,0,1,1,7,7,False,0
1000359,creature,10498,10498,10498,289,0,1,1,7,7,False,0
1000359,creature,10499,10499,10499,289,0,1,1,7,7,False,0
1000359,creature,10500,10500,10500,289,0,1,1,7,7,False,0
1000359,creature,11257,11257,11257,289,0,1,1,7,7,False,0
1000359,creature,11582,11582,11582,289,0,1,1,7,7,False,0
1000359,creature,14750,14750,14750,309,0,1,1,7,7,False,0
1000359,creature,10398,10398,10398,329,0,1,1,7,7,False,0
1000359,creature,10406,10406,10406,329,0,1,1,7,7,False,0
1000359,creature,10407,10407,10407,329,0,1,1,7,7,False,0
1000359,creature,10416,10416,10416,329,0,1,1,7,7,False,0
1000359,creature,10421,10421,10421,329,0,1,1,7,7,False,0
1000359,creature,10422,10422,10422,329,0,1,1,7,7,False,0
1000359,creature,10423,10423,10423,329,0,1,1,7,7,False,0
1000359,creature,10424,10424,10424,329,0,1,1,7,7,False,0
1000359,creature,10425,10425,10425,329,0,1,1,7,7,False,0
1000359,creature,10426,10426,10426,329,0,1,1,7,7,False,0
1000359,creature,10464,10464,10464,329,0,1,1,7,7,False,0
1000359,creature,11043,11043,11043,329,0,1,1,7,7,False,0
1000359,creature,11445,11445,11445,429,0,1,1,7,7,False,0
1000359,creature,11448,11448,11448,429,0,1,1,7,7,False,0
1000359,creature,11450,11450,11450,429,0,1,1,7,7,False,0
1000359,creature,11458,11458,11458,429,0,1,1,7,7,False,0
1000359,creature,11459,11459,11459,429,0,1,1,7,7,False,0
1000359,creature,11467,11467,11467,429,0,1,1,7,7,False,0
1000359,creature,11469,11469,11469,429,0,1,1,7,7,False,0
1000359,creature,11470,11470,11470,429,0,1,1,7,7,False,0
1000359,creature,11473,11473,11473,429,0,1,1,7,7,False,0
1000359,creature,11475,11475,11475,429,0,1,1,7,7,False,0
1000360,creature,9817,9817,9817,229,0,1,1,7,7,False,0
1000360,creature,9818,9818,9818,229,0,1,1,7,7,False,0
1000360,creature,9819,9819,9819,229,0,1,1,7,7,False,0
1000360,creature,10317,10317,10317,229,0,1,1,7,7,False,0
1000360,creature,10318,10318,10318,229,0,1,1,7,7,False,0
1000360,creature,10319,10319,10319,229,0,1,1,7,7,False,0
1000360,creature,10366,10366,10366,229,0,1,1,7,7,False,0
1000360,creature,10372,10372,10372,229,0,1,1,7,7,False,0
1000360,creature,10447,10447,10447,229,0,1,1,7,7,False,0
1000360,creature,10762,10762,10762,229,0,1,1,7,7,False,0
1000360,creature,10814,10814,10814,229,0,1,1,7,7,False,0
1000360,creature,10478,10478,10478,289,0,1,1,7,7,False,0
1000360,creature,10486,10486,10486,289,0,1,1,7,7,False,0
1000360,creature,10487,10487,10487,289,0,1,1,7,7,False,0
1000360,creature,10488,10488,10488,289,0,1,1,7,7,False,0
1000360,creature,10498,10498,10498,289,0,1,1,7,7,False,0
1000360,creature,10499,10499,10499,289,0,1,1,7,7,False,0
1000360,creature,10500,10500,10500,289,0,1,1,7,7,False,0
1000360,creature,11257,11257,11257,289,0,1,1,7,7,False,0
1000360,creature,11350,11350,11350,309,0,1,1,7,7,False,0
1000360,creature,11351,11351,11351,309,0,1,1,7,7,False,0
1000360,creature,11353,11353,11353,309,0,1,1,7,7,False,0
1000360,creature,11830,11830,11830,309,0,1,1,7,7,False,0
1000360,creature,11831,11831,11831,309,0,1,1,7,7,False,0
1000360,creature,14750,14750,14750,309,0,1,1,7,7,False,0
1000360,creature,14825,14825,14825,309,0,1,1,7,7,False,0
1000360,creature,14882,14882,14882,309,0,1,1,7,7,False,0
1000360,creature,14883,14883,14883,309,0,1,1,7,7,False,0
1000360,creature,10400,10400,10400,329,0,1,1,7,7,False,0
1000360,creature,10407,10407,10407,329,0,1,1,7,7,False,0
1000360,creature,10416,10416,10416,329,0,1,1,7,7,False,0
1000360,creature,10417,10417,10417,329,0,1,1,7,7,False,0
1000360,creature,10424,10424,10424,329,0,1,1,7,7,False,0
1000360,creature,10425,10425,10425,329,0,1,1,7,7,False,0
1000360,creature,10426,10426,10426,329,0,1,1,7,7,False,0
1000360,creature,10809,10809,10809,329,0,1,1,7,7,False,0
1000360,creature,11043,11043,11043,329,0,1,1,7,7,False,0
1000360,creature,11445,11445,11445,429,0,1,1,7,7,False,0
1000360,creature,11448,11448,11448,429,0,1,1,7,7,False,0
1000360,creature,13996,13996,13996,469,0,1,1,7,7,False,0
1000361,creature,10317,10317,10317,229,0,1,1,5,5,False,0
1000361,creature,10318,10318,10318,229,0,1,1,5,5,False,0
1000361,creature,10319,10319,10319,229,0,1,1,5,5,False,0
1000361,creature,10366,10366,10366,229,0,1,1,5,5,False,0
1000361,creature,10372,10372,10372,229,0,1,1,5,5,False,0
1000361,creature,10899,10899,10899,229,0,1,1,5,5,False,0
1000361,creature,10486,10486,10486,289,0,1,1,5,5,False,0
1000361,creature,10488,10488,10488,289,0,1,1,5,5,False,0
1000361,creature,10500,10500,10500,289,0,1,1,5,5,False,0
1000361,creature,11338,11338,11338,309,0,1,1,5,5,False,0
1000361,creature,11339,11339,11339,309,0,1,1,5,5,False,0
1000361,creature,11340,11340,11340,309,0,1,1,5,5,False,0
1000361,creature,11356,11356,11356,309,0,1,1,5,5,False,0
1000361,creature,14750,14750,14750,309,0,1,1,5,5,False,0
1000361,creature,15111,15111,15111,309,0,1,1,5,5,False,0
1000361,creature,10400,10400,10400,329,0,1,1,5,5,False,0
1000361,creature,10417,10417,10417,329,0,1,1,5,5,False,0
1000361,creature,12459,12459,12459,469,0,1,1,5,5,False,0
1000361,creature,12465,12465,12465,469,0,1,1,5,5,False,0
1000361,creature,12468,12468,12468,469,0,1,1,5,5,False,0
1000362,creature,10371,10371,10371,229,0,1,1,4,4,False,0
1000362,creature,11352,11352,11352,309,0,1,1,4,4,False,0
1000362,creature,11661,11661,11661,409,0,1,1,4,4,False,0
1000362,creature,11662,11662,11662,409,0,1,1,4,4,False,0
1000362,creature,12119,12119,12119,409,0,1,1,4,4,False,0
1000362,creature,12457,12457,12457,469,0,1,1,4,4,False,0
1000362,creature,12461,12461,12461,469,0,1,1,4,4,False,0
1000362,creature,12463,12463,12463,469,0,1,1,4,4,False,0
1000362,creature,12464,12464,12464,469,0,1,1,4,4,False,0
1000362,creature,12467,12467,12467,469,0,1,1,4,4,False,0
1000363,creature,12460,12460,12460,469,0,1,1,1,1,True,0
1001115,reference,1000213,1000213,1000213,389,0,1,1,9,9,True,1
1001115,reference,1000214,1000214,1000214,389,0,1,1,9,9,True,1
1001115,reference,1000313,1000313,1000313,389,0,1,1,9,9,True,1
1001115,reference,1000314,1000314,1000314,389,0,1,1,9,9,True,1
1001115,reference,1000315,1000315,1000315,389,0,1,1,9,9,True,1
1001620,reference,1000220,1000220,1000220,33,0,1,1,10,10,True,1
1001620,reference,1000317,1000317,1000317,36,0,1,1,10,10,True,1
1001620,reference,1000217,1000217,1000217,43,0,1,1,10,10,True,1
1002125,reference,1000221,1000221,1000221,33,0,1,1,12,12,True,1
1002125,reference,1000321,1000321,1000321,33,0,1,1,12,12,True,1
1002125,reference,1000222,1000222,1000222,48,0,1,1,12,12,True,1
1002125,reference,1000223,1000223,1000223,48,0,1,1,12,12,True,1
1002125,reference,1000322,1000322,1000322,48,0,1,1,12,12,True,1
1002630,reference,1000228,1000228,1000228,90,0,1,1,7,7,True,1
1002630,reference,1000328,1000328,1000328,90,0,1,1,7,7,True,1
1002630,reference,1000330,1000330,1000330,189,0,1,1,7,7,True,1
1003140,reference,1000237,1000237,1000237,70,0,1,1,11,11,True,1
1003140,reference,1000238,1000238,1000238,70,0,1,1,11,11,True,1
1003140,reference,1000239,1000239,1000239,70,0,1,1,11,11,True,1
1003140,reference,1000240,1000240,1000240,70,0,1,1,11,11,True,1
1003140,reference,1000331,1000331,1000331,189,0,1,1,11,11,True,1
1003140,reference,1000332,1000332,1000332,189,0,1,1,11,11,True,1
1003140,reference,1000333,1000333,1000333,189,0,1,1,11,11,True,1
1004150,reference,1000248,1000248,1000248,109,0,1,1,6,6,True,1
1004150,reference,1000249,1000249,1000249,109,0,1,1,6,6,True,1
1004150,reference,1000347,1000347,1000347,109,0,1,1,6,6,True,1
1004150,reference,1000346,1000346,1000346,209,0,1,1,6,6,True,1
1004150,reference,1000250,1000250,1000250,230,0,1,1,6,6,True,1
1004150,reference,1000350,1000350,1000350,230,0,1,1,6,6,True,1
1004150,reference,1000243,1000243,1000243,349,0,1,1,6,6,True,1
1004150,reference,1000246,1000246,1000246,349,0,1,1,6,6,True,1
1004150,reference,1000342,1000342,1000342,349,0,1,1,6,6,True,1
1005163,reference,1000251,1000251,1000251,230,0,1,1,12,12,True,1
1005163,reference,1000252,1000252,1000252,230,0,1,1,12,12,True,1
1005163,reference,1000253,1000253,1000253,230,0,1,1,12,12,True,1
1005163,reference,1000351,1000351,1000351,230,0,1,1,12,12,True,1
1005163,reference,1000352,1000352,1000352,230,0,1,1,12,12,True,1
1005163,reference,1000353,1000353,1000353,230,0,1,1,12,12,True,1
1005163,reference,1000363,1000363,1000363,469,0,1,1,12,12,True,1
1011213,reference,1000213,1000213,1000213,389,0,1,1,6,6,True,1
1011213,reference,1000313,1000313,1000313,389,0,1,1,6,6,True,1
1011314,reference,1000213,1000213,1000213,389,0,1,1,6,6,True,1
1011314,reference,1000214,1000214,1000214,389,0,1,1,6,6,True,1
1011314,reference,1000313,1000313,1000313,389,0,1,1,6,6,True,1
1011314,reference,1000314,1000314,1000314,389,0,1,1,6,6,True,1
1011415,reference,1000214,1000214,1000214,389,0,1,1,7,7,True,1
1011415,reference,1000314,1000314,1000314,389,0,1,1,7,7,True,1
1011415,reference,1000315,1000315,1000315,389,0,1,1,7,7,True,1
1011822,reference,1000220,1000220,1000220,33,0,1,1,10,10,True,1
1011822,reference,1000221,1000221,1000221,33,0,1,1,10,10,True,1
1011822,reference,1000321,1000321,1000321,33,0,1,1,10,10,True,1
1011822,reference,1000222,1000222,1000222,48,0,1,1,10,10,True,1
1011822,reference,1000322,1000322,1000322,48,0,1,1,10,10,True,1
1011923,reference,1000220,1000220,1000220,33,0,1,1,11,11,True,1
1011923,reference,1000221,1000221,1000221,33,0,1,1,11,11,True,1
1011923,reference,1000321,1000321,1000321,33,0,1,1,11,11,True,1
1011923,reference,1000222,1000222,1000222,48,0,1,1,11,11,True,1
1011923,reference,1000223,1000223,1000223,48,0,1,1,11,11,True,1
1011923,reference,1000322,1000322,1000322,48,0,1,1,11,11,True,1
1012024,reference,1000220,1000220,1000220,33,0,1,1,11,11,True,1
1012024,reference,1000221,1000221,1000221,33,0,1,1,11,11,True,1
1012024,reference,1000321,1000321,1000321,33,0,1,1,11,11,True,1
1012024,reference,1000222,1000222,1000222,48,0,1,1,11,11,True,1
1012024,reference,1000223,1000223,1000223,48,0,1,1,11,11,True,1
1012024,reference,1000322,1000322,1000322,48,0,1,1,11,11,True,1
1012125,reference,1000221,1000221,1000221,33,0,1,1,12,12,True,1
1012125,reference,1000321,1000321,1000321,33,0,1,1,12,12,True,1
1012125,reference,1000222,1000222,1000222,48,0,1,1,12,12,True,1
1012125,reference,1000223,1000223,1000223,48,0,1,1,12,12,True,1
1012125,reference,1000322,1000322,1000322,48,0,1,1,12,12,True,1
1021014,reference,1000213,1000213,1000213,389,0,1,1,6,6,True,1
1021014,reference,1000214,1000214,1000214,389,0,1,1,6,6,True,1
1021014,reference,1000313,1000313,1000313,389,0,1,1,6,6,True,1
1021014,reference,1000314,1000314,1000314,389,0,1,1,6,6,True,1
1021115,reference,1000213,1000213,1000213,389,0,1,1,9,9,True,1
1021115,reference,1000214,1000214,1000214,389,0,1,1,9,9,True,1
1021115,reference,1000313,1000313,1000313,389,0,1,1,9,9,True,1
1021115,reference,1000314,1000314,1000314,389,0,1,1,9,9,True,1
1021115,reference,1000315,1000315,1000315,389,0,1,1,9,9,True,1
1021216,reference,1000213,1000213,1000213,389,0,1,1,9,9,True,1
1021216,reference,1000214,1000214,1000214,389,0,1,1,9,9,True,1
1021216,reference,1000313,1000313,1000313,389,0,1,1,9,9,True,1
1021216,reference,1000314,1000314,1000314,389,0,1,1,9,9,True,1
1021216,reference,1000315,1000315,1000315,389,0,1,1,9,9,True,1
1021317,reference,1000317,1000317,1000317,36,0,1,1,10,10,True,1
1021317,reference,1000217,1000217,1000217,43,0,1,1,10,10,True,1
1021317,reference,1000213,1000213,1000213,389,0,1,1,10,10,True,1
1021317,reference,1000214,1000214,1000214,389,0,1,1,10,10,True,1
1021317,reference,1000313,1000313,1000313,389,0,1,1,10,10,True,1
1021317,reference,1000314,1000314,1000314,389,0,1,1,10,10,True,1
1021317,reference,1000315,1000315,1000315,389,0,1,1,10,10,True,1
1021418,reference,1000317,1000317,1000317,36,0,1,1,10,10,True,1
1021418,reference,1000217,1000217,1000217,43,0,1,1,10,10,True,1
1021418,reference,1000214,1000214,1000214,389,0,1,1,10,10,True,1
1021418,reference,1000314,1000314,1000314,389,0,1,1,10,10,True,1
1021418,reference,1000315,1000315,1000315,389,0,1,1,10,10,True,1
1021519,reference,1000317,1000317,1000317,36,0,1,1,10,10,True,1
1021519,reference,1000217,1000217,1000217,43,0,1,1,10,10,True,1
1021519,reference,1000315,1000315,1000315,389,0,1,1,10,10,True,1
1021620,reference,1000220,1000220,1000220,33,0,1,1,10,10,True,1
1021620,reference,1000317,1000317,1000317,36,0,1,1,10,10,True,1
1021620,reference,1000217,1000217,1000217,43,0,1,1,10,10,True,1
1021721,reference,1000220,1000220,1000220,33,0,1,1,10,10,True,1
1021721,reference,1000221,1000221,1000221,33,0,1,1,10,10,True,1
1021721,reference,1000321,1000321,1000321,33,0,1,1,10,10,True,1
1021721,reference,1000317,1000317,1000317,36,0,1,1,10,10,True,1
1021721,reference,1000217,1000217,1000217,43,0,1,1,10,10,True,1
1021822,reference,1000220,1000220,1000220,33,0,1,1,10,10,True,1
1021822,reference,1000221,1000221,1000221,33,0,1,1,10,10,True,1
1021822,reference,1000321,1000321,1000321,33,0,1,1,10,10,True,1
1021822,reference,1000222,1000222,1000222,48,0,1,1,10,10,True,1
1021822,reference,1000322,1000322,1000322,48,0,1,1,10,10,True,1
1021923,reference,1000220,1000220,1000220,33,0,1,1,11,11,True,1
1021923,reference,1000221,1000221,1000221,33,0,1,1,11,11,True,1
1021923,reference,1000321,1000321,1000321,33,0,1,1,11,11,True,1
1021923,reference,1000222,1000222,1000222,48,0,1,1,11,11,True,1
1021923,reference,1000223,1000223,1000223,48,0,1,1,11,11,True,1
1021923,reference,1000322,1000322,1000322,48,0,1,1,11,11,True,1
1022024,reference,1000220,1000220,1000220,33,0,1,1,11,11,True,1
1022024,reference,1000221,1000221,1000221,33,0,1,1,11,11,True,1
1022024,reference,1000321,1000321,1000321,33,0,1,1,11,11,True,1
1022024,reference,1000222,1000222,1000222,48,0,1,1,11,11,True,1
1022024,reference,1000223,1000223,1000223,48,0,1,1,11,11,True,1
1022024,reference,1000322,1000322,1000322,48,0,1,1,11,11,True,1
1022125,reference,1000221,1000221,1000221,33,0,1,1,12,12,True,1
1022125,reference,1000321,1000321,1000321,33,0,1,1,12,12,True,1
1022125,reference,1000222,1000222,1000222,48,0,1,1,12,12,True,1
1022125,reference,1000223,1000223,1000223,48,0,1,1,12,12,True,1
1022125,reference,1000322,1000322,1000322,48,0,1,1,12,12,True,1
1022226,reference,1000222,1000222,1000222,48,0,1,1,12,12,True,1
1022226,reference,1000223,1000223,1000223,48,0,1,1,12,12,True,1
1022226,reference,1000322,1000322,1000322,48,0,1,1,12,12,True,1
1022327,reference,1000223,1000223,1000223,48,0,1,1,12,12,True,1
1022428,reference,1000228,1000228,1000228,90,0,1,1,9,9,True,1
1022428,reference,1000328,1000328,1000328,90,0,1,1,9,9,True,1
1022529,reference,1000228,1000228,1000228,90,0,1,1,8,8,True,1
1022529,reference,1000328,1000328,1000328,90,0,1,1,8,8,True,1
1022630,reference,1000228,1000228,1000228,90,0,1,1,7,7,True,1
1022630,reference,1000328,1000328,1000328,90,0,1,1,7,7,True,1
1022630,reference,1000330,1000330,1000330,189,0,1,1,7,7,True,1
1022731,reference,1000228,1000228,1000228,90,0,1,1,8,8,True,1
1022731,reference,1000328,1000328,1000328,90,0,1,1,8,8,True,1
1022731,reference,1000330,1000330,1000330,189,0,1,1,8,8,True,1
1022731,reference,1000331,1000331,1000331,189,0,1,1,8,8,True,1
1022832,reference,1000228,1000228,1000228,90,0,1,1,8,8,True,1
1022832,reference,1000328,1000328,1000328,90,0,1,1,8,8,True,1
1022832,reference,1000330,1000330,1000330,189,0,1,1,8,8,True,1
1022832,reference,1000331,1000331,1000331,189,0,1,1,8,8,True,1
1022832,reference,1000332,1000332,1000332,189,0,1,1,8,8,True,1
1022933,reference,1000330,1000330,1000330,189,0,1,1,7,7,True,1
1022933,reference,1000331,1000331,1000331,189,0,1,1,7,7,True,1
1022933,reference,1000332,1000332,1000332,189,0,1,1,7,7,True,1
1022933,reference,1000333,1000333,1000333,189,0,1,1,7,7,True,1
1023034,reference,1000330,1000330,1000330,189,0,1,1,9,9,True,1
1023034,reference,1000331,1000331,1000331,189,0,1,1,9,9,True,1
1023034,reference,1000332,1000332,1000332,189,0,1,1,9,9,True,1
1023034,reference,1000333,1000333,1000333,189,0,1,1,9,9,True,1
1023135,reference,1000331,1000331,1000331,189,0,1,1,10,10,True,1
1023135,reference,1000332,1000332,1000332,189,0,1,1,10,10,True,1
1023135,reference,1000333,1000333,1000333,189,0,1,1,10,10,True,1
1023236,reference,1000332,1000332,1000332,189,0,1,1,9,9,True,1
1023236,reference,1000333,1000333,1000333,189,0,1,1,9,9,True,1
1023337,reference,1000237,1000237,1000237,70,0,1,1,10,10,True,1
1023337,reference,1000333,1000333,1000333,189,0,1,1,10,10,True,1
1023438,reference,1000237,1000237,1000237,70,0,1,1,10,10,True,1
1023438,reference,1000238,1000238,1000238,70,0,1,1,10,10,True,1
1023539,reference,1000237,1000237,1000237,70,0,1,1,8,8,True,1
1023539,reference,1000238,1000238,1000238,70,0,1,1,8,8,True,1
1023539,reference,1000239,1000239,1000239,70,0,1,1,8,8,True,1
1023640,reference,1000237,1000237,1000237,70,0,1,1,6,6,True,1
1023640,reference,1000238,1000238,1000238,70,0,1,1,6,6,True,1
1023640,reference,1000239,1000239,1000239,70,0,1,1,6,6,True,1
1023640,reference,1000240,1000240,1000240,70,0,1,1,6,6,True,1
1023741,reference,1000237,1000237,1000237,70,0,1,1,6,6,True,1
1023741,reference,1000238,1000238,1000238,70,0,1,1,6,6,True,1
1023741,reference,1000239,1000239,1000239,70,0,1,1,6,6,True,1
1023741,reference,1000240,1000240,1000240,70,0,1,1,6,6,True,1
1023842,reference,1000238,1000238,1000238,70,0,1,1,6,6,True,1
1023842,reference,1000239,1000239,1000239,70,0,1,1,6,6,True,1
1023842,reference,1000240,1000240,1000240,70,0,1,1,6,6,True,1
1023842,reference,1000342,1000342,1000342,349,0,1,1,6,6,True,1
1023943,reference,1000239,1000239,1000239,70,0,1,1,6,6,True,1
1023943,reference,1000240,1000240,1000240,70,0,1,1,6,6,True,1
1023943,reference,1000243,1000243,1000243,349,0,1,1,6,6,True,1
1023943,reference,1000342,1000342,1000342,349,0,1,1,6,6,True,1
1024044,reference,1000240,1000240,1000240,70,0,1,1,5,5,True,1
1024044,reference,1000243,1000243,1000243,349,0,1,1,5,5,True,1
1024044,reference,1000342,1000342,1000342,349,0,1,1,5,5,True,1
1024145,reference,1000243,1000243,1000243,349,0,1,1,5,5,True,1
1024145,reference,1000342,1000342,1000342,349,0,1,1,5,5,True,1
1024246,reference,1000346,1000346,1000346,209,0,1,1,5,5,True,1
1024246,reference,1000243,1000243,1000243,349,0,1,1,5,5,True,1
1024246,reference,1000246,1000246,1000246,349,0,1,1,5,5,True,1
1024246,reference,1000342,1000342,1000342,349,0,1,1,5,5,True,1
1024347,reference,1000347,1000347,1000347,109,0,1,1,5,5,True,1
1024347,reference,1000346,1000346,1000346,209,0,1,1,5,5,True,1
1024347,reference,1000243,1000243,1000243,349,0,1,1,5,5,True,1
1024347,reference,1000246,1000246,1000246,349,0,1,1,5,5,True,1
1024448,reference,1000248,1000248,1000248,109,0,1,1,6,6,True,1
1024448,reference,1000347,1000347,1000347,109,0,1,1,6,6,True,1
1024448,reference,1000346,1000346,1000346,209,0,1,1,6,6,True,1
1024448,reference,1000246,1000246,1000246,349,0,1,1,6,6,True,1
1024549,reference,1000248,1000248,1000248,109,0,1,1,6,6,True,1
1024549,reference,1000249,1000249,1000249,109,0,1,1,6,6,True,1
1024549,reference,1000347,1000347,1000347,109,0,1,1,6,6,True,1
1024549,reference,1000346,1000346,1000346,209,0,1,1,6,6,True,1
1024549,reference,1000246,1000246,1000246,349,0,1,1,6,6,True,1
1024650,reference,1000248,1000248,1000248,109,0,1,1,6,6,True,1
1024650,reference,1000249,1000249,1000249,109,0,1,1,6,6,True,1
1024650,reference,1000347,1000347,1000347,109,0,1,1,6,6,True,1
1024650,reference,1000346,1000346,1000346,209,0,1,1,6,6,True,1
1024650,reference,1000250,1000250,1000250,230,0,1,1,6,6,True,1
1024650,reference,1000350,1000350,1000350,230,0,1,1,6,6,True,1
1024650,reference,1000246,1000246,1000246,349,0,1,1,6,6,True,1
1024751,reference,1000248,1000248,1000248,109,0,1,1,5,5,True,1
1024751,reference,1000249,1000249,1000249,109,0,1,1,5,5,True,1
1024751,reference,1000347,1000347,1000347,109,0,1,1,5,5,True,1
1024751,reference,1000250,1000250,1000250,230,0,1,1,5,5,True,1
1024751,reference,1000251,1000251,1000251,230,0,1,1,5,5,True,1
1024751,reference,1000350,1000350,1000350,230,0,1,1,5,5,True,1
1024751,reference,1000351,1000351,1000351,230,0,1,1,5,5,True,1
1024852,reference,1000248,1000248,1000248,109,0,1,1,5,5,True,1
1024852,reference,1000249,1000249,1000249,109,0,1,1,5,5,True,1
1024852,reference,1000250,1000250,1000250,230,0,1,1,5,5,True,1
1024852,reference,1000251,1000251,1000251,230,0,1,1,5,5,True,1
1024852,reference,1000252,1000252,1000252,230,0,1,1,5,5,True,1
1024852,reference,1000350,1000350,1000350,230,0,1,1,5,5,True,1
1024852,reference,1000351,1000351,1000351,230,0,1,1,5,5,True,1
1024852,reference,1000352,1000352,1000352,230,0,1,1,5,5,True,1
1024953,reference,1000249,1000249,1000249,109,0,1,1,5,5,True,1
1024953,reference,1000250,1000250,1000250,230,0,1,1,5,5,True,1
1024953,reference,1000251,1000251,1000251,230,0,1,1,5,5,True,1
1024953,reference,1000252,1000252,1000252,230,0,1,1,5,5,True,1
1024953,reference,1000253,1000253,1000253,230,0,1,1,5,5,True,1
1024953,reference,1000350,1000350,1000350,230,0,1,1,5,5,True,1
1024953,reference,1000351,1000351,1000351,230,0,1,1,5,5,True,1
1024953,reference,1000352,1000352,1000352,230,0,1,1,5,5,True,1
1024953,reference,1000353,1000353,1000353,230,0,1,1,5,5,True,1
1025054,reference,1000250,1000250,1000250,230,0,1,1,5,5,True,1
1025054,reference,1000251,1000251,1000251,230,0,1,1,5,5,True,1
1025054,reference,1000252,1000252,1000252,230,0,1,1,5,5,True,1
1025054,reference,1000253,1000253,1000253,230,0,1,1,5,5,True,1
1025054,reference,1000350,1000350,1000350,230,0,1,1,5,5,True,1
1025054,reference,1000351,1000351,1000351,230,0,1,1,5,5,True,1
1025054,reference,1000352,1000352,1000352,230,0,1,1,5,5,True,1
1025054,reference,1000353,1000353,1000353,230,0,1,1,5,5,True,1
1025155,reference,1000251,1000251,1000251,230,0,1,1,7,7,True,1
1025155,reference,1000252,1000252,1000252,230,0,1,1,7,7,True,1
1025155,reference,1000253,1000253,1000253,230,0,1,1,7,7,True,1
1025155,reference,1000351,1000351,1000351,230,0,1,1,7,7,True,1
1025155,reference,1000352,1000352,1000352,230,0,1,1,7,7,True,1
1025155,reference,1000353,1000353,1000353,230,0,1,1,7,7,True,1
1025256,reference,1000252,1000252,1000252,230,0,1,1,8,8,True,1
1025256,reference,1000253,1000253,1000253,230,0,1,1,8,8,True,1
1025256,reference,1000352,1000352,1000352,230,0,1,1,8,8,True,1
1025256,reference,1000353,1000353,1000353,230,0,1,1,8,8,True,1
1025357,reference,1000253,1000253,1000253,230,0,1,1,9,9,True,1
1025357,reference,1000353,1000353,1000353,230,0,1,1,9,9,True,1
1025963,reference,1000363,1000363,1000363,469,0,1,1,11,11,True,1
1026063,reference,1000363,1000363,1000363,469,0,1,1,11,11,True,1
1026163,reference,1000363,1000363,1000363,469,0,1,1,10,10,True,1
1026263,reference,1000363,1000363,1000363,469,0,1,1,7,7,True,1
1031922,reference,1000220,1000220,1000220,33,0,1,1,10,10,True,1
1031922,reference,1000221,1000221,1000221,33,0,1,1,10,10,True,1
1031922,reference,1000321,1000321,1000321,33,0,1,1,10,10,True,1
1031922,reference,1000222,1000222,1000222,48,0,1,1,10,10,True,1
1031922,reference,1000322,1000322,1000322,48,0,1,1,10,10,True,1
1032023,reference,1000220,1000220,1000220,33,0,1,1,9,9,True,1
1032023,reference,1000221,1000221,1000221,33,0,1,1,9,9,True,1
1032023,reference,1000321,1000321,1000321,33,0,1,1,9,9,True,1
1032023,reference,1000222,1000222,1000222,48,0,1,1,9,9,True,1
1032023,reference,1000223,1000223,1000223,48,0,1,1,9,9,True,1
1032023,reference,1000322,1000322,1000322,48,0,1,1,9,9,True,1
1032124,reference,1000221,1000221,1000221,33,0,1,1,11,11,True,1
1032124,reference,1000321,1000321,1000321,33,0,1,1,11,11,True,1
1032124,reference,1000222,1000222,1000222,48,0,1,1,11,11,True,1
1032124,reference,1000223,1000223,1000223,48,0,1,1,11,11,True,1
1032124,reference,1000322,1000322,1000322,48,0,1,1,11,11,True,1
1032225,reference,1000222,1000222,1000222,48,0,1,1,12,12,True,1
1032225,reference,1000223,1000223,1000223,48,0,1,1,12,12,True,1
1032225,reference,1000322,1000322,1000322,48,0,1,1,12,12,True,1
1032326,reference,1000223,1000223,1000223,48,0,1,1,12,12,True,1
1032528,reference,1000228,1000228,1000228,90,0,1,1,8,8,True,1
1032528,reference,1000328,1000328,1000328,90,0,1,1,8,8,True,1
1032629,reference,1000228,1000228,1000228,90,0,1,1,6,6,True,1
1032629,reference,1000328,1000328,1000328,90,0,1,1,6,6,True,1
1032730,reference,1000228,1000228,1000228,90,0,1,1,7,7,True,1
1032730,reference,1000328,1000328,1000328,90,0,1,1,7,7,True,1
1032730,reference,1000330,1000330,1000330,189,0,1,1,7,7,True,1
1032831,reference,1000228,1000228,1000228,90,0,1,1,8,8,True,1
1032831,reference,1000328,1000328,1000328,90,0,1,1,8,8,True,1
1032831,reference,1000330,1000330,1000330,189,0,1,1,8,8,True,1
1032831,reference,1000331,1000331,1000331,189,0,1,1,8,8,True,1
1032932,reference,1000330,1000330,1000330,189,0,1,1,7,7,True,1
1032932,reference,1000331,1000331,1000331,189,0,1,1,7,7,True,1
1032932,reference,1000332,1000332,1000332,189,0,1,1,7,7,True,1
1033000,creature,2529,2529,2529,33,0,1,1,2,2,False,0
1033000,creature,3851,3851,3851,33,0,1,1,2,2,False,0
1033000,creature,3853,3853,3853,33,0,1,1,2,2,False,0
1033000,creature,3854,3854,3854,33,0,1,1,2,2,False,0
1033000,creature,3855,3855,3855,33,0,1,1,2,2,False,0
1033000,creature,3857,3857,3857,33,0,1,1,2,2,False,0
1033000,creature,3859,3859,3859,33,0,1,1,2,2,False,0
1033000,creature,3861,3861,3861,33,0,1,1,2,2,False,0
1033000,creature,3862,3862,3862,33,0,1,1,2,2,False,0
1033000,creature,3863,3863,3863,33,0,1,1,2,2,False,0
1033000,creature,3864,3864,3864,33,0,1,1,2,2,False,0
1033000,creature,3866,3866,3866,33,0,1,1,2,2,False,0
1033000,creature,3868,3868,3868,33,0,1,1,2,2,False,0
1033000,creature,3872,3872,3872,33,0,1,1,2,2,False,0
1033000,creature,3873,3873,3873,33,0,1,1,2,2,False,0
1033000,creature,3875,3875,3875,33,0,1,1,2,2,False,0
1033000,creature,3877,3877,3877,33,0,1,1,2,2,False,0
1033033,reference,1000330,1000330,1000330,189,0,1,1,6,6,True,1
1033033,reference,1000331,1000331,1000331,189,0,1,1,6,6,True,1
1033033,reference,1000332,1000332,1000332,189,0,1,1,6,6,True,1
1033033,reference,1000333,1000333,1000333,189,0,1,1,6,6,True,1
1033134,reference,1000331,1000331,1000331,189,0,1,1,9,9,True,1
1033134,reference,1000332,1000332,1000332,189,0,1,1,9,9,True,1
1033134,reference,1000333,1000333,1000333,189,0,1,1,9,9,True,1
1033235,reference,1000332,1000332,1000332,189,0,1,1,9,9,True,1
1033235,reference,1000333,1000333,1000333,189,0,1,1,9,9,True,1
1033336,reference,1000333,1000333,1000333,189,0,1,1,9,9,True,1
1033437,reference,1000237,1000237,1000237,70,0,1,1,10,10,True,1
1033538,reference,1000237,1000237,1000237,70,0,1,1,8,8,True,1
1033538,reference,1000238,1000238,1000238,70,0,1,1,8,8,True,1
1033639,reference,1000237,1000237,1000237,70,0,1,1,6,6,True,1
1033639,reference,1000238,1000238,1000238,70,0,1,1,6,6,True,1
1033639,reference,1000239,1000239,1000239,70,0,1,1,6,6,True,1
1033740,reference,1000237,1000237,1000237,70,0,1,1,6,6,True,1
1033740,reference,1000238,1000238,1000238,70,0,1,1,6,6,True,1
1033740,reference,1000239,1000239,1000239,70,0,1,1,6,6,True,1
1033740,reference,1000240,1000240,1000240,70,0,1,1,6,6,True,1
1033841,reference,1000238,1000238,1000238,70,0,1,1,5,5,True,1
1033841,reference,1000239,1000239,1000239,70,0,1,1,5,5,True,1
1033841,reference,1000240,1000240,1000240,70,0,1,1,5,5,True,1
1033942,reference,1000239,1000239,1000239,70,0,1,1,5,5,True,1
1033942,reference,1000240,1000240,1000240,70,0,1,1,5,5,True,1
1033942,reference,1000342,1000342,1000342,349,0,1,1,5,5,True,1
1034043,reference,1000240,1000240,1000240,70,0,1,1,5,5,True,1
1034043,reference,1000243,1000243,1000243,349,0,1,1,5,5,True,1
1034043,reference,1000342,1000342,1000342,349,0,1,1,5,5,True,1
1034144,reference,1000243,1000243,1000243,349,0,1,1,4,4,True,1
1034144,reference,1000342,1000342,1000342,349,0,1,1,4,4,True,1
1034245,reference,1000243,1000243,1000243,349,0,1,1,5,5,True,1
1034245,reference,1000342,1000342,1000342,349,0,1,1,5,5,True,1
1034346,reference,1000346,1000346,1000346,209,0,1,1,5,5,True,1
1034346,reference,1000243,1000243,1000243,349,0,1,1,5,5,True,1
1034346,reference,1000246,1000246,1000246,349,0,1,1,5,5,True,1
1034447,reference,1000347,1000347,1000347,109,0,1,1,5,5,True,1
1034447,reference,1000346,1000346,1000346,209,0,1,1,5,5,True,1
1034447,reference,1000246,1000246,1000246,349,0,1,1,5,5,True,1
1034548,reference,1000248,1000248,1000248,109,0,1,1,6,6,True,1
1034548,reference,1000347,1000347,1000347,109,0,1,1,6,6,True,1
1034548,reference,1000346,1000346,1000346,209,0,1,1,6,6,True,1
1034548,reference,1000246,1000246,1000246,349,0,1,1,6,6,True,1
1034649,reference,1000248,1000248,1000248,109,0,1,1,6,6,True,1
1034649,reference,1000249,1000249,1000249,109,0,1,1,6,6,True,1
1034649,reference,1000347,1000347,1000347,109,0,1,1,6,6,True,1
1034649,reference,1000346,1000346,1000346,209,0,1,1,6,6,True,1
1034649,reference,1000246,1000246,1000246,349,0,1,1,6,6,True,1
1034750,reference,1000248,1000248,1000248,109,0,1,1,5,5,True,1
1034750,reference,1000249,1000249,1000249,109,0,1,1,5,5,True,1
1034750,reference,1000347,1000347,1000347,109,0,1,1,5,5,True,1
1034750,reference,1000250,1000250,1000250,230,0,1,1,5,5,True,1
1034750,reference,1000350,1000350,1000350,230,0,1,1,5,5,True,1
1034851,reference,1000248,1000248,1000248,109,0,1,1,4,4,True,1
1034851,reference,1000249,1000249,1000249,109,0,1,1,4,4,True,1
1034851,reference,1000250,1000250,1000250,230,0,1,1,4,4,True,1
1034851,reference,1000251,1000251,1000251,230,0,1,1,4,4,True,1
1034851,reference,1000350,1000350,1000350,230,0,1,1,4,4,True,1
1034851,reference,1000351,1000351,1000351,230,0,1,1,4,4,True,1
1034952,reference,1000249,1000249,1000249,109,0,1,1,5,5,True,1
1034952,reference,1000250,1000250,1000250,230,0,1,1,5,5,True,1
1034952,reference,1000251,1000251,1000251,230,0,1,1,5,5,True,1
1034952,reference,1000252,1000252,1000252,230,0,1,1,5,5,True,1
1034952,reference,1000350,1000350,1000350,230,0,1,1,5,5,True,1
1034952,reference,1000351,1000351,1000351,230,0,1,1,5,5,True,1
1034952,reference,1000352,1000352,1000352,230,0,1,1,5,5,True,1
1035053,reference,1000250,1000250,1000250,230,0,1,1,4,4,True,1
1035053,reference,1000251,1000251,1000251,230,0,1,1,4,4,True,1
1035053,reference,1000252,1000252,1000252,230,0,1,1,4,4,True,1
1035053,reference,1000253,1000253,1000253,230,0,1,1,4,4,True,1
1035053,reference,1000350,1000350,1000350,230,0,1,1,4,4,True,1
1035053,reference,1000351,1000351,1000351,230,0,1,1,4,4,True,1
1035053,reference,1000352,1000352,1000352,230,0,1,1,4,4,True,1
1035053,reference,1000353,1000353,1000353,230,0,1,1,4,4,True,1
1035154,reference,1000251,1000251,1000251,230,0,1,1,5,5,True,1
1035154,reference,1000252,1000252,1000252,230,0,1,1,5,5,True,1
1035154,reference,1000253,1000253,1000253,230,0,1,1,5,5,True,1
1035154,reference,1000351,1000351,1000351,230,0,1,1,5,5,True,1
1035154,reference,1000352,1000352,1000352,230,0,1,1,5,5,True,1
1035154,reference,1000353,1000353,1000353,230,0,1,1,5,5,True,1
1035255,reference,1000252,1000252,1000252,230,0,1,1,7,7,True,1
1035255,reference,1000253,1000253,1000253,230,0,1,1,7,7,True,1
1035255,reference,1000352,1000352,1000352,230,0,1,1,7,7,True,1
1035255,reference,1000353,1000353,1000353,230,0,1,1,7,7,True,1
1035356,reference,1000253,1000253,1000253,230,0,1,1,8,8,True,1
1035356,reference,1000353,1000353,1000353,230,0,1,1,8,8,True,1
1035963,reference,1000363,1000363,1000363,469,0,1,1,11,11,True,1
1044046,reference,1000240,1000240,1000240,70,0,1,1,6,6,True,1
1044046,reference,1000346,1000346,1000346,209,0,1,1,6,6,True,1
1044046,reference,1000243,1000243,1000243,349,0,1,1,6,6,True,1
1044046,reference,1000246,1000246,1000246,349,0,1,1,6,6,True,1
1044046,reference,1000342,1000342,1000342,349,0,1,1,6,6,True,1
1044248,reference,1000248,1000248,1000248,109,0,1,1,6,6,True,1
1044248,reference,1000347,1000347,1000347,109,0,1,1,6,6,True,1
1044248,reference,1000346,1000346,1000346,209,0,1,1,6,6,True,1
1044248,reference,1000243,1000243,1000243,349,0,1,1,6,6,True,1
1044248,reference,1000246,1000246,1000246,349,0,1,1,6,6,True,1
1044248,reference,1000342,1000342,1000342,349,0,1,1,6,6,True,1
1044450,reference,1000248,1000248,1000248,109,0,1,1,6,6,True,1
1044450,reference,1000249,1000249,1000249,109,0,1,1,6,6,True,1
1044450,reference,1000347,1000347,1000347,109,0,1,1,6,6,True,1
1044450,reference,1000346,1000346,1000346,209,0,1,1,6,6,True,1
1044450,reference,1000250,1000250,1000250,230,0,1,1,6,6,True,1
1044450,reference,1000350,1000350,1000350,230,0,1,1,6,6,True,1
1044450,reference,1000246,1000246,1000246,349,0,1,1,6,6,True,1
1044652,reference,1000248,1000248,1000248,109,0,1,1,7,7,True,1
1044652,reference,1000249,1000249,1000249,109,0,1,1,7,7,True,1
1044652,reference,1000347,1000347,1000347,109,0,1,1,7,7,True,1
1044652,reference,1000346,1000346,1000346,209,0,1,1,7,7,True,1
1044652,reference,1000250,1000250,1000250,230,0,1,1,7,7,True,1
1044652,reference,1000251,1000251,1000251,230,0,1,1,7,7,True,1
1044652,reference,1000252,1000252,1000252,230,0,1,1,7,7,True,1
1044652,reference,1000350,1000350,1000350,230,0,1,1,7,7,True,1
1044652,reference,1000351,1000351,1000351,230,0,1,1,7,7,True,1
1044652,reference,1000352,1000352,1000352,230,0,1,1,7,7,True,1
1044652,reference,1000246,1000246,1000246,349,0,1,1,7,7,True,1
1044854,reference,1000248,1000248,1000248,109,0,1,1,6,6,True,1
1044854,reference,1000249,1000249,1000249,109,0,1,1,6,6,True,1
1044854,reference,1000250,1000250,1000250,230,0,1,1,6,6,True,1
1044854,reference,1000251,1000251,1000251,230,0,1,1,6,6,True,1
1044854,reference,1000252,1000252,1000252,230,0,1,1,6,6,True,1
1044854,reference,1000253,1000253,1000253,230,0,1,1,6,6,True,1
1044854,reference,1000350,1000350,1000350,230,0,1,1,6,6,True,1
1044854,reference,1000351,1000351,1000351,230,0,1,1,6,6,True,1
1044854,reference,1000352,1000352,1000352,230,0,1,1,6,6,True,1
1044854,reference,1000353,1000353,1000353,230,0,1,1,6,6,True,1
1045056,reference,1000250,1000250,1000250,230,0,1,1,8,8,True,1
1045056,reference,1000251,1000251,1000251,230,0,1,1,8,8,True,1
1045056,reference,1000252,1000252,1000252,230,0,1,1,8,8,True,1
1045056,reference,1000253,1000253,1000253,230,0,1,1,8,8,True,1
1045056,reference,1000350,1000350,1000350,230,0,1,1,8,8,True,1
1045056,reference,1000351,1000351,1000351,230,0,1,1,8,8,True,1
1045056,reference,1000352,1000352,1000352,230,0,1,1,8,8,True,1
1045056,reference,1000353,1000353,1000353,230,0,1,1,8,8,True,1
1045258,reference,1000252,1000252,1000252,230,0,1,1,9,9,True,1
1045258,reference,1000253,1000253,1000253,230,0,1,1,9,9,True,1
1045258,reference,1000352,1000352,1000352,230,0,1,1,9,9,True,1
1045258,reference,1000353,1000353,1000353,230,0,1,1,9,9,True,1
1045863,reference,1000363,1000363,1000363,469,0,1,1,11,11,True,1
1046063,reference,1000363,1000363,1000363,469,0,1,1,11,11,True,1
1047000,creature,4425,4425,4425,47,0,1,1,1,1,True,0
1047000,creature,4427,4427,4427,47,0,1,1,1,1,True,0
1047000,creature,4435,4435,4435,47,0,1,1,1,1,True,0
1047000,creature,4436,4436,4436,47,0,1,1,1,1,True,0
1047000,creature,4437,4437,4437,47,0,1,1,1,1,True,0
1047000,creature,4438,4438,4438,47,0,1,1,1,1,True,0
1047000,creature,4440,4440,4440,47,0,1,1,1,1,True,0
1047000,creature,4442,4442,4442,47,0,1,1,1,1,True,0
1047000,creature,4512,4512,4512,47,0,1,1,1,1,True,0
1047000,creature,4514,4514,4514,47,0,1,1,1,1,True,0
1047000,creature,4515,4515,4515,47,0,1,1,1,1,True,0
1047000,creature,4516,4516,4516,47,0,1,1,1,1,True,0
1047000,creature,4517,4517,4517,47,0,1,1,1,1,True,0
1047000,creature,4518,4518,4518,47,0,1,1,1,1,True,0
1047000,creature,4519,4519,4519,47,0,1,1,1,1,True,0
1047000,creature,4520,4520,4520,47,0,1,1,1,1,True,0
1047000,creature,4522,4522,4522,47,0,1,1,1,1,True,0
1047000,creature,4523,4523,4523,47,0,1,1,1,1,True,0
1047000,creature,4525,4525,4525,47,0,1,1,1,1,True,0
1047000,creature,4530,4530,4530,47,0,1,1,1,1,True,0
1047000,creature,4531,4531,4531,47,0,1,1,1,1,True,0
1047000,creature,4532,4532,4532,47,0,1,1,1,1,True,0
1047000,creature,4538,4538,4538,47,0,1,1,1,1,True,0
1047000,creature,4539,4539,4539,47,0,1,1,1,1,True,0
1047000,creature,4541,4541,4541,47,0,1,1,1,1,True,0
1047000,creature,4623,4623,4623,47,0,1,1,1,1,True,0
1047000,creature,4842,4842,4842,47,0,1,1,1,1,True,0
1047000,creature,6035,6035,6035,47,0,1,1,1,1,True,0
1048000,creature,4798,4798,4798,48,0,1,1,1,1,True,0
1048000,creature,4799,4799,4799,48,0,1,1,1,1,True,0
1048000,creature,4805,4805,4805,48,0,1,1,1,1,True,0
1048000,creature,4807,4807,4807,48,0,1,1,1,1,True,0
1048000,creature,4809,4809,4809,48,0,1,1,1,1,True,0
1048000,creature,4810,4810,4810,48,0,1,1,1,1,True,0
1048000,creature,4811,4811,4811,48,0,1,1,1,1,True,0
1048000,creature,4812,4812,4812,48,0,1,1,1,1,True,0
1048000,creature,4813,4813,4813,48,0,1,1,1,1,True,0
1048000,creature,4814,4814,4814,48,0,1,1,1,1,True,0
1048000,creature,4815,4815,4815,48,0,1,1,1,1,True,0
1048000,creature,4818,4818,4818,48,0,1,1,1,1,True,0
1048000,creature,4819,4819,4819,48,0,1,1,1,1,True,0
1048000,creature,4820,4820,4820,48,0,1,1,1,1,True,0
1048000,creature,4821,4821,4821,48,0,1,1,1,1,True,0
1048000,creature,4822,4822,4822,48,0,1,1,1,1,True,0
1048000,creature,4823,4823,4823,48,0,1,1,1,1,True,0
1048000,creature,4824,4824,4824,48,0,1,1,1,1,True,0
1048000,creature,4825,4825,4825,48,0,1,1,1,1,True,0
1048000,creature,4827,4827,4827,48,0,1,1,1,1,True,0
1050614,reference,1000313,1000313,1000313,389,0,1,1,6,6,True,1
1050614,reference,1000314,1000314,1000314,389,0,1,1,6,6,True,1
1051525,reference,1000321,1000321,1000321,33,0,1,1,14,14,True,1
1051525,reference,1000317,1000317,1000317,36,0,1,1,14,14,True,1
1051525,reference,1000322,1000322,1000322,48,0,1,1,14,14,True,1
1051525,reference,1000315,1000315,1000315,389,0,1,1,14,14,True,1
1052635,reference,1000328,1000328,1000328,90,0,1,1,9,9,True,1
1052635,reference,1000330,1000330,1000330,189,0,1,1,9,9,True,1
1052635,reference,1000331,1000331,1000331,189,0,1,1,9,9,True,1
1052635,reference,1000332,1000332,1000332,189,0,1,1,9,9,True,1
1052635,reference,1000333,1000333,1000333,189,0,1,1,9,9,True,1
1053650,reference,1000347,1000347,1000347,109,0,1,1,10,10,True,1
1053650,reference,1000346,1000346,1000346,209,0,1,1,10,10,True,1
1053650,reference,1000350,1000350,1000350,230,0,1,1,10,10,True,1
1053650,reference,1000342,1000342,1000342,349,0,1,1,10,10,True,1
1055163,reference,1000351,1000351,1000351,230,0,1,1,10,10,True,1
1055163,reference,1000352,1000352,1000352,230,0,1,1,10,10,True,1
1055163,reference,1000353,1000353,1000353,230,0,1,1,10,10,True,1
1055163,reference,1000363,1000363,1000363,469,0,1,1,10,10,True,1
1061120,reference,1000317,1000317,1000317,36,0,1,1,13,13,True,1
1061120,reference,1000313,1000313,1000313,389,0,1,1,13,13,True,1
1061120,reference,1000314,1000314,1000314,389,0,1,1,13,13,True,1
1061120,reference,1000315,1000315,1000315,389,0,1,1,13,13,True,1
1062130,reference,1000321,1000321,1000321,33,0,1,1,12,12,True,1
1062130,reference,1000322,1000322,1000322,48,0,1,1,12,12,True,1
1062130,reference,1000328,1000328,1000328,90,0,1,1,12,12,True,1
1062130,reference,1000330,1000330,1000330,189,0,1,1,12,12,True,1
1063140,reference,1000331,1000331,1000331,189,0,1,1,8,8,True,1
1063140,reference,1000332,1000332,1000332,189,0,1,1,8,8,True,1
1063140,reference,1000333,1000333,1000333,189,0,1,1,8,8,True,1
1064150,reference,1000347,1000347,1000347,109,0,1,1,6,6,True,1
1064150,reference,1000346,1000346,1000346,209,0,1,1,6,6,True,1
1064150,reference,1000350,1000350,1000350,230,0,1,1,6,6,True,1
1064150,reference,1000342,1000342,1000342,349,0,1,1,6,6,True,1
1065155,reference,1000351,1000351,1000351,230,0,1,1,6,6,True,1
1065155,reference,1000352,1000352,1000352,230,0,1,1,6,6,True,1
1065155,reference,1000353,1000353,1000353,230,0,1,1,6,6,True,1
1065663,reference,1000363,1000363,1000363,469,0,1,1,9,9,True,1
1070000,creature,4847,4847,4847,70,0,1,1,1,1,True,0
1070000,creature,4848,4848,4848,70,0,1,1,1,1,True,0
1070000,creature,4849,4849,4849,70,0,1,1,1,1,True,0
1070000,creature,4850,4850,4850,70,0,1,1,1,1,True,0
1070000,creature,4852,4852,4852,70,0,1,1,1,1,True,0
1070000,creature,4853,4853,4853,70,0,1,1,1,1,True,0
1070000,creature,4855,4855,4855,70,0,1,1,1,1,True,0
1070000,creature,4857,4857,4857,70,0,1,1,1,1,True,0
1070000,creature,4860,4860,4860,70,0,1,1,1,1,True,0
1070000,creature,4861,4861,4861,70,0,1,1,1,1,True,0
1070000,creature,4863,4863,4863,70,0,1,1,1,1,True,0
1070000,creature,7022,7022,7022,70,0,1,1,1,1,True,0
1070000,creature,7023,7023,7023,70,0,1,1,1,1,True,0
1070000,creature,7030,7030,7030,70,0,1,1,1,1,True,0
1070000,creature,7206,7206,7206,70,0,1,1,1,1,True,0
1070000,creature,7290,7290,7290,70,0,1,1,1,1,True,0
1070000,creature,7320,7320,7320,70,0,1,1,1,1,True,0
1070000,creature,7321,7321,7321,70,0,1,1,1,1,True,0
1071114,reference,1000213,1000213,1000213,389,0,1,1,6,6,True,1
1071114,reference,1000214,1000214,1000214,389,0,1,1,6,6,True,1
1071114,reference,1000313,1000313,1000313,389,0,1,1,6,6,True,1
1071114,reference,1000314,1000314,1000314,389,0,1,1,6,6,True,1
1071519,reference,1000317,1000317,1000317,36,0,1,1,10,10,True,1
1071519,reference,1000217,1000217,1000217,43,0,1,1,10,10,True,1
1071519,reference,1000315,1000315,1000315,389,0,1,1,10,10,True,1
1072025,reference,1000220,1000220,1000220,33,0,1,1,12,12,True,1
1072025,reference,1000221,1000221,1000221,33,0,1,1,12,12,True,1
1072025,reference,1000321,1000321,1000321,33,0,1,1,12,12,True,1
1072025,reference,1000222,1000222,1000222,48,0,1,1,12,12,True,1
1072025,reference,1000223,1000223,1000223,48,0,1,1,12,12,True,1
1072025,reference,1000322,1000322,1000322,48,0,1,1,12,12,True,1
1072830,reference,1000228,1000228,1000228,90,0,1,1,7,7,True,1
1072830,reference,1000328,1000328,1000328,90,0,1,1,7,7,True,1
1072830,reference,1000330,1000330,1000330,189,0,1,1,7,7,True,1
1073135,reference,1000331,1000331,1000331,189,0,1,1,10,10,True,1
1073135,reference,1000332,1000332,1000332,189,0,1,1,10,10,True,1
1073135,reference,1000333,1000333,1000333,189,0,1,1,10,10,True,1
1073640,reference,1000237,1000237,1000237,70,0,1,1,6,6,True,1
1073640,reference,1000238,1000238,1000238,70,0,1,1,6,6,True,1
1073640,reference,1000239,1000239,1000239,70,0,1,1,6,6,True,1
1073640,reference,1000240,1000240,1000240,70,0,1,1,6,6,True,1
1074145,reference,1000243,1000243,1000243,349,0,1,1,5,5,True,1
1074145,reference,1000342,1000342,1000342,349,0,1,1,5,5,True,1
1074650,reference,1000248,1000248,1000248,109,0,1,1,6,6,True,1
1074650,reference,1000249,1000249,1000249,109,0,1,1,6,6,True,1
1074650,reference,1000347,1000347,1000347,109,0,1,1,6,6,True,1
1074650,reference,1000346,1000346,1000346,209,0,1,1,6,6,True,1
1074650,reference,1000250,1000250,1000250,230,0,1,1,6,6,True,1
1074650,reference,1000350,1000350,1000350,230,0,1,1,6,6,True,1
1074650,reference,1000246,1000246,1000246,349,0,1,1,6,6,True,1
1075063,reference,1000250,1000250,1000250,230,0,1,1,12,12,True,1
1075063,reference,1000251,1000251,1000251,230,0,1,1,12,12,True,1
1075063,reference,1000252,1000252,1000252,230,0,1,1,12,12,True,1
1075063,reference,1000253,1000253,1000253,230,0,1,1,12,12,True,1
1075063,reference,1000350,1000350,1000350,230,0,1,1,12,12,True,1
1075063,reference,1000351,1000351,1000351,230,0,1,1,12,12,True,1
1075063,reference,1000352,1000352,1000352,230,0,1,1,12,12,True,1
1075063,reference,1000353,1000353,1000353,230,0,1,1,12,12,True,1
1075063,reference,1000363,1000363,1000363,469,0,1,1,12,12,True,1
1075155,reference,1000251,1000251,1000251,230,0,1,1,7,7,True,1
1075155,reference,1000252,1000252,1000252,230,0,1,1,7,7,True,1
1075155,reference,1000253,1000253,1000253,230,0,1,1,7,7,True,1
1075155,reference,1000351,1000351,1000351,230,0,1,1,7,7,True,1
1075155,reference,1000352,1000352,1000352,230,0,1,1,7,7,True,1
1075155,reference,1000353,1000353,1000353,230,0,1,1,7,7,True,1
1076163,reference,1000363,1000363,1000363,469,0,1,1,10,10,True,1
1080620,reference,1000220,1000220,1000220,33,0,1,1,14,14,True,1
1080620,reference,1000317,1000317,1000317,36,0,1,1,14,14,True,1
1080620,reference,1000217,1000217,1000217,43,0,1,1,14,14,True,1
1080620,reference,1000213,1000213,1000213,389,0,1,1,14,14,True,1
1080620,reference,1000214,1000214,1000214,389,0,1,1,14,14,True,1
1080620,reference,1000313,1000313,1000313,389,0,1,1,14,14,True,1
1080620,reference,1000314,1000314,1000314,389,0,1,1,14,14,True,1
1080620,reference,1000315,1000315,1000315,389,0,1,1,14,14,True,1
1081225,reference,1000220,1000220,1000220,33,0,1,1,16,16,True,1
1081225,reference,1000221,1000221,1000221,33,0,1,1,16,16,True,1
1081225,reference,1000321,1000321,1000321,33,0,1,1,16,16,True,1
1081225,reference,1000317,1000317,1000317,36,0,1,1,16,16,True,1
1081225,reference,1000217,1000217,1000217,43,0,1,1,16,16,True,1
1081225,reference,1000222,1000222,1000222,48,0,1,1,16,16,True,1
1081225,reference,1000223,1000223,1000223,48,0,1,1,16,16,True,1
1081225,reference,1000322,1000322,1000322,48,0,1,1,16,16,True,1
1081225,reference,1000213,1000213,1000213,389,0,1,1,16,16,True,1
1081225,reference,1000214,1000214,1000214,389,0,1,1,16,16,True,1
1081225,reference,1000313,1000313,1000313,389,0,1,1,16,16,True,1
1081225,reference,1000314,1000314,1000314,389,0,1,1,16,16,True,1
1081225,reference,1000315,1000315,1000315,389,0,1,1,16,16,True,1
1081630,reference,1000220,1000220,1000220,33,0,1,1,12,12,True,1
1081630,reference,1000221,1000221,1000221,33,0,1,1,12,12,True,1
1081630,reference,1000321,1000321,1000321,33,0,1,1,12,12,True,1
1081630,reference,1000317,1000317,1000317,36,0,1,1,12,12,True,1
1081630,reference,1000217,1000217,1000217,43,0,1,1,12,12,True,1
1081630,reference,1000222,1000222,1000222,48,0,1,1,12,12,True,1
1081630,reference,1000223,1000223,1000223,48,0,1,1,12,12,True,1
1081630,reference,1000322,1000322,1000322,48,0,1,1,12,12,True,1
1081630,reference,1000228,1000228,1000228,90,0,1,1,12,12,True,1
1081630,reference,1000328,1000328,1000328,90,0,1,1,12,12,True,1
1081630,reference,1000330,1000330,1000330,189,0,1,1,12,12,True,1
1082035,reference,1000220,1000220,1000220,33,0,1,1,14,14,True,1
1082035,reference,1000221,1000221,1000221,33,0,1,1,14,14,True,1
1082035,reference,1000321,1000321,1000321,33,0,1,1,14,14,True,1
1082035,reference,1000222,1000222,1000222,48,0,1,1,14,14,True,1
1082035,reference,1000223,1000223,1000223,48,0,1,1,14,14,True,1
1082035,reference,1000322,1000322,1000322,48,0,1,1,14,14,True,1
1082035,reference,1000228,1000228,1000228,90,0,1,1,14,14,True,1
1082035,reference,1000328,1000328,1000328,90,0,1,1,14,14,True,1
1082035,reference,1000330,1000330,1000330,189,0,1,1,14,14,True,1
1082035,reference,1000331,1000331,1000331,189,0,1,1,14,14,True,1
1082035,reference,1000332,1000332,1000332,189,0,1,1,14,14,True,1
1082035,reference,1000333,1000333,1000333,189,0,1,1,14,14,True,1
1082640,reference,1000237,1000237,1000237,70,0,1,1,12,12,True,1
1082640,reference,1000238,1000238,1000238,70,0,1,1,12,12,True,1
1082640,reference,1000239,1000239,1000239,70,0,1,1,12,12,True,1
1082640,reference,1000240,1000240,1000240,70,0,1,1,12,12,True,1
1082640,reference,1000228,1000228,1000228,90,0,1,1,12,12,True,1
1082640,reference,1000328,1000328,1000328,90,0,1,1,12,12,True,1
1082640,reference,1000330,1000330,1000330,189,0,1,1,12,12,True,1
1082640,reference,1000331,1000331,1000331,189,0,1,1,12,12,True,1
1082640,reference,1000332,1000332,1000332,189,0,1,1,12,12,True,1
1082640,reference,1000333,1000333,1000333,189,0,1,1,12,12,True,1
1083045,reference,1000237,1000237,1000237,70,0,1,1,14,14,True,1
1083045,reference,1000238,1000238,1000238,70,0,1,1,14,14,True,1
1083045,reference,1000239,1000239,1000239,70,0,1,1,14,14,True,1
1083045,reference,1000240,1000240,1000240,70,0,1,1,14,14,True,1
1083045,reference,1000330,1000330,1000330,189,0,1,1,14,14,True,1
1083045,reference,1000331,1000331,1000331,189,0,1,1,14,14,True,1
1083045,reference,1000332,1000332,1000332,189,0,1,1,14,14,True,1
1083045,reference,1000333,1000333,1000333,189,0,1,1,14,14,True,1
1083045,reference,1000243,1000243,1000243,349,0,1,1,14,14,True,1
1083045,reference,1000342,1000342,1000342,349,0,1,1,14,14,True,1
1083650,reference,1000237,1000237,1000237,70,0,1,1,10,10,True,1
1083650,reference,1000238,1000238,1000238,70,0,1,1,10,10,True,1
1083650,reference,1000239,1000239,1000239,70,0,1,1,10,10,True,1
1083650,reference,1000240,1000240,1000240,70,0,1,1,10,10,True,1
1083650,reference,1000248,1000248,1000248,109,0,1,1,10,10,True,1
1083650,reference,1000249,1000249,1000249,109,0,1,1,10,10,True,1
1083650,reference,1000347,1000347,1000347,109,0,1,1,10,10,True,1
1083650,reference,1000346,1000346,1000346,209,0,1,1,10,10,True,1
1083650,reference,1000250,1000250,1000250,230,0,1,1,10,10,True,1
1083650,reference,1000350,1000350,1000350,230,0,1,1,10,10,True,1
1083650,reference,1000243,1000243,1000243,349,0,1,1,10,10,True,1
1083650,reference,1000246,1000246,1000246,349,0,1,1,10,10,True,1
1083650,reference,1000342,1000342,1000342,349,0,1,1,10,10,True,1
1084055,reference,1000240,1000240,1000240,70,0,1,1,11,11,True,1
1084055,reference,1000248,1000248,1000248,109,0,1,1,11,11,True,1
1084055,reference,1000249,1000249,1000249,109,0,1,1,11,11,True,1
1084055,reference,1000347,1000347,1000347,109,0,1,1,11,11,True,1
1084055,reference,1000346,1000346,1000346,209,0,1,1,11,11,True,1
1084055,reference,1000250,1000250,1000250,230,0,1,1,11,11,True,1
1084055,reference,1000251,1000251,1000251,230,0,1,1,11,11,True,1
1084055,reference,1000252,1000252,1000252,230,0,1,1,11,11,True,1
1084055,reference,1000253,1000253,1000253,230,0,1,1,11,11,True,1
1084055,reference,1000350,1000350,1000350,230,0,1,1,11,11,True,1
1084055,reference,1000351,1000351,1000351,230,0,1,1,11,11,True,1
1084055,reference,1000352,1000352,1000352,230,0,1,1,11,11,True,1
1084055,reference,1000353,1000353,1000353,230,0,1,1,11,11,True,1
1084055,reference,1000243,1000243,1000243,349,0,1,1,11,11,True,1
1084055,reference,1000246,1000246,1000246,349,0,1,1,11,11,True,1
1084055,reference,1000342,1000342,1000342,349,0,1,1,11,11,True,1
1084660,reference,1000248,1000248,1000248,109,0,1,1,14,14,True,1
1084660,reference,1000249,1000249,1000249,109,0,1,1,14,14,True,1
1084660,reference,1000347,1000347,1000347,109,0,1,1,14,14,True,1
1084660,reference,1000346,1000346,1000346,209,0,1,1,14,14,True,1
1084660,reference,1000250,1000250,1000250,230,0,1,1,14,14,True,1
1084660,reference,1000251,1000251,1000251,230,0,1,1,14,14,True,1
1084660,reference,1000252,1000252,1000252,230,0,1,1,14,14,True,1
1084660,reference,1000253,1000253,1000253,230,0,1,1,14,14,True,1
1084660,reference,1000350,1000350,1000350,230,0,1,1,14,14,True,1
1084660,reference,1000351,1000351,1000351,230,0,1,1,14,14,True,1
1084660,reference,1000352,1000352,1000352,230,0,1,1,14,14,True,1
1084660,reference,1000353,1000353,1000353,230,0,1,1,14,14,True,1
1084660,reference,1000246,1000246,1000246,349,0,1,1,14,14,True,1
1085063,reference,1000250,1000250,1000250,230,0,1,1,12,12,True,1
1085063,reference,1000251,1000251,1000251,230,0,1,1,12,12,True,1
1085063,reference,1000252,1000252,1000252,230,0,1,1,12,12,True,1
1085063,reference,1000253,1000253,1000253,230,0,1,1,12,12,True,1
1085063,reference,1000350,1000350,1000350,230,0,1,1,12,12,True,1
1085063,reference,1000351,1000351,1000351,230,0,1,1,12,12,True,1
1085063,reference,1000352,1000352,1000352,230,0,1,1,12,12,True,1
1085063,reference,1000353,1000353,1000353,230,0,1,1,12,12,True,1
1085063,reference,1000363,1000363,1000363,469,0,1,1,12,12,True,1
1085663,reference,1000363,1000363,1000363,469,0,1,1,12,12,True,1
1090000,creature,6206,6206,6206,90,0,1,1,2,2,False,0
1090000,creature,6211,6211,6211,90,0,1,1,2,2,False,0
1090000,creature,6212,6212,6212,90,0,1,1,2,2,False,0
1090000,creature,6218,6218,6218,90,0,1,1,2,2,False,0
1090000,creature,6219,6219,6219,90,0,1,1,2,2,False,0
1090000,creature,6220,6220,6220,90,0,1,1,2,2,False,0
1090000,creature,6223,6223,6223,90,0,1,1,2,2,False,0
1090000,creature,6225,6225,6225,90,0,1,1,2,2,False,0
1090000,creature,6226,6226,6226,90,0,1,1,2,2,False,0
1090000,creature,6227,6227,6227,90,0,1,1,2,2,False,0
1090000,creature,6228,6228,6228,90,0,1,1,2,2,False,0
1090000,creature,6230,6230,6230,90,0,1,1,2,2,False,0
1090000,creature,6232,6232,6232,90,0,1,1,2,2,False,0
1090000,creature,6233,6233,6233,90,0,1,1,2,2,False,0
1090000,creature,6234,6234,6234,90,0,1,1,2,2,False,0
1090000,creature,6329,6329,6329,90,0,1,1,2,2,False,0
1090000,creature,6391,6391,6391,90,0,1,1,2,2,False,0
1090000,creature,6392,6392,6392,90,0,1,1,2,2,False,0
1090000,creature,6407,6407,6407,90,0,1,1,2,2,False,0
1090000,creature,7079,7079,7079,90,0,1,1,2,2,False,0
1091120,reference,1000220,1000220,1000220,33,0,1,1,14,14,True,1
1091120,reference,1000317,1000317,1000317,36,0,1,1,14,14,True,1
1091120,reference,1000217,1000217,1000217,43,0,1,1,14,14,True,1
1091120,reference,1000213,1000213,1000213,389,0,1,1,14,14,True,1
1091120,reference,1000214,1000214,1000214,389,0,1,1,14,14,True,1
1091120,reference,1000313,1000313,1000313,389,0,1,1,14,14,True,1
1091120,reference,1000314,1000314,1000314,389,0,1,1,14,14,True,1
1091120,reference,1000315,1000315,1000315,389,0,1,1,14,14,True,1
1092130,reference,1000221,1000221,1000221,33,0,1,1,12,12,True,1
1092130,reference,1000321,1000321,1000321,33,0,1,1,12,12,True,1
1092130,reference,1000222,1000222,1000222,48,0,1,1,12,12,True,1
1092130,reference,1000223,1000223,1000223,48,0,1,1,12,12,True,1
1092130,reference,1000322,1000322,1000322,48,0,1,1,12,12,True,1
1092130,reference,1000228,1000228,1000228,90,0,1,1,12,12,True,1
1092130,reference,1000328,1000328,1000328,90,0,1,1,12,12,True,1
1092130,reference,1000330,1000330,1000330,189,0,1,1,12,12,True,1
1093140,reference,1000237,1000237,1000237,70,0,1,1,11,11,True,1
1093140,reference,1000238,1000238,1000238,70,0,1,1,11,11,True,1
1093140,reference,1000239,1000239,1000239,70,0,1,1,11,11,True,1
1093140,reference,1000240,1000240,1000240,70,0,1,1,11,11,True,1
1093140,reference,1000331,1000331,1000331,189,0,1,1,11,11,True,1
1093140,reference,1000332,1000332,1000332,189,0,1,1,11,11,True,1
1093140,reference,1000333,1000333,1000333,189,0,1,1,11,11,True,1
1094150,reference,1000248,1000248,1000248,109,0,1,1,6,6,True,1
1094150,reference,1000249,1000249,1000249,109,0,1,1,6,6,True,1
1094150,reference,1000347,1000347,1000347,109,0,1,1,6,6,True,1
1094150,reference,1000346,1000346,1000346,209,0,1,1,6,6,True,1
1094150,reference,1000250,1000250,1000250,230,0,1,1,6,6,True,1
1094150,reference,1000350,1000350,1000350,230,0,1,1,6,6,True,1
1094150,reference,1000243,1000243,1000243,349,0,1,1,6,6,True,1
1094150,reference,1000246,1000246,1000246,349,0,1,1,6,6,True,1
1094150,reference,1000342,1000342,1000342,349,0,1,1,6,6,True,1
1095162,reference,1000251,1000251,1000251,230,0,1,1,12,12,True,1
1095162,reference,1000252,1000252,1000252,230,0,1,1,12,12,True,1
1095162,reference,1000253,1000253,1000253,230,0,1,1,12,12,True,1
1095162,reference,1000351,1000351,1000351,230,0,1,1,12,12,True,1
1095162,reference,1000352,1000352,1000352,230,0,1,1,12,12,True,1
1095162,reference,1000353,1000353,1000353,230,0,1,1,12,12,True,1
1095162,reference,1000363,1000363,1000363,469,0,1,1,12,12,True,1
1100067,creature,17952,17952,17952,269,0,1,1,3,5,False,0
1100067,creature,18982,18982,18982,269,0,1,1,3,5,False,0
1100067,creature,18983,18983,18983,269,0,1,1,3,5,False,0
1100067,creature,22162,22162,18983,269,1,1,1,3,5,False,0
1100067,creature,22163,22163,17952,269,1,1,1,3,5,False,0
1100067,creature,22173,22173,18982,269,1,1,1,3,5,False,0
1100067,creature,21891,21891,21891,556,0,1,1,3,5,False,0
1100067,creature,21989,21989,21891,556,1,1,1,3,5,False,0
1100068,creature,17952,17952,17952,269,0,1,1,5,8,False,0
1100068,creature,18982,18982,18982,269,0,1,1,5,8,False,0
1100068,creature,18983,18983,18983,269,0,1,1,5,8,False,0
1100068,creature,22162,22162,18983,269,1,1,1,5,8,False,0
1100068,creature,22163,22163,17952,269,1,1,1,5,8,False,0
1100068,creature,22173,22173,18982,269,1,1,1,5,8,False,0
1100068,creature,20865,20865,20865,552,0,1,1,5,8,False,0
1100068,creature,21607,21607,20865,552,1,1,1,5,8,False,0
1100068,creature,18587,18587,18587,553,0,1,1,5,8,False,0
1100068,creature,21552,21552,18587,553,1,1,1,5,8,False,0
1100069,creature,20865,20865,20865,552,0,1,1,5,8,False,0
1100069,creature,21607,21607,20865,552,1,1,1,5,8,False,0
1100069,creature,18587,18587,18587,553,0,1,1,5,8,False,0
1100069,creature,19557,19557,19557,553,0,1,1,5,8,False,0
1100069,creature,21552,21552,18587,553,1,1,1,5,8,False,0
1100069,creature,21555,21555,19557,553,1,1,1,5,8,False,0
1100069,creature,18642,18642,18642,555,0,1,1,5,8,False,0
1100069,creature,20651,20651,18642,555,1,1,1,5,8,False,0
1100070,creature,21696,21696,21696,545,0,1,1,6,8,False,0
1100070,creature,21916,21916,21696,545,1,1,1,6,8,False,0
1100070,creature,19598,19598,19598,553,0,1,1,6,8,False,0
1100070,creature,19608,19608,19608,553,0,1,1,6,8,False,0
1100070,creature,21554,21554,19608,553,1,1,1,6,8,False,0
1100070,creature,21561,21561,19598,553,1,1,1,6,8,False,0
1100070,creature,24047,24047,24047,568,0,1,1,6,8,False,0
1100070,creature,24064,24064,24064,568,0,1,1,6,8,False,0
1100071,creature,22946,22946,22946,564,0,1,1,4,4,False,0
1100162,creature,17963,17963,17963,547,0,1,1,5,5,False,0
1100162,creature,17964,17964,17964,547,0,1,1,5,5,False,0
1100163,creature,17963,17963,17963,547,0,1,1,3,3,False,0
1100163,creature,17964,17964,17964,547,0,1,1,3,3,False,0
1100165,creature,18556,18556,18556,558,0,1,1,2,3,False,0
1100165,creature,18557,18557,18557,558,0,1,1,2,3,False,0
1100165,creature,18558,18558,18558,558,0,1,1,2,3,False,0
1100165,creature,18559,18559,18559,558,0,1,1,2,3,False,0
1100165,creature,20310,20310,18557,558,1,1,1,2,3,False,0
1100165,creature,20311,20311,18556,558,1,1,1,2,3,False,0
1100165,creature,20312,20312,18558,558,1,1,1,2,3,False,0
1100165,creature,20313,20313,18559,558,1,1,1,2,3,False,0
1100166,creature,18556,18556,18556,558,0,1,1,2,3,False,0
1100166,creature,18557,18557,18557,558,0,1,1,2,3,False,0
1100166,creature,18558,18558,18558,558,0,1,1,2,3,False,0
1100166,creature,18559,18559,18559,558,0,1,1,2,3,False,0
1100166,creature,20310,20310,18557,558,1,1,1,2,3,False,0
1100166,creature,20311,20311,18556,558,1,1,1,2,3,False,0
1100166,creature,20312,20312,18558,558,1,1,1,2,3,False,0
1100166,creature,20313,20313,18559,558,1,1,1,2,3,False,0
1100169,creature,19716,19716,19716,554,0,1,1,3,5,False,0
1100169,creature,21531,21531,19716,554,1,1,1,3,5,False,0
1100169,creature,18641,18641,18641,555,0,1,1,3,5,False,0
1100169,creature,20643,20643,18641,555,1,1,1,3,5,False,0
1100170,creature,16409,16409,16409,532,0,1,1,3,3,False,0
1100170,creature,16468,16468,16468,532,0,1,1,3,3,False,0
1100170,creature,23586,23586,23586,568,0,1,1,3,3,False,0
1100171,creature,19902,19902,19902,547,1,1,1,3,3,False,0
1100171,creature,19904,19904,19904,547,1,1,1,3,3,False,0
1100262,creature,17724,17724,17724,546,0,1,1,1,2,True,0
1100262,creature,17725,17725,17725,546,0,1,1,1,2,True,0
1100262,creature,20185,20185,17724,546,1,1,1,1,2,True,0
1100262,creature,20188,20188,17725,546,1,1,1,1,2,True,0
1100263,creature,17725,17725,17725,546,0,1,1,1,2,True,0
1100263,creature,17732,17732,17732,546,0,1,1,1,2,True,0
1100263,creature,20175,20175,17732,546,1,1,1,1,2,True,0
1100263,creature,20188,20188,17725,546,1,1,1,1,2,True,0
1100264,creature,17731,17731,17731,546,0,1,1,4,5,False,0
1100264,creature,17734,17734,17734,546,0,1,1,4,5,False,0
1100264,creature,19632,19632,19632,546,0,1,1,4,5,False,0
1100264,creature,20173,20173,17731,546,1,1,1,4,5,False,0
1100264,creature,20174,20174,19632,546,1,1,1,4,5,False,0
1100264,creature,20187,20187,17734,546,1,1,1,4,5,False,0
1100264,creature,19307,19307,19307,557,0,1,1,4,5,False,0
1100265,creature,17840,17840,17840,560,0,1,1,2,3,False,0
1100265,creature,20528,20528,17840,560,1,1,1,2,3,False,0
1100266,creature,19429,19429,19429,556,0,1,1,2,3,False,0
1100266,creature,20686,20686,19429,556,1,1,1,2,3,False,0
1100268,creature,19428,19428,19428,556,0,1,1,2,3,False,0
1100268,creature,21904,21904,21904,556,0,1,1,2,3,False,0
1100268,creature,20688,20688,19428,556,1,1,1,2,3,False,0
1100268,creature,21990,21990,21904,556,1,1,1,2,3,False,0
1100269,creature,16173,16173,16173,532,0,1,1,4,6,False,0
1100269,creature,16176,16176,16176,532,0,1,1,4,6,False,0
1100269,creature,17356,17356,17356,540,0,1,1,4,6,False,0
1100269,creature,20565,20565,17356,540,1,1,1,4,6,False,0
1100269,creature,18155,18155,18155,553,0,1,1,4,6,False,0
1100269,creature,21544,21544,18155,553,1,1,1,4,6,False,0
1100270,creature,16170,16170,16170,532,0,1,1,12,15,False,0
1100270,creature,16173,16173,16173,532,0,1,1,12,15,False,0
1100270,creature,16176,16176,16176,532,0,1,1,12,15,False,0
1100270,creature,16178,16178,16178,532,0,1,1,12,15,False,0
1100270,creature,16489,16489,16489,532,0,1,1,12,15,False,0
1100270,creature,16491,16491,16491,532,0,1,1,12,15,False,0
1100270,creature,16492,16492,16492,532,0,1,1,12,15,False,0
1100270,creature,16530,16530,16530,532,0,1,1,12,15,False,0
1100270,creature,21695,21695,21695,545,0,1,1,12,15,False,0
1100270,creature,21917,21917,21695,545,1,1,1,12,15,False,0
1100270,creature,21863,21863,21863,548,0,1,1,12,15,False,0
1100270,creature,20038,20038,20038,550,0,1,1,12,15,False,0
1100270,creature,20866,20866,20866,552,0,1,1,12,15,False,0
1100270,creature,20867,20867,20867,552,0,1,1,12,15,False,0
1100270,creature,20868,20868,20868,552,0,1,1,12,15,False,0
1100270,creature,21591,21591,20867,552,1,1,1,12,15,False,0
1100270,creature,21593,21593,20868,552,1,1,1,12,15,False,0
1100270,creature,21614,21614,20866,552,1,1,1,12,15,False,0
1100270,creature,18405,18405,18405,553,0,1,1,12,15,False,0
1100270,creature,19513,19513,19513,553,0,1,1,12,15,False,0
1100270,creature,19865,19865,19865,553,0,1,1,12,15,False,0
1100270,creature,21560,21560,19513,553,1,1,1,12,15,False,0
1100270,creature,21562,21562,19865,553,1,1,1,12,15,False,0
1100270,creature,21578,21578,18405,553,1,1,1,12,15,False,0
1100270,creature,20265,20265,20265,557,1,1,1,12,15,False,0
1100270,creature,22881,22881,22881,564,0,1,1,12,15,False,0
1100270,creature,22883,22883,22883,564,0,1,1,12,15,False,0
1100270,creature,22885,22885,22885,564,0,1,1,12,15,False,0
1100270,creature,23584,23584,23584,568,0,1,1,12,15,False,0
1100270,creature,23834,23834,23834,568,0,1,1,12,15,False,0
1100270,creature,24043,24043,24043,568,0,1,1,12,15,False,0
1100270,creature,24530,24530,24530,568,0,1,1,12,15,False,0
1100270,creature,25867,25867,25867,580,0,1,1,12,15,False,0
1100271,creature,15547,15547,15547,532,0,1,1,10,13,False,0
1100271,creature,15548,15548,15548,532,0,1,1,10,13,False,0
1100271,creature,16171,16171,16171,532,0,1,1,10,13,False,0
1100271,creature,16174,16174,16174,532,0,1,1,10,13,False,0
1100271,creature,16175,16175,16175,532,0,1,1,10,13,False,0
1100271,creature,16177,16177,16177,532,0,1,1,10,13,False,0
1100271,creature,16488,16488,16488,532,0,1,1,10,13,False,0
1100271,creature,16489,16489,16489,532,0,1,1,10,13,False,0
1100271,creature,16525,16525,16525,532,0,1,1,10,13,False,0
1100271,creature,16529,16529,16529,532,0,1,1,10,13,False,0
1100271,creature,21246,21246,21246,548,0,1,1,10,13,False,0
1100271,creature,20864,20864,20864,552,0,1,1,10,13,False,0
1100271,creature,21608,21608,20864,552,1,1,1,10,13,False,0
1100271,creature,19166,19166,19166,554,0,1,1,10,13,False,0
1100271,creature,19735,19735,19735,554,0,1,1,10,13,False,0
1100271,creature,21542,21542,19735,554,1,1,1,10,13,False,0
1100271,creature,21543,21543,19166,554,1,1,1,10,13,False,0
1100271,creature,22883,22883,22883,564,0,1,1,10,13,False,0
1100271,creature,23232,23232,23232,564,0,1,1,10,13,False,0
1100271,creature,25507,25507,25595,580,0,1,1,10,13,False,0
1100271,creature,25599,25599,25599,580,0,1,1,10,13,False,0
1100271,creature,24777,24777,24777,585,0,1,1,10,13,False,0
1100271,creature,25571,25571,24777,585,1,1,1,10,13,False,0
1100272,creature,16485,16485,16485,532,0,1,1,6,6,False,0
1100272,creature,16504,16504,16504,532,0,1,1,6,6,False,0
1100272,creature,16526,16526,16526,532,0,1,1,6,6,False,0
1100272,creature,16595,16595,16595,532,0,1,1,6,6,False,0
1100272,creature,16596,16596,16596,532,0,1,1,6,6,False,0
1100272,creature,21251,21251,21251,548,0,1,1,6,6,False,0
1100272,creature,20039,20039,20039,550,0,1,1,6,6,False,0
1100272,creature,20040,20040,20040,550,0,1,1,6,6,False,0
1100272,creature,20041,20041,20041,550,0,1,1,6,6,False,0
1100272,creature,22878,22878,22878,564,0,1,1,6,6,False,0
1100272,creature,22883,22883,22883,564,0,1,1,6,6,False,0
1100272,creature,22884,22884,22884,564,0,1,1,6,6,False,0
1100272,creature,23394,23394,23394,564,0,1,1,6,6,False,0
1100361,creature,17491,17491,17370,542,0,1,1,4,4,False,0
1100361,creature,17259,17259,17370,543,0,1,1,4,4,False,0
1100361,creature,17962,17962,17962,547,0,1,1,4,4,False,0
1100362,creature,17400,17400,17400,542,0,1,1,4,5,False,0
1100362,creature,18604,18604,17400,542,1,1,1,4,5,False,0
1100362,creature,17816,17816,17816,547,0,1,1,4,5,False,0
1100362,creature,17817,17817,17817,547,0,1,1,4,5,False,0
1100362,creature,17938,17938,17938,547,0,1,1,4,5,False,0
1100362,creature,17959,17959,17959,547,0,1,1,4,5,False,0
1100362,creature,17960,17960,17960,547,0,1,1,4,5,False,0
1100362,creature,17961,17961,17961,547,0,1,1,4,5,False,0
1100362,creature,17962,17962,17962,547,0,1,1,4,5,False,0
1100362,creature,21126,21126,21126,547,0,1,1,4,5,False,0
1100363,creature,17728,17728,17728,546,0,1,1,3,3,False,0
1100363,creature,17729,17729,17729,546,0,1,1,3,3,False,0
1100363,creature,17730,17730,17730,546,0,1,1,3,3,False,0
1100363,creature,17771,17771,17771,546,0,1,1,3,3,False,0
1100363,creature,17940,17940,17940,547,0,1,1,3,3,False,0
1100363,creature,17957,17957,17957,547,0,1,1,3,3,False,0
1100363,creature,17958,17958,17958,547,0,1,1,3,3,False,0
1100363,creature,17959,17959,17959,547,0,1,1,3,3,False,0
1100363,creature,21127,21127,21127,547,0,1,1,3,3,False,0
1100364,creature,17726,17726,17726,546,0,1,1,2,2,False,0
1100364,creature,17727,17727,17727,546,0,1,1,2,2,False,0
1100364,creature,17728,17728,17728,546,0,1,1,2,2,False,0
1100364,creature,17729,17729,17729,546,0,1,1,2,2,False,0
1100364,creature,17730,17730,17730,546,0,1,1,2,2,False,0
1100364,creature,17735,17735,17735,546,0,1,1,2,2,False,0
1100364,creature,17771,17771,17771,546,0,1,1,2,2,False,0
1100364,creature,18309,18309,18309,557,0,1,1,2,2,False,0
1100364,creature,18311,18311,18311,557,0,1,1,2,2,False,0
1100364,creature,18313,18313,18313,557,0,1,1,2,2,False,0
1100365,creature,18312,18312,18312,557,0,1,1,4,6,False,0
1100365,creature,18313,18313,18313,557,0,1,1,4,6,False,0
1100365,creature,18331,18331,18331,557,0,1,1,4,6,False,0
1100365,creature,18493,18493,18493,558,0,1,1,4,6,False,0
1100365,creature,18495,18495,18495,558,0,1,1,4,6,False,0
1100365,creature,20301,20301,18493,558,1,1,1,4,6,False,0
1100365,creature,20302,20302,18495,558,1,1,1,4,6,False,0
1100365,creature,17814,17814,17814,560,0,1,1,4,6,False,0
1100365,creature,17815,17815,17815,560,0,1,1,4,6,False,0
1100365,creature,20537,20537,17815,560,1,1,1,4,6,False,0
1100365,creature,20538,20538,17814,560,1,1,1,4,6,False,0
1100366,creature,18312,18312,18312,557,0,1,1,3,4,False,0
1100366,creature,18315,18315,18315,557,0,1,1,3,4,False,0
1100366,creature,18493,18493,18493,558,0,1,1,3,4,False,0
1100366,creature,18495,18495,18495,558,0,1,1,3,4,False,0
1100366,creature,18524,18524,18524,558,0,1,1,3,4,False,0
1100366,creature,18702,18702,18702,558,0,1,1,3,4,False,0
1100366,creature,20298,20298,18524,558,1,1,1,3,4,False,0
1100366,creature,20300,20300,18702,558,1,1,1,3,4,False,0
1100366,creature,20301,20301,18493,558,1,1,1,3,4,False,0
1100366,creature,20302,20302,18495,558,1,1,1,3,4,False,0
1100367,creature,18318,18318,18318,556,0,1,1,2,3,False,0
1100367,creature,18319,18319,18319,556,0,1,1,2,3,False,0
1100367,creature,18323,18323,18323,556,0,1,1,2,3,False,0
1100367,creature,18327,18327,18327,556,0,1,1,2,3,False,0
1100367,creature,18328,18328,18328,556,0,1,1,2,3,False,0
1100367,creature,20691,20691,18327,556,1,1,1,2,3,False,0
1100367,creature,20692,20692,18323,556,1,1,1,2,3,False,0
1100367,creature,20693,20693,18318,556,1,1,1,2,3,False,0
1100367,creature,20694,20694,18328,556,1,1,1,2,3,False,0
1100367,creature,20697,20697,18319,556,1,1,1,2,3,False,0
1100368,creature,20857,20857,20857,552,0,1,1,3,5,False,0
1100368,creature,20859,20859,20859,552,0,1,1,3,5,False,0
1100368,creature,21585,21585,20857,552,1,1,1,3,5,False,0
1100368,creature,21587,21587,20859,552,1,1,1,3,5,False,0
1100368,creature,18321,18321,18321,556,0,1,1,3,5,False,0
1100368,creature,18325,18325,18325,556,0,1,1,3,5,False,0
1100368,creature,20695,20695,18325,556,1,1,1,3,5,False,0
1100368,creature,20701,20701,18321,556,1,1,1,3,5,False,0
1100369,creature,16407,16407,16407,532,0,1,1,11,18,False,0
1100369,creature,16523,16523,16523,540,0,1,1,11,18,False,0
1100369,creature,17420,17420,16507,540,0,1,1,11,18,False,0
1100369,creature,20587,20587,16507,540,1,1,1,11,18,False,0
1100369,creature,20591,20591,16523,540,1,1,1,11,18,False,0
1100369,creature,20857,20857,20857,552,0,1,1,11,18,False,0
1100369,creature,20859,20859,20859,552,0,1,1,11,18,False,0
1100369,creature,21585,21585,20857,552,1,1,1,11,18,False,0
1100369,creature,21587,21587,20859,552,1,1,1,11,18,False,0
1100369,creature,17993,17993,17993,553,0,1,1,11,18,False,0
1100369,creature,18404,18404,18404,553,0,1,1,11,18,False,0
1100369,creature,18419,18419,18419,553,0,1,1,11,18,False,0
1100369,creature,19633,19633,19633,553,0,1,1,11,18,False,0
1100369,creature,21546,21546,18419,553,1,1,1,11,18,False,0
1100369,creature,21547,21547,19633,553,1,1,1,11,18,False,0
1100369,creature,21548,21548,17993,553,1,1,1,11,18,False,0
1100369,creature,21549,21549,18404,553,1,1,1,11,18,False,0
1100369,creature,20988,20988,20988,554,0,1,1,11,18,False,0
1100369,creature,20990,20990,20990,554,0,1,1,11,18,False,0
1100369,creature,21523,21523,20990,554,1,1,1,11,18,False,0
1100369,creature,21540,21540,20988,554,1,1,1,11,18,False,0
1100369,creature,18631,18631,18631,555,0,1,1,11,18,False,0
1100369,creature,18633,18633,18633,555,0,1,1,11,18,False,0
1100369,creature,18635,18635,18635,555,0,1,1,11,18,False,0
1100369,creature,18637,18637,18637,555,0,1,1,11,18,False,0
1100369,creature,18640,18640,18640,555,0,1,1,11,18,False,0
1100369,creature,18794,18794,18794,555,0,1,1,11,18,False,0
1100369,creature,20638,20638,18633,555,1,1,1,11,18,False,0
1100369,creature,20640,20640,18631,555,1,1,1,11,18,False,0
1100369,creature,20641,20641,18635,555,1,1,1,11,18,False,0
1100369,creature,20645,20645,18794,555,1,1,1,11,18,False,0
1100369,creature,20646,20646,18637,555,1,1,1,11,18,False,0
1100369,creature,20649,20649,18640,555,1,1,1,11,18,False,0
1100369,creature,18320,18320,18320,556,0,1,1,11,18,False,0
1100369,creature,18321,18321,18321,556,0,1,1,11,18,False,0
1100369,creature,18326,18326,18326,556,0,1,1,11,18,False,0
1100369,creature,20698,20698,18320,556,1,1,1,11,18,False,0
1100369,creature,20699,20699,18326,556,1,1,1,11,18,False,0
1100369,creature,20701,20701,18321,556,1,1,1,11,18,False,0
1100369,creature,24688,24688,24689,585,0,1,1,11,18,False,0
1100369,creature,25577,25577,24689,585,1,1,1,11,18,False,0
1100370,creature,15551,15551,15551,532,0,1,1,20,26,False,0
1100370,creature,16389,16389,16389,532,0,1,1,20,26,False,0
1100370,creature,16539,16539,16539,532,0,1,1,20,26,False,0
1100370,creature,17895,17895,17895,534,0,1,1,20,26,False,0
1100370,creature,17899,17899,17899,534,0,1,1,20,26,False,0
1100370,creature,18610,18610,18608,542,1,1,1,20,26,False,0
1100370,creature,18053,18053,18608,543,1,1,1,20,26,False,0
1100370,creature,17799,17799,17799,545,0,1,1,20,26,False,0
1100370,creature,20628,20628,17799,545,1,1,1,20,26,False,0
1100370,creature,20179,20179,20179,546,1,1,1,20,26,False,0
1100370,creature,19884,19884,19884,547,1,1,1,20,26,False,0
1100370,creature,19887,19887,19887,547,1,1,1,20,26,False,0
1100370,creature,19888,19888,19888,547,1,1,1,20,26,False,0
1100370,creature,19890,19890,19890,547,1,1,1,20,26,False,0
1100370,creature,19892,19892,19892,547,1,1,1,20,26,False,0
1100370,creature,19903,19903,19903,547,1,1,1,20,26,False,0
1100370,creature,21842,21842,21842,547,1,1,1,20,26,False,0
1100370,creature,21843,21843,21843,547,1,1,1,20,26,False,0
1100370,creature,20043,20043,20043,550,0,1,1,20,26,False,0
1100370,creature,20044,20044,20044,550,0,1,1,20,26,False,0
1100370,creature,20873,20873,20873,552,0,1,1,20,26,False,0
1100370,creature,20875,20875,20875,552,0,1,1,20,26,False,0
1100370,creature,20879,20879,20879,552,0,1,1,20,26,False,0
1100370,creature,20881,20881,20881,552,0,1,1,20,26,False,0
1100370,creature,20882,20882,20882,552,0,1,1,20,26,False,0
1100370,creature,20883,20883,20883,552,0,1,1,20,26,False,0
1100370,creature,20896,20896,20896,552,0,1,1,20,26,False,0
1100370,creature,20897,20897,20897,552,0,1,1,20,26,False,0
1100370,creature,20901,20901,20901,552,0,1,1,20,26,False,0
1100370,creature,20902,20902,20902,552,0,1,1,20,26,False,0
1100370,creature,21702,21702,21702,552,0,1,1,20,26,False,0
1100370,creature,21595,21595,20879,552,1,1,1,20,26,False,0
1100370,creature,21596,21596,20896,552,1,1,1,20,26,False,0
1100370,creature,21597,21597,20897,552,1,1,1,20,26,False,0
1100370,creature,21604,21604,20875,552,1,1,1,20,26,False,0
1100370,creature,21605,21605,20873,552,1,1,1,20,26,False,0
1100370,creature,21610,21610,20901,552,1,1,1,20,26,False,0
1100370,creature,21611,21611,20902,552,1,1,1,20,26,False,0
1100370,creature,21613,21613,20882,552,1,1,1,20,26,False,0
1100370,creature,21615,21615,20883,552,1,1,1,20,26,False,0
1100370,creature,21619,21619,20881,552,1,1,1,20,26,False,0
1100370,creature,22346,22346,21702,552,1,1,1,20,26,False,0
1100370,creature,17993,17993,17993,553,0,1,1,20,26,False,0
1100370,creature,17994,17994,17994,553,0,1,1,20,26,False,0
1100370,creature,18404,18404,18404,553,0,1,1,20,26,False,0
1100370,creature,18419,18419,18419,553,0,1,1,20,26,False,0
1100370,creature,18421,18421,18421,553,0,1,1,20,26,False,0
1100370,creature,19486,19486,19486,553,0,1,1,20,26,False,0
1100370,creature,19505,19505,19505,553,0,1,1,20,26,False,0
1100370,creature,19507,19507,19507,553,0,1,1,20,26,False,0
1100370,creature,19508,19508,19508,553,0,1,1,20,26,False,0
1100370,creature,19509,19509,19509,553,0,1,1,20,26,False,0
1100370,creature,19511,19511,19511,553,0,1,1,20,26,False,0
1100370,creature,19512,19512,19512,553,0,1,1,20,26,False,0
1100370,creature,19843,19843,19843,553,0,1,1,20,26,False,0
1100370,creature,21545,21545,17994,553,1,1,1,20,26,False,0
1100370,creature,21546,21546,18419,553,1,1,1,20,26,False,0
1100370,creature,21548,21548,17993,553,1,1,1,20,26,False,0
1100370,creature,21549,21549,18404,553,1,1,1,20,26,False,0
1100370,creature,21563,21563,19511,553,1,1,1,20,26,False,0
1100370,creature,21564,21564,19512,553,1,1,1,20,26,False,0
1100370,creature,21565,21565,19843,553,1,1,1,20,26,False,0
1100370,creature,21571,21571,19505,553,1,1,1,20,26,False,0
1100370,creature,21572,21572,19486,553,1,1,1,20,26,False,0
1100370,creature,21573,21573,19507,553,1,1,1,20,26,False,0
1100370,creature,21575,21575,19509,553,1,1,1,20,26,False,0
1100370,creature,21576,21576,19508,553,1,1,1,20,26,False,0
1100370,creature,21577,21577,18421,553,1,1,1,20,26,False,0
1100370,creature,19167,19167,19167,554,0,1,1,20,26,False,0
1100370,creature,19231,19231,19231,554,0,1,1,20,26,False,0
1100370,creature,19510,19510,19510,554,0,1,1,20,26,False,0
1100370,creature,19712,19712,19712,554,0,1,1,20,26,False,0
1100370,creature,19713,19713,19713,554,0,1,1,20,26,False,0
1100370,creature,20059,20059,20059,554,0,1,1,20,26,False,0
1100370,creature,21522,21522,19510,554,1,1,1,20,26,False,0
1100370,creature,21524,21524,19167,554,1,1,1,20,26,False,0
1100370,creature,21527,21527,19231,554,1,1,1,20,26,False,0
1100370,creature,21528,21528,19712,554,1,1,1,20,26,False,0
1100370,creature,21532,21532,19713,554,1,1,1,20,26,False,0
1100370,creature,21541,21541,20059,554,1,1,1,20,26,False,0
1100370,creature,18631,18631,18631,555,0,1,1,20,26,False,0
1100370,creature,18634,18634,18634,555,0,1,1,20,26,False,0
1100370,creature,18635,18635,18635,555,0,1,1,20,26,False,0
1100370,creature,18636,18636,18636,555,0,1,1,20,26,False,0
1100370,creature,18637,18637,18637,555,0,1,1,20,26,False,0
1100370,creature,18638,18638,18638,555,0,1,1,20,26,False,0
1100370,creature,18639,18639,18639,555,0,1,1,20,26,False,0
1100370,creature,18796,18796,18796,555,0,1,1,20,26,False,0
1100370,creature,18848,18848,18848,555,0,1,1,20,26,False,0
1100370,creature,20639,20639,18636,555,1,1,1,20,26,False,0
1100370,creature,20640,20640,18631,555,1,1,1,20,26,False,0
1100370,creature,20641,20641,18635,555,1,1,1,20,26,False,0
1100370,creature,20646,20646,18637,555,1,1,1,20,26,False,0
1100370,creature,20647,20647,18639,555,1,1,1,20,26,False,0
1100370,creature,20648,20648,18634,555,1,1,1,20,26,False,0
1100370,creature,20650,20650,18638,555,1,1,1,20,26,False,0
1100370,creature,20652,20652,18796,555,1,1,1,20,26,False,0
1100370,creature,20656,20656,18848,555,1,1,1,20,26,False,0
1100370,creature,20255,20255,20255,557,1,1,1,20,26,False,0
1100370,creature,20258,20258,20258,557,1,1,1,20,26,False,0
1100370,creature,22939,22939,22939,564,0,1,1,20,26,False,0
1100370,creature,22955,22955,22955,564,0,1,1,20,26,False,0
1100370,creature,22959,22959,22959,564,0,1,1,20,26,False,0
1100370,creature,22963,22963,22963,564,0,1,1,20,26,False,0
1100370,creature,23774,23774,23774,568,0,1,1,20,26,False,0
1100370,creature,24374,24374,24374,568,0,1,1,20,26,False,0
1100370,creature,24683,24683,24684,585,0,1,1,20,26,False,0
1100370,creature,25568,25568,24684,585,1,1,1,20,26,False,0
1100371,creature,16406,16406,16406,532,0,1,1,15,18,False,0
1100371,creature,16411,16411,16411,532,0,1,1,15,18,False,0
1100371,creature,16412,16412,16412,532,0,1,1,15,18,False,0
1100371,creature,16414,16414,16414,532,0,1,1,15,18,False,0
1100371,creature,16415,16415,16415,532,0,1,1,15,18,False,0
1100371,creature,16424,16424,16424,532,0,1,1,15,18,False,0
1100371,creature,16425,16425,16425,532,0,1,1,15,18,False,0
1100371,creature,16459,16459,16459,532,0,1,1,15,18,False,0
1100371,creature,16460,16460,16460,532,0,1,1,15,18,False,0
1100371,creature,16461,16461,16461,532,0,1,1,15,18,False,0
1100371,creature,16472,16472,16472,532,0,1,1,15,18,False,0
1100371,creature,16473,16473,16473,532,0,1,1,15,18,False,0
1100371,creature,17898,17898,17898,534,0,1,1,15,18,False,0
1100371,creature,20177,20177,20177,546,1,1,1,15,18,False,0
1100371,creature,20180,20180,20180,546,1,1,1,15,18,False,0
1100371,creature,20181,20181,20181,546,1,1,1,15,18,False,0
1100371,creature,20191,20191,20191,546,1,1,1,15,18,False,0
1100371,creature,20192,20192,20192,546,1,1,1,15,18,False,0
1100371,creature,20193,20193,20193,546,1,1,1,15,18,False,0
1100371,creature,19885,19885,19885,547,1,1,1,15,18,False,0
1100371,creature,19886,19886,19886,547,1,1,1,15,18,False,0
1100371,creature,19889,19889,19889,547,1,1,1,15,18,False,0
1100371,creature,19891,19891,19891,547,1,1,1,15,18,False,0
1100371,creature,21218,21218,21218,548,0,1,1,15,18,False,0
1100371,creature,21220,21220,21220,548,0,1,1,15,18,False,0
1100371,creature,21221,21221,21221,548,0,1,1,15,18,False,0
1100371,creature,21224,21224,21224,548,0,1,1,15,18,False,0
1100371,creature,21225,21225,21225,548,0,1,1,15,18,False,0
1100371,creature,21226,21226,21226,548,0,1,1,15,18,False,0
1100371,creature,21227,21227,21227,548,0,1,1,15,18,False,0
1100371,creature,21229,21229,21229,548,0,1,1,15,18,False,0
1100371,creature,21230,21230,21230,548,0,1,1,15,18,False,0
1100371,creature,21231,21231,21231,548,0,1,1,15,18,False,0
1100371,creature,21232,21232,21232,548,0,1,1,15,18,False,0
1100371,creature,21263,21263,21263,548,0,1,1,15,18,False,0
1100371,creature,21298,21298,21298,548,0,1,1,15,18,False,0
1100371,creature,21299,21299,21299,548,0,1,1,15,18,False,0
1100371,creature,21301,21301,21301,548,0,1,1,15,18,False,0
1100371,creature,21339,21339,21339,548,0,1,1,15,18,False,0
1100371,creature,20031,20031,20031,550,0,1,1,15,18,False,0
1100371,creature,20032,20032,20032,550,0,1,1,15,18,False,0
1100371,creature,20033,20033,20033,550,0,1,1,15,18,False,0
1100371,creature,20034,20034,20034,550,0,1,1,15,18,False,0
1100371,creature,20036,20036,20036,550,0,1,1,15,18,False,0
1100371,creature,20037,20037,20037,550,0,1,1,15,18,False,0
1100371,creature,20042,20042,20042,550,0,1,1,15,18,False,0
1100371,creature,20048,20048,20048,550,0,1,1,15,18,False,0
1100371,creature,20049,20049,20049,550,0,1,1,15,18,False,0
1100371,creature,20052,20052,20052,550,0,1,1,15,18,False,0
1100371,creature,18420,18420,18420,553,0,1,1,15,18,False,0
1100371,creature,21574,21574,18420,553,1,1,1,15,18,False,0
1100371,creature,18632,18632,18632,555,0,1,1,15,18,False,0
1100371,creature,18634,18634,18634,555,0,1,1,15,18,False,0
1100371,creature,18639,18639,18639,555,0,1,1,15,18,False,0
1100371,creature,18848,18848,18848,555,0,1,1,15,18,False,0
1100371,creature,20642,20642,18632,555,1,1,1,15,18,False,0
1100371,creature,20647,20647,18639,555,1,1,1,15,18,False,0
1100371,creature,20648,20648,18634,555,1,1,1,15,18,False,0
1100371,creature,20656,20656,18848,555,1,1,1,15,18,False,0
1100371,creature,20256,20256,20256,557,1,1,1,15,18,False,0
1100371,creature,20259,20259,20259,557,1,1,1,15,18,False,0
1100371,creature,22845,22845,22845,564,0,1,1,15,18,False,0
1100371,creature,22846,22846,22846,564,0,1,1,15,18,False,0
1100371,creature,22853,22853,22853,564,0,1,1,15,18,False,0
1100371,creature,22869,22869,22869,564,0,1,1,15,18,False,0
1100371,creature,22873,22873,22873,564,0,1,1,15,18,False,0
1100371,creature,22874,22874,22874,564,0,1,1,15,18,False,0
1100371,creature,22875,22875,22875,564,0,1,1,15,18,False,0
1100371,creature,22876,22876,22876,564,0,1,1,15,18,False,0
1100371,creature,22877,22877,22877,564,0,1,1,15,18,False,0
1100371,creature,22953,22953,22953,564,0,1,1,15,18,False,0
1100371,creature,22960,22960,22960,564,0,1,1,15,18,False,0
1100371,creature,22965,22965,22965,564,0,1,1,15,18,False,0
1100371,creature,23018,23018,23018,564,0,1,1,15,18,False,0
1100371,creature,23028,23028,23028,564,0,1,1,15,18,False,0
1100371,creature,23030,23030,23030,564,0,1,1,15,18,False,0
1100371,creature,23222,23222,23222,564,0,1,1,15,18,False,0
1100371,creature,23223,23223,23223,564,0,1,1,15,18,False,0
1100371,creature,23236,23236,23236,564,0,1,1,15,18,False,0
1100371,creature,23237,23237,23237,564,0,1,1,15,18,False,0
1100371,creature,23239,23239,23239,564,0,1,1,15,18,False,0
1100371,creature,23330,23330,23330,564,0,1,1,15,18,False,0
1100371,creature,23339,23339,23339,564,0,1,1,15,18,False,0
1100371,creature,23374,23374,23374,564,0,1,1,15,18,False,0
1100371,creature,23542,23542,23542,568,0,1,1,15,18,False,0
1100371,creature,23580,23580,23580,568,0,1,1,15,18,False,0
1100371,creature,23581,23581,23581,568,0,1,1,15,18,False,0
1100371,creature,23582,23582,23582,568,0,1,1,15,18,False,0
1100371,creature,23596,23596,23596,568,0,1,1,15,18,False,0
1100371,creature,23597,23597,23597,568,0,1,1,15,18,False,0
1100371,creature,24059,24059,24059,568,0,1,1,15,18,False,0
1100371,creature,24065,24065,24065,568,0,1,1,15,18,False,0
1100371,creature,24179,24179,24179,568,0,1,1,15,18,False,0
1100371,creature,24180,24180,24180,568,0,1,1,15,18,False,0
1100371,creature,24549,24549,24549,568,0,1,1,15,18,False,0
1100371,creature,25369,25369,25593,580,0,1,1,15,18,False,0
1100371,creature,24696,24696,24696,585,0,1,1,15,18,False,0
1100371,creature,24697,24697,24698,585,0,1,1,15,18,False,0
1100371,creature,25547,25547,24696,585,1,1,1,15,18,False,0
1100371,creature,25563,25563,24698,585,1,1,1,15,18,False,0
1100372,creature,16408,16408,16408,532,0,1,1,7,7,False,0
1100372,creature,16410,16410,16410,532,0,1,1,7,7,False,0
1100372,creature,16470,16470,16470,532,0,1,1,7,7,False,0
1100372,creature,16471,16471,16471,532,0,1,1,7,7,False,0
1100372,creature,16481,16481,16481,532,0,1,1,7,7,False,0
1100372,creature,16482,16482,16482,532,0,1,1,7,7,False,0
1100372,creature,16540,16540,16540,532,0,1,1,7,7,False,0
1100372,creature,16544,16544,16544,532,0,1,1,7,7,False,0
1100372,creature,16545,16545,16545,532,0,1,1,7,7,False,0
1100372,creature,20035,20035,20035,550,0,1,1,7,7,False,0
1100372,creature,20045,20045,20045,550,0,1,1,7,7,False,0
1100372,creature,20046,20046,20046,550,0,1,1,7,7,False,0
1100372,creature,20050,20050,20050,550,0,1,1,7,7,False,0
1100372,creature,20260,20260,20260,557,1,1,1,7,7,False,0
1100372,creature,20261,20261,20261,557,1,1,1,7,7,False,0
1100372,creature,22844,22844,22844,564,0,1,1,7,7,False,0
1100372,creature,22847,22847,22847,564,0,1,1,7,7,False,0
1100372,creature,22855,22855,22855,564,0,1,1,7,7,False,0
1100372,creature,22879,22879,22879,564,0,1,1,7,7,False,0
1100372,creature,22880,22880,22880,564,0,1,1,7,7,False,0
1100372,creature,22882,22882,22882,564,0,1,1,7,7,False,0
1100372,creature,22945,22945,22945,564,0,1,1,7,7,False,0
1100372,creature,22954,22954,22954,564,0,1,1,7,7,False,0
1100372,creature,22956,22956,22956,564,0,1,1,7,7,False,0
1100372,creature,22957,22957,22957,564,0,1,1,7,7,False,0
1100372,creature,22962,22962,22962,564,0,1,1,7,7,False,0
1100372,creature,22964,22964,22964,564,0,1,1,7,7,False,0
1100372,creature,23047,23047,23047,564,0,1,1,7,7,False,0
1100372,creature,23049,23049,23049,564,0,1,1,7,7,False,0
1100372,creature,23172,23172,23172,564,0,1,1,7,7,False,0
1100372,creature,23196,23196,23196,564,0,1,1,7,7,False,0
1100372,creature,23235,23235,23235,564,0,1,1,7,7,False,0
1100372,creature,23337,23337,23337,564,0,1,1,7,7,False,0
1100372,creature,23400,23400,23400,564,0,1,1,7,7,False,0
1100372,creature,23402,23402,23402,564,0,1,1,7,7,False,0
1100372,creature,23403,23403,23403,564,0,1,1,7,7,False,0
1100372,creature,19389,19389,19389,565,0,1,1,7,7,False,0
1100372,creature,21350,21350,21350,565,0,1,1,7,7,False,0
1105865,reference,1100262,1100262,1100262,546,0,1,1,11,15,True,1
1105865,reference,1100263,1100263,1100263,546,0,1,1,11,15,True,1
1105865,reference,1100262,1100262,1100262,546,1,1,1,11,15,True,1
1105865,reference,1100263,1100263,1100263,546,1,1,1,11,15,True,1
1109000,creature,5226,5226,5226,109,0,1,1,1,1,True,0
1109000,creature,5228,5228,5228,109,0,1,1,1,1,True,0
1109000,creature,5256,5256,5256,109,0,1,1,1,1,True,0
1109000,creature,5259,5259,5259,109,0,1,1,1,1,True,0
1109000,creature,5267,5267,5267,109,0,1,1,1,1,True,0
1109000,creature,5270,5270,5270,109,0,1,1,1,1,True,0
1109000,creature,5271,5271,5271,109,0,1,1,1,1,True,0
1109000,creature,5273,5273,5273,109,0,1,1,1,1,True,0
1109000,creature,5277,5277,5277,109,0,1,1,1,1,True,0
1109000,creature,5280,5280,5280,109,0,1,1,1,1,True,0
1109000,creature,5283,5283,5283,109,0,1,1,1,1,True,0
1109000,creature,5291,5291,5291,109,0,1,1,1,1,True,0
1109000,creature,5708,5708,5708,109,0,1,1,1,1,True,0
1109000,creature,8384,8384,8384,109,0,1,1,1,1,True,0
1126062,reference,1100262,1100262,1100262,546,0,1,1,7,9,True,1
1126062,reference,1100262,1100262,1100262,546,1,1,1,7,9,True,1
1126163,reference,1100262,1100262,1100262,546,0,1,1,7,9,True,1
1126163,reference,1100263,1100263,1100263,546,0,1,1,7,9,True,1
1126163,reference,1100262,1100262,1100262,546,1,1,1,7,9,True,1
1126163,reference,1100263,1100263,1100263,546,1,1,1,7,9,True,1
1126264,reference,1100262,1100262,1100262,546,0,1,1,8,10,True,1
1126264,reference,1100263,1100263,1100263,546,0,1,1,8,10,True,1
1126264,reference,1100262,1100262,1100262,546,1,1,1,8,10,True,1
1126264,reference,1100263,1100263,1100263,546,1,1,1,8,10,True,1
1126365,reference,1100263,1100263,1100263,546,0,1,1,8,11,True,1
1126365,reference,1100263,1100263,1100263,546,1,1,1,8,11,True,1
1129000,creature,7327,7327,7327,129,0,1,1,1,1,True,0
1129000,creature,7328,7328,7328,129,0,1,1,1,1,True,0
1129000,creature,7329,7329,7329,129,0,1,1,1,1,True,0
1129000,creature,7332,7332,7332,129,0,1,1,1,1,True,0
1129000,creature,7335,7335,7335,129,0,1,1,1,1,True,0
1129000,creature,7337,7337,7337,129,0,1,1,1,1,True,0
1129000,creature,7341,7341,7341,129,0,1,1,1,1,True,0
1129000,creature,7342,7342,7342,129,0,1,1,1,1,True,0
1129000,creature,7345,7345,7345,129,0,1,1,1,1,True,0
1129000,creature,7347,7347,7347,129,0,1,1,1,1,True,0
1129000,creature,7348,7348,7348,129,0,1,1,1,1,True,0
1129000,creature,7352,7352,7352,129,0,1,1,1,1,True,0
1129000,creature,7353,7353,7353,129,0,1,1,1,1,True,0
1129000,creature,7354,7354,7354,129,0,1,1,1,1,True,0
1129000,creature,7357,7357,7357,129,0,1,1,1,1,True,0
1129000,creature,7358,7358,7358,129,0,1,1,1,1,True,0
1135962,reference,1100262,1100262,1100262,546,0,1,1,8,10,True,1
1135962,reference,1100262,1100262,1100262,546,1,1,1,8,10,True,1
1136063,reference,1100262,1100262,1100262,546,0,1,1,7,9,True,1
1136063,reference,1100263,1100263,1100263,546,0,1,1,7,9,True,1
1136063,reference,1100262,1100262,1100262,546,1,1,1,7,9,True,1
1136063,reference,1100263,1100263,1100263,546,1,1,1,7,9,True,1
1136164,reference,1100262,1100262,1100262,546,0,1,1,9,11,True,1
1136164,reference,1100263,1100263,1100263,546,0,1,1,9,11,True,1
1136164,reference,1100262,1100262,1100262,546,1,1,1,9,11,True,1
1136164,reference,1100263,1100263,1100263,546,1,1,1,9,11,True,1
1136265,reference,1100262,1100262,1100262,546,0,1,1,10,14,True,1
1136265,reference,1100263,1100263,1100263,546,0,1,1,10,14,True,1
1136265,reference,1100262,1100262,1100262,546,1,1,1,10,14,True,1
1136265,reference,1100263,1100263,1100263,546,1,1,1,10,14,True,1
1136366,reference,1100263,1100263,1100263,546,0,1,1,9,13,True,1
1136366,reference,1100263,1100263,1100263,546,1,1,1,9,13,True,1
1186165,reference,1100262,1100262,1100262,546,0,1,1,11,15,True,1
1186165,reference,1100263,1100263,1100263,546,0,1,1,11,15,True,1
1186165,reference,1100262,1100262,1100262,546,1,1,1,11,15,True,1
1186165,reference,1100263,1100263,1100263,546,1,1,1,11,15,True,1
1189000,creature,4286,4286,4286,189,0,1,1,2,2,False,0
1189000,creature,4287,4287,4287,189,0,1,1,2,2,False,0
1189000,creature,4288,4288,4288,189,0,1,1,2,2,False,0
1189000,creature,4289,4289,4289,189,0,1,1,2,2,False,0
1189000,creature,4290,4290,4290,189,0,1,1,2,2,False,0
1189000,creature,4291,4291,4291,189,0,1,1,2,2,False,0
1189000,creature,4292,4292,4292,189,0,1,1,2,2,False,0
1189000,creature,4294,4294,4294,189,0,1,1,2,2,False,0
1189000,creature,4295,4295,4295,189,0,1,1,2,2,False,0
1189000,creature,4296,4296,4296,189,0,1,1,2,2,False,0
1189000,creature,4297,4297,4297,189,0,1,1,2,2,False,0
1189000,creature,4298,4298,4298,189,0,1,1,2,2,False,0
1189000,creature,4299,4299,4299,189,0,1,1,2,2,False,0
1189000,creature,4300,4300,4300,189,0,1,1,2,2,False,0
1189000,creature,4301,4301,4301,189,0,1,1,2,2,False,0
1189000,creature,4302,4302,4302,189,0,1,1,2,2,False,0
1189000,creature,4303,4303,4303,189,0,1,1,2,2,False,0
1189000,creature,4304,4304,4304,189,0,1,1,2,2,False,0
1189000,creature,4306,4306,4306,189,0,1,1,2,2,False,0
1189000,creature,4540,4540,4540,189,0,1,1,2,2,False,0
1189000,creature,6488,6488,6488,189,0,1,1,2,2,False,0
1189000,creature,6489,6489,6489,189,0,1,1,2,2,False,0
1189000,creature,6490,6490,6490,189,0,1,1,2,2,False,0
1200070,creature,29735,29735,29735,574,0,1,1,4,4,False,0
1200075,creature,26622,26622,26622,600,0,1,1,2,2,False,0
1200079,creature,27636,27636,27636,578,0,1,1,2,2,False,0
1200080,creature,30902,30902,30902,578,1,1,1,3,3,False,0
1200080,creature,31337,31337,31337,600,1,1,1,3,3,False,0
1200081,creature,31678,31678,31678,574,1,1,1,2,2,False,0
1200081,creature,30902,30902,30902,578,1,1,1,2,2,False,0
1200170,creature,24084,24084,24084,574,0,1,1,3,3,False,0
1200170,creature,28419,28419,28419,574,0,1,1,3,3,False,0
1200173,creature,30287,30287,30287,619,0,1,1,3,3,False,0
1200177,creature,29874,29874,29874,604,0,1,1,3,3,False,0
1200180,creature,31671,31671,31671,574,1,1,1,5,6,False,0
1200180,creature,31681,31681,31681,574,1,1,1,5,6,False,0
1200180,creature,27731,27731,27731,595,0,1,1,5,6,False,0
1200180,creature,31201,31201,31201,595,1,1,1,5,6,False,0
1200180,creature,30931,30931,30931,604,1,1,1,5,6,False,0
1200180,creature,31468,31468,31468,619,1,1,1,5,6,False,0
1200181,creature,31671,31671,31671,574,1,1,1,2,2,False,0
1200181,creature,31681,31681,31681,574,1,1,1,2,2,False,0
1200181,creature,30931,30931,30931,604,1,1,1,2,2,False,0
1200270,creature,24083,24083,24083,574,0,1,1,2,2,False,0
1200271,creature,26730,26730,26730,576,0,1,1,2,2,False,0
1200271,creature,26737,26737,26737,576,0,1,1,2,2,False,0
1200271,creature,26782,26782,26782,576,0,1,1,2,2,False,0
1200271,creature,26792,26792,26792,576,0,1,1,2,2,False,0
1200271,creature,28231,28231,28231,576,0,1,1,2,2,False,0
1200272,creature,28732,28732,28732,601,0,1,1,2,2,False,0
1200272,creature,28734,28734,28734,601,0,1,1,2,2,False,0
1200272,creature,29335,29335,29335,601,0,1,1,2,2,False,0
1200273,creature,30279,30279,30279,619,0,1,1,2,2,False,0
1200274,creature,26625,26625,26625,600,0,1,1,4,4,False,0
1200274,creature,26628,26628,26628,600,0,1,1,4,4,False,0
1200274,creature,29128,29128,29128,601,0,1,1,4,4,False,0
1200274,creature,30329,30329,30329,619,0,1,1,4,4,False,0
1200276,creature,29830,29830,29830,604,0,1,1,2,2,False,0
1200277,creature,27971,27971,27971,599,0,1,1,3,3,False,0
1200277,creature,29768,29768,29768,604,0,1,1,3,3,False,0
1200277,creature,29774,29774,29774,604,0,1,1,3,3,False,0
1200278,creature,27970,27970,27970,599,0,1,1,1,1,True,0
1200278,creature,27972,27972,27972,599,0,1,1,1,1,True,0
1200279,creature,26672,26672,26672,575,0,1,1,5,5,False,0
1200279,creature,27641,27641,27641,578,0,1,1,5,5,False,0
1200279,creature,28583,28583,28583,602,0,1,1,5,5,False,0
1200279,creature,28584,28584,28584,602,0,1,1,5,5,False,0
1200279,creature,31104,31104,31104,619,0,1,1,5,5,False,0
1200280,creature,31665,31665,31665,574,1,1,1,11,14,False,0
1200280,creature,31669,31669,31669,574,1,1,1,11,14,False,0
1200280,creature,31676,31676,31676,574,1,1,1,11,14,False,0
1200280,creature,30762,30762,30762,575,1,1,1,11,14,False,0
1200280,creature,30473,30473,30473,576,1,1,1,11,14,False,0
1200280,creature,30519,30519,30519,576,1,1,1,11,14,False,0
1200280,creature,30524,30524,30524,576,1,1,1,11,14,False,0
1200280,creature,30525,30525,30525,576,1,1,1,11,14,False,0
1200280,creature,30526,30526,30526,576,1,1,1,11,14,False,0
1200280,creature,30905,30905,30905,578,1,1,1,11,14,False,0
1200280,creature,31383,31383,31383,599,1,1,1,11,14,False,0
1200280,creature,31385,31385,31385,599,1,1,1,11,14,False,0
1200280,creature,31387,31387,31387,599,1,1,1,11,14,False,0
1200280,creature,27871,27871,27871,600,0,1,1,11,14,False,0
1200280,creature,31343,31343,31343,600,1,1,1,11,14,False,0
1200280,creature,31346,31346,27871,600,1,1,1,11,14,False,0
1200280,creature,31606,31606,31606,601,1,1,1,11,14,False,0
1200280,creature,31608,31608,31608,601,1,1,1,11,14,False,0
1200280,creature,28547,28547,28547,602,0,1,1,11,14,False,0
1200280,creature,28583,28583,28583,602,0,1,1,11,14,False,0
1200280,creature,28584,28584,28584,602,0,1,1,11,14,False,0
1200280,creature,28826,28826,28826,602,0,1,1,11,14,False,0
1200280,creature,30964,30964,30964,602,1,1,1,11,14,False,0
1200280,creature,30978,30978,30978,602,1,1,1,11,14,False,0
1200280,creature,30979,30979,30979,602,1,1,1,11,14,False,0
1200280,creature,30983,30983,30983,602,1,1,1,11,14,False,0
1200280,creature,30938,30938,30938,604,1,1,1,11,14,False,0
1200280,creature,36886,36886,36886,658,0,1,1,11,14,False,0
1200280,creature,36891,36891,36891,658,0,1,1,11,14,False,0
1200280,creature,37626,37626,37626,658,1,1,1,11,14,False,0
1200281,creature,31665,31665,31665,574,1,1,1,9,10,False,0
1200281,creature,31669,31669,31669,574,1,1,1,9,10,False,0
1200281,creature,31676,31676,31676,574,1,1,1,9,10,False,0
1200281,creature,30762,30762,30762,575,1,1,1,9,10,False,0
1200281,creature,30905,30905,30905,578,1,1,1,9,10,False,0
1200281,creature,31383,31383,31383,599,1,1,1,9,10,False,0
1200281,creature,31387,31387,31387,599,1,1,1,9,10,False,0
1200281,creature,27871,27871,27871,600,0,1,1,9,10,False,0
1200281,creature,31336,31336,31336,600,1,1,1,9,10,False,0
1200281,creature,31343,31343,31343,600,1,1,1,9,10,False,0
1200281,creature,31346,31346,27871,600,1,1,1,9,10,False,0
1200281,creature,31604,31604,31604,601,1,1,1,9,10,False,0
1200281,creature,31606,31606,31606,601,1,1,1,9,10,False,0
1200281,creature,31608,31608,31608,601,1,1,1,9,10,False,0
1200281,creature,31609,31609,31609,601,1,1,1,9,10,False,0
1200281,creature,30964,30964,30964,602,1,1,1,9,10,False,0
1200281,creature,30978,30978,30978,602,1,1,1,9,10,False,0
1200281,creature,30979,30979,30979,602,1,1,1,9,10,False,0
1200281,creature,30983,30983,30983,602,1,1,1,9,10,False,0
1200281,creature,30938,30938,30938,604,1,1,1,9,10,False,0
1200281,creature,30941,30941,30941,604,1,1,1,9,10,False,0
1200281,creature,30942,30942,30942,604,1,1,1,9,10,False,0
1200281,creature,31449,31449,31449,619,1,1,1,9,10,False,0
1200281,creature,31455,31455,31455,619,1,1,1,9,10,False,0
1200281,creature,31470,31470,31470,619,1,1,1,9,10,False,0
1200282,creature,40417,40417,40419,724,0,1,1,2,3,False,0
1200282,creature,40418,40418,40419,724,1,1,1,2,3,False,0
1200370,creature,23956,23956,23956,574,0,1,1,2,2,False,0
1200370,creature,23960,23960,23960,574,0,1,1,2,2,False,0
1200370,creature,23961,23961,23961,574,0,1,1,2,2,False,0
1200370,creature,24069,24069,24069,574,0,1,1,2,2,False,0
1200370,creature,24071,24071,24071,574,0,1,1,2,2,False,0
1200370,creature,24078,24078,24078,574,0,1,1,2,2,False,0
1200370,creature,24079,24079,24079,574,0,1,1,2,2,False,0
1200370,creature,24080,24080,24080,574,0,1,1,2,2,False,0
1200370,creature,24082,24082,24082,574,0,1,1,2,2,False,0
1200370,creature,24085,24085,24085,574,0,1,1,2,2,False,0
1200370,creature,24849,24849,24849,574,0,1,1,2,2,False,0
1200370,creature,28410,28410,28410,574,0,1,1,2,2,False,0
1200371,creature,28410,28410,28410,574,0,1,1,3,3,False,0
1200371,creature,26716,26716,26716,576,0,1,1,3,3,False,0
1200371,creature,26722,26722,26722,576,0,1,1,3,3,False,0
1200371,creature,26727,26727,26727,576,0,1,1,3,3,False,0
1200371,creature,26728,26728,26728,576,0,1,1,3,3,False,0
1200371,creature,26729,26729,26729,576,0,1,1,3,3,False,0
1200371,creature,26734,26734,26734,576,0,1,1,3,3,False,0
1200371,creature,26735,26735,26735,576,0,1,1,3,3,False,0
1200371,creature,26800,26800,26800,576,0,1,1,3,3,False,0
1200371,creature,26802,26802,26802,576,0,1,1,3,3,False,0
1200371,creature,26805,26805,26805,576,0,1,1,3,3,False,0
1200372,creature,24201,24201,24201,574,0,1,1,3,3,False,0
1200372,creature,26621,26621,26621,600,0,1,1,3,3,False,0
1200373,creature,30276,30276,30276,619,0,1,1,2,2,False,0
1200373,creature,30277,30277,30277,619,0,1,1,2,2,False,0
1200373,creature,30278,30278,30278,619,0,1,1,2,2,False,0
1200373,creature,30285,30285,30285,619,0,1,1,2,2,False,0
1200373,creature,30286,30286,30286,619,0,1,1,2,2,False,0
1200374,creature,26624,26624,26624,600,0,1,1,3,4,False,0
1200374,creature,26626,26626,26626,600,0,1,1,3,4,False,0
1200374,creature,26635,26635,26635,600,0,1,1,3,4,False,0
1200374,creature,26636,26636,26636,600,0,1,1,3,4,False,0
1200374,creature,26641,26641,26641,600,0,1,1,3,4,False,0
1200374,creature,27871,27871,27871,600,0,1,1,3,4,False,0
1200374,creature,31346,31346,27871,600,1,1,1,3,4,False,0
1200374,creature,30111,30111,30111,619,0,1,1,3,4,False,0
1200374,creature,30283,30283,30283,619,0,1,1,3,4,False,0
1200374,creature,30284,30284,30284,619,0,1,1,3,4,False,0
1200374,creature,30319,30319,30319,619,0,1,1,3,4,False,0
1200375,creature,26637,26637,26637,600,0,1,1,3,3,False,0
1200375,creature,26638,26638,26638,600,0,1,1,3,3,False,0
1200375,creature,27431,27431,27431,600,0,1,1,3,3,False,0
1200375,creature,30179,30179,30179,619,0,1,1,3,3,False,0
1200375,creature,30414,30414,30414,619,0,1,1,3,3,False,0
1200376,creature,26620,26620,26620,600,0,1,1,2,2,False,0
1200376,creature,26623,26623,26623,600,0,1,1,2,2,False,0
1200376,creature,26639,26639,26639,600,0,1,1,2,2,False,0
1200376,creature,26830,26830,26830,600,0,1,1,2,2,False,0
1200377,creature,26550,26550,26550,575,0,1,1,4,4,False,0
1200377,creature,28249,28249,28249,595,0,1,1,4,4,False,0
1200377,creature,27960,27960,27960,599,0,1,1,4,4,False,0
1200377,creature,27961,27961,27961,599,0,1,1,4,4,False,0
1200377,creature,27962,27962,27962,599,0,1,1,4,4,False,0
1200377,creature,27964,27964,27964,599,0,1,1,4,4,False,0
1200377,creature,27965,27965,27965,599,0,1,1,4,4,False,0
1200377,creature,27969,27969,27969,599,0,1,1,4,4,False,0
1200377,creature,29819,29819,29819,604,0,1,1,4,4,False,0
1200377,creature,29820,29820,29820,604,0,1,1,4,4,False,0
1200377,creature,29822,29822,29822,604,0,1,1,4,4,False,0
1200377,creature,29826,29826,29826,604,0,1,1,4,4,False,0
1200377,creature,29829,29829,29829,604,0,1,1,4,4,False,0
1200377,creature,29832,29832,29832,604,0,1,1,4,4,False,0
1200377,creature,29838,29838,29838,604,0,1,1,4,4,False,0
1200377,creature,29931,29931,29931,604,0,1,1,4,4,False,0
1200378,creature,28249,28249,28249,595,0,1,1,3,3,False,0
1200378,creature,27963,27963,27963,599,0,1,1,3,3,False,0
1200378,creature,27966,27966,27966,599,0,1,1,3,3,False,0
1200378,creature,28835,28835,28835,602,0,1,1,3,3,False,0
1200378,creature,28836,28836,28836,602,0,1,1,3,3,False,0
1200379,creature,26669,26669,26669,575,0,1,1,5,5,False,0
1200379,creature,26670,26670,26670,575,0,1,1,5,5,False,0
1200379,creature,26694,26694,26694,575,0,1,1,5,5,False,0
1200379,creature,28368,28368,28368,575,0,1,1,5,5,False,0
1200379,creature,27633,27633,27633,578,0,1,1,5,5,False,0
1200379,creature,27635,27635,27635,578,0,1,1,5,5,False,0
1200379,creature,27639,27639,27639,578,0,1,1,5,5,False,0
1200379,creature,27640,27640,27640,578,0,1,1,5,5,False,0
1200379,creature,28249,28249,28249,595,0,1,1,5,5,False,0
1200379,creature,28578,28578,28578,602,0,1,1,5,5,False,0
1200379,creature,28579,28579,28579,602,0,1,1,5,5,False,0
1200379,creature,28580,28580,28580,602,0,1,1,5,5,False,0
1200379,creature,28581,28581,28581,602,0,1,1,5,5,False,0
1200379,creature,28582,28582,28582,602,0,1,1,5,5,False,0
1200379,creature,28961,28961,28961,602,0,1,1,5,5,False,0
1200379,creature,28965,28965,28965,602,0,1,1,5,5,False,0
1200380,creature,30747,30747,30747,574,1,1,1,11,15,False,0
1200380,creature,31658,31658,31658,574,1,1,1,11,15,False,0
1200380,creature,31659,31659,31659,574,1,1,1,11,15,False,0
1200380,creature,31660,31660,31660,574,1,1,1,11,15,False,0
1200380,creature,31661,31661,31661,574,1,1,1,11,15,False,0
1200380,creature,31662,31662,31662,574,1,1,1,11,15,False,0
1200380,creature,31663,31663,31663,574,1,1,1,11,15,False,0
1200380,creature,31666,31666,31666,574,1,1,1,11,15,False,0
1200380,creature,31667,31667,31667,574,1,1,1,11,15,False,0
1200380,creature,31675,31675,31675,574,1,1,1,11,15,False,0
1200380,creature,26553,26553,26553,575,0,1,1,11,15,False,0
1200380,creature,26554,26554,26554,575,0,1,1,11,15,False,0
1200380,creature,26555,26555,26555,575,0,1,1,11,15,False,0
1200380,creature,26696,26696,26696,575,0,1,1,11,15,False,0
1200380,creature,30764,30764,30764,575,1,1,1,11,15,False,0
1200380,creature,30765,30765,30765,575,1,1,1,11,15,False,0
1200380,creature,30766,30766,30766,575,1,1,1,11,15,False,0
1200380,creature,30816,30816,30816,575,1,1,1,11,15,False,0
1200380,creature,30817,30817,30817,575,1,1,1,11,15,False,0
1200380,creature,30818,30818,30818,575,1,1,1,11,15,False,0
1200380,creature,30820,30820,30820,575,1,1,1,11,15,False,0
1200380,creature,30821,30821,30821,575,1,1,1,11,15,False,0
1200380,creature,30460,30460,30460,576,1,1,1,11,15,False,0
1200380,creature,30478,30478,30478,576,1,1,1,11,15,False,0
1200380,creature,30485,30485,30485,576,1,1,1,11,15,False,0
1200380,creature,30496,30496,30496,576,1,1,1,11,15,False,0
1200380,creature,30498,30498,30498,576,1,1,1,11,15,False,0
1200380,creature,30509,30509,30509,576,1,1,1,11,15,False,0
1200380,creature,30516,30516,30516,576,1,1,1,11,15,False,0
1200380,creature,30517,30517,30517,576,1,1,1,11,15,False,0
1200380,creature,30901,30901,30901,578,1,1,1,11,15,False,0
1200380,creature,30904,30904,30904,578,1,1,1,11,15,False,0
1200380,creature,30915,30915,30915,578,1,1,1,11,15,False,0
1200380,creature,30916,30916,30916,578,1,1,1,11,15,False,0
1200380,creature,27729,27729,27729,595,0,1,1,11,15,False,0
1200380,creature,27734,27734,27734,595,0,1,1,11,15,False,0
1200380,creature,27736,27736,27736,595,0,1,1,11,15,False,0
1200380,creature,28249,28249,28249,595,0,1,1,11,15,False,0
1200380,creature,31178,31178,31178,595,1,1,1,11,15,False,0
1200380,creature,31179,31179,31179,595,1,1,1,11,15,False,0
1200380,creature,31187,31187,31187,595,1,1,1,11,15,False,0
1200380,creature,31371,31371,31371,599,1,1,1,11,15,False,0
1200380,creature,31372,31372,31372,599,1,1,1,11,15,False,0
1200380,creature,31375,31375,31375,599,1,1,1,11,15,False,0
1200380,creature,31376,31376,31376,599,1,1,1,11,15,False,0
1200380,creature,31377,31377,31377,599,1,1,1,11,15,False,0
1200380,creature,31378,31378,31378,599,1,1,1,11,15,False,0
1200380,creature,31339,31339,31339,600,1,1,1,11,15,False,0
1200380,creature,31340,31340,31340,600,1,1,1,11,15,False,0
1200380,creature,31345,31345,31345,600,1,1,1,11,15,False,0
1200380,creature,31347,31347,31347,600,1,1,1,11,15,False,0
1200380,creature,31351,31351,31351,600,1,1,1,11,15,False,0
1200380,creature,31352,31352,31352,600,1,1,1,11,15,False,0
1200380,creature,31354,31354,31354,600,1,1,1,11,15,False,0
1200380,creature,31355,31355,31355,600,1,1,1,11,15,False,0
1200380,creature,31357,31357,31357,600,1,1,1,11,15,False,0
1200380,creature,31359,31359,31359,600,1,1,1,11,15,False,0
1200380,creature,31363,31363,31363,600,1,1,1,11,15,False,0
1200380,creature,28579,28579,28579,602,0,1,1,11,15,False,0
1200380,creature,28580,28580,28580,602,0,1,1,11,15,False,0
1200380,creature,28581,28581,28581,602,0,1,1,11,15,False,0
1200380,creature,28582,28582,28582,602,0,1,1,11,15,False,0
1200380,creature,28837,28837,28837,602,0,1,1,11,15,False,0
1200380,creature,28838,28838,28838,602,0,1,1,11,15,False,0
1200380,creature,28920,28920,28920,602,0,1,1,11,15,False,0
1200380,creature,30966,30966,30966,602,1,1,1,11,15,False,0
1200380,creature,30967,30967,30967,602,1,1,1,11,15,False,0
1200380,creature,30968,30968,30968,602,1,1,1,11,15,False,0
1200380,creature,30971,30971,30971,602,1,1,1,11,15,False,0
1200380,creature,30972,30972,30972,602,1,1,1,11,15,False,0
1200380,creature,30974,30974,30974,602,1,1,1,11,15,False,0
1200380,creature,30975,30975,30975,602,1,1,1,11,15,False,0
1200380,creature,30976,30976,30976,602,1,1,1,11,15,False,0
1200380,creature,30977,30977,30977,602,1,1,1,11,15,False,0
1200380,creature,30980,30980,30980,602,1,1,1,11,15,False,0
1200380,creature,30981,30981,30981,602,1,1,1,11,15,False,0
1200380,creature,30982,30982,30982,602,1,1,1,11,15,False,0
1200380,creature,29920,29920,29920,604,0,1,1,11,15,False,0
1200380,creature,30926,30926,30926,604,1,1,1,11,15,False,0
1200380,creature,30930,30930,30930,604,1,1,1,11,15,False,0
1200380,creature,32353,32353,32353,624,0,1,1,11,15,False,0
1200381,creature,30747,30747,30747,574,1,1,1,11,12,False,0
1200381,creature,31658,31658,31658,574,1,1,1,11,12,False,0
1200381,creature,31659,31659,31659,574,1,1,1,11,12,False,0
1200381,creature,31660,31660,31660,574,1,1,1,11,12,False,0
1200381,creature,31661,31661,31661,574,1,1,1,11,12,False,0
1200381,creature,31662,31662,31662,574,1,1,1,11,12,False,0
1200381,creature,31663,31663,31663,574,1,1,1,11,12,False,0
1200381,creature,31666,31666,31666,574,1,1,1,11,12,False,0
1200381,creature,31667,31667,31667,574,1,1,1,11,12,False,0
1200381,creature,31675,31675,31675,574,1,1,1,11,12,False,0
1200381,creature,30764,30764,30764,575,1,1,1,11,12,False,0
1200381,creature,30765,30765,30765,575,1,1,1,11,12,False,0
1200381,creature,30766,30766,30766,575,1,1,1,11,12,False,0
1200381,creature,30806,30806,30806,575,1,1,1,11,12,False,0
1200381,creature,30816,30816,30816,575,1,1,1,11,12,False,0
1200381,creature,30817,30817,30817,575,1,1,1,11,12,False,0
1200381,creature,30818,30818,30818,575,1,1,1,11,12,False,0
1200381,creature,30820,30820,30820,575,1,1,1,11,12,False,0
1200381,creature,30821,30821,30821,575,1,1,1,11,12,False,0
1200381,creature,30457,30457,30457,576,1,1,1,11,12,False,0
1200381,creature,30459,30459,30459,576,1,1,1,11,12,False,0
1200381,creature,30901,30901,30901,578,1,1,1,11,12,False,0
1200381,creature,30904,30904,30904,578,1,1,1,11,12,False,0
1200381,creature,30915,30915,30915,578,1,1,1,11,12,False,0
1200381,creature,30916,30916,30916,578,1,1,1,11,12,False,0
1200381,creature,27736,27736,27736,595,0,1,1,11,12,False,0
1200381,creature,28201,28201,28201,595,0,1,1,11,12,False,0
1200381,creature,31199,31199,31199,595,1,1,1,11,12,False,0
1200381,creature,31200,31200,31200,595,1,1,1,11,12,False,0
1200381,creature,31372,31372,31372,599,1,1,1,11,12,False,0
1200381,creature,31373,31373,31373,599,1,1,1,11,12,False,0
1200381,creature,31374,31374,31374,599,1,1,1,11,12,False,0
1200381,creature,31375,31375,31375,599,1,1,1,11,12,False,0
1200381,creature,31376,31376,31376,599,1,1,1,11,12,False,0
1200381,creature,31377,31377,31377,599,1,1,1,11,12,False,0
1200381,creature,31338,31338,31338,600,1,1,1,11,12,False,0
1200381,creature,31339,31339,31339,600,1,1,1,11,12,False,0
1200381,creature,31340,31340,31340,600,1,1,1,11,12,False,0
1200381,creature,31342,31342,31342,600,1,1,1,11,12,False,0
1200381,creature,31345,31345,31345,600,1,1,1,11,12,False,0
1200381,creature,31347,31347,31347,600,1,1,1,11,12,False,0
1200381,creature,31351,31351,31351,600,1,1,1,11,12,False,0
1200381,creature,31352,31352,31352,600,1,1,1,11,12,False,0
1200381,creature,31354,31354,31354,600,1,1,1,11,12,False,0
1200381,creature,31355,31355,31355,600,1,1,1,11,12,False,0
1200381,creature,31357,31357,31357,600,1,1,1,11,12,False,0
1200381,creature,31359,31359,31359,600,1,1,1,11,12,False,0
1200381,creature,31363,31363,31363,600,1,1,1,11,12,False,0
1200381,creature,30966,30966,30966,602,1,1,1,11,12,False,0
1200381,creature,30967,30967,30967,602,1,1,1,11,12,False,0
1200381,creature,30968,30968,30968,602,1,1,1,11,12,False,0
1200381,creature,30971,30971,30971,602,1,1,1,11,12,False,0
1200381,creature,30974,30974,30974,602,1,1,1,11,12,False,0
1200381,creature,30975,30975,30975,602,1,1,1,11,12,False,0
1200381,creature,30976,30976,30976,602,1,1,1,11,12,False,0
1200381,creature,30977,30977,30977,602,1,1,1,11,12,False,0
1200381,creature,30980,30980,30980,602,1,1,1,11,12,False,0
1200381,creature,30981,30981,30981,602,1,1,1,11,12,False,0
1200381,creature,30982,30982,30982,602,1,1,1,11,12,False,0
1200381,creature,30926,30926,30926,604,1,1,1,11,12,False,0
1200381,creature,30927,30927,30927,604,1,1,1,11,12,False,0
1200381,creature,30929,30929,30929,604,1,1,1,11,12,False,0
1200381,creature,30930,30930,30930,604,1,1,1,11,12,False,0
1200381,creature,30932,30932,30932,604,1,1,1,11,12,False,0
1200381,creature,30933,30933,30933,604,1,1,1,11,12,False,0
1200381,creature,30935,30935,30935,604,1,1,1,11,12,False,0
1200381,creature,30936,30936,30936,604,1,1,1,11,12,False,0
1200381,creature,30939,30939,30939,604,1,1,1,11,12,False,0
1200381,creature,31442,31442,31442,619,1,1,1,11,12,False,0
1200381,creature,31443,31443,31443,619,1,1,1,11,12,False,0
1200381,creature,31450,31450,31450,619,1,1,1,11,12,False,0
1200381,creature,31451,31451,31451,619,1,1,1,11,12,False,0
1200381,creature,31457,31457,31457,619,1,1,1,11,12,False,0
1200381,creature,31459,31459,31459,619,1,1,1,11,12,False,0
1200381,creature,31460,31460,31460,619,1,1,1,11,12,False,0
1200381,creature,31466,31466,31466,619,1,1,1,11,12,False,0
1200381,creature,31471,31471,31471,619,1,1,1,11,12,False,0
1200381,creature,31472,31472,31472,619,1,1,1,11,12,False,0
1200381,creature,31475,31475,31475,619,1,1,1,11,12,False,0
1207583,reference,1200278,1200278,1200278,599,0,1,1,16,26,True,1
1209000,creature,5648,5648,5648,209,0,1,1,1,1,True,0
1209000,creature,5649,5649,5649,209,0,1,1,1,1,True,0
1209000,creature,5650,5650,5650,209,0,1,1,1,1,True,0
1209000,creature,7246,7246,7246,209,0,1,1,1,1,True,0
1209000,creature,7247,7247,7247,209,0,1,1,1,1,True,0
1209000,creature,7268,7268,7268,209,0,1,1,1,1,True,0
1209000,creature,7274,7274,7274,209,0,1,1,1,1,True,0
1209000,creature,8095,8095,8095,209,0,1,1,1,1,True,0
1209000,creature,8120,8120,8120,209,0,1,1,1,1,True,0
1209000,creature,10080,10080,10080,209,0,1,1,1,1,True,0
1209000,creature,10081,10081,10081,209,0,1,1,1,1,True,0
1209000,creature,10082,10082,10082,209,0,1,1,1,1,True,0
1227678,reference,1200278,1200278,1200278,599,0,1,1,8,8,True,1
1227779,reference,1200278,1200278,1200278,599,0,1,1,9,9,True,1
1227880,reference,1200278,1200278,1200278,599,0,1,1,15,24,True,1
1230000,creature,8889,8889,8889,230,0,1,1,2,2,False,0
1230000,creature,8890,8890,8890,230,0,1,1,2,2,False,0
1230000,creature,8891,8891,8891,230,0,1,1,2,2,False,0
1230000,creature,8892,8892,8892,230,0,1,1,2,2,False,0
1230000,creature,8893,8893,8893,230,0,1,1,2,2,False,0
1230000,creature,8894,8894,8894,230,0,1,1,2,2,False,0
1230000,creature,8895,8895,8895,230,0,1,1,2,2,False,0
1230000,creature,8898,8898,8898,230,0,1,1,2,2,False,0
1230000,creature,8899,8899,8899,230,0,1,1,2,2,False,0
1230000,creature,8903,8903,8903,230,0,1,1,2,2,False,0
1230000,creature,8905,8905,8905,230,0,1,1,2,2,False,0
1230000,creature,8906,8906,8906,230,0,1,1,2,2,False,0
1230000,creature,8907,8907,8907,230,0,1,1,2,2,False,0
1230000,creature,8908,8908,8908,230,0,1,1,2,2,False,0
1230000,creature,8909,8909,8909,230,0,1,1,2,2,False,0
1230000,creature,8910,8910,8910,230,0,1,1,2,2,False,0
1230000,creature,8911,8911,8911,230,0,1,1,2,2,False,0
1230000,creature,8912,8912,8912,230,0,1,1,2,2,False,0
1230000,creature,8913,8913,8913,230,0,1,1,2,2,False,0
1230000,creature,8914,8914,8914,230,0,1,1,2,2,False,0
1230000,creature,8923,8923,8923,230,0,1,1,2,2,False,0
1230000,creature,9024,9024,9024,230,0,1,1,2,2,False,0
1230000,creature,9041,9041,9041,230,0,1,1,2,2,False,0
1230000,creature,9042,9042,9042,230,0,1,1,2,2,False,0
1230000,creature,9554,9554,9554,230,0,1,1,2,2,False,0
1237678,reference,1200278,1200278,1200278,599,0,1,1,8,8,True,1
1237779,reference,1200278,1200278,1200278,599,0,1,1,9,9,True,1
1267579,reference,1200278,1200278,1200278,599,0,1,1,10,10,True,1
1270001,creature,24084,24084,24084,574,0,1,1,8,12,False,0
1270001,creature,28419,28419,28419,574,0,1,1,8,12,False,0
1270001,creature,31671,31671,31671,574,1,1,1,8,12,False,0
1270001,creature,31681,31681,31681,574,1,1,1,8,12,False,0
1270001,creature,27731,27731,27731,595,0,1,1,8,12,False,0
1270001,creature,31201,31201,31201,595,1,1,1,8,12,False,0
1270001,creature,29874,29874,29874,604,0,1,1,8,12,False,0
1270001,creature,30931,30931,30931,604,1,1,1,8,12,False,0
1270001,creature,30287,30287,30287,619,0,1,1,8,12,False,0
1270001,creature,31468,31468,31468,619,1,1,1,8,12,False,0
1270002,creature,23956,23956,23956,574,0,1,1,12,22,False,0
1270002,creature,23960,23960,23960,574,0,1,1,12,22,False,0
1270002,creature,23961,23961,23961,574,0,1,1,12,22,False,0
1270002,creature,24069,24069,24069,574,0,1,1,12,22,False,0
1270002,creature,24071,24071,24071,574,0,1,1,12,22,False,0
1270002,creature,24078,24078,24078,574,0,1,1,12,22,False,0
1270002,creature,24079,24079,24079,574,0,1,1,12,22,False,0
1270002,creature,24080,24080,24080,574,0,1,1,12,22,False,0
1270002,creature,24082,24082,24082,574,0,1,1,12,22,False,0
1270002,creature,24085,24085,24085,574,0,1,1,12,22,False,0
1270002,creature,24201,24201,24201,574,0,1,1,12,22,False,0
1270002,creature,24849,24849,24849,574,0,1,1,12,22,False,0
1270002,creature,28410,28410,28410,574,0,1,1,12,22,False,0
1270002,creature,30747,30747,30747,574,1,1,1,12,22,False,0
1270002,creature,31658,31658,31658,574,1,1,1,12,22,False,0
1270002,creature,31659,31659,31659,574,1,1,1,12,22,False,0
1270002,creature,31660,31660,31660,574,1,1,1,12,22,False,0
1270002,creature,31661,31661,31661,574,1,1,1,12,22,False,0
1270002,creature,31662,31662,31662,574,1,1,1,12,22,False,0
1270002,creature,31663,31663,31663,574,1,1,1,12,22,False,0
1270002,creature,31666,31666,31666,574,1,1,1,12,22,False,0
1270002,creature,31667,31667,31667,574,1,1,1,12,22,False,0
1270002,creature,31675,31675,31675,574,1,1,1,12,22,False,0
1270002,creature,26550,26550,26550,575,0,1,1,12,22,False,0
1270002,creature,26553,26553,26553,575,0,1,1,12,22,False,0
1270002,creature,26554,26554,26554,575,0,1,1,12,22,False,0
1270002,creature,26555,26555,26555,575,0,1,1,12,22,False,0
1270002,creature,26669,26669,26669,575,0,1,1,12,22,False,0
1270002,creature,26670,26670,26670,575,0,1,1,12,22,False,0
1270002,creature,26694,26694,26694,575,0,1,1,12,22,False,0
1270002,creature,26696,26696,26696,575,0,1,1,12,22,False,0
1270002,creature,28368,28368,28368,575,0,1,1,12,22,False,0
1270002,creature,30764,30764,30764,575,1,1,1,12,22,False,0
1270002,creature,30765,30765,30765,575,1,1,1,12,22,False,0
1270002,creature,30766,30766,30766,575,1,1,1,12,22,False,0
1270002,creature,30806,30806,30806,575,1,1,1,12,22,False,0
1270002,creature,30816,30816,30816,575,1,1,1,12,22,False,0
1270002,creature,30817,30817,30817,575,1,1,1,12,22,False,0
1270002,creature,30818,30818,30818,575,1,1,1,12,22,False,0
1270002,creature,30820,30820,30820,575,1,1,1,12,22,False,0
1270002,creature,30821,30821,30821,575,1,1,1,12,22,False,0
1270002,creature,26716,26716,26716,576,0,1,1,12,22,False,0
1270002,creature,26722,26722,26722,576,0,1,1,12,22,False,0
1270002,creature,26727,26727,26727,576,0,1,1,12,22,False,0
1270002,creature,26728,26728,26728,576,0,1,1,12,22,False,0
1270002,creature,26729,26729,26729,576,0,1,1,12,22,False,0
1270002,creature,26734,26734,26734,576,0,1,1,12,22,False,0
1270002,creature,26735,26735,26735,576,0,1,1,12,22,False,0
1270002,creature,26800,26800,26800,576,0,1,1,12,22,False,0
1270002,creature,26802,26802,26802,576,0,1,1,12,22,False,0
1270002,creature,26805,26805,26805,576,0,1,1,12,22,False,0
1270002,creature,30457,30457,30457,576,1,1,1,12,22,False,0
1270002,creature,30459,30459,30459,576,1,1,1,12,22,False,0
1270002,creature,30460,30460,30460,576,1,1,1,12,22,False,0
1270002,creature,30478,30478,30478,576,1,1,1,12,22,False,0
1270002,creature,30485,30485,30485,576,1,1,1,12,22,False,0
1270002,creature,30496,30496,30496,576,1,1,1,12,22,False,0
1270002,creature,30498,30498,30498,576,1,1,1,12,22,False,0
1270002,creature,30509,30509,30509,576,1,1,1,12,22,False,0
1270002,creature,30516,30516,30516,576,1,1,1,12,22,False,0
1270002,creature,30517,30517,30517,576,1,1,1,12,22,False,0
1270002,creature,27633,27633,27633,578,0,1,1,12,22,False,0
1270002,creature,27635,27635,27635,578,0,1,1,12,22,False,0
1270002,creature,27639,27639,27639,578,0,1,1,12,22,False,0
1270002,creature,27640,27640,27640,578,0,1,1,12,22,False,0
1270002,creature,30901,30901,30901,578,1,1,1,12,22,False,0
1270002,creature,30904,30904,30904,578,1,1,1,12,22,False,0
1270002,creature,30915,30915,30915,578,1,1,1,12,22,False,0
1270002,creature,30916,30916,30916,578,1,1,1,12,22,False,0
1270002,creature,27729,27729,27729,595,0,1,1,12,22,False,0
1270002,creature,27734,27734,27734,595,0,1,1,12,22,False,0
1270002,creature,27736,27736,27736,595,0,1,1,12,22,False,0
1270002,creature,28201,28201,28201,595,0,1,1,12,22,False,0
1270002,creature,28249,28249,28249,595,0,1,1,12,22,False,0
1270002,creature,31178,31178,31178,595,1,1,1,12,22,False,0
1270002,creature,31179,31179,31179,595,1,1,1,12,22,False,0
1270002,creature,31187,31187,31187,595,1,1,1,12,22,False,0
1270002,creature,31199,31199,31199,595,1,1,1,12,22,False,0
1270002,creature,31200,31200,31200,595,1,1,1,12,22,False,0
1270002,creature,27960,27960,27960,599,0,1,1,12,22,False,0
1270002,creature,27961,27961,27961,599,0,1,1,12,22,False,0
1270002,creature,27962,27962,27962,599,0,1,1,12,22,False,0
1270002,creature,27963,27963,27963,599,0,1,1,12,22,False,0
1270002,creature,27964,27964,27964,599,0,1,1,12,22,False,0
1270002,creature,27965,27965,27965,599,0,1,1,12,22,False,0
1270002,creature,27966,27966,27966,599,0,1,1,12,22,False,0
1270002,creature,27969,27969,27969,599,0,1,1,12,22,False,0
1270002,creature,31371,31371,31371,599,1,1,1,12,22,False,0
1270002,creature,31372,31372,31372,599,1,1,1,12,22,False,0
1270002,creature,31373,31373,31373,599,1,1,1,12,22,False,0
1270002,creature,31374,31374,31374,599,1,1,1,12,22,False,0
1270002,creature,31375,31375,31375,599,1,1,1,12,22,False,0
1270002,creature,31376,31376,31376,599,1,1,1,12,22,False,0
1270002,creature,31377,31377,31377,599,1,1,1,12,22,False,0
1270002,creature,31378,31378,31378,599,1,1,1,12,22,False,0
1270002,creature,26620,26620,26620,600,0,1,1,12,22,False,0
1270002,creature,26621,26621,26621,600,0,1,1,12,22,False,0
1270002,creature,26623,26623,26623,600,0,1,1,12,22,False,0
1270002,creature,26624,26624,26624,600,0,1,1,12,22,False,0
1270002,creature,26626,26626,26626,600,0,1,1,12,22,False,0
1270002,creature,26635,26635,26635,600,0,1,1,12,22,False,0
1270002,creature,26636,26636,26636,600,0,1,1,12,22,False,0
1270002,creature,26637,26637,26637,600,0,1,1,12,22,False,0
1270002,creature,26638,26638,26638,600,0,1,1,12,22,False,0
1270002,creature,26639,26639,26639,600,0,1,1,12,22,False,0
1270002,creature,26641,26641,26641,600,0,1,1,12,22,False,0
1270002,creature,26830,26830,26830,600,0,1,1,12,22,False,0
1270002,creature,27431,27431,27431,600,0,1,1,12,22,False,0
1270002,creature,27871,27871,27871,600,0,1,1,12,22,False,0
1270002,creature,31338,31338,31338,600,1,1,1,12,22,False,0
1270002,creature,31339,31339,31339,600,1,1,1,12,22,False,0
1270002,creature,31340,31340,31340,600,1,1,1,12,22,False,0
1270002,creature,31342,31342,31342,600,1,1,1,12,22,False,0
1270002,creature,31345,31345,31345,600,1,1,1,12,22,False,0
1270002,creature,31346,31346,27871,600,1,1,1,12,22,False,0
1270002,creature,31347,31347,31347,600,1,1,1,12,22,False,0
1270002,creature,31351,31351,31351,600,1,1,1,12,22,False,0
1270002,creature,31352,31352,31352,600,1,1,1,12,22,False,0
1270002,creature,31354,31354,31354,600,1,1,1,12,22,False,0
1270002,creature,31355,31355,31355,600,1,1,1,12,22,False,0
1270002,creature,31357,31357,31357,600,1,1,1,12,22,False,0
1270002,creature,31359,31359,31359,600,1,1,1,12,22,False,0
1270002,creature,31363,31363,31363,600,1,1,1,12,22,False,0
1270002,creature,28578,28578,28578,602,0,1,1,12,22,False,0
1270002,creature,28579,28579,28579,602,0,1,1,12,22,False,0
1270002,creature,28580,28580,28580,602,0,1,1,12,22,False,0
1270002,creature,28581,28581,28581,602,0,1,1,12,22,False,0
1270002,creature,28582,28582,28582,602,0,1,1,12,22,False,0
1270002,creature,28835,28835,28835,602,0,1,1,12,22,False,0
1270002,creature,28836,28836,28836,602,0,1,1,12,22,False,0
1270002,creature,28837,28837,28837,602,0,1,1,12,22,False,0
1270002,creature,28838,28838,28838,602,0,1,1,12,22,False,0
1270002,creature,28920,28920,28920,602,0,1,1,12,22,False,0
1270002,creature,28961,28961,28961,602,0,1,1,12,22,False,0
1270002,creature,28965,28965,28965,602,0,1,1,12,22,False,0
1270002,creature,30966,30966,30966,602,1,1,1,12,22,False,0
1270002,creature,30967,30967,30967,602,1,1,1,12,22,False,0
1270002,creature,30968,30968,30968,602,1,1,1,12,22,False,0
1270002,creature,30971,30971,30971,602,1,1,1,12,22,False,0
1270002,creature,30972,30972,30972,602,1,1,1,12,22,False,0
1270002,creature,30974,30974,30974,602,1,1,1,12,22,False,0
1270002,creature,30975,30975,30975,602,1,1,1,12,22,False,0
1270002,creature,30976,30976,30976,602,1,1,1,12,22,False,0
1270002,creature,30977,30977,30977,602,1,1,1,12,22,False,0
1270002,creature,30980,30980,30980,602,1,1,1,12,22,False,0
1270002,creature,30981,30981,30981,602,1,1,1,12,22,False,0
1270002,creature,30982,30982,30982,602,1,1,1,12,22,False,0
1270002,creature,29819,29819,29819,604,0,1,1,12,22,False,0
1270002,creature,29820,29820,29820,604,0,1,1,12,22,False,0
1270002,creature,29822,29822,29822,604,0,1,1,12,22,False,0
1270002,creature,29826,29826,29826,604,0,1,1,12,22,False,0
1270002,creature,29829,29829,29829,604,0,1,1,12,22,False,0
1270002,creature,29832,29832,29832,604,0,1,1,12,22,False,0
1270002,creature,29838,29838,29838,604,0,1,1,12,22,False,0
1270002,creature,29920,29920,29920,604,0,1,1,12,22,False,0
1270002,creature,29931,29931,29931,604,0,1,1,12,22,False,0
1270002,creature,30926,30926,30926,604,1,1,1,12,22,False,0
1270002,creature,30927,30927,30927,604,1,1,1,12,22,False,0
1270002,creature,30929,30929,30929,604,1,1,1,12,22,False,0
1270002,creature,30930,30930,30930,604,1,1,1,12,22,False,0
1270002,creature,30932,30932,30932,604,1,1,1,12,22,False,0
1270002,creature,30933,30933,30933,604,1,1,1,12,22,False,0
1270002,creature,30935,30935,30935,604,1,1,1,12,22,False,0
1270002,creature,30936,30936,30936,604,1,1,1,12,22,False,0
1270002,creature,30939,30939,30939,604,1,1,1,12,22,False,0
1270002,creature,30111,30111,30111,619,0,1,1,12,22,False,0
1270002,creature,30179,30179,30179,619,0,1,1,12,22,False,0
1270002,creature,30276,30276,30276,619,0,1,1,12,22,False,0
1270002,creature,30277,30277,30277,619,0,1,1,12,22,False,0
1270002,creature,30278,30278,30278,619,0,1,1,12,22,False,0
1270002,creature,30283,30283,30283,619,0,1,1,12,22,False,0
1270002,creature,30284,30284,30284,619,0,1,1,12,22,False,0
1270002,creature,30285,30285,30285,619,0,1,1,12,22,False,0
1270002,creature,30286,30286,30286,619,0,1,1,12,22,False,0
1270002,creature,30319,30319,30319,619,0,1,1,12,22,False,0
1270002,creature,30414,30414,30414,619,0,1,1,12,22,False,0
1270002,creature,31442,31442,31442,619,1,1,1,12,22,False,0
1270002,creature,31443,31443,31443,619,1,1,1,12,22,False,0
1270002,creature,31450,31450,31450,619,1,1,1,12,22,False,0
1270002,creature,31451,31451,31451,619,1,1,1,12,22,False,0
1270002,creature,31457,31457,31457,619,1,1,1,12,22,False,0
1270002,creature,31459,31459,31459,619,1,1,1,12,22,False,0
1270002,creature,31460,31460,31460,619,1,1,1,12,22,False,0
1270002,creature,31466,31466,31466,619,1,1,1,12,22,False,0
1270002,creature,31471,31471,31471,619,1,1,1,12,22,False,0
1270002,creature,31472,31472,31472,619,1,1,1,12,22,False,0
1270002,creature,31475,31475,31475,619,1,1,1,12,22,False,0
1270002,creature,32353,32353,32353,624,0,1,1,12,22,False,0
1329000,creature,10381,10381,10381,329,0,1,1,1,1,True,0
1329000,creature,10382,10382,10382,329,0,1,1,1,1,True,0
1329000,creature,10384,10384,10384,329,0,1,1,1,1,True,0
1329000,creature,10385,10385,10385,329,0,1,1,1,1,True,0
1329000,creature,10393,10393,10393,329,0,1,1,1,1,True,0
1329000,creature,10398,10398,10398,329,0,1,1,1,1,True,0
1329000,creature,10400,10400,10400,329,0,1,1,1,1,True,0
1329000,creature,10405,10405,10405,329,0,1,1,1,1,True,0
1329000,creature,10406,10406,10406,329,0,1,1,1,1,True,0
1329000,creature,10407,10407,10407,329,0,1,1,1,1,True,0
1329000,creature,10408,10408,10408,329,0,1,1,1,1,True,0
1329000,creature,10409,10409,10409,329,0,1,1,1,1,True,0
1329000,creature,10412,10412,10412,329,0,1,1,1,1,True,0
1329000,creature,10413,10413,10413,329,0,1,1,1,1,True,0
1329000,creature,10414,10414,10414,329,0,1,1,1,1,True,0
1329000,creature,10416,10416,10416,329,0,1,1,1,1,True,0
1329000,creature,10417,10417,10417,329,0,1,1,1,1,True,0
1329000,creature,10418,10418,10418,329,0,1,1,1,1,True,0
1329000,creature,10419,10419,10419,329,0,1,1,1,1,True,0
1329000,creature,10420,10420,10420,329,0,1,1,1,1,True,0
1329000,creature,10421,10421,10421,329,0,1,1,1,1,True,0
1329000,creature,10422,10422,10422,329,0,1,1,1,1,True,0
1329000,creature,10423,10423,10423,329,0,1,1,1,1,True,0
1329000,creature,10424,10424,10424,329,0,1,1,1,1,True,0
1329000,creature,10425,10425,10425,329,0,1,1,1,1,True,0
1329000,creature,10426,10426,10426,329,0,1,1,1,1,True,0
1329000,creature,10463,10463,10463,329,0,1,1,1,1,True,0
1329000,creature,10464,10464,10464,329,0,1,1,1,1,True,0
1329000,creature,10558,10558,10558,329,0,1,1,1,1,True,0
1329000,creature,10809,10809,10809,329,0,1,1,1,1,True,0
1329000,creature,11043,11043,11043,329,0,1,1,1,1,True,0
1409000,creature,11658,11658,11658,409,0,1,1,1,1,True,0
1409000,creature,11659,11659,11659,409,0,1,1,1,1,True,0
1409000,creature,11661,11661,11661,409,0,1,1,1,1,True,0
1409000,creature,11662,11662,11662,409,0,1,1,1,1,True,0
1409000,creature,11665,11665,11665,409,0,1,1,1,1,True,0
1409000,creature,11666,11666,11666,409,0,1,1,1,1,True,0
1409000,creature,11667,11667,11667,409,0,1,1,1,1,True,0
1409000,creature,11668,11668,11668,409,0,1,1,1,1,True,0
1409000,creature,11673,11673,11673,409,0,1,1,1,1,True,0
1409000,creature,12076,12076,12076,409,0,1,1,1,1,True,0
1409000,creature,12100,12100,12100,409,0,1,1,1,1,True,0
1409000,creature,12101,12101,12101,409,0,1,1,1,1,True,0
1409000,creature,12119,12119,12119,409,0,1,1,1,1,True,0
1429000,creature,11441,11441,11441,429,0,1,1,1,1,True,0
1429000,creature,11444,11444,11444,429,0,1,1,1,1,True,0
1429000,creature,11445,11445,11445,429,0,1,1,1,1,True,0
1429000,creature,11448,11448,11448,429,0,1,1,1,1,True,0
1429000,creature,11450,11450,11450,429,0,1,1,1,1,True,0
1429000,creature,11451,11451,11451,429,0,1,1,1,1,True,0
1429000,creature,11452,11452,11452,429,0,1,1,1,1,True,0
1429000,creature,11453,11453,11453,429,0,1,1,1,1,True,0
1429000,creature,11454,11454,11454,429,0,1,1,1,1,True,0
1429000,creature,11455,11455,11455,429,0,1,1,1,1,True,0
1429000,creature,11456,11456,11456,429,0,1,1,1,1,True,0
1429000,creature,11457,11457,11457,429,0,1,1,1,1,True,0
1429000,creature,11458,11458,11458,429,0,1,1,1,1,True,0
1429000,creature,11459,11459,11459,429,0,1,1,1,1,True,0
1429000,creature,11461,11461,11461,429,0,1,1,1,1,True,0
1429000,creature,11462,11462,11462,429,0,1,1,1,1,True,0
1429000,creature,11464,11464,11464,429,0,1,1,1,1,True,0
1429000,creature,11465,11465,11465,429,0,1,1,1,1,True,0
1429000,creature,11469,11469,11469,429,0,1,1,1,1,True,0
1429000,creature,11470,11470,11470,429,0,1,1,1,1,True,0
1429000,creature,11471,11471,11471,429,0,1,1,1,1,True,0
1429000,creature,11472,11472,11472,429,0,1,1,1,1,True,0
1429000,creature,11473,11473,11473,429,0,1,1,1,1,True,0
1429000,creature,11475,11475,11475,429,0,1,1,1,1,True,0
1429000,creature,11480,11480,11480,429,0,1,1,1,1,True,0
1429000,creature,11483,11483,11483,429,0,1,1,1,1,True,0
1429000,creature,11484,11484,11484,429,0,1,1,1,1,True,0
1429000,creature,13021,13021,13021,429,0,1,1,1,1,True,0
1429000,creature,13196,13196,13196,429,0,1,1,1,1,True,0
1429000,creature,13197,13197,13197,429,0,1,1,1,1,True,0
1429000,creature,13285,13285,13285,429,0,1,1,1,1,True,0
1429000,creature,14303,14303,14303,429,0,1,1,1,1,True,0
1429000,creature,14398,14398,14398,429,0,1,1,1,1,True,0
1429000,creature,14399,14399,14399,429,0,1,1,1,1,True,0
1429001,creature,11451,11451,11451,429,0,1,1,1,1,True,0
1429001,creature,11452,11452,11452,429,0,1,1,1,1,True,0
1429001,creature,11453,11453,11453,429,0,1,1,1,1,True,0
1429001,creature,11454,11454,11454,429,0,1,1,1,1,True,0
1429001,creature,11455,11455,11455,429,0,1,1,1,1,True,0
1429001,creature,11456,11456,11456,429,0,1,1,1,1,True,0
1429001,creature,11457,11457,11457,429,0,1,1,1,1,True,0
1429002,creature,11480,11480,11480,429,0,1,1,1,1,True,0
1429002,creature,11483,11483,11483,429,0,1,1,1,1,True,0
1429002,creature,11484,11484,11484,429,0,1,1,1,1,True,0
1429002,creature,14399,14399,14399,429,0,1,1,1,1,True,0
1429003,creature,11469,11469,11469,429,0,1,1,1,1,True,0
1429003,creature,11470,11470,11470,429,0,1,1,1,1,True,0
1429003,creature,11471,11471,11471,429,0,1,1,1,1,True,0
1429003,creature,11472,11472,11472,429,0,1,1,1,1,True,0
1429003,creature,11473,11473,11473,429,0,1,1,1,1,True,0
1429003,creature,11475,11475,11475,429,0,1,1,1,1,True,0
1429003,creature,14398,14398,14398,429,0,1,1,1,1,True,0
1429004,creature,11458,11458,11458,429,0,1,1,1,1,True,0
1429004,creature,11459,11459,11459,429,0,1,1,1,1,True,0
1429004,creature,14303,14303,14303,429,0,1,1,1,1,True,0
1532000,creature,15547,15547,15547,532,0,1,1,1,1,True,0
1532000,creature,15548,15548,15548,532,0,1,1,1,1,True,0
1532000,creature,15551,15551,15551,532,0,1,1,1,1,True,0
1532000,creature,16389,16389,16389,532,0,1,1,1,1,True,0
1532000,creature,16406,16406,16406,532,0,1,1,1,1,True,0
1532000,creature,16407,16407,16407,532,0,1,1,1,1,True,0
1532000,creature,16408,16408,16408,532,0,1,1,1,1,True,0
1532000,creature,16409,16409,16409,532,0,1,1,1,1,True,0
1532000,creature,16410,16410,16410,532,0,1,1,1,1,True,0
1532000,creature,16411,16411,16411,532,0,1,1,1,1,True,0
1532000,creature,16412,16412,16412,532,0,1,1,1,1,True,0
1532000,creature,16414,16414,16414,532,0,1,1,1,1,True,0
1532000,creature,16415,16415,16415,532,0,1,1,1,1,True,0
1532000,creature,16424,16424,16424,532,0,1,1,1,1,True,0
1532000,creature,16425,16425,16425,532,0,1,1,1,1,True,0
1532000,creature,16459,16459,16459,532,0,1,1,1,1,True,0
1532000,creature,16460,16460,16460,532,0,1,1,1,1,True,0
1532000,creature,16461,16461,16461,532,0,1,1,1,1,True,0
1532000,creature,16468,16468,16468,532,0,1,1,1,1,True,0
1532000,creature,16470,16470,16470,532,0,1,1,1,1,True,0
1532000,creature,16471,16471,16471,532,0,1,1,1,1,True,0
1532000,creature,16472,16472,16472,532,0,1,1,1,1,True,0
1532000,creature,16473,16473,16473,532,0,1,1,1,1,True,0
1532000,creature,16481,16481,16481,532,0,1,1,1,1,True,0
1532000,creature,16482,16482,16482,532,0,1,1,1,1,True,0
1532000,creature,16485,16485,16485,532,0,1,1,1,1,True,0
1532000,creature,16488,16488,16488,532,0,1,1,1,1,True,0
1532000,creature,16489,16489,16489,532,0,1,1,1,1,True,0
1532000,creature,16491,16491,16491,532,0,1,1,1,1,True,0
1532000,creature,16492,16492,16492,532,0,1,1,1,1,True,0
1532000,creature,16504,16504,16504,532,0,1,1,1,1,True,0
1532000,creature,16525,16525,16525,532,0,1,1,1,1,True,0
1532000,creature,16526,16526,16526,532,0,1,1,1,1,True,0
1532000,creature,16529,16529,16529,532,0,1,1,1,1,True,0
1532000,creature,16530,16530,16530,532,0,1,1,1,1,True,0
1532000,creature,16539,16539,16539,532,0,1,1,1,1,True,0
1532000,creature,16540,16540,16540,532,0,1,1,1,1,True,0
1532000,creature,16544,16544,16544,532,0,1,1,1,1,True,0
1532000,creature,16545,16545,16545,532,0,1,1,1,1,True,0
1532000,creature,16595,16595,16595,532,0,1,1,1,1,True,0
1532000,creature,16596,16596,16596,532,0,1,1,1,1,True,0
1550000,creature,20031,20031,20031,550,0,1,1,2,2,False,0
1550000,creature,20032,20032,20032,550,0,1,1,2,2,False,0
1550000,creature,20033,20033,20033,550,0,1,1,2,2,False,0
1550000,creature,20034,20034,20034,550,0,1,1,2,2,False,0
1550000,creature,20035,20035,20035,550,0,1,1,2,2,False,0
1550000,creature,20036,20036,20036,550,0,1,1,2,2,False,0
1550000,creature,20037,20037,20037,550,0,1,1,2,2,False,0
1550000,creature,20038,20038,20038,550,0,1,1,2,2,False,0
1550000,creature,20039,20039,20039,550,0,1,1,2,2,False,0
1550000,creature,20040,20040,20040,550,0,1,1,2,2,False,0
1550000,creature,20041,20041,20041,550,0,1,1,2,2,False,0
1550000,creature,20042,20042,20042,550,0,1,1,2,2,False,0
1550000,creature,20043,20043,20043,550,0,1,1,2,2,False,0
1550000,creature,20044,20044,20044,550,0,1,1,2,2,False,0
1550000,creature,20045,20045,20045,550,0,1,1,2,2,False,0
1550000,creature,20046,20046,20046,550,0,1,1,2,2,False,0
1550000,creature,20048,20048,20048,550,0,1,1,2,2,False,0
1550000,creature,20049,20049,20049,550,0,1,1,2,2,False,0
1550000,creature,20050,20050,20050,550,0,1,1,2,2,False,0
1550000,creature,20052,20052,20052,550,0,1,1,2,2,False,0
1574000,creature,23956,23956,23956,574,0,1,1,2,2,False,0
1574000,creature,23960,23960,23960,574,0,1,1,2,2,False,0
1574000,creature,23961,23961,23961,574,0,1,1,2,2,False,0
1574000,creature,24069,24069,24069,574,0,1,1,2,2,False,0
1574000,creature,24071,24071,24071,574,0,1,1,2,2,False,0
1574000,creature,24078,24078,24078,574,0,1,1,2,2,False,0
1574000,creature,24079,24079,24079,574,0,1,1,2,2,False,0
1574000,creature,24080,24080,24080,574,0,1,1,2,2,False,0
1574000,creature,24082,24082,24082,574,0,1,1,2,2,False,0
1574000,creature,24083,24083,24083,574,0,1,1,2,2,False,0
1574000,creature,24085,24085,24085,574,0,1,1,2,2,False,0
1574000,creature,24849,24849,24849,574,0,1,1,2,2,False,0
1574000,creature,28410,28410,28410,574,0,1,1,2,2,False,0
1574100,creature,30747,30747,30747,574,1,1,1,1,1,True,0
1574100,creature,31658,31658,31658,574,1,1,1,1,1,True,0
1574100,creature,31659,31659,31659,574,1,1,1,1,1,True,0
1574100,creature,31660,31660,31660,574,1,1,1,1,1,True,0
1574100,creature,31661,31661,31661,574,1,1,1,1,1,True,0
1574100,creature,31662,31662,31662,574,1,1,1,1,1,True,0
1574100,creature,31663,31663,31663,574,1,1,1,1,1,True,0
1574100,creature,31665,31665,31665,574,1,1,1,1,1,True,0
1574100,creature,31666,31666,31666,574,1,1,1,1,1,True,0
1574100,creature,31667,31667,31667,574,1,1,1,1,1,True,0
1574100,creature,31669,31669,31669,574,1,1,1,1,1,True,0
1574100,creature,31675,31675,31675,574,1,1,1,1,1,True,0
1574100,creature,31676,31676,31676,574,1,1,1,1,1,True,0
1575000,creature,26550,26550,26550,575,0,1,1,1,1,True,0
1575000,creature,26553,26553,26553,575,0,1,1,1,1,True,0
1575000,creature,26554,26554,26554,575,0,1,1,1,1,True,0
1575000,creature,26555,26555,26555,575,0,1,1,1,1,True,0
1575000,creature,26669,26669,26669,575,0,1,1,1,1,True,0
1575000,creature,26670,26670,26670,575,0,1,1,1,1,True,0
1575000,creature,26672,26672,26672,575,0,1,1,1,1,True,0
1575000,creature,26694,26694,26694,575,0,1,1,1,1,True,0
1575000,creature,26696,26696,26696,575,0,1,1,1,1,True,0
1575000,creature,28368,28368,28368,575,0,1,1,1,1,True,0
1575100,creature,30762,30762,30762,575,1,1,1,1,1,True,0
1575100,creature,30764,30764,30764,575,1,1,1,1,1,True,0
1575100,creature,30765,30765,30765,575,1,1,1,1,1,True,0
1575100,creature,30766,30766,30766,575,1,1,1,1,1,True,0
1575100,creature,30806,30806,30806,575,1,1,1,1,1,True,0
1575100,creature,30816,30816,30816,575,1,1,1,1,1,True,0
1575100,creature,30817,30817,30817,575,1,1,1,1,1,True,0
1575100,creature,30818,30818,30818,575,1,1,1,1,1,True,0
1575100,creature,30820,30820,30820,575,1,1,1,1,1,True,0
1575100,creature,30821,30821,30821,575,1,1,1,1,1,True,0
1578000,creature,27633,27633,27633,578,0,1,1,1,1,True,0
1578000,creature,27635,27635,27635,578,0,1,1,1,1,True,0
1578000,creature,27636,27636,27636,578,0,1,1,1,1,True,0
1578000,creature,27639,27639,27639,578,0,1,1,1,1,True,0
1578000,creature,27640,27640,27640,578,0,1,1,1,1,True,0
1578000,creature,27641,27641,27641,578,0,1,1,1,1,True,0
1578100,creature,30901,30901,30901,578,1,1,1,1,1,True,0
1578100,creature,30902,30902,30902,578,1,1,1,1,1,True,0
1578100,creature,30904,30904,30904,578,1,1,1,1,1,True,0
1578100,creature,30905,30905,30905,578,1,1,1,1,1,True,0
1578100,creature,30915,30915,30915,578,1,1,1,1,1,True,0
1578100,creature,30916,30916,30916,578,1,1,1,1,1,True,0
1580000,creature,25369,25369,25593,580,0,1,1,1,1,True,0
1580000,creature,25507,25507,25595,580,0,1,1,1,1,True,0
1580000,creature,25599,25599,25599,580,0,1,1,1,1,True,0
1580000,creature,25867,25867,25867,580,0,1,1,1,1,True,0
1580001,creature,25369,25369,25593,580,0,1,1,1,1,True,0
1580001,creature,25507,25507,25595,580,0,1,1,1,1,True,0
1580001,creature,25599,25599,25599,580,0,1,1,1,1,True,0
1580001,creature,25867,25867,25867,580,0,1,1,1,1,True,0
1595000,creature,27729,27729,27729,595,0,1,1,1,2,True,0
1595000,creature,27731,27731,27731,595,0,1,1,1,2,True,0
1595000,creature,27734,27734,27734,595,0,1,1,1,2,True,0
1595000,creature,27736,27736,27736,595,0,1,1,1,2,True,0
1595000,creature,28201,28201,28201,595,0,1,1,1,2,True,0
1595000,creature,28249,28249,28249,595,0,1,1,1,2,True,0
1595000,creature,31178,31178,31178,595,1,1,1,1,2,True,0
1595000,creature,31179,31179,31179,595,1,1,1,1,2,True,0
1595000,creature,31187,31187,31187,595,1,1,1,1,2,True,0
1595000,creature,31199,31199,31199,595,1,1,1,1,2,True,0
1595000,creature,31200,31200,31200,595,1,1,1,1,2,True,0
1595000,creature,31201,31201,31201,595,1,1,1,1,2,True,0
1599000,creature,27960,27960,27960,599,0,1,1,1,1,True,0
1599000,creature,27961,27961,27961,599,0,1,1,1,1,True,0
1599000,creature,27962,27962,27962,599,0,1,1,1,1,True,0
1599000,creature,27963,27963,27963,599,0,1,1,1,1,True,0
1599000,creature,27964,27964,27964,599,0,1,1,1,1,True,0
1599000,creature,27965,27965,27965,599,0,1,1,1,1,True,0
1599000,creature,27969,27969,27969,599,0,1,1,1,1,True,0
1599000,creature,27970,27970,27970,599,0,1,1,1,1,True,0
1599000,creature,27971,27971,27971,599,0,1,1,1,1,True,0
1599000,creature,27972,27972,27972,599,0,1,1,1,1,True,0
1599100,creature,31372,31372,31372,599,1,1,1,1,1,True,0
1599100,creature,31373,31373,31373,599,1,1,1,1,1,True,0
1599100,creature,31374,31374,31374,599,1,1,1,1,1,True,0
1599100,creature,31375,31375,31375,599,1,1,1,1,1,True,0
1599100,creature,31376,31376,31376,599,1,1,1,1,1,True,0
1599100,creature,31377,31377,31377,599,1,1,1,1,1,True,0
1599100,creature,31378,31378,31378,599,1,1,1,1,1,True,0
1599100,creature,31383,31383,31383,599,1,1,1,1,1,True,0
1599100,creature,31385,31385,31385,599,1,1,1,1,1,True,0
1599100,creature,31387,31387,31387,599,1,1,1,1,1,True,0
1600000,creature,26620,26620,26620,600,0,1,1,1,1,True,0
1600000,creature,26621,26621,26621,600,0,1,1,1,1,True,0
1600000,creature,26622,26622,26622,600,0,1,1,1,1,True,0
1600000,creature,26623,26623,26623,600,0,1,1,1,1,True,0
1600000,creature,26624,26624,26624,600,0,1,1,1,1,True,0
1600000,creature,26625,26625,26625,600,0,1,1,1,1,True,0
1600000,creature,26626,26626,26626,600,0,1,1,1,1,True,0
1600000,creature,26628,26628,26628,600,0,1,1,1,1,True,0
1600000,creature,26635,26635,26635,600,0,1,1,1,1,True,0
1600000,creature,26636,26636,26636,600,0,1,1,1,1,True,0
1600000,creature,26637,26637,26637,600,0,1,1,1,1,True,0
1600000,creature,26638,26638,26638,600,0,1,1,1,1,True,0
1600000,creature,26639,26639,26639,600,0,1,1,1,1,True,0
1600000,creature,26641,26641,26641,600,0,1,1,1,1,True,0
1600000,creature,26830,26830,26830,600,0,1,1,1,1,True,0
1600000,creature,27431,27431,27431,600,0,1,1,1,1,True,0
1600100,creature,31336,31336,31336,600,1,1,1,1,1,True,0
1600100,creature,31337,31337,31337,600,1,1,1,1,1,True,0
1600100,creature,31338,31338,31338,600,1,1,1,1,1,True,0
1600100,creature,31339,31339,31339,600,1,1,1,1,1,True,0
1600100,creature,31340,31340,31340,600,1,1,1,1,1,True,0
1600100,creature,31342,31342,31342,600,1,1,1,1,1,True,0
1600100,creature,31343,31343,31343,600,1,1,1,1,1,True,0
1600100,creature,31345,31345,31345,600,1,1,1,1,1,True,0
1600100,creature,31347,31347,31347,600,1,1,1,1,1,True,0
1600100,creature,31351,31351,31351,600,1,1,1,1,1,True,0
1600100,creature,31352,31352,31352,600,1,1,1,1,1,True,0
1600100,creature,31354,31354,31354,600,1,1,1,1,1,True,0
1600100,creature,31355,31355,31355,600,1,1,1,1,1,True,0
1600100,creature,31357,31357,31357,600,1,1,1,1,1,True,0
1600100,creature,31359,31359,31359,600,1,1,1,1,1,True,0
1600100,creature,31363,31363,31363,600,1,1,1,1,1,True,0
1601000,creature,28732,28732,28732,601,0,1,1,1,1,True,0
1601000,creature,28734,28734,28734,601,0,1,1,1,1,True,0
1601000,creature,29128,29128,29128,601,0,1,1,1,1,True,0
1601000,creature,29335,29335,29335,601,0,1,1,1,1,True,0
1601100,creature,31604,31604,31604,601,1,1,1,1,1,True,0
1601100,creature,31606,31606,31606,601,1,1,1,1,1,True,0
1601100,creature,31608,31608,31608,601,1,1,1,1,1,True,0
1601100,creature,31609,31609,31609,601,1,1,1,1,1,True,0
1602000,creature,28547,28547,28547,602,0,1,1,1,1,True,0
1602000,creature,28578,28578,28578,602,0,1,1,1,1,True,0
1602000,creature,28579,28579,28579,602,0,1,1,1,1,True,0
1602000,creature,28580,28580,28580,602,0,1,1,1,1,True,0
1602000,creature,28581,28581,28581,602,0,1,1,1,1,True,0
1602000,creature,28582,28582,28582,602,0,1,1,1,1,True,0
1602000,creature,28583,28583,28583,602,0,1,1,1,1,True,0
1602000,creature,28584,28584,28584,602,0,1,1,1,1,True,0
1602000,creature,28826,28826,28826,602,0,1,1,1,1,True,0
1602000,creature,28835,28835,28835,602,0,1,1,1,1,True,0
1602000,creature,28836,28836,28836,602,0,1,1,1,1,True,0
1602000,creature,28837,28837,28837,602,0,1,1,1,1,True,0
1602000,creature,28838,28838,28838,602,0,1,1,1,1,True,0
1602000,creature,28920,28920,28920,602,0,1,1,1,1,True,0
1602000,creature,28961,28961,28961,602,0,1,1,1,1,True,0
1602000,creature,28965,28965,28965,602,0,1,1,1,1,True,0
1602100,creature,30964,30964,30964,602,1,1,1,1,1,True,0
1602100,creature,30966,30966,30966,602,1,1,1,1,1,True,0
1602100,creature,30967,30967,30967,602,1,1,1,1,1,True,0
1602100,creature,30968,30968,30968,602,1,1,1,1,1,True,0
1602100,creature,30971,30971,30971,602,1,1,1,1,1,True,0
1602100,creature,30972,30972,30972,602,1,1,1,1,1,True,0
1602100,creature,30974,30974,30974,602,1,1,1,1,1,True,0
1602100,creature,30975,30975,30975,602,1,1,1,1,1,True,0
1602100,creature,30976,30976,30976,602,1,1,1,1,1,True,0
1602100,creature,30977,30977,30977,602,1,1,1,1,1,True,0
1602100,creature,30978,30978,30978,602,1,1,1,1,1,True,0
1602100,creature,30979,30979,30979,602,1,1,1,1,1,True,0
1602100,creature,30980,30980,30980,602,1,1,1,1,1,True,0
1602100,creature,30981,30981,30981,602,1,1,1,1,1,True,0
1602100,creature,30982,30982,30982,602,1,1,1,1,1,True,0
1602100,creature,30983,30983,30983,602,1,1,1,1,1,True,0
1604000,creature,29768,29768,29768,604,0,1,1,1,1,True,0
1604000,creature,29819,29819,29819,604,0,1,1,1,1,True,0
1604000,creature,29820,29820,29820,604,0,1,1,1,1,True,0
1604000,creature,29822,29822,29822,604,0,1,1,1,1,True,0
1604000,creature,29826,29826,29826,604,0,1,1,1,1,True,0
1604000,creature,29829,29829,29829,604,0,1,1,1,1,True,0
1604000,creature,29830,29830,29830,604,0,1,1,1,1,True,0
1604000,creature,29832,29832,29832,604,0,1,1,1,1,True,0
1604000,creature,29838,29838,29838,604,0,1,1,1,1,True,0
1604000,creature,29874,29874,29874,604,0,1,1,1,1,True,0
1604000,creature,29931,29931,29931,604,0,1,1,1,1,True,0
1604100,creature,30926,30926,30926,604,1,1,1,1,1,True,0
1604100,creature,30927,30927,30927,604,1,1,1,1,1,True,0
1604100,creature,30929,30929,30929,604,1,1,1,1,1,True,0
1604100,creature,30930,30930,30930,604,1,1,1,1,1,True,0
1604100,creature,30931,30931,30931,604,1,1,1,1,1,True,0
1604100,creature,30932,30932,30932,604,1,1,1,1,1,True,0
1604100,creature,30933,30933,30933,604,1,1,1,1,1,True,0
1604100,creature,30935,30935,30935,604,1,1,1,1,1,True,0
1604100,creature,30936,30936,30936,604,1,1,1,1,1,True,0
1604100,creature,30938,30938,30938,604,1,1,1,1,1,True,0
1604100,creature,30942,30942,30942,604,1,1,1,1,1,True,0
1619000,creature,30179,30179,30179,619,0,1,1,1,1,True,0
1619000,creature,30276,30276,30276,619,0,1,1,1,1,True,0
1619000,creature,30277,30277,30277,619,0,1,1,1,1,True,0
1619000,creature,30278,30278,30278,619,0,1,1,1,1,True,0
1619000,creature,30279,30279,30279,619,0,1,1,1,1,True,0
1619000,creature,30283,30283,30283,619,0,1,1,1,1,True,0
1619000,creature,30284,30284,30284,619,0,1,1,1,1,True,0
1619000,creature,30285,30285,30285,619,0,1,1,1,1,True,0
1619000,creature,30286,30286,30286,619,0,1,1,1,1,True,0
1619000,creature,30287,30287,30287,619,0,1,1,1,1,True,0
1619000,creature,30319,30319,30319,619,0,1,1,1,1,True,0
1619000,creature,30329,30329,30329,619,0,1,1,1,1,True,0
1619000,creature,30414,30414,30414,619,0,1,1,1,1,True,0
1619000,creature,31104,31104,31104,619,0,1,1,1,1,True,0
1619100,creature,31442,31442,31442,619,1,1,1,1,1,True,0
1619100,creature,31443,31443,31443,619,1,1,1,1,1,True,0
1619100,creature,31449,31449,31449,619,1,1,1,1,1,True,0
1619100,creature,31450,31450,31450,619,1,1,1,1,1,True,0
1619100,creature,31451,31451,31451,619,1,1,1,1,1,True,0
1619100,creature,31455,31455,31455,619,1,1,1,1,1,True,0
1619100,creature,31457,31457,31457,619,1,1,1,1,1,True,0
1619100,creature,31459,31459,31459,619,1,1,1,1,1,True,0
1619100,creature,31460,31460,31460,619,1,1,1,1,1,True,0
1619100,creature,31466,31466,31466,619,1,1,1,1,1,True,0
1619100,creature,31468,31468,31468,619,1,1,1,1,1,True,0
1619100,creature,31470,31470,31470,619,1,1,1,1,1,True,0
1619100,creature,31471,31471,31471,619,1,1,1,1,1,True,0
1619100,creature,31472,31472,31472,619,1,1,1,1,1,True,0
