profile_id,map_id,difficulty_id,encounter_id,encounter_name,gameobject_entry,gameobject_name,loot_entry,spawn_guid,spawn_mask,spawn_count,difficulty_scope,association_method,association_source,direct_item_count,reference_item_count,valid,invalid_reason
,0,,,,32,Sunken Chest,1683,,,1,,static_spawn,Data/gameobject.sql;Data/gameobject_template.sql;Data/gameobject_loot_template.sql,0,0,False,static map/spawn has no boss association
,0,,,,41,Ambassador\'s Locker,1697,,,1,,static_spawn,Data/gameobject.sql;Data/gameobject_template.sql;Data/gameobject_loot_template.sql,0,0,False,static map/spawn has no boss association
,0,,,,52,Fall of Gurubashi,1691,,,1,,static_spawn,Data/gameobject.sql;Data/gameobject_template.sql;Data/gameobject_loot_template.sql,0,0,False,static map/spawn has no boss association
,0,,,,54,The Emperor\'s Tomb,1692,,,1,,static_spawn,Data/gameobject.sql;Data/gameobject_template.sql;Data/gameobject_loot_template.sql,0,0,False,static map/spawn has no boss association
,0,,,,57,Moon Over the Vale,1689,,,1,,static_spawn,Data/gameobject.sql;Data/gameobject_template.sql;Data/gameobject_loot_template.sql,0,0,False,static map/spawn has no boss association
,0,,,,58,Gri\'lek the Wanderer,1690,,,1,,static_spawn,Data/gameobject.sql;Data/gameobject_template.sql;Data/gameobject_loot_template.sql,0,0,False,static map/spawn has no boss association
,0,,,,119,Abercrombie\'s Crate,1688,,,1,,static_spawn,Data/gameobject.sql;Data/gameobject_template.sql;Data/gameobject_loot_template.sql,0,0,False,static map/spawn has no boss association
,0,,,,263,Kurzen Supplies,1695,,,1,,static_spawn,Data/gameobject.sql;Data/gameobject_template.sql;Data/gameobject_loot_template.sql,0,0,False,static map/spawn has no boss association
,0,,,,264,Kurzen Supplies,1695,,,1,,static_spawn,Data/gameobject.sql;Data/gameobject_template.sql;Data/gameobject_loot_template.sql,0,0,False,static map/spawn has no boss association
,0,,,,271,Miners\' League Crates,1677,,,10,,static_spawn,Data/gameobject.sql;Data/gameobject_template.sql;Data/gameobject_loot_template.sql,0,0,False,static map/spawn has no boss association
,0,,,,272,MacGrann\'s Meat Locker,1682,,,1,,static_spawn,Data/gameobject.sql;Data/gameobject_template.sql;Data/gameobject_loot_template.sql,0,0,False,static map/spawn has no boss association
,0,,,,276,Shimmerweed Basket,797,,,16,,static_spawn,Data/gameobject.sql;Data/gameobject_template.sql;Data/gameobject_loot_template.sql,0,0,False,static map/spawn has no boss association
,0,,,,290,Furlbrow\'s Wardrobe,1687,,,1,,static_spawn,Data/gameobject.sql;Data/gameobject_template.sql;Data/gameobject_loot_template.sql,0,0,False,static map/spawn has no boss association
,0,,,,321,Tear of Tilloa,1699,,,1,,static_spawn,Data/gameobject.sql;Data/gameobject_template.sql;Data/gameobject_loot_template.sql,0,0,False,static map/spawn has no boss association
,0,,,,324,Small Thorium Vein,9597,,,123,,static_spawn,Data/gameobject.sql;Data/gameobject_template.sql;Data/gameobject_loot_template.sql,0,0,False,static map/spawn has no boss association
,0,,,,331,Loose Soil,1681,,,2,,static_spawn,Data/gameobject.sql;Data/gameobject_template.sql;Data/gameobject_loot_template.sql,0,0,False,static map/spawn has no boss association
,0,,,,333,Ancient Relic,1680,,,1,,static_spawn,Data/gameobject.sql;Data/gameobject_template.sql;Data/gameobject_loot_template.sql,0,0,False,static map/spawn has no boss association
,0,,,,334,Ancient Relic,1679,,,1,,static_spawn,Data/gameobject.sql;Data/gameobject_template.sql;Data/gameobject_loot_template.sql,0,0,False,static map/spawn has no boss association
,0,,,,375,Tirisfal Pumpkin,1694,,,32,,static_spawn,Data/gameobject.sql;Data/gameobject_template.sql;Data/gameobject_loot_template.sql,0,0,False,static map/spawn has no boss association
,0,,,,759,The Holy Spring,938,,,1,,static_spawn,Data/gameobject.sql;Data/gameobject_template.sql;Data/gameobject_loot_template.sql,0,0,False,static map/spawn has no boss association
,0,,,,1165,Gunther\'s Books,1684,,,1,,static_spawn,Data/gameobject.sql;Data/gameobject_template.sql;Data/gameobject_loot_template.sql,0,0,False,static map/spawn has no boss association
,0,,,,1166,Alexston\'s Chest,1693,,,1,,static_spawn,Data/gameobject.sql;Data/gameobject_template.sql;Data/gameobject_loot_template.sql,0,0,False,static map/spawn has no boss association
,0,,,,1560,Storage Chest,1686,,,1,,static_spawn,Data/gameobject.sql;Data/gameobject_template.sql;Data/gameobject_loot_template.sql,0,0,False,static map/spawn has no boss association
,0,,,,1562,Marshal Haggard\'s Chest,1685,,,1,,static_spawn,Data/gameobject.sql;Data/gameobject_template.sql;Data/gameobject_loot_template.sql,0,0,False,static map/spawn has no boss association
,0,,,,1571,Dusty Spellbooks,1696,,,1,,static_spawn,Data/gameobject.sql;Data/gameobject_template.sql;Data/gameobject_loot_template.sql,0,0,False,static map/spawn has no boss association
,0,,,,1594,Berard\'s Bookshelf,1698,,,1,,static_spawn,Data/gameobject.sql;Data/gameobject_template.sql;Data/gameobject_loot_template.sql,0,0,False,static map/spawn has no boss association
,0,,,,1610,Incendicite Mineral Vein,1409,,,4,,static_spawn,Data/gameobject.sql;Data/gameobject_template.sql;Data/gameobject_loot_template.sql,0,0,False,static map/spawn has no boss association
,0,,,,1617,Silverleaf,1414,,,398,,static_spawn,Data/gameobject.sql;Data/gameobject_template.sql;Data/gameobject_loot_template.sql,0,0,False,static map/spawn has no boss association
,0,,,,1618,Peacebloom,1415,,,278,,static_spawn,Data/gameobject.sql;Data/gameobject_template.sql;Data/gameobject_loot_template.sql,0,0,False,static map/spawn has no boss association
,0,,,,1619,Earthroot,1416,,,239,,static_spawn,Data/gameobject.sql;Data/gameobject_template.sql;Data/gameobject_loot_template.sql,0,0,False,static map/spawn has no boss association
,0,,,,1620,Mageroyal,1417,,,245,,static_spawn,Data/gameobject.sql;Data/gameobject_template.sql;Data/gameobject_loot_template.sql,0,0,False,static map/spawn has no boss association
,0,,,,1621,Briarthorn,1418,,,338,,static_spawn,Data/gameobject.sql;Data/gameobject_template.sql;Data/gameobject_loot_template.sql,0,0,False,static map/spawn has no boss association
,0,,,,1622,Bruiseweed,1419,,,269,,static_spawn,Data/gameobject.sql;Data/gameobject_template.sql;Data/gameobject_loot_template.sql,0,0,False,static map/spawn has no boss association
,0,,,,1623,Wild Steelbloom,1420,,,179,,static_spawn,Data/gameobject.sql;Data/gameobject_template.sql;Data/gameobject_loot_template.sql,0,0,False,static map/spawn has no boss association
,0,,,,1624,Kingsblood,1421,,,316,,static_spawn,Data/gameobject.sql;Data/gameobject_template.sql;Data/gameobject_loot_template.sql,0,0,False,static map/spawn has no boss association
,0,,,,1628,Grave Moss,1424,,,37,,static_spawn,Data/gameobject.sql;Data/gameobject_template.sql;Data/gameobject_loot_template.sql,0,0,False,static map/spawn has no boss association
,0,,,,1667,Incendicite Mineral Vein,1409,,,2,,static_spawn,Data/gameobject.sql;Data/gameobject_template.sql;Data/gameobject_loot_template.sql,0,0,False,static map/spawn has no boss association
,0,,,,1723,Mudsnout Blossom,1703,,,6,,static_spawn,Data/gameobject.sql;Data/gameobject_template.sql;Data/gameobject_loot_template.sql,0,0,False,static map/spawn has no boss association
,0,,,,1727,Keg of Shindigger Stout,1702,,,1,,static_spawn,Data/gameobject.sql;Data/gameobject_template.sql;Data/gameobject_loot_template.sql,0,0,False,static map/spawn has no boss association
,0,,,,1731,Copper Vein,1502,,,812,,static_spawn,Data/gameobject.sql;Data/gameobject_template.sql;Data/gameobject_loot_template.sql,0,0,False,static map/spawn has no boss association
,0,,,,1732,Tin Vein,1503,,,390,,static_spawn,Data/gameobject.sql;Data/gameobject_template.sql;Data/gameobject_loot_template.sql,0,0,False,static map/spawn has no boss association
,0,,,,1733,Silver Vein,1504,,,811,,static_spawn,Data/gameobject.sql;Data/gameobject_template.sql;Data/gameobject_loot_template.sql,0,0,False,static map/spawn has no boss association
,0,,,,1734,Gold Vein,1506,,,760,,static_spawn,Data/gameobject.sql;Data/gameobject_template.sql;Data/gameobject_loot_template.sql,0,0,False,static map/spawn has no boss association
,0,,,,1735,Iron Deposit,1505,,,410,,static_spawn,Data/gameobject.sql;Data/gameobject_template.sql;Data/gameobject_loot_template.sql,0,0,False,static map/spawn has no boss association
,0,,,,1736,Shipment of Iron,1705,,,1,,static_spawn,Data/gameobject.sql;Data/gameobject_template.sql;Data/gameobject_loot_template.sql,0,0,False,static map/spawn has no boss association
,0,,,,1759,Hillsbrad Town Registry,1704,,,1,,static_spawn,Data/gameobject.sql;Data/gameobject_template.sql;Data/gameobject_loot_template.sql,0,0,False,static map/spawn has no boss association
,0,,,,1760,Weathered Bookcase,1513,,,1,,static_spawn,Data/gameobject.sql;Data/gameobject_template.sql;Data/gameobject_loot_template.sql,0,0,False,static map/spawn has no boss association
,0,,,,1765,Worn Wooden Chest,1570,,,1,,static_spawn,Data/gameobject.sql;Data/gameobject_template.sql;Data/gameobject_loot_template.sql,0,0,False,static map/spawn has no boss association
,0,,,,2039,Hidden Strongbox,1711,,,3,,static_spawn,Data/gameobject.sql;Data/gameobject_template.sql;Data/gameobject_loot_template.sql,0,0,False,static map/spawn has no boss association
,0,,,,2040,Mithril Deposit,1742,,,350,,static_spawn,Data/gameobject.sql;Data/gameobject_template.sql;Data/gameobject_loot_template.sql,0,0,False,static map/spawn has no boss association
,0,,,,2041,Liferoot,1730,,,208,,static_spawn,Data/gameobject.sql;Data/gameobject_template.sql;Data/gameobject_loot_template.sql,0,0,False,static map/spawn has no boss association
,0,,,,2042,Fadeleaf,1731,,,108,,static_spawn,Data/gameobject.sql;Data/gameobject_template.sql;Data/gameobject_loot_template.sql,0,0,False,static map/spawn has no boss association
,0,,,,2043,Khadgar\'s Whisker,1423,,,198,,static_spawn,Data/gameobject.sql;Data/gameobject_template.sql;Data/gameobject_loot_template.sql,0,0,False,static map/spawn has no boss association
,0,,,,2044,Wintersbite,1732,,,24,,static_spawn,Data/gameobject.sql;Data/gameobject_template.sql;Data/gameobject_loot_template.sql,0,0,False,static map/spawn has no boss association
,0,,,,2045,Stranglekelp,1733,,,376,,static_spawn,Data/gameobject.sql;Data/gameobject_template.sql;Data/gameobject_loot_template.sql,0,0,False,static map/spawn has no boss association
,0,,,,2046,Goldthorn,1734,,,246,,static_spawn,Data/gameobject.sql;Data/gameobject_template.sql;Data/gameobject_loot_template.sql,0,0,False,static map/spawn has no boss association
,0,,,,2047,Truesilver Deposit,5045,,,545,,static_spawn,Data/gameobject.sql;Data/gameobject_template.sql;Data/gameobject_loot_template.sql,0,0,False,static map/spawn has no boss association
,0,,,,2054,Tin Vein,1736,,,11,,static_spawn,Data/gameobject.sql;Data/gameobject_template.sql;Data/gameobject_loot_template.sql,0,0,False,static map/spawn has no boss association
,0,,,,2055,Copper Vein,1735,,,10,,static_spawn,Data/gameobject.sql;Data/gameobject_template.sql;Data/gameobject_loot_template.sql,0,0,False,static map/spawn has no boss association
,0,,,,2068,Pupellyverbos Port,1743,,,32,,static_spawn,Data/gameobject.sql;Data/gameobject_template.sql;Data/gameobject_loot_template.sql,0,0,False,static map/spawn has no boss association
,0,,,,2084,Musquash Root,1700,,,1,,static_spawn,Data/gameobject.sql;Data/gameobject_template.sql;Data/gameobject_loot_template.sql,0,0,False,static map/spawn has no boss association
,0,,,,2086,Bloodsail Charts,1852,,,4,,static_spawn,Data/gameobject.sql;Data/gameobject_template.sql;Data/gameobject_loot_template.sql,0,0,False,static map/spawn has no boss association
,0,,,,2087,Bloodsail Orders,1853,,,2,,static_spawn,Data/gameobject.sql;Data/gameobject_template.sql;Data/gameobject_loot_template.sql,0,0,False,static map/spawn has no boss association
,0,,,,2554,Cortello\'s Riddle,2028,,,3,,static_spawn,Data/gameobject.sql;Data/gameobject_template.sql;Data/gameobject_loot_template.sql,0,0,False,static map/spawn has no boss association
,0,,,,2560,Half-Buried Bottle,2032,,,12,,static_spawn,Data/gameobject.sql;Data/gameobject_template.sql;Data/gameobject_loot_template.sql,0,0,False,static map/spawn has no boss association
,0,,,,2653,Lesser Bloodstone Deposit,2039,,,8,,static_spawn,Data/gameobject.sql;Data/gameobject_template.sql;Data/gameobject_loot_template.sql,0,0,False,static map/spawn has no boss association
,0,,,,2656,Waterlogged Letter,2117,,,1,,static_spawn,Data/gameobject.sql;Data/gameobject_template.sql;Data/gameobject_loot_template.sql,0,0,False,static map/spawn has no boss association
,0,,,,2689,Stone of West Binding,2136,,,1,,static_spawn,Data/gameobject.sql;Data/gameobject_template.sql;Data/gameobject_loot_template.sql,0,0,False,static map/spawn has no boss association
,0,,,,2690,Stone of Outer Binding,2138,,,1,,static_spawn,Data/gameobject.sql;Data/gameobject_template.sql;Data/gameobject_loot_template.sql,0,0,False,static map/spawn has no boss association
,0,,,,2691,Stone of East Binding,2137,,,1,,static_spawn,Data/gameobject.sql;Data/gameobject_template.sql;Data/gameobject_loot_template.sql,0,0,False,static map/spawn has no boss association
,0,,,,2707,Maiden\'s Folly Charts,2140,,,1,,static_spawn,Data/gameobject.sql;Data/gameobject_template.sql;Data/gameobject_loot_template.sql,0,0,False,static map/spawn has no boss association
,0,,,,2708,Spirit of Silverpine Charts,2142,,,1,,static_spawn,Data/gameobject.sql;Data/gameobject_template.sql;Data/gameobject_loot_template.sql,0,0,False,static map/spawn has no boss association
,0,,,,2709,Maiden\'s Folly Log,2141,,,1,,static_spawn,Data/gameobject.sql;Data/gameobject_template.sql;Data/gameobject_loot_template.sql,0,0,False,static map/spawn has no boss association
,0,,,,2710,Spirit of Silverpine Log,2143,,,1,,static_spawn,Data/gameobject.sql;Data/gameobject_template.sql;Data/gameobject_loot_template.sql,0,0,False,static map/spawn has no boss association
,0,,,,2712,Calcified Elven Gem,2139,,,6,,static_spawn,Data/gameobject.sql;Data/gameobject_template.sql;Data/gameobject_loot_template.sql,0,0,False,static map/spawn has no boss association
,0,,,,2714,Alterac Granite,2145,,,6,,static_spawn,Data/gameobject.sql;Data/gameobject_template.sql;Data/gameobject_loot_template.sql,0,0,False,static map/spawn has no boss association
,0,,,,2716,Trelane\'s Chest,2179,,,1,,static_spawn,Data/gameobject.sql;Data/gameobject_template.sql;Data/gameobject_loot_template.sql,0,0,False,static map/spawn has no boss association
,0,,,,2717,Trelane\'s Footlocker,2178,,,1,,static_spawn,Data/gameobject.sql;Data/gameobject_template.sql;Data/gameobject_loot_template.sql,0,0,False,static map/spawn has no boss association
,0,,,,2718,Trelane\'s Lockbox,2177,,,1,,static_spawn,Data/gameobject.sql;Data/gameobject_template.sql;Data/gameobject_loot_template.sql,0,0,False,static map/spawn has no boss association
,0,,,,2724,Sack of Oats,2217,,,46,,static_spawn,Data/gameobject.sql;Data/gameobject_template.sql;Data/gameobject_loot_template.sql,0,0,False,static map/spawn has no boss association
,0,,,,2743,Carved Stone Urn,2263,,,14,,static_spawn,Data/gameobject.sql;Data/gameobject_template.sql;Data/gameobject_loot_template.sql,0,0,False,static map/spawn has no boss association
,0,,,,2744,Giant Clam,2264,,,80,,static_spawn,Data/gameobject.sql;Data/gameobject_template.sql;Data/gameobject_loot_template.sql,0,0,False,static map/spawn has no boss association
,0,,,,2842,Pillar of Diamond,2418,,,1,,static_spawn,Data/gameobject.sql;Data/gameobject_template.sql;Data/gameobject_loot_template.sql,0,0,False,static map/spawn has no boss association
,0,,,,2843,Battered Chest,2265,,,13,,static_spawn,Data/gameobject.sql;Data/gameobject_template.sql;Data/gameobject_loot_template.sql,0,0,False,static map/spawn has no boss association
,0,,,,2848,Pillar of Opal,2417,,,1,,static_spawn,Data/gameobject.sql;Data/gameobject_template.sql;Data/gameobject_loot_template.sql,0,0,False,static map/spawn has no boss association
,0,,,,2849,Battered Chest,2280,,,24,,static_spawn,Data/gameobject.sql;Data/gameobject_template.sql;Data/gameobject_loot_template.sql,0,0,False,static map/spawn has no boss association
,0,,,,2850,Solid Chest,2281,,,46,,static_spawn,Data/gameobject.sql;Data/gameobject_template.sql;Data/gameobject_loot_template.sql,0,0,False,static map/spawn has no boss association
,0,,,,2852,Solid Chest,2282,,,28,,static_spawn,Data/gameobject.sql;Data/gameobject_template.sql;Data/gameobject_loot_template.sql,0,0,False,static map/spawn has no boss association
,0,,,,2855,Solid Chest,2283,,,20,,static_spawn,Data/gameobject.sql;Data/gameobject_template.sql;Data/gameobject_loot_template.sql,0,0,False,static map/spawn has no boss association
,0,,,,2857,Solid Chest,2284,,,27,,static_spawn,Data/gameobject.sql;Data/gameobject_template.sql;Data/gameobject_loot_template.sql,0,0,False,static map/spawn has no boss association
,0,,,,2858,Pillar of Amethyst,2416,,,1,,static_spawn,Data/gameobject.sql;Data/gameobject_template.sql;Data/gameobject_loot_template.sql,0,0,False,static map/spawn has no boss association
,0,,,,2866,Firebloom,2292,,,102,,static_spawn,Data/gameobject.sql;Data/gameobject_template.sql;Data/gameobject_loot_template.sql,0,0,False,static map/spawn has no boss association
,0,,,,2867,Excavation Supply Crate,2298,,,1,,static_spawn,Data/gameobject.sql;Data/gameobject_template.sql;Data/gameobject_loot_template.sql,0,0,False,static map/spawn has no boss association
,0,,,,2883,Ripe Pumpkin,2356,,,3,,static_spawn,Data/gameobject.sql;Data/gameobject_template.sql;Data/gameobject_loot_template.sql,0,0,False,static map/spawn has no boss association
,0,,,,2891,Balia\'mah Trophy Skulls,1744,,,1,,static_spawn,Data/gameobject.sql;Data/gameobject_template.sql;Data/gameobject_loot_template.sql,0,0,False,static map/spawn has no boss association
,0,,,,2892,Ziata\'jai Trophy Skulls,1745,,,1,,static_spawn,Data/gameobject.sql;Data/gameobject_template.sql;Data/gameobject_loot_template.sql,0,0,False,static map/spawn has no boss association
,0,,,,2893,Zul\'Mamwe Trophy Skulls,1746,,,1,,static_spawn,Data/gameobject.sql;Data/gameobject_template.sql;Data/gameobject_loot_template.sql,0,0,False,static map/spawn has no boss association
,0,,,,3658,Water Barrel,2502,,,32,,static_spawn,Data/gameobject.sql;Data/gameobject_template.sql;Data/gameobject_loot_template.sql,0,0,False,static map/spawn has no boss association
,0,,,,3659,Barrel of Melon Juice,2601,,,24,,static_spawn,Data/gameobject.sql;Data/gameobject_template.sql;Data/gameobject_loot_template.sql,0,0,False,static map/spawn has no boss association
,0,,,,3662,Food Crate,2578,,,31,,static_spawn,Data/gameobject.sql;Data/gameobject_template.sql;Data/gameobject_loot_template.sql,0,0,False,static map/spawn has no boss association
,0,,,,3694,Food Crate,2575,,,3,,static_spawn,Data/gameobject.sql;Data/gameobject_template.sql;Data/gameobject_loot_template.sql,0,0,False,static map/spawn has no boss association
,0,,,,3695,Food Crate,2600,,,25,,static_spawn,Data/gameobject.sql;Data/gameobject_template.sql;Data/gameobject_loot_template.sql,0,0,False,static map/spawn has no boss association
,0,,,,3705,Barrel of Milk,2579,,,41,,static_spawn,Data/gameobject.sql;Data/gameobject_template.sql;Data/gameobject_loot_template.sql,0,0,False,static map/spawn has no boss association
,0,,,,3706,Barrel of Sweet Nectar,2602,,,21,,static_spawn,Data/gameobject.sql;Data/gameobject_template.sql;Data/gameobject_loot_template.sql,0,0,False,static map/spawn has no boss association
,0,,,,3707,Food Crate,9955,,,24,,static_spawn,Data/gameobject.sql;Data/gameobject_template.sql;Data/gameobject_loot_template.sql,0,0,False,static map/spawn has no boss association
,0,,,,3715,Tattered Chest,2281,,,3,,static_spawn,Data/gameobject.sql;Data/gameobject_template.sql;Data/gameobject_loot_template.sql,0,0,False,static map/spawn has no boss association
,0,,,,3719,Food Crate,2510,,,24,,static_spawn,Data/gameobject.sql;Data/gameobject_template.sql;Data/gameobject_loot_template.sql,0,0,False,static map/spawn has no boss association
,0,,,,4096,Tattered Chest,2282,,,4,,static_spawn,Data/gameobject.sql;Data/gameobject_template.sql;Data/gameobject_loot_template.sql,0,0,False,static map/spawn has no boss association
,0,,,,4149,Solid Chest,5278,,,38,,static_spawn,Data/gameobject.sql;Data/gameobject_template.sql;Data/gameobject_loot_template.sql,0,0,False,static map/spawn has no boss association
,0,,,,9630,Flagongut\'s Fossil,2760,,,1,,static_spawn,Data/gameobject.sql;Data/gameobject_template.sql;Data/gameobject_loot_template.sql,0,0,False,static map/spawn has no boss association
,0,,,,19017,Giant Clam,2954,,,1,,static_spawn,Data/gameobject.sql;Data/gameobject_template.sql;Data/gameobject_loot_template.sql,0,0,False,static map/spawn has no boss association
,0,,,,19018,Giant Clam,2959,,,32,,static_spawn,Data/gameobject.sql;Data/gameobject_template.sql;Data/gameobject_loot_template.sql,0,0,False,static map/spawn has no boss association
,0,,,,19019,Box of Assorted Parts,2953,,,2,,static_spawn,Data/gameobject.sql;Data/gameobject_template.sql;Data/gameobject_loot_template.sql,0,0,False,static map/spawn has no boss association
,0,,,,20691,Cozzle\'s Footlocker,3309,,,1,,static_spawn,Data/gameobject.sql;Data/gameobject_template.sql;Data/gameobject_loot_template.sql,0,0,False,static map/spawn has no boss association
,0,,,,21052,Defias Strongbox,3443,,,1,,static_spawn,Data/gameobject.sql;Data/gameobject_template.sql;Data/gameobject_loot_template.sql,0,0,False,static map/spawn has no boss association
,0,,,,22550,Draenethyst Crystals,3601,,,9,,static_spawn,Data/gameobject.sql;Data/gameobject_template.sql;Data/gameobject_loot_template.sql,0,0,False,static map/spawn has no boss association
,0,,,,24798,Sundried Driftwood,3544,,,21,,static_spawn,Data/gameobject.sql;Data/gameobject_template.sql;Data/gameobject_loot_template.sql,0,0,False,static map/spawn has no boss association
,0,,,,28024,Caravan Chest,3596,,,1,,static_spawn,Data/gameobject.sql;Data/gameobject_template.sql;Data/gameobject_loot_template.sql,0,0,False,static map/spawn has no boss association
,0,,,,28604,Scattered Crate,3597,,,4,,static_spawn,Data/gameobject.sql;Data/gameobject_template.sql;Data/gameobject_loot_template.sql,0,0,False,static map/spawn has no boss association
,0,,,,30854,Atal\'ai Artifact,3598,,,15,,static_spawn,Data/gameobject.sql;Data/gameobject_template.sql;Data/gameobject_loot_template.sql,0,0,False,static map/spawn has no boss association
,0,,,,30855,Atal\'ai Artifact,3598,,,10,,static_spawn,Data/gameobject.sql;Data/gameobject_template.sql;Data/gameobject_loot_template.sql,0,0,False,static map/spawn has no boss association
,0,,,,30856,Atal\'ai Artifact,3598,,,14,,static_spawn,Data/gameobject.sql;Data/gameobject_template.sql;Data/gameobject_loot_template.sql,0,0,False,static map/spawn has no boss association
,0,,,,35252,Ancient Relic,1678,,,1,,static_spawn,Data/gameobject.sql;Data/gameobject_template.sql;Data/gameobject_loot_template.sql,0,0,False,static map/spawn has no boss association
,0,,,,37098,Perrine\'s Chest,3625,,,1,,static_spawn,Data/gameobject.sql;Data/gameobject_template.sql;Data/gameobject_loot_template.sql,0,0,False,static map/spawn has no boss association
,0,,,,37099,Atal\'ai Tablet,3626,,,14,,static_spawn,Data/gameobject.sql;Data/gameobject_template.sql;Data/gameobject_loot_template.sql,0,0,False,static map/spawn has no boss association
,0,,,,50936,Sack of Barley,3840,,,1,,static_spawn,Data/gameobject.sql;Data/gameobject_template.sql;Data/gameobject_loot_template.sql,0,0,False,static map/spawn has no boss association
,0,,,,50937,Sack of Rye,3842,,,1,,static_spawn,Data/gameobject.sql;Data/gameobject_template.sql;Data/gameobject_loot_template.sql,0,0,False,static map/spawn has no boss association
,0,,,,50982,The Charred Oak,3844,,,1,,static_spawn,Data/gameobject.sql;Data/gameobject_template.sql;Data/gameobject_loot_template.sql,0,0,False,static map/spawn has no boss association
,0,,,,83763,Stolen Books,4165,,,1,,static_spawn,Data/gameobject.sql;Data/gameobject_template.sql;Data/gameobject_loot_template.sql,0,0,False,static map/spawn has no boss association
,0,,,,85562,Ironband\'s Strongbox,4185,,,1,,static_spawn,Data/gameobject.sql;Data/gameobject_template.sql;Data/gameobject_loot_template.sql,0,0,False,static map/spawn has no boss association
,0,,,,85563,Dead-tooth\'s Strongbox,4184,,,1,,static_spawn,Data/gameobject.sql;Data/gameobject_template.sql;Data/gameobject_loot_template.sql,0,0,False,static map/spawn has no boss association
,0,,,,89634,Iron Coral,4227,,,8,,static_spawn,Data/gameobject.sql;Data/gameobject_template.sql;Data/gameobject_loot_template.sql,0,0,False,static map/spawn has no boss association
,0,,,,92013,Tome of the Cabal,4305,,,1,,static_spawn,Data/gameobject.sql;Data/gameobject_template.sql;Data/gameobject_loot_template.sql,0,0,False,static map/spawn has no boss association
,0,,,,92420,Bailor\'s Ore,4352,,,1,,static_spawn,Data/gameobject.sql;Data/gameobject_template.sql;Data/gameobject_loot_template.sql,0,0,False,static map/spawn has no boss association
,0,,,,102984,Bink\'s Toolbox,4504,,,1,,static_spawn,Data/gameobject.sql;Data/gameobject_template.sql;Data/gameobject_loot_template.sql,0,0,False,static map/spawn has no boss association
,0,,,,102985,Balnir Snapdragons,4505,,,6,,static_spawn,Data/gameobject.sql;Data/gameobject_template.sql;Data/gameobject_loot_template.sql,0,0,False,static map/spawn has no boss association
,0,,,,103600,Andron\'s Bookshelf,4590,,,1,,static_spawn,Data/gameobject.sql;Data/gameobject_template.sql;Data/gameobject_loot_template.sql,0,0,False,static map/spawn has no boss association
,0,,,,103628,Ur\'s Treatise on Shadow Magic,4564,,,1,,static_spawn,Data/gameobject.sql;Data/gameobject_template.sql;Data/gameobject_loot_template.sql,0,0,False,static map/spawn has no boss association
,0,,,,103711,Tin Vein,1503,,,17,,static_spawn,Data/gameobject.sql;Data/gameobject_template.sql;Data/gameobject_loot_template.sql,0,0,False,static map/spawn has no boss association
,0,,,,103815,Ambermill Strongbox,4667,,,1,,static_spawn,Data/gameobject.sql;Data/gameobject_template.sql;Data/gameobject_loot_template.sql,0,0,False,static map/spawn has no boss association
,0,,,,104564,Bingles\'s Toolbucket,4685,,,1,,static_spawn,Data/gameobject.sql;Data/gameobject_template.sql;Data/gameobject_loot_template.sql,0,0,False,static map/spawn has no boss association
,0,,,,104569,Bingles\'s Toolbucket,4686,,,1,,static_spawn,Data/gameobject.sql;Data/gameobject_template.sql;Data/gameobject_loot_template.sql,0,0,False,static map/spawn has no boss association
,0,,,,104574,Bingles\'s Toolbucket,4687,,,1,,static_spawn,Data/gameobject.sql;Data/gameobject_template.sql;Data/gameobject_loot_template.sql,0,0,False,static map/spawn has no boss association
,0,,,,104575,Bingles\'s Blastencapper,4688,,,1,,static_spawn,Data/gameobject.sql;Data/gameobject_template.sql;Data/gameobject_loot_template.sql,0,0,False,static map/spawn has no boss association
,0,,,,105169,Agamand Weapon Rack,4764,,,1,,static_spawn,Data/gameobject.sql;Data/gameobject_template.sql;Data/gameobject_loot_template.sql,0,0,False,static map/spawn has no boss association
,0,,,,105170,Agamand Weapon Rack,4765,,,1,,static_spawn,Data/gameobject.sql;Data/gameobject_template.sql;Data/gameobject_loot_template.sql,0,0,False,static map/spawn has no boss association
,0,,,,105171,Agamand Weapon Rack,4766,,,1,,static_spawn,Data/gameobject.sql;Data/gameobject_template.sql;Data/gameobject_loot_template.sql,0,0,False,static map/spawn has no boss association
,0,,,,105172,Agamand Weapon Rack,4767,,,1,,static_spawn,Data/gameobject.sql;Data/gameobject_template.sql;Data/gameobject_loot_template.sql,0,0,False,static map/spawn has no boss association
,0,,,,105174,Chest of Containment Coffers,4768,,,5,,static_spawn,Data/gameobject.sql;Data/gameobject_template.sql;Data/gameobject_loot_template.sql,0,0,False,static map/spawn has no boss association
,0,,,,105175,Cantation of Manifestation,4769,,,3,,static_spawn,Data/gameobject.sql;Data/gameobject_template.sql;Data/gameobject_loot_template.sql,0,0,False,static map/spawn has no boss association
,0,,,,105569,Silver Vein,1504,,,17,,static_spawn,Data/gameobject.sql;Data/gameobject_template.sql;Data/gameobject_loot_template.sql,0,0,False,static map/spawn has no boss association
,0,,,,105578,Tattered Chest,2283,,,2,,static_spawn,Data/gameobject.sql;Data/gameobject_template.sql;Data/gameobject_loot_template.sql,0,0,False,static map/spawn has no boss association
,0,,,,105579,Tattered Chest,2283,,,4,,static_spawn,Data/gameobject.sql;Data/gameobject_template.sql;Data/gameobject_loot_template.sql,0,0,False,static map/spawn has no boss association
,0,,,,105581,Tattered Chest,2284,,,1,,static_spawn,Data/gameobject.sql;Data/gameobject_template.sql;Data/gameobject_loot_template.sql,0,0,False,static map/spawn has no boss association
,0,,,,106318,Battered Chest,2277,,,59,,static_spawn,Data/gameobject.sql;Data/gameobject_template.sql;Data/gameobject_loot_template.sql,0,0,False,static map/spawn has no boss association
,0,,,,106319,Battered Chest,2279,,,36,,static_spawn,Data/gameobject.sql;Data/gameobject_template.sql;Data/gameobject_loot_template.sql,0,0,False,static map/spawn has no boss association
,0,,,,111095,Tattered Chest,2280,,,4,,static_spawn,Data/gameobject.sql;Data/gameobject_template.sql;Data/gameobject_loot_template.sql,0,0,False,static map/spawn has no boss association
,0,,,,113768,Brightly Colored Egg,26884,,,18,,static_spawn,Data/gameobject.sql;Data/gameobject_template.sql;Data/gameobject_loot_template.sql,0,0,False,static map/spawn has no boss association
,0,,,,113769,Brightly Colored Egg,26884,,,17,,static_spawn,Data/gameobject.sql;Data/gameobject_template.sql;Data/gameobject_loot_template.sql,0,0,False,static map/spawn has no boss association
,0,,,,113770,Brightly Colored Egg,26884,,,17,,static_spawn,Data/gameobject.sql;Data/gameobject_template.sql;Data/gameobject_loot_template.sql,0,0,False,static map/spawn has no boss association
,0,,,,113771,Brightly Colored Egg,26884,,,17,,static_spawn,Data/gameobject.sql;Data/gameobject_template.sql;Data/gameobject_loot_template.sql,0,0,False,static map/spawn has no boss association
,0,,,,113772,Brightly Colored Egg,26884,,,17,,static_spawn,Data/gameobject.sql;Data/gameobject_template.sql;Data/gameobject_loot_template.sql,0,0,False,static map/spawn has no boss association
,0,,,,121264,Lucius\'s Lockbox,5026,,,1,,static_spawn,Data/gameobject.sql;Data/gameobject_template.sql;Data/gameobject_loot_template.sql,0,0,False,static map/spawn has no boss association
,0,,,,123214,Duskwood Chest,5044,,,1,,static_spawn,Data/gameobject.sql;Data/gameobject_template.sql;Data/gameobject_loot_template.sql,0,0,False,static map/spawn has no boss association
,0,,,,124388,Garrett Family Chest,5124,,,1,,static_spawn,Data/gameobject.sql;Data/gameobject_template.sql;Data/gameobject_loot_template.sql,0,0,False,static map/spawn has no boss association
,0,,,,124389,Krom Stoutarm\'s Chest,5125,,,1,,static_spawn,Data/gameobject.sql;Data/gameobject_template.sql;Data/gameobject_loot_template.sql,0,0,False,static map/spawn has no boss association
,0,,,,126049,Magenta Cap Clusters,5212,,,5,,static_spawn,Data/gameobject.sql;Data/gameobject_template.sql;Data/gameobject_loot_template.sql,0,0,False,static map/spawn has no boss association
,0,,,,126260,Ancient Chest,2309,,,1,,static_spawn,Data/gameobject.sql;Data/gameobject_template.sql;Data/gameobject_loot_template.sql,0,0,False,static map/spawn has no boss association
,0,,,,128293,Magenta Cap Clusters,5212,,,6,,static_spawn,Data/gameobject.sql;Data/gameobject_template.sql;Data/gameobject_loot_template.sql,0,0,False,static map/spawn has no boss association
,0,,,,140911,Spool of Light Chartreuse Silk Thread,5429,,,2,,static_spawn,Data/gameobject.sql;Data/gameobject_template.sql;Data/gameobject_loot_template.sql,0,0,False,static map/spawn has no boss association
,0,,,,141853,Violet Tragan,5606,,,6,,static_spawn,Data/gameobject.sql;Data/gameobject_template.sql;Data/gameobject_loot_template.sql,0,0,False,static map/spawn has no boss association
,0,,,,142076,Clara\'s Fresh Apples,5706,,,1,,static_spawn,Data/gameobject.sql;Data/gameobject_template.sql;Data/gameobject_loot_template.sql,0,0,False,static map/spawn has no boss association
,0,,,,142140,Purple Lotus,6142,,,81,,static_spawn,Data/gameobject.sql;Data/gameobject_template.sql;Data/gameobject_loot_template.sql,0,0,False,static map/spawn has no boss association
,0,,,,142141,Arthas\' Tears,6150,,,71,,static_spawn,Data/gameobject.sql;Data/gameobject_template.sql;Data/gameobject_loot_template.sql,0,0,False,static map/spawn has no boss association
,0,,,,142142,Sungrass,6151,,,130,,static_spawn,Data/gameobject.sql;Data/gameobject_template.sql;Data/gameobject_loot_template.sql,0,0,False,static map/spawn has no boss association
,0,,,,142143,Blindweed,6152,,,90,,static_spawn,Data/gameobject.sql;Data/gameobject_template.sql;Data/gameobject_loot_template.sql,0,0,False,static map/spawn has no boss association
,0,,,,142144,Ghost Mushroom,6312,,,22,,static_spawn,Data/gameobject.sql;Data/gameobject_template.sql;Data/gameobject_loot_template.sql,0,0,False,static map/spawn has no boss association
,0,,,,142145,Gromsblood,6313,,,26,,static_spawn,Data/gameobject.sql;Data/gameobject_template.sql;Data/gameobject_loot_template.sql,0,0,False,static map/spawn has no boss association
,0,,,,142191,Horde Supply Crate,6751,,,10,,static_spawn,Data/gameobject.sql;Data/gameobject_template.sql;Data/gameobject_loot_template.sql,0,0,False,static map/spawn has no boss association
,0,,,,148499,Felix\'s Box,8919,,,1,,static_spawn,Data/gameobject.sql;Data/gameobject_template.sql;Data/gameobject_loot_template.sql,0,0,False,static map/spawn has no boss association
,0,,,,148506,Twilight Artifact,8920,,,1,,static_spawn,Data/gameobject.sql;Data/gameobject_template.sql;Data/gameobject_loot_template.sql,0,0,False,static map/spawn has no boss association
,0,,,,150079,Mithril Deposit,1742,,,21,,static_spawn,Data/gameobject.sql;Data/gameobject_template.sql;Data/gameobject_loot_template.sql,0,0,False,static map/spawn has no boss association
,0,,,,150080,Gold Vein,1506,,,21,,static_spawn,Data/gameobject.sql;Data/gameobject_template.sql;Data/gameobject_loot_template.sql,0,0,False,static map/spawn has no boss association
,0,,,,150081,Truesilver Deposit,5045,,,38,,static_spawn,Data/gameobject.sql;Data/gameobject_template.sql;Data/gameobject_loot_template.sql,0,0,False,static map/spawn has no boss association
,0,,,,150082,Small Thorium Vein,9597,,,17,,static_spawn,Data/gameobject.sql;Data/gameobject_template.sql;Data/gameobject_loot_template.sql,0,0,False,static map/spawn has no boss association
,0,,,,153239,Wildkin Feather,9799,,,69,,static_spawn,Data/gameobject.sql;Data/gameobject_template.sql;Data/gameobject_loot_template.sql,0,0,False,static map/spawn has no boss association
,0,,,,153451,Solid Chest,9931,,,10,,static_spawn,Data/gameobject.sql;Data/gameobject_template.sql;Data/gameobject_loot_template.sql,0,0,False,static map/spawn has no boss association
,0,,,,153453,Solid Chest,9932,,,24,,static_spawn,Data/gameobject.sql;Data/gameobject_template.sql;Data/gameobject_loot_template.sql,0,0,False,static map/spawn has no boss association
,0,,,,153454,Solid Chest,9933,,,8,,static_spawn,Data/gameobject.sql;Data/gameobject_template.sql;Data/gameobject_loot_template.sql,0,0,False,static map/spawn has no boss association
,0,,,,153468,Large Mithril Bound Chest,9935,,,1,,static_spawn,Data/gameobject.sql;Data/gameobject_template.sql;Data/gameobject_loot_template.sql,0,0,False,static map/spawn has no boss association
,0,,,,153470,Food Crate,9956,,,9,,static_spawn,Data/gameobject.sql;Data/gameobject_template.sql;Data/gameobject_loot_template.sql,0,0,False,static map/spawn has no boss association
,0,,,,153471,Food Crate,9957,,,8,,static_spawn,Data/gameobject.sql;Data/gameobject_template.sql;Data/gameobject_loot_template.sql,0,0,False,static map/spawn has no boss association
,0,,,,153472,Food Crate,2509,,,3,,static_spawn,Data/gameobject.sql;Data/gameobject_template.sql;Data/gameobject_loot_template.sql,0,0,False,static map/spawn has no boss association
,0,,,,153473,Food Crate,2508,,,3,,static_spawn,Data/gameobject.sql;Data/gameobject_template.sql;Data/gameobject_loot_template.sql,0,0,False,static map/spawn has no boss association
,0,,,,154357,Glinting Mud,9999,,,10,,static_spawn,Data/gameobject.sql;Data/gameobject_template.sql;Data/gameobject_loot_template.sql,0,0,False,static map/spawn has no boss association
,0,,,,161557,Milly\'s Harvest,10119,,,36,,static_spawn,Data/gameobject.sql;Data/gameobject_template.sql;Data/gameobject_loot_template.sql,0,0,False,static map/spawn has no boss association
,0,,,,164662,Equipment Boxes,10984,,,14,,static_spawn,Data/gameobject.sql;Data/gameobject_template.sql;Data/gameobject_loot_template.sql,0,0,False,static map/spawn has no boss association
,0,,,,165658,Dark Iron Deposit,11213,,,140,,static_spawn,Data/gameobject.sql;Data/gameobject_template.sql;Data/gameobject_loot_template.sql,0,0,False,static map/spawn has no boss association
,0,,,,173266,Goodsteel Ledger,11582,,,1,,static_spawn,Data/gameobject.sql;Data/gameobject_template.sql;Data/gameobject_loot_template.sql,0,0,False,static map/spawn has no boss association
,0,,,,175404,Rich Thorium Vein,12883,,,72,,static_spawn,Data/gameobject.sql;Data/gameobject_template.sql;Data/gameobject_loot_template.sql,0,0,False,static map/spawn has no boss association
,0,,,,175487,Third Mosh\'aru Tablet,12904,,,1,,static_spawn,Data/gameobject.sql;Data/gameobject_template.sql;Data/gameobject_loot_template.sql,0,0,False,static map/spawn has no boss association
,0,,,,175488,Fourth Mosh\'aru Tablet,12905,,,1,,static_spawn,Data/gameobject.sql;Data/gameobject_template.sql;Data/gameobject_loot_template.sql,0,0,False,static map/spawn has no boss association
,0,,,,175566,Gloom Weed,13364,,,67,,static_spawn,Data/gameobject.sql;Data/gameobject_template.sql;Data/gameobject_loot_template.sql,0,0,False,static map/spawn has no boss association
,0,,,,175802,Small Lockbox,13220,,,20,,static_spawn,Data/gameobject.sql;Data/gameobject_template.sql;Data/gameobject_loot_template.sql,0,0,False,static map/spawn has no boss association
,0,,,,175889,Ancient Egg,13342,,,1,,static_spawn,Data/gameobject.sql;Data/gameobject_template.sql;Data/gameobject_loot_template.sql,0,0,False,static map/spawn has no boss association
,0,,,,176092,Box of Incendiaries,13575,,,1,,static_spawn,Data/gameobject.sql;Data/gameobject_template.sql;Data/gameobject_loot_template.sql,0,0,False,static map/spawn has no boss association
,0,,,,176116,Pamela\'s Doll\'s Head,13602,,,2,,static_spawn,Data/gameobject.sql;Data/gameobject_template.sql;Data/gameobject_loot_template.sql,0,0,False,static map/spawn has no boss association
,0,,,,176142,Pamela\'s Doll\'s Left Side,13603,,,2,,static_spawn,Data/gameobject.sql;Data/gameobject_template.sql;Data/gameobject_loot_template.sql,0,0,False,static map/spawn has no boss association
,0,,,,176143,Pamela\'s Doll\'s Right Side,13604,,,2,,static_spawn,Data/gameobject.sql;Data/gameobject_template.sql;Data/gameobject_loot_template.sql,0,0,False,static map/spawn has no boss association
,0,,,,176145,Joseph Redpath\'s Monument,13605,,,1,,static_spawn,Data/gameobject.sql;Data/gameobject_template.sql;Data/gameobject_loot_template.sql,0,0,False,static map/spawn has no boss association
,0,,,,176150,Musty Tome,13610,,,1,,static_spawn,Data/gameobject.sql;Data/gameobject_template.sql;Data/gameobject_loot_template.sql,0,0,False,static map/spawn has no boss association
,0,,,,176151,Musty Tome,14480,,,9,,static_spawn,Data/gameobject.sql;Data/gameobject_template.sql;Data/gameobject_loot_template.sql,0,0,False,static map/spawn has no boss association
,0,,,,176206,Davil\'s Libram,13640,,,1,,static_spawn,Data/gameobject.sql;Data/gameobject_template.sql;Data/gameobject_loot_template.sql,0,0,False,static map/spawn has no boss association
,0,,,,176207,Redpath\'s Shield,13641,,,1,,static_spawn,Data/gameobject.sql;Data/gameobject_template.sql;Data/gameobject_loot_template.sql,0,0,False,static map/spawn has no boss association
,0,,,,176208,Horgus\' Skull,13642,,,1,,static_spawn,Data/gameobject.sql;Data/gameobject_template.sql;Data/gameobject_loot_template.sql,0,0,False,static map/spawn has no boss association
,0,,,,176209,Shattered Sword of Marduk,13644,,,1,,static_spawn,Data/gameobject.sql;Data/gameobject_template.sql;Data/gameobject_loot_template.sql,0,0,False,static map/spawn has no boss association
,0,,,,176213,Blood of Heroes,13622,,,124,,static_spawn,Data/gameobject.sql;Data/gameobject_template.sql;Data/gameobject_loot_template.sql,0,0,False,static map/spawn has no boss association
,0,,,,176583,Golden Sansam,13945,,,56,,static_spawn,Data/gameobject.sql;Data/gameobject_template.sql;Data/gameobject_loot_template.sql,0,0,False,static map/spawn has no boss association
,0,,,,176584,Dreamfoil,13946,,,95,,static_spawn,Data/gameobject.sql;Data/gameobject_template.sql;Data/gameobject_loot_template.sql,0,0,False,static map/spawn has no boss association
,0,,,,176586,Mountain Silversage,13947,,,84,,static_spawn,Data/gameobject.sql;Data/gameobject_template.sql;Data/gameobject_loot_template.sql,0,0,False,static map/spawn has no boss association
,0,,,,176587,Plaguebloom,13948,,,152,,static_spawn,Data/gameobject.sql;Data/gameobject_template.sql;Data/gameobject_loot_template.sql,0,0,False,static map/spawn has no boss association
,0,,,,176589,Black Lotus,13950,,,46,,static_spawn,Data/gameobject.sql;Data/gameobject_template.sql;Data/gameobject_loot_template.sql,0,0,False,static map/spawn has no boss association
,0,,,,176630,Keepsake of Remembrance,13963,,,1,,static_spawn,Data/gameobject.sql;Data/gameobject_template.sql;Data/gameobject_loot_template.sql,0,0,False,static map/spawn has no boss association
,0,,,,176753,Doom Weed,13981,,,27,,static_spawn,Data/gameobject.sql;Data/gameobject_template.sql;Data/gameobject_loot_template.sql,0,0,False,static map/spawn has no boss association
,0,,,,176785,Ammo Crate,14045,,,1,,static_spawn,Data/gameobject.sql;Data/gameobject_template.sql;Data/gameobject_loot_template.sql,0,0,False,static map/spawn has no boss association
,0,,,,176793,Bundle of Wood,14105,,,25,,static_spawn,Data/gameobject.sql;Data/gameobject_template.sql;Data/gameobject_loot_template.sql,0,0,False,static map/spawn has no boss association
,0,,,,177264,Symbol of Lost Honor,14287,,,1,,static_spawn,Data/gameobject.sql;Data/gameobject_template.sql;Data/gameobject_loot_template.sql,0,0,False,static map/spawn has no boss association
,0,,,,177464,Large Termite Mound,14360,,,26,,static_spawn,Data/gameobject.sql;Data/gameobject_template.sql;Data/gameobject_loot_template.sql,0,0,False,static map/spawn has no boss association
,0,,,,177747,Quel\'Thalas Registry,14560,,,1,,static_spawn,Data/gameobject.sql;Data/gameobject_template.sql;Data/gameobject_loot_template.sql,0,0,False,static map/spawn has no boss association
,0,,,,177789,Augustus\' Receipt Book,14625,,,1,,static_spawn,Data/gameobject.sql;Data/gameobject_template.sql;Data/gameobject_loot_template.sql,0,0,False,static map/spawn has no boss association
,0,,,,177790,Strange Lockbox,14626,,,1,,static_spawn,Data/gameobject.sql;Data/gameobject_template.sql;Data/gameobject_loot_template.sql,0,0,False,static map/spawn has no boss association
,0,,,,177804,Mangled Human Remains,14680,,,1,,static_spawn,Data/gameobject.sql;Data/gameobject_template.sql;Data/gameobject_loot_template.sql,0,0,False,static map/spawn has no boss association
,0,,,,177805,Mangled Human Remains,14681,,,1,,static_spawn,Data/gameobject.sql;Data/gameobject_template.sql;Data/gameobject_loot_template.sql,0,0,False,static map/spawn has no boss association
,0,,,,177806,Mangled Human Remains,14682,,,1,,static_spawn,Data/gameobject.sql;Data/gameobject_template.sql;Data/gameobject_loot_template.sql,0,0,False,static map/spawn has no boss association
,0,,,,177844,Strange Lockbox,14626,,,1,,static_spawn,Data/gameobject.sql;Data/gameobject_template.sql;Data/gameobject_loot_template.sql,0,0,False,static map/spawn has no boss association
,0,,,,178084,Felix\'s Chest,14972,,,1,,static_spawn,Data/gameobject.sql;Data/gameobject_template.sql;Data/gameobject_loot_template.sql,0,0,False,static map/spawn has no boss association
,0,,,,178085,Felix\'s Bucket of Bolts,14973,,,1,,static_spawn,Data/gameobject.sql;Data/gameobject_template.sql;Data/gameobject_loot_template.sql,0,0,False,static map/spawn has no boss association
,0,,,,178204,Warsong Axe Shipment,15131,,,1,,static_spawn,Data/gameobject.sql;Data/gameobject_template.sql;Data/gameobject_loot_template.sql,0,0,False,static map/spawn has no boss association
,0,,,,178504,Stolen Chest,15380,,,1,,static_spawn,Data/gameobject.sql;Data/gameobject_template.sql;Data/gameobject_loot_template.sql,0,0,False,static map/spawn has no boss association
,0,,,,178609,Holiday Snow,15540,,,25,,static_spawn,Data/gameobject.sql;Data/gameobject_template.sql;Data/gameobject_loot_template.sql,0,0,False,static map/spawn has no boss association
,0,,,,179486,Battered Footlocker,16464,,,14,,static_spawn,Data/gameobject.sql;Data/gameobject_template.sql;Data/gameobject_loot_template.sql,0,0,False,static map/spawn has no boss association
,0,,,,179487,Waterlogged Footlocker,16464,,,8,,static_spawn,Data/gameobject.sql;Data/gameobject_template.sql;Data/gameobject_loot_template.sql,0,0,False,static map/spawn has no boss association
,0,,,,179488,Battered Footlocker,16464,,,11,,static_spawn,Data/gameobject.sql;Data/gameobject_template.sql;Data/gameobject_loot_template.sql,0,0,False,static map/spawn has no boss association
,0,,,,179490,Battered Footlocker,16465,,,6,,static_spawn,Data/gameobject.sql;Data/gameobject_template.sql;Data/gameobject_loot_template.sql,0,0,False,static map/spawn has no boss association
,0,,,,179492,Dented Footlocker,16465,,,4,,static_spawn,Data/gameobject.sql;Data/gameobject_template.sql;Data/gameobject_loot_template.sql,0,0,False,static map/spawn has no boss association
,0,,,,179493,Mossy Footlocker,16465,,,9,,static_spawn,Data/gameobject.sql;Data/gameobject_template.sql;Data/gameobject_loot_template.sql,0,0,False,static map/spawn has no boss association
,0,,,,179494,Dented Footlocker,16466,,,8,,static_spawn,Data/gameobject.sql;Data/gameobject_template.sql;Data/gameobject_loot_template.sql,0,0,False,static map/spawn has no boss association
,0,,,,179496,Dented Footlocker,16466,,,5,,static_spawn,Data/gameobject.sql;Data/gameobject_template.sql;Data/gameobject_loot_template.sql,0,0,False,static map/spawn has no boss association
,0,,,,179498,Scarlet Footlocker,16467,,,10,,static_spawn,Data/gameobject.sql;Data/gameobject_template.sql;Data/gameobject_loot_template.sql,0,0,False,static map/spawn has no boss association
,0,,,,179826,Secret Plans: Fiery Flux,16799,,,1,,static_spawn,Data/gameobject.sql;Data/gameobject_template.sql;Data/gameobject_loot_template.sql,0,0,False,static map/spawn has no boss association
,0,,,,179828,Dark Iron Pillow,16820,,,24,,static_spawn,Data/gameobject.sql;Data/gameobject_template.sql;Data/gameobject_loot_template.sql,0,0,False,static map/spawn has no boss association
,0,,,,179908,Slagtree\'s Lost Tools,16919,,,5,,static_spawn,Data/gameobject.sql;Data/gameobject_template.sql;Data/gameobject_loot_template.sql,0,0,False,static map/spawn has no boss association
,0,,,,179914,Pile of Bones,16925,,,1,,static_spawn,Data/gameobject.sql;Data/gameobject_template.sql;Data/gameobject_loot_template.sql,0,0,False,static map/spawn has no boss association
,0,,,,179915,Pile of Skulls,16924,,,1,,static_spawn,Data/gameobject.sql;Data/gameobject_template.sql;Data/gameobject_loot_template.sql,0,0,False,static map/spawn has no boss association
,0,,,,179922,Vessel of Tainted Blood,16926,,,28,,static_spawn,Data/gameobject.sql;Data/gameobject_template.sql;Data/gameobject_loot_template.sql,0,0,False,static map/spawn has no boss association
,0,,,,180370,Harvest Fruit,17323,,,3,,static_spawn,Data/gameobject.sql;Data/gameobject_template.sql;Data/gameobject_loot_template.sql,0,0,False,static map/spawn has no boss association
,0,,,,180371,Harvest Fish,17324,,,2,,static_spawn,Data/gameobject.sql;Data/gameobject_template.sql;Data/gameobject_loot_template.sql,0,0,False,static map/spawn has no boss association
,0,,,,180372,Harvest Boar,17325,,,2,,static_spawn,Data/gameobject.sql;Data/gameobject_template.sql;Data/gameobject_loot_template.sql,0,0,False,static map/spawn has no boss association
,0,,,,180373,Harvest Nectar,17326,,,8,,static_spawn,Data/gameobject.sql;Data/gameobject_template.sql;Data/gameobject_loot_template.sql,0,0,False,static map/spawn has no boss association
,0,,,,180523,Apple Bob,17378,,,22,,static_spawn,Data/gameobject.sql;Data/gameobject_template.sql;Data/gameobject_loot_template.sql,0,0,False,static map/spawn has no boss association
,0,,,,180754,Toasting Goblet,17685,,,251,,static_spawn,Data/gameobject.sql;Data/gameobject_template.sql;Data/gameobject_loot_template.sql,0,0,False,static map/spawn has no boss association
,0,,,,180905,Festive Mug,17540,,,247,,static_spawn,Data/gameobject.sql;Data/gameobject_template.sql;Data/gameobject_loot_template.sql,0,0,False,static map/spawn has no boss association
,0,,,,181098,Volcanic Ash,17912,,,54,,static_spawn,Data/gameobject.sql;Data/gameobject_template.sql;Data/gameobject_loot_template.sql,0,0,False,static map/spawn has no boss association
,,,script_JustDied,JustDied,181366,Four Horsemen Chest,25192,,,0,10,script_summon,Data/gameobject.sql;Data/gameobject_template.sql;Data/gameobject_loot_template.sql;src\server\scripts\Northrend\Naxxramas\boss_four_horsemen.cpp,0,0,False,script summon has no explicit instance-script map anchor
,0,,,,181620,Unopened Crate,18399,,,1,,static_spawn,Data/gameobject.sql;Data/gameobject_template.sql;Data/gameobject_loot_template.sql,0,0,False,static map/spawn has no boss association
,0,,,,181627,Weapon Rack,18402,,,1,,static_spawn,Data/gameobject.sql;Data/gameobject_template.sql;Data/gameobject_loot_template.sql,0,0,False,static map/spawn has no boss association
,0,,,,181628,Empty Barrel,18403,,,1,,static_spawn,Data/gameobject.sql;Data/gameobject_template.sql;Data/gameobject_loot_template.sql,0,0,False,static map/spawn has no boss association
,0,,,,181629,Holy Coffer,18404,,,1,,static_spawn,Data/gameobject.sql;Data/gameobject_template.sql;Data/gameobject_loot_template.sql,0,0,False,static map/spawn has no boss association
,0,,,,181645,Gryphon Egg,18427,,,10,,static_spawn,Data/gameobject.sql;Data/gameobject_template.sql;Data/gameobject_loot_template.sql,0,0,False,static map/spawn has no boss association
,0,,,,181963,Charred Bone Fragment,18648,,,1,,static_spawn,Data/gameobject.sql;Data/gameobject_template.sql;Data/gameobject_loot_template.sql,0,0,False,static map/spawn has no boss association
,0,,,,182063,Basin of Holy Water,18699,,,1,,static_spawn,Data/gameobject.sql;Data/gameobject_template.sql;Data/gameobject_loot_template.sql,0,0,False,static map/spawn has no boss association
,,,script_JustDied,JustDied,193426,Four Horsemen Chest,25193,,,0,25,script_summon,Data/gameobject.sql;Data/gameobject_template.sql;Data/gameobject_loot_template.sql;src\server\scripts\Northrend\Naxxramas\boss_four_horsemen.cpp,0,0,False,script summon has no explicit instance-script map anchor
,0,,,,194340,Dusty Journal,26877,,,2,,static_spawn,Data/gameobject.sql;Data/gameobject_template.sql;Data/gameobject_loot_template.sql,0,0,False,static map/spawn has no boss association
,0,,,,201778,Crown Chemical Co. Supplies,27766,,,2,,static_spawn,Data/gameobject.sql;Data/gameobject_template.sql;Data/gameobject_loot_template.sql,0,0,False,static map/spawn has no boss association
,0,,,,202083,Razormaw Matriach\'s Nest,27826,,,4,,static_spawn,Data/gameobject.sql;Data/gameobject_template.sql;Data/gameobject_loot_template.sql,0,0,False,static map/spawn has no boss association
,1,,,,324,Small Thorium Vein,9597,,,174,,static_spawn,Data/gameobject.sql;Data/gameobject_template.sql;Data/gameobject_loot_template.sql,0,0,False,static map/spawn has no boss association
,1,,,,1617,Silverleaf,1414,,,278,,static_spawn,Data/gameobject.sql;Data/gameobject_template.sql;Data/gameobject_loot_template.sql,0,0,False,static map/spawn has no boss association
,1,,,,1618,Peacebloom,1415,,,254,,static_spawn,Data/gameobject.sql;Data/gameobject_template.sql;Data/gameobject_loot_template.sql,0,0,False,static map/spawn has no boss association
,1,,,,1619,Earthroot,1416,,,167,,static_spawn,Data/gameobject.sql;Data/gameobject_template.sql;Data/gameobject_loot_template.sql,0,0,False,static map/spawn has no boss association
,1,,,,1620,Mageroyal,1417,,,144,,static_spawn,Data/gameobject.sql;Data/gameobject_template.sql;Data/gameobject_loot_template.sql,0,0,False,static map/spawn has no boss association
,1,,,,1621,Briarthorn,1418,,,116,,static_spawn,Data/gameobject.sql;Data/gameobject_template.sql;Data/gameobject_loot_template.sql,0,0,False,static map/spawn has no boss association
,1,,,,1622,Bruiseweed,1419,,,187,,static_spawn,Data/gameobject.sql;Data/gameobject_template.sql;Data/gameobject_loot_template.sql,0,0,False,static map/spawn has no boss association
,1,,,,1623,Wild Steelbloom,1420,,,107,,static_spawn,Data/gameobject.sql;Data/gameobject_template.sql;Data/gameobject_loot_template.sql,0,0,False,static map/spawn has no boss association
,1,,,,1624,Kingsblood,1421,,,220,,static_spawn,Data/gameobject.sql;Data/gameobject_template.sql;Data/gameobject_loot_template.sql,0,0,False,static map/spawn has no boss association
,1,,,,1628,Grave Moss,1424,,,24,,static_spawn,Data/gameobject.sql;Data/gameobject_template.sql;Data/gameobject_loot_template.sql,0,0,False,static map/spawn has no boss association
,1,,,,1673,Fel Cone,1701,,,62,,static_spawn,Data/gameobject.sql;Data/gameobject_template.sql;Data/gameobject_loot_template.sql,0,0,False,static map/spawn has no boss association
,1,,,,1731,Copper Vein,1502,,,603,,static_spawn,Data/gameobject.sql;Data/gameobject_template.sql;Data/gameobject_loot_template.sql,0,0,False,static map/spawn has no boss association
,1,,,,1732,Tin Vein,1503,,,287,,static_spawn,Data/gameobject.sql;Data/gameobject_template.sql;Data/gameobject_loot_template.sql,0,0,False,static map/spawn has no boss association
,1,,,,1733,Silver Vein,1504,,,597,,static_spawn,Data/gameobject.sql;Data/gameobject_template.sql;Data/gameobject_loot_template.sql,0,0,False,static map/spawn has no boss association
,1,,,,1734,Gold Vein,1506,,,482,,static_spawn,Data/gameobject.sql;Data/gameobject_template.sql;Data/gameobject_loot_template.sql,0,0,False,static map/spawn has no boss association
,1,,,,1735,Iron Deposit,1505,,,259,,static_spawn,Data/gameobject.sql;Data/gameobject_template.sql;Data/gameobject_loot_template.sql,0,0,False,static map/spawn has no boss association
,1,,,,2040,Mithril Deposit,1742,,,223,,static_spawn,Data/gameobject.sql;Data/gameobject_template.sql;Data/gameobject_loot_template.sql,0,0,False,static map/spawn has no boss association
,1,,,,2041,Liferoot,1730,,,114,,static_spawn,Data/gameobject.sql;Data/gameobject_template.sql;Data/gameobject_loot_template.sql,0,0,False,static map/spawn has no boss association
,1,,,,2042,Fadeleaf,1731,,,39,,static_spawn,Data/gameobject.sql;Data/gameobject_template.sql;Data/gameobject_loot_template.sql,0,0,False,static map/spawn has no boss association
,1,,,,2043,Khadgar\'s Whisker,1423,,,101,,static_spawn,Data/gameobject.sql;Data/gameobject_template.sql;Data/gameobject_loot_template.sql,0,0,False,static map/spawn has no boss association
,1,,,,2045,Stranglekelp,1733,,,212,,static_spawn,Data/gameobject.sql;Data/gameobject_template.sql;Data/gameobject_loot_template.sql,0,0,False,static map/spawn has no boss association
,1,,,,2046,Goldthorn,1734,,,111,,static_spawn,Data/gameobject.sql;Data/gameobject_template.sql;Data/gameobject_loot_template.sql,0,0,False,static map/spawn has no boss association
,1,,,,2047,Truesilver Deposit,5045,,,366,,static_spawn,Data/gameobject.sql;Data/gameobject_template.sql;Data/gameobject_loot_template.sql,0,0,False,static map/spawn has no boss association
,1,,,,2739,Chest of the Black Feather,2237,,,1,,static_spawn,Data/gameobject.sql;Data/gameobject_template.sql;Data/gameobject_loot_template.sql,0,0,False,static map/spawn has no boss association
,1,,,,2740,Chest of the Raven Claw,2238,,,1,,static_spawn,Data/gameobject.sql;Data/gameobject_template.sql;Data/gameobject_loot_template.sql,0,0,False,static map/spawn has no boss association
,1,,,,2741,Chest of the Sky,2239,,,1,,static_spawn,Data/gameobject.sql;Data/gameobject_template.sql;Data/gameobject_loot_template.sql,0,0,False,static map/spawn has no boss association
,1,,,,2742,Chest of Nesting,2240,,,1,,static_spawn,Data/gameobject.sql;Data/gameobject_template.sql;Data/gameobject_loot_template.sql,0,0,False,static map/spawn has no boss association
,1,,,,2843,Battered Chest,2265,,,8,,static_spawn,Data/gameobject.sql;Data/gameobject_template.sql;Data/gameobject_loot_template.sql,0,0,False,static map/spawn has no boss association
,1,,,,2849,Battered Chest,2280,,,25,,static_spawn,Data/gameobject.sql;Data/gameobject_template.sql;Data/gameobject_loot_template.sql,0,0,False,static map/spawn has no boss association
,1,,,,2850,Solid Chest,2281,,,11,,static_spawn,Data/gameobject.sql;Data/gameobject_template.sql;Data/gameobject_loot_template.sql,0,0,False,static map/spawn has no boss association
,1,,,,2852,Solid Chest,2282,,,11,,static_spawn,Data/gameobject.sql;Data/gameobject_template.sql;Data/gameobject_loot_template.sql,0,0,False,static map/spawn has no boss association
,1,,,,2855,Solid Chest,2283,,,7,,static_spawn,Data/gameobject.sql;Data/gameobject_template.sql;Data/gameobject_loot_template.sql,0,0,False,static map/spawn has no boss association
,1,,,,2857,Solid Chest,2284,,,18,,static_spawn,Data/gameobject.sql;Data/gameobject_template.sql;Data/gameobject_loot_template.sql,0,0,False,static map/spawn has no boss association
,1,,,,2866,Firebloom,2292,,,65,,static_spawn,Data/gameobject.sql;Data/gameobject_template.sql;Data/gameobject_loot_template.sql,0,0,False,static map/spawn has no boss association
,1,,,,2907,Water Pitcher,2369,,,4,,static_spawn,Data/gameobject.sql;Data/gameobject_template.sql;Data/gameobject_loot_template.sql,0,0,False,static map/spawn has no boss association
,1,,,,2910,Well Stone,2411,,,16,,static_spawn,Data/gameobject.sql;Data/gameobject_template.sql;Data/gameobject_loot_template.sql,0,0,False,static map/spawn has no boss association
,1,,,,2912,Ambercorn,2412,,,50,,static_spawn,Data/gameobject.sql;Data/gameobject_template.sql;Data/gameobject_loot_template.sql,0,0,False,static map/spawn has no boss association
,1,,,,3236,Gnomish Toolbox,2422,,,20,,static_spawn,Data/gameobject.sql;Data/gameobject_template.sql;Data/gameobject_loot_template.sql,0,0,False,static map/spawn has no boss association
,1,,,,3237,Imprisoned Darkspear,2424,,,3,,static_spawn,Data/gameobject.sql;Data/gameobject_template.sql;Data/gameobject_loot_template.sql,0,0,False,static map/spawn has no boss association
,1,,,,3238,Chen\'s Empty Keg,2494,,,9,,static_spawn,Data/gameobject.sql;Data/gameobject_template.sql;Data/gameobject_loot_template.sql,0,0,False,static map/spawn has no boss association
,1,,,,3239,Benedict\'s Chest,2483,,,1,,static_spawn,Data/gameobject.sql;Data/gameobject_template.sql;Data/gameobject_loot_template.sql,0,0,False,static map/spawn has no boss association
,1,,,,3240,Taillasher Eggs,2495,,,27,,static_spawn,Data/gameobject.sql;Data/gameobject_template.sql;Data/gameobject_loot_template.sql,0,0,False,static map/spawn has no boss association
,1,,,,3290,Stolen Supply Sack,2491,,,10,,static_spawn,Data/gameobject.sql;Data/gameobject_template.sql;Data/gameobject_loot_template.sql,0,0,False,static map/spawn has no boss association
,1,,,,3640,Laden Mushroom,2496,,,20,,static_spawn,Data/gameobject.sql;Data/gameobject_template.sql;Data/gameobject_loot_template.sql,0,0,False,static map/spawn has no boss association
,1,,,,3642,Kolkars\' Booty,3318,,,1,,static_spawn,Data/gameobject.sql;Data/gameobject_template.sql;Data/gameobject_loot_template.sql,0,0,False,static map/spawn has no boss association
,1,,,,3646,General Twinbraid\'s Strongbox,2499,,,1,,static_spawn,Data/gameobject.sql;Data/gameobject_template.sql;Data/gameobject_loot_template.sql,0,0,False,static map/spawn has no boss association
,1,,,,3658,Water Barrel,2502,,,74,,static_spawn,Data/gameobject.sql;Data/gameobject_template.sql;Data/gameobject_loot_template.sql,0,0,False,static map/spawn has no boss association
,1,,,,3659,Barrel of Melon Juice,2601,,,5,,static_spawn,Data/gameobject.sql;Data/gameobject_template.sql;Data/gameobject_loot_template.sql,0,0,False,static map/spawn has no boss association
,1,,,,3660,Armor Crate,441,,,3,,static_spawn,Data/gameobject.sql;Data/gameobject_template.sql;Data/gameobject_loot_template.sql,0,0,False,static map/spawn has no boss association
,1,,,,3661,Weapon Crate,444,,,3,,static_spawn,Data/gameobject.sql;Data/gameobject_template.sql;Data/gameobject_loot_template.sql,0,0,False,static map/spawn has no boss association
,1,,,,3662,Food Crate,2578,,,15,,static_spawn,Data/gameobject.sql;Data/gameobject_template.sql;Data/gameobject_loot_template.sql,0,0,False,static map/spawn has no boss association
,1,,,,3685,Silithid Mound,2620,,,13,,static_spawn,Data/gameobject.sql;Data/gameobject_template.sql;Data/gameobject_loot_template.sql,0,0,False,static map/spawn has no boss association
,1,,,,3689,Weapon Crate,404,,,5,,static_spawn,Data/gameobject.sql;Data/gameobject_template.sql;Data/gameobject_loot_template.sql,0,0,False,static map/spawn has no boss association
,1,,,,3690,Food Crate,2577,,,1,,static_spawn,Data/gameobject.sql;Data/gameobject_template.sql;Data/gameobject_loot_template.sql,0,0,False,static map/spawn has no boss association
,1,,,,3691,Food Crate,2574,,,1,,static_spawn,Data/gameobject.sql;Data/gameobject_template.sql;Data/gameobject_loot_template.sql,0,0,False,static map/spawn has no boss association
,1,,,,3693,Food Crate,2572,,,1,,static_spawn,Data/gameobject.sql;Data/gameobject_template.sql;Data/gameobject_loot_template.sql,0,0,False,static map/spawn has no boss association
,1,,,,3695,Food Crate,2600,,,8,,static_spawn,Data/gameobject.sql;Data/gameobject_template.sql;Data/gameobject_loot_template.sql,0,0,False,static map/spawn has no boss association
,1,,,,3705,Barrel of Milk,2579,,,27,,static_spawn,Data/gameobject.sql;Data/gameobject_template.sql;Data/gameobject_loot_template.sql,0,0,False,static map/spawn has no boss association
,1,,,,3707,Food Crate,9955,,,6,,static_spawn,Data/gameobject.sql;Data/gameobject_template.sql;Data/gameobject_loot_template.sql,0,0,False,static map/spawn has no boss association
,1,,,,3715,Tattered Chest,2281,,,5,,static_spawn,Data/gameobject.sql;Data/gameobject_template.sql;Data/gameobject_loot_template.sql,0,0,False,static map/spawn has no boss association
,1,,,,3719,Food Crate,2510,,,76,,static_spawn,Data/gameobject.sql;Data/gameobject_template.sql;Data/gameobject_loot_template.sql,0,0,False,static map/spawn has no boss association
,1,,,,3724,Peacebloom,2512,,,70,,static_spawn,Data/gameobject.sql;Data/gameobject_template.sql;Data/gameobject_loot_template.sql,0,0,False,static map/spawn has no boss association
,1,,,,3725,Silverleaf,2511,,,56,,static_spawn,Data/gameobject.sql;Data/gameobject_template.sql;Data/gameobject_loot_template.sql,0,0,False,static map/spawn has no boss association
,1,,,,3726,Earthroot,2513,,,52,,static_spawn,Data/gameobject.sql;Data/gameobject_template.sql;Data/gameobject_loot_template.sql,0,0,False,static map/spawn has no boss association
,1,,,,3727,Mageroyal,2514,,,127,,static_spawn,Data/gameobject.sql;Data/gameobject_template.sql;Data/gameobject_loot_template.sql,0,0,False,static map/spawn has no boss association
,1,,,,3729,Briarthorn,2515,,,132,,static_spawn,Data/gameobject.sql;Data/gameobject_template.sql;Data/gameobject_loot_template.sql,0,0,False,static map/spawn has no boss association
,1,,,,3730,Bruiseweed,2516,,,65,,static_spawn,Data/gameobject.sql;Data/gameobject_template.sql;Data/gameobject_loot_template.sql,0,0,False,static map/spawn has no boss association
,1,,,,3763,Copper Vein,2626,,,47,,static_spawn,Data/gameobject.sql;Data/gameobject_template.sql;Data/gameobject_loot_template.sql,0,0,False,static map/spawn has no boss association
,1,,,,3764,Tin Vein,2627,,,51,,static_spawn,Data/gameobject.sql;Data/gameobject_template.sql;Data/gameobject_loot_template.sql,0,0,False,static map/spawn has no boss association
,1,,,,3767,Drizzlik\'s Emporium,2628,,,1,,static_spawn,Data/gameobject.sql;Data/gameobject_template.sql;Data/gameobject_loot_template.sql,0,0,False,static map/spawn has no boss association
,1,,,,3768,Fragile - Do Not Drop,2629,,,1,,static_spawn,Data/gameobject.sql;Data/gameobject_template.sql;Data/gameobject_loot_template.sql,0,0,False,static map/spawn has no boss association
,1,,,,4149,Solid Chest,5278,,,21,,static_spawn,Data/gameobject.sql;Data/gameobject_template.sql;Data/gameobject_loot_template.sql,0,0,False,static map/spawn has no boss association
,1,,,,4406,Webwood Eggs,2691,,,6,,static_spawn,Data/gameobject.sql;Data/gameobject_template.sql;Data/gameobject_loot_template.sql,0,0,False,static map/spawn has no boss association
,1,,,,4608,Timberling Sprout,2712,,,33,,static_spawn,Data/gameobject.sql;Data/gameobject_template.sql;Data/gameobject_loot_template.sql,0,0,False,static map/spawn has no boss association
,1,,,,11713,Death Cap,2765,,,6,,static_spawn,Data/gameobject.sql;Data/gameobject_template.sql;Data/gameobject_loot_template.sql,0,0,False,static map/spawn has no boss association
,1,,,,11714,Scaber Stalk,2766,,,15,,static_spawn,Data/gameobject.sql;Data/gameobject_template.sql;Data/gameobject_loot_template.sql,0,0,False,static map/spawn has no boss association
,1,,,,12654,Mathystra Relic,2767,,,5,,static_spawn,Data/gameobject.sql;Data/gameobject_template.sql;Data/gameobject_loot_template.sql,0,0,False,static map/spawn has no boss association
,1,,,,13359,Cat Figurine,2768,,,3,,static_spawn,Data/gameobject.sql;Data/gameobject_template.sql;Data/gameobject_loot_template.sql,0,0,False,static map/spawn has no boss association
,1,,,,13360,Mathystra Relic,2767,,,5,,static_spawn,Data/gameobject.sql;Data/gameobject_template.sql;Data/gameobject_loot_template.sql,0,0,False,static map/spawn has no boss association
,1,,,,13872,Mathystra Relic,2767,,,5,,static_spawn,Data/gameobject.sql;Data/gameobject_template.sql;Data/gameobject_loot_template.sql,0,0,False,static map/spawn has no boss association
,1,,,,13873,Cat Figurine,2768,,,1,,static_spawn,Data/gameobject.sql;Data/gameobject_template.sql;Data/gameobject_loot_template.sql,0,0,False,static map/spawn has no boss association
,1,,,,13891,Serpentbloom,2772,,,15,,static_spawn,Data/gameobject.sql;Data/gameobject_template.sql;Data/gameobject_loot_template.sql,0,0,False,static map/spawn has no boss association
,1,,,,17282,Plant Bundle,2934,,,8,,static_spawn,Data/gameobject.sql;Data/gameobject_template.sql;Data/gameobject_loot_template.sql,0,0,False,static map/spawn has no boss association
,1,,,,17783,Ancient Statuette,2922,,,1,,static_spawn,Data/gameobject.sql;Data/gameobject_template.sql;Data/gameobject_loot_template.sql,0,0,False,static map/spawn has no boss association
,1,,,,18036,Bottle of Disease,2935,,,5,,static_spawn,Data/gameobject.sql;Data/gameobject_template.sql;Data/gameobject_loot_template.sql,0,0,False,static map/spawn has no boss association
,1,,,,19015,Elune\'s Tear,2952,,,8,,static_spawn,Data/gameobject.sql;Data/gameobject_template.sql;Data/gameobject_loot_template.sql,0,0,False,static map/spawn has no boss association
,1,,,,19016,Stardust Covered Bush,2962,,,10,,static_spawn,Data/gameobject.sql;Data/gameobject_template.sql;Data/gameobject_loot_template.sql,0,0,False,static map/spawn has no boss association
,1,,,,19017,Giant Clam,2954,,,7,,static_spawn,Data/gameobject.sql;Data/gameobject_template.sql;Data/gameobject_loot_template.sql,0,0,False,static map/spawn has no boss association
,1,,,,19018,Giant Clam,2959,,,4,,static_spawn,Data/gameobject.sql;Data/gameobject_template.sql;Data/gameobject_loot_template.sql,0,0,False,static map/spawn has no boss association
,1,,,,19019,Box of Assorted Parts,2953,,,1,,static_spawn,Data/gameobject.sql;Data/gameobject_template.sql;Data/gameobject_loot_template.sql,0,0,False,static map/spawn has no boss association
,1,,,,19020,Box of Assorted Parts,2955,,,2,,static_spawn,Data/gameobject.sql;Data/gameobject_template.sql;Data/gameobject_loot_template.sql,0,0,False,static map/spawn has no boss association
,1,,,,19022,Worn Chest,2972,,,1,,static_spawn,Data/gameobject.sql;Data/gameobject_template.sql;Data/gameobject_loot_template.sql,0,0,False,static map/spawn has no boss association
,1,,,,19541,Deepmoss Eggs,3082,,,24,,static_spawn,Data/gameobject.sql;Data/gameobject_template.sql;Data/gameobject_loot_template.sql,0,0,False,static map/spawn has no boss association
,1,,,,19542,Deepmoss Eggs,3081,,,6,,static_spawn,Data/gameobject.sql;Data/gameobject_template.sql;Data/gameobject_loot_template.sql,0,0,False,static map/spawn has no boss association
,1,,,,19595,Gatekeeper\'s Hold,3087,,,1,,static_spawn,Data/gameobject.sql;Data/gameobject_template.sql;Data/gameobject_loot_template.sql,0,0,False,static map/spawn has no boss association
,1,,,,19596,Sleepers\' Cache,3088,,,1,,static_spawn,Data/gameobject.sql;Data/gameobject_template.sql;Data/gameobject_loot_template.sql,0,0,False,static map/spawn has no boss association
,1,,,,19597,Druids\' Cache,3089,,,1,,static_spawn,Data/gameobject.sql;Data/gameobject_template.sql;Data/gameobject_loot_template.sql,0,0,False,static map/spawn has no boss association
,1,,,,19598,Barrow Cache,3090,,,1,,static_spawn,Data/gameobject.sql;Data/gameobject_template.sql;Data/gameobject_loot_template.sql,0,0,False,static map/spawn has no boss association
,1,,,,19602,Venture Co. Engineering Plans,3091,,,1,,static_spawn,Data/gameobject.sql;Data/gameobject_template.sql;Data/gameobject_loot_template.sql,0,0,False,static map/spawn has no boss association
,1,,,,19603,Venture Co. Documents,3092,,,1,,static_spawn,Data/gameobject.sql;Data/gameobject_template.sql;Data/gameobject_loot_template.sql,0,0,False,static map/spawn has no boss association
,1,,,,19861,Henrig Lonebrow\'s Journal,3214,,,1,,static_spawn,Data/gameobject.sql;Data/gameobject_template.sql;Data/gameobject_loot_template.sql,0,0,False,static map/spawn has no boss association
,1,,,,19868,Rocket Car Rubble,3215,,,10,,static_spawn,Data/gameobject.sql;Data/gameobject_template.sql;Data/gameobject_loot_template.sql,0,0,False,static map/spawn has no boss association
,1,,,,19869,Rocket Car Rubble,3215,,,11,,static_spawn,Data/gameobject.sql;Data/gameobject_template.sql;Data/gameobject_loot_template.sql,0,0,False,static map/spawn has no boss association
,1,,,,19870,Rocket Car Rubble,3215,,,10,,static_spawn,Data/gameobject.sql;Data/gameobject_template.sql;Data/gameobject_loot_template.sql,0,0,False,static map/spawn has no boss association
,1,,,,19871,Rocket Car Rubble,3215,,,4,,static_spawn,Data/gameobject.sql;Data/gameobject_template.sql;Data/gameobject_loot_template.sql,0,0,False,static map/spawn has no boss association
,1,,,,19872,Rocket Car Rubble,3215,,,8,,static_spawn,Data/gameobject.sql;Data/gameobject_template.sql;Data/gameobject_loot_template.sql,0,0,False,static map/spawn has no boss association
,1,,,,19873,Rocket Car Rubble,3215,,,8,,static_spawn,Data/gameobject.sql;Data/gameobject_template.sql;Data/gameobject_loot_template.sql,0,0,False,static map/spawn has no boss association
,1,,,,19877,Velinde\'s Locker,3062,,,1,,static_spawn,Data/gameobject.sql;Data/gameobject_template.sql;Data/gameobject_loot_template.sql,0,0,False,static map/spawn has no boss association
,1,,,,19904,Mok\'Morokk\'s Snuff,3284,,,1,,static_spawn,Data/gameobject.sql;Data/gameobject_template.sql;Data/gameobject_loot_template.sql,0,0,False,static map/spawn has no boss association
,1,,,,19905,Mok\'Morokk\'s Grog,3285,,,1,,static_spawn,Data/gameobject.sql;Data/gameobject_template.sql;Data/gameobject_loot_template.sql,0,0,False,static map/spawn has no boss association
,1,,,,19906,Mok\'Morokk\'s Strongbox,3286,,,1,,static_spawn,Data/gameobject.sql;Data/gameobject_template.sql;Data/gameobject_loot_template.sql,0,0,False,static map/spawn has no boss association
,1,,,,20725,The Legacy of the Aspects,3312,,,1,,static_spawn,Data/gameobject.sql;Data/gameobject_template.sql;Data/gameobject_loot_template.sql,0,0,False,static map/spawn has no boss association
,1,,,,20727,Gizmorium Shipping Crate,3314,,,1,,static_spawn,Data/gameobject.sql;Data/gameobject_template.sql;Data/gameobject_loot_template.sql,0,0,False,static map/spawn has no boss association
,1,,,,20807,Ancient Brazier,3315,,,1,,static_spawn,Data/gameobject.sql;Data/gameobject_template.sql;Data/gameobject_loot_template.sql,0,0,False,static map/spawn has no boss association
,1,,,,20925,Captain\'s Footlocker,3394,,,1,,static_spawn,Data/gameobject.sql;Data/gameobject_template.sql;Data/gameobject_loot_template.sql,0,0,False,static map/spawn has no boss association
,1,,,,21277,Crate with Holes,3450,,,3,,static_spawn,Data/gameobject.sql;Data/gameobject_template.sql;Data/gameobject_loot_template.sql,0,0,False,static map/spawn has no boss association
,1,,,,21530,Snufflenose Owner\'s Manual,3502,,,1,,static_spawn,Data/gameobject.sql;Data/gameobject_template.sql;Data/gameobject_loot_template.sql,0,0,False,static map/spawn has no boss association
,1,,,,22245,Sack of Meat,3542,,,12,,static_spawn,Data/gameobject.sql;Data/gameobject_template.sql;Data/gameobject_loot_template.sql,0,0,False,static map/spawn has no boss association
,1,,,,22246,Tear of Theradras,3543,,,12,,static_spawn,Data/gameobject.sql;Data/gameobject_template.sql;Data/gameobject_loot_template.sql,0,0,False,static map/spawn has no boss association
,1,,,,50935,Sack of Corn,3841,,,1,,static_spawn,Data/gameobject.sql;Data/gameobject_template.sql;Data/gameobject_loot_template.sql,0,0,False,static map/spawn has no boss association
,1,,,,58369,Stolen Iron Chest,3878,,,1,,static_spawn,Data/gameobject.sql;Data/gameobject_template.sql;Data/gameobject_loot_template.sql,0,0,False,static map/spawn has no boss association
,1,,,,58595,Burning Blade Stash,3879,,,1,,static_spawn,Data/gameobject.sql;Data/gameobject_template.sql;Data/gameobject_loot_template.sql,0,0,False,static map/spawn has no boss association
,1,,,,68865,Snufflenose Command Sticks,4059,,,1,,static_spawn,Data/gameobject.sql;Data/gameobject_template.sql;Data/gameobject_loot_template.sql,0,0,False,static map/spawn has no boss association
,1,,,,73941,Ooze Covered Gold Vein,1506,,,13,,static_spawn,Data/gameobject.sql;Data/gameobject_template.sql;Data/gameobject_loot_template.sql,0,0,False,static map/spawn has no boss association
,1,,,,86492,Crate of Elunite,4187,,,7,,static_spawn,Data/gameobject.sql;Data/gameobject_template.sql;Data/gameobject_loot_template.sql,0,0,False,static map/spawn has no boss association
,1,,,,89635,Sunscorched Shell,4228,,,8,,static_spawn,Data/gameobject.sql;Data/gameobject_template.sql;Data/gameobject_loot_template.sql,0,0,False,static map/spawn has no boss association
,1,,,,92423,Damaged Chest,4353,,,1,,static_spawn,Data/gameobject.sql;Data/gameobject_template.sql;Data/gameobject_loot_template.sql,0,0,False,static map/spawn has no boss association
,1,,,,93192,Heartswood,4304,,,1,,static_spawn,Data/gameobject.sql;Data/gameobject_template.sql;Data/gameobject_loot_template.sql,0,0,False,static map/spawn has no boss association
,1,,,,103711,Tin Vein,1503,,,10,,static_spawn,Data/gameobject.sql;Data/gameobject_template.sql;Data/gameobject_loot_template.sql,0,0,False,static map/spawn has no boss association
,1,,,,103713,Copper Vein,1502,,,5,,static_spawn,Data/gameobject.sql;Data/gameobject_template.sql;Data/gameobject_loot_template.sql,0,0,False,static map/spawn has no boss association
,1,,,,105176,Venture Co. Strongbox,4770,,,1,,static_spawn,Data/gameobject.sql;Data/gameobject_template.sql;Data/gameobject_loot_template.sql,0,0,False,static map/spawn has no boss association
,1,,,,105569,Silver Vein,1504,,,10,,static_spawn,Data/gameobject.sql;Data/gameobject_template.sql;Data/gameobject_loot_template.sql,0,0,False,static map/spawn has no boss association
,1,,,,106318,Battered Chest,2277,,,105,,static_spawn,Data/gameobject.sql;Data/gameobject_template.sql;Data/gameobject_loot_template.sql,0,0,False,static map/spawn has no boss association
,1,,,,106319,Battered Chest,2279,,,17,,static_spawn,Data/gameobject.sql;Data/gameobject_template.sql;Data/gameobject_loot_template.sql,0,0,False,static map/spawn has no boss association
,1,,,,111095,Tattered Chest,2280,,,1,,static_spawn,Data/gameobject.sql;Data/gameobject_template.sql;Data/gameobject_loot_template.sql,0,0,False,static map/spawn has no boss association
,1,,,,113768,Brightly Colored Egg,26884,,,18,,static_spawn,Data/gameobject.sql;Data/gameobject_template.sql;Data/gameobject_loot_template.sql,0,0,False,static map/spawn has no boss association
,1,,,,113769,Brightly Colored Egg,26884,,,18,,static_spawn,Data/gameobject.sql;Data/gameobject_template.sql;Data/gameobject_loot_template.sql,0,0,False,static map/spawn has no boss association
,1,,,,113770,Brightly Colored Egg,26884,,,18,,static_spawn,Data/gameobject.sql;Data/gameobject_template.sql;Data/gameobject_loot_template.sql,0,0,False,static map/spawn has no boss association
,1,,,,113771,Brightly Colored Egg,26884,,,19,,static_spawn,Data/gameobject.sql;Data/gameobject_template.sql;Data/gameobject_loot_template.sql,0,0,False,static map/spawn has no boss association
,1,,,,113772,Brightly Colored Egg,26884,,,19,,static_spawn,Data/gameobject.sql;Data/gameobject_template.sql;Data/gameobject_loot_template.sql,0,0,False,static map/spawn has no boss association
,1,,,,123309,Ooze Covered Truesilver Deposit,5045,,,54,,static_spawn,Data/gameobject.sql;Data/gameobject_template.sql;Data/gameobject_loot_template.sql,0,0,False,static map/spawn has no boss association
,1,,,,123310,Ooze Covered Mithril Deposit,1742,,,13,,static_spawn,Data/gameobject.sql;Data/gameobject_template.sql;Data/gameobject_loot_template.sql,0,0,False,static map/spawn has no boss association
,1,,,,123848,Ooze Covered Thorium Vein,9597,,,12,,static_spawn,Data/gameobject.sql;Data/gameobject_template.sql;Data/gameobject_loot_template.sql,0,0,False,static map/spawn has no boss association
,1,,,,126158,Tallonkai\'s Dresser,5213,,,1,,static_spawn,Data/gameobject.sql;Data/gameobject_template.sql;Data/gameobject_loot_template.sql,0,0,False,static map/spawn has no boss association
,1,,,,129127,Gallywix\'s Lockbox,5246,,,1,,static_spawn,Data/gameobject.sql;Data/gameobject_template.sql;Data/gameobject_loot_template.sql,0,0,False,static map/spawn has no boss association
,1,,,,140971,Gahz\'ridian,5446,,,66,,static_spawn,Data/gameobject.sql;Data/gameobject_template.sql;Data/gameobject_loot_template.sql,0,0,False,static map/spawn has no boss association
,1,,,,141931,Hippogryph Egg,5646,,,9,,static_spawn,Data/gameobject.sql;Data/gameobject_template.sql;Data/gameobject_loot_template.sql,0,0,False,static map/spawn has no boss association
,1,,,,142140,Purple Lotus,6142,,,129,,static_spawn,Data/gameobject.sql;Data/gameobject_template.sql;Data/gameobject_loot_template.sql,0,0,False,static map/spawn has no boss association
,1,,,,142142,Sungrass,6151,,,136,,static_spawn,Data/gameobject.sql;Data/gameobject_template.sql;Data/gameobject_loot_template.sql,0,0,False,static map/spawn has no boss association
,1,,,,142143,Blindweed,6152,,,10,,static_spawn,Data/gameobject.sql;Data/gameobject_template.sql;Data/gameobject_loot_template.sql,0,0,False,static map/spawn has no boss association
,1,,,,142144,Ghost Mushroom,6312,,,13,,static_spawn,Data/gameobject.sql;Data/gameobject_template.sql;Data/gameobject_loot_template.sql,0,0,False,static map/spawn has no boss association
,1,,,,142145,Gromsblood,6313,,,20,,static_spawn,Data/gameobject.sql;Data/gameobject_template.sql;Data/gameobject_loot_template.sql,0,0,False,static map/spawn has no boss association
,1,,,,142181,Stolen Cargo,6706,,,5,,static_spawn,Data/gameobject.sql;Data/gameobject_template.sql;Data/gameobject_loot_template.sql,0,0,False,static map/spawn has no boss association
,1,,,,142184,Captain\'s Chest,8387,,,1,,static_spawn,Data/gameobject.sql;Data/gameobject_template.sql;Data/gameobject_loot_template.sql,0,0,False,static map/spawn has no boss association
,1,,,,142185,Flame of Byltan,6711,,,1,,static_spawn,Data/gameobject.sql;Data/gameobject_template.sql;Data/gameobject_loot_template.sql,0,0,False,static map/spawn has no boss association
,1,,,,142186,Flame of Lahassa,6708,,,1,,static_spawn,Data/gameobject.sql;Data/gameobject_template.sql;Data/gameobject_loot_template.sql,0,0,False,static map/spawn has no boss association
,1,,,,142187,Flame of Imbel,6709,,,1,,static_spawn,Data/gameobject.sql;Data/gameobject_template.sql;Data/gameobject_loot_template.sql,0,0,False,static map/spawn has no boss association
,1,,,,142188,Flame of Samha,6710,,,1,,static_spawn,Data/gameobject.sql;Data/gameobject_template.sql;Data/gameobject_loot_template.sql,0,0,False,static map/spawn has no boss association
,1,,,,143980,Gordunni Scroll,8409,,,3,,static_spawn,Data/gameobject.sql;Data/gameobject_template.sql;Data/gameobject_loot_template.sql,0,0,False,static map/spawn has no boss association
,1,,,,144053,Scrimshank\'s Surveying Gear,8439,,,1,,static_spawn,Data/gameobject.sql;Data/gameobject_template.sql;Data/gameobject_loot_template.sql,0,0,False,static map/spawn has no boss association
,1,,,,144054,Shay\'s Chest,8438,,,1,,static_spawn,Data/gameobject.sql;Data/gameobject_template.sql;Data/gameobject_loot_template.sql,0,0,False,static map/spawn has no boss association
,1,,,,147557,Stolen Silver,8759,,,1,,static_spawn,Data/gameobject.sql;Data/gameobject_template.sql;Data/gameobject_loot_template.sql,0,0,False,static map/spawn has no boss association
,1,,,,148513,Tablet of Jin\'yael,8950,,,5,,static_spawn,Data/gameobject.sql;Data/gameobject_template.sql;Data/gameobject_loot_template.sql,0,0,False,static map/spawn has no boss association
,1,,,,148514,Tablet of Markri,8951,,,5,,static_spawn,Data/gameobject.sql;Data/gameobject_template.sql;Data/gameobject_loot_template.sql,0,0,False,static map/spawn has no boss association
,1,,,,148515,Tablet of Sael\'hai,8952,,,5,,static_spawn,Data/gameobject.sql;Data/gameobject_template.sql;Data/gameobject_loot_template.sql,0,0,False,static map/spawn has no boss association
,1,,,,148516,Tablet of Beth\'Amara,8953,,,5,,static_spawn,Data/gameobject.sql;Data/gameobject_template.sql;Data/gameobject_loot_template.sql,0,0,False,static map/spawn has no boss association
,1,,,,149036,Marvon\'s Chest,9199,,,1,,static_spawn,Data/gameobject.sql;Data/gameobject_template.sql;Data/gameobject_loot_template.sql,0,0,False,static map/spawn has no boss association
,1,,,,149480,Rune of Jin\'yael,9240,,,1,,static_spawn,Data/gameobject.sql;Data/gameobject_template.sql;Data/gameobject_loot_template.sql,0,0,False,static map/spawn has no boss association
,1,,,,149481,Rune of Beth\'Amara,9239,,,1,,static_spawn,Data/gameobject.sql;Data/gameobject_template.sql;Data/gameobject_loot_template.sql,0,0,False,static map/spawn has no boss association
,1,,,,149482,Rune of Markri,9241,,,1,,static_spawn,Data/gameobject.sql;Data/gameobject_template.sql;Data/gameobject_loot_template.sql,0,0,False,static map/spawn has no boss association
,1,,,,149483,Rune of Sael\'hai,9242,,,1,,static_spawn,Data/gameobject.sql;Data/gameobject_template.sql;Data/gameobject_loot_template.sql,0,0,False,static map/spawn has no boss association
,1,,,,152094,Hyacinth Mushroom,9604,,,67,,static_spawn,Data/gameobject.sql;Data/gameobject_template.sql;Data/gameobject_loot_template.sql,0,0,False,static map/spawn has no boss association
,1,,,,152095,Moonpetal Lily,9605,,,20,,static_spawn,Data/gameobject.sql;Data/gameobject_template.sql;Data/gameobject_loot_template.sql,0,0,False,static map/spawn has no boss association
,1,,,,152608,Kolkar\'s Booty,3318,,,1,,static_spawn,Data/gameobject.sql;Data/gameobject_template.sql;Data/gameobject_loot_template.sql,0,0,False,static map/spawn has no boss association
,1,,,,152618,Kolkar\'s Booty,3318,,,1,,static_spawn,Data/gameobject.sql;Data/gameobject_template.sql;Data/gameobject_loot_template.sql,0,0,False,static map/spawn has no boss association
,1,,,,152620,Azsharite Formation,9819,,,5,,static_spawn,Data/gameobject.sql;Data/gameobject_template.sql;Data/gameobject_loot_template.sql,0,0,False,static map/spawn has no boss association
,1,,,,152621,Azsharite Formation,9820,,,6,,static_spawn,Data/gameobject.sql;Data/gameobject_template.sql;Data/gameobject_loot_template.sql,0,0,False,static map/spawn has no boss association
,1,,,,152622,Azsharite Formation,9676,,,16,,static_spawn,Data/gameobject.sql;Data/gameobject_template.sql;Data/gameobject_loot_template.sql,0,0,False,static map/spawn has no boss association
,1,,,,152631,Azsharite Formation,9676,,,9,,static_spawn,Data/gameobject.sql;Data/gameobject_template.sql;Data/gameobject_loot_template.sql,0,0,False,static map/spawn has no boss association
,1,,,,153123,Kim\'jael\'s Equipment,9677,,,7,,static_spawn,Data/gameobject.sql;Data/gameobject_template.sql;Data/gameobject_loot_template.sql,0,0,False,static map/spawn has no boss association
,1,,,,153451,Solid Chest,9931,,,18,,static_spawn,Data/gameobject.sql;Data/gameobject_template.sql;Data/gameobject_loot_template.sql,0,0,False,static map/spawn has no boss association
,1,,,,153453,Solid Chest,9932,,,6,,static_spawn,Data/gameobject.sql;Data/gameobject_template.sql;Data/gameobject_loot_template.sql,0,0,False,static map/spawn has no boss association
,1,,,,153454,Solid Chest,9933,,,12,,static_spawn,Data/gameobject.sql;Data/gameobject_template.sql;Data/gameobject_loot_template.sql,0,0,False,static map/spawn has no boss association
,1,,,,153470,Food Crate,9956,,,3,,static_spawn,Data/gameobject.sql;Data/gameobject_template.sql;Data/gameobject_loot_template.sql,0,0,False,static map/spawn has no boss association
,1,,,,157936,Un\'Goro Dirt Pile,10039,,,39,,static_spawn,Data/gameobject.sql;Data/gameobject_template.sql;Data/gameobject_loot_template.sql,0,0,False,static map/spawn has no boss association
,1,,,,161521,Research Equipment,10101,,,1,,static_spawn,Data/gameobject.sql;Data/gameobject_template.sql;Data/gameobject_loot_template.sql,0,0,False,static map/spawn has no boss association
,1,,,,161526,Crate of Foodstuffs,10102,,,1,,static_spawn,Data/gameobject.sql;Data/gameobject_template.sql;Data/gameobject_loot_template.sql,0,0,False,static map/spawn has no boss association
,1,,,,161527,Dinosaur Bone,10103,,,14,,static_spawn,Data/gameobject.sql;Data/gameobject_template.sql;Data/gameobject_loot_template.sql,0,0,False,static map/spawn has no boss association
,1,,,,161752,Tool Bucket,10503,,,11,,static_spawn,Data/gameobject.sql;Data/gameobject_template.sql;Data/gameobject_loot_template.sql,0,0,False,static map/spawn has no boss association
,1,,,,164658,Blue Power Crystal,10980,,,18,,static_spawn,Data/gameobject.sql;Data/gameobject_template.sql;Data/gameobject_loot_template.sql,0,0,False,static map/spawn has no boss association
,1,,,,164659,Green Power Crystal,10981,,,25,,static_spawn,Data/gameobject.sql;Data/gameobject_template.sql;Data/gameobject_loot_template.sql,0,0,False,static map/spawn has no boss association
,1,,,,164660,Red Power Crystal,10982,,,15,,static_spawn,Data/gameobject.sql;Data/gameobject_template.sql;Data/gameobject_loot_template.sql,0,0,False,static map/spawn has no boss association
,1,,,,164661,Yellow Power Crystal,10983,,,16,,static_spawn,Data/gameobject.sql;Data/gameobject_template.sql;Data/gameobject_loot_template.sql,0,0,False,static map/spawn has no boss association
,1,,,,164778,Blue Power Crystal,10980,,,19,,static_spawn,Data/gameobject.sql;Data/gameobject_template.sql;Data/gameobject_loot_template.sql,0,0,False,static map/spawn has no boss association
,1,,,,164779,Green Power Crystal,10981,,,15,,static_spawn,Data/gameobject.sql;Data/gameobject_template.sql;Data/gameobject_loot_template.sql,0,0,False,static map/spawn has no boss association
,1,,,,164780,Red Power Crystal,10982,,,9,,static_spawn,Data/gameobject.sql;Data/gameobject_template.sql;Data/gameobject_loot_template.sql,0,0,False,static map/spawn has no boss association
,1,,,,164781,Yellow Power Crystal,10983,,,23,,static_spawn,Data/gameobject.sql;Data/gameobject_template.sql;Data/gameobject_loot_template.sql,0,0,False,static map/spawn has no boss association
,1,,,,164798,Evoroot,11020,,,3,,static_spawn,Data/gameobject.sql;Data/gameobject_template.sql;Data/gameobject_loot_template.sql,0,0,False,static map/spawn has no boss association
,1,,,,164910,Ornate Chest,11121,,,1,,static_spawn,Data/gameobject.sql;Data/gameobject_template.sql;Data/gameobject_loot_template.sql,0,0,False,static map/spawn has no boss association
,1,,,,164958,Bloodpetal Sprout,11141,,,54,,static_spawn,Data/gameobject.sql;Data/gameobject_template.sql;Data/gameobject_loot_template.sql,0,0,False,static map/spawn has no boss association
,1,,,,166863,Fresh Threshadon Carcass,11460,,,1,,static_spawn,Data/gameobject.sql;Data/gameobject_template.sql;Data/gameobject_loot_template.sql,0,0,False,static map/spawn has no boss association
,1,,,,171938,Cactus Apple,11500,,,45,,static_spawn,Data/gameobject.sql;Data/gameobject_template.sql;Data/gameobject_loot_template.sql,0,0,False,static map/spawn has no boss association
,1,,,,174728,Damaged Crate,11626,,,1,,static_spawn,Data/gameobject.sql;Data/gameobject_template.sql;Data/gameobject_loot_template.sql,0,0,False,static map/spawn has no boss association
,1,,,,175165,Silver Dawning\'s Lockbox,12600,,,1,,static_spawn,Data/gameobject.sql;Data/gameobject_template.sql;Data/gameobject_loot_template.sql,0,0,False,static map/spawn has no boss association
,1,,,,175166,Mist Veil\'s Lockbox,12601,,,1,,static_spawn,Data/gameobject.sql;Data/gameobject_template.sql;Data/gameobject_loot_template.sql,0,0,False,static map/spawn has no boss association
,1,,,,175207,Beached Sea Creature,12620,,,1,,static_spawn,Data/gameobject.sql;Data/gameobject_template.sql;Data/gameobject_loot_template.sql,0,0,False,static map/spawn has no boss association
,1,,,,175324,Frostmaul Shards,12780,,,19,,static_spawn,Data/gameobject.sql;Data/gameobject_template.sql;Data/gameobject_loot_template.sql,0,0,False,static map/spawn has no boss association
,1,,,,175329,Blackwood Nut Stores,12811,,,1,,static_spawn,Data/gameobject.sql;Data/gameobject_template.sql;Data/gameobject_loot_template.sql,0,0,False,static map/spawn has no boss association
,1,,,,175330,Blackwood Fruit Stores,12810,,,1,,static_spawn,Data/gameobject.sql;Data/gameobject_template.sql;Data/gameobject_loot_template.sql,0,0,False,static map/spawn has no boss association
,1,,,,175331,Blackwood Grain Stores,12812,,,1,,static_spawn,Data/gameobject.sql;Data/gameobject_template.sql;Data/gameobject_loot_template.sql,0,0,False,static map/spawn has no boss association
,1,,,,175384,Highperch Wyvern Egg,12880,,,9,,static_spawn,Data/gameobject.sql;Data/gameobject_template.sql;Data/gameobject_loot_template.sql,0,0,False,static map/spawn has no boss association
,1,,,,175404,Rich Thorium Vein,12883,,,133,,static_spawn,Data/gameobject.sql;Data/gameobject_template.sql;Data/gameobject_loot_template.sql,0,0,False,static map/spawn has no boss association
,1,,,,175407,Moontouched Feather,12901,,,60,,static_spawn,Data/gameobject.sql;Data/gameobject_template.sql;Data/gameobject_loot_template.sql,0,0,False,static map/spawn has no boss association
,1,,,,175565,Alien Egg,12980,,,2,,static_spawn,Data/gameobject.sql;Data/gameobject_template.sql;Data/gameobject_loot_template.sql,0,0,False,static map/spawn has no boss association
,1,,,,175628,Jaron\'s Supplies,13022,,,1,,static_spawn,Data/gameobject.sql;Data/gameobject_template.sql;Data/gameobject_loot_template.sql,0,0,False,static map/spawn has no boss association
,1,,,,175629,Jaron\'s Supplies,13022,,,1,,static_spawn,Data/gameobject.sql;Data/gameobject_template.sql;Data/gameobject_loot_template.sql,0,0,False,static map/spawn has no boss association
,1,,,,175708,Crossroads\' Supply Crates,13331,,,8,,static_spawn,Data/gameobject.sql;Data/gameobject_template.sql;Data/gameobject_loot_template.sql,0,0,False,static map/spawn has no boss association
,1,,,,175888,Highborne Relic Fragment,13606,,,1,,static_spawn,Data/gameobject.sql;Data/gameobject_template.sql;Data/gameobject_loot_template.sql,0,0,False,static map/spawn has no boss association
,1,,,,175891,Highborne Relic Fragment,13607,,,1,,static_spawn,Data/gameobject.sql;Data/gameobject_template.sql;Data/gameobject_loot_template.sql,0,0,False,static map/spawn has no boss association
,1,,,,175892,Highborne Relic Fragment,13608,,,1,,static_spawn,Data/gameobject.sql;Data/gameobject_template.sql;Data/gameobject_loot_template.sql,0,0,False,static map/spawn has no boss association
,1,,,,175893,Highborne Relic Fragment,13609,,,1,,static_spawn,Data/gameobject.sql;Data/gameobject_template.sql;Data/gameobject_loot_template.sql,0,0,False,static map/spawn has no boss association
,1,,,,175928,Incendia Agave,13360,,,9,,static_spawn,Data/gameobject.sql;Data/gameobject_template.sql;Data/gameobject_loot_template.sql,0,0,False,static map/spawn has no boss association
,1,,,,176188,Ritual Candle,13620,,,14,,static_spawn,Data/gameobject.sql;Data/gameobject_template.sql;Data/gameobject_loot_template.sql,0,0,False,static map/spawn has no boss association
,1,,,,176189,Skeletal Sea Turtle,12681,,,1,,static_spawn,Data/gameobject.sql;Data/gameobject_template.sql;Data/gameobject_loot_template.sql,0,0,False,static map/spawn has no boss association
,1,,,,176344,Document Chest #1,13400,,,1,,static_spawn,Data/gameobject.sql;Data/gameobject_template.sql;Data/gameobject_loot_template.sql,0,0,False,static map/spawn has no boss association
,1,,,,176356,Sacred Highborne Writings,13744,,,1,,static_spawn,Data/gameobject.sql;Data/gameobject_template.sql;Data/gameobject_loot_template.sql,0,0,False,static map/spawn has no boss association
,1,,,,176582,Shellfish Trap,13944,,,11,,static_spawn,Data/gameobject.sql;Data/gameobject_template.sql;Data/gameobject_loot_template.sql,0,0,False,static map/spawn has no boss association
,1,,,,176583,Golden Sansam,13945,,,95,,static_spawn,Data/gameobject.sql;Data/gameobject_template.sql;Data/gameobject_loot_template.sql,0,0,False,static map/spawn has no boss association
,1,,,,176584,Dreamfoil,13946,,,92,,static_spawn,Data/gameobject.sql;Data/gameobject_template.sql;Data/gameobject_loot_template.sql,0,0,False,static map/spawn has no boss association
,1,,,,176586,Mountain Silversage,13947,,,106,,static_spawn,Data/gameobject.sql;Data/gameobject_template.sql;Data/gameobject_loot_template.sql,0,0,False,static map/spawn has no boss association
,1,,,,176588,Icecap,13949,,,78,,static_spawn,Data/gameobject.sql;Data/gameobject_template.sql;Data/gameobject_loot_template.sql,0,0,False,static map/spawn has no boss association
,1,,,,176589,Black Lotus,13950,,,14,,static_spawn,Data/gameobject.sql;Data/gameobject_template.sql;Data/gameobject_loot_template.sql,0,0,False,static map/spawn has no boss association
,1,,,,176634,Kerlonian\'s Chest,13964,,,1,,static_spawn,Data/gameobject.sql;Data/gameobject_template.sql;Data/gameobject_loot_template.sql,0,0,False,static map/spawn has no boss association
,1,,,,176636,Sungrass,13965,,,10,,static_spawn,Data/gameobject.sql;Data/gameobject_template.sql;Data/gameobject_loot_template.sql,0,0,False,static map/spawn has no boss association
,1,,,,176637,Gromsblood,13966,,,28,,static_spawn,Data/gameobject.sql;Data/gameobject_template.sql;Data/gameobject_loot_template.sql,0,0,False,static map/spawn has no boss association
,1,,,,176638,Golden Sansam,13967,,,18,,static_spawn,Data/gameobject.sql;Data/gameobject_template.sql;Data/gameobject_loot_template.sql,0,0,False,static map/spawn has no boss association
,1,,,,176639,Dreamfoil,13968,,,30,,static_spawn,Data/gameobject.sql;Data/gameobject_template.sql;Data/gameobject_loot_template.sql,0,0,False,static map/spawn has no boss association
,1,,,,176640,Mountain Silversage,13969,,,20,,static_spawn,Data/gameobject.sql;Data/gameobject_template.sql;Data/gameobject_loot_template.sql,0,0,False,static map/spawn has no boss association
,1,,,,176641,Plaguebloom,13971,,,42,,static_spawn,Data/gameobject.sql;Data/gameobject_template.sql;Data/gameobject_loot_template.sql,0,0,False,static map/spawn has no boss association
,1,,,,176642,Arthas\' Tears,13970,,,14,,static_spawn,Data/gameobject.sql;Data/gameobject_template.sql;Data/gameobject_loot_template.sql,0,0,False,static map/spawn has no boss association
,1,,,,176643,Small Thorium Vein,13960,,,30,,static_spawn,Data/gameobject.sql;Data/gameobject_template.sql;Data/gameobject_loot_template.sql,0,0,False,static map/spawn has no boss association
,1,,,,176645,Mithril Deposit,13961,,,32,,static_spawn,Data/gameobject.sql;Data/gameobject_template.sql;Data/gameobject_loot_template.sql,0,0,False,static map/spawn has no boss association
,1,,,,176751,Kodo Bones,13982,,,10,,static_spawn,Data/gameobject.sql;Data/gameobject_template.sql;Data/gameobject_loot_template.sql,0,0,False,static map/spawn has no boss association
,1,,,,176752,Kodo Bones,13982,,,5,,static_spawn,Data/gameobject.sql;Data/gameobject_template.sql;Data/gameobject_loot_template.sql,0,0,False,static map/spawn has no boss association
,1,,,,177388,Ooze Covered Rich Thorium Vein,12883,,,29,,static_spawn,Data/gameobject.sql;Data/gameobject_template.sql;Data/gameobject_loot_template.sql,0,0,False,static map/spawn has no boss association
,1,,,,177750,Lunar Fungal Bloom,14562,,,20,,static_spawn,Data/gameobject.sql;Data/gameobject_template.sql;Data/gameobject_loot_template.sql,0,0,False,static map/spawn has no boss association
,1,,,,177784,Giant Softshell Clam,14620,,,12,,static_spawn,Data/gameobject.sql;Data/gameobject_template.sql;Data/gameobject_loot_template.sql,0,0,False,static map/spawn has no boss association
,1,,,,177785,Bauble Container,14621,,,4,,static_spawn,Data/gameobject.sql;Data/gameobject_template.sql;Data/gameobject_loot_template.sql,0,0,False,static map/spawn has no boss association
,1,,,,177792,Strange Lockbox,14628,,,1,,static_spawn,Data/gameobject.sql;Data/gameobject_template.sql;Data/gameobject_loot_template.sql,0,0,False,static map/spawn has no boss association
,1,,,,177794,Strange Lockbox,14628,,,1,,static_spawn,Data/gameobject.sql;Data/gameobject_template.sql;Data/gameobject_loot_template.sql,0,0,False,static map/spawn has no boss association
,1,,,,177926,Gaea Seed,14932,,,12,,static_spawn,Data/gameobject.sql;Data/gameobject_template.sql;Data/gameobject_loot_template.sql,0,0,False,static map/spawn has no boss association
,1,,,,178087,Thazz\'ril\'s Pick,14980,,,1,,static_spawn,Data/gameobject.sql;Data/gameobject_template.sql;Data/gameobject_loot_template.sql,0,0,False,static map/spawn has no boss association
,1,,,,178104,Resonite Crystal,15000,,,17,,static_spawn,Data/gameobject.sql;Data/gameobject_template.sql;Data/gameobject_loot_template.sql,0,0,False,static map/spawn has no boss association
,1,,,,178105,Resonite Crystal,15000,,,11,,static_spawn,Data/gameobject.sql;Data/gameobject_template.sql;Data/gameobject_loot_template.sql,0,0,False,static map/spawn has no boss association
,1,,,,178106,Resonite Crystal,15000,,,10,,static_spawn,Data/gameobject.sql;Data/gameobject_template.sql;Data/gameobject_loot_template.sql,0,0,False,static map/spawn has no boss association
,1,,,,178144,Troll Chest,15060,,,15,,static_spawn,Data/gameobject.sql;Data/gameobject_template.sql;Data/gameobject_loot_template.sql,0,0,False,static map/spawn has no boss association
,1,,,,178184,Sapphire of Aku\'Mai,15124,,,4,,static_spawn,Data/gameobject.sql;Data/gameobject_template.sql;Data/gameobject_loot_template.sql,0,0,False,static map/spawn has no boss association
,1,,,,178185,Sapphire of Aku\'Mai,15124,,,4,,static_spawn,Data/gameobject.sql;Data/gameobject_template.sql;Data/gameobject_loot_template.sql,0,0,False,static map/spawn has no boss association
,1,,,,178186,Sapphire of Aku\'Mai,15124,,,4,,static_spawn,Data/gameobject.sql;Data/gameobject_template.sql;Data/gameobject_loot_template.sql,0,0,False,static map/spawn has no boss association
,1,,,,178195,Warsong Oil,15126,,,6,,static_spawn,Data/gameobject.sql;Data/gameobject_template.sql;Data/gameobject_loot_template.sql,0,0,False,static map/spawn has no boss association
,1,,,,178553,Hive\'Ashi Pod,15521,,,1,,static_spawn,Data/gameobject.sql;Data/gameobject_template.sql;Data/gameobject_loot_template.sql,0,0,False,static map/spawn has no boss association
,1,,,,179486,Battered Footlocker,16464,,,11,,static_spawn,Data/gameobject.sql;Data/gameobject_template.sql;Data/gameobject_loot_template.sql,0,0,False,static map/spawn has no boss association
,1,,,,179487,Waterlogged Footlocker,16464,,,7,,static_spawn,Data/gameobject.sql;Data/gameobject_template.sql;Data/gameobject_loot_template.sql,0,0,False,static map/spawn has no boss association
,1,,,,179488,Battered Footlocker,16464,,,5,,static_spawn,Data/gameobject.sql;Data/gameobject_template.sql;Data/gameobject_loot_template.sql,0,0,False,static map/spawn has no boss association
,1,,,,179489,Waterlogged Footlocker,16464,,,1,,static_spawn,Data/gameobject.sql;Data/gameobject_template.sql;Data/gameobject_loot_template.sql,0,0,False,static map/spawn has no boss association
,1,,,,179491,Waterlogged Footlocker,16465,,,7,,static_spawn,Data/gameobject.sql;Data/gameobject_template.sql;Data/gameobject_loot_template.sql,0,0,False,static map/spawn has no boss association
,1,,,,179493,Mossy Footlocker,16465,,,3,,static_spawn,Data/gameobject.sql;Data/gameobject_template.sql;Data/gameobject_loot_template.sql,0,0,False,static map/spawn has no boss association
,1,,,,179496,Dented Footlocker,16466,,,8,,static_spawn,Data/gameobject.sql;Data/gameobject_template.sql;Data/gameobject_loot_template.sql,0,0,False,static map/spawn has no boss association
,1,,,,179497,Mossy Footlocker,16466,,,18,,static_spawn,Data/gameobject.sql;Data/gameobject_template.sql;Data/gameobject_loot_template.sql,0,0,False,static map/spawn has no boss association
,1,,,,179565,Dusty Reliquary,16593,,,1,,static_spawn,Data/gameobject.sql;Data/gameobject_template.sql;Data/gameobject_loot_template.sql,0,0,False,static map/spawn has no boss association
,1,,,,180216,Whipweed,17299,,,3,,static_spawn,Data/gameobject.sql;Data/gameobject_template.sql;Data/gameobject_loot_template.sql,0,0,False,static map/spawn has no boss association
,1,,,,180370,Harvest Fruit,17323,,,3,,static_spawn,Data/gameobject.sql;Data/gameobject_template.sql;Data/gameobject_loot_template.sql,0,0,False,static map/spawn has no boss association
,1,,,,180371,Harvest Fish,17324,,,3,,static_spawn,Data/gameobject.sql;Data/gameobject_template.sql;Data/gameobject_loot_template.sql,0,0,False,static map/spawn has no boss association
,1,,,,180372,Harvest Boar,17325,,,2,,static_spawn,Data/gameobject.sql;Data/gameobject_template.sql;Data/gameobject_loot_template.sql,0,0,False,static map/spawn has no boss association
,1,,,,180374,Harvest Nectar,17326,,,16,,static_spawn,Data/gameobject.sql;Data/gameobject_template.sql;Data/gameobject_loot_template.sql,0,0,False,static map/spawn has no boss association
,1,,,,180435,Noggle\'s Satchel,17349,,,1,,static_spawn,Data/gameobject.sql;Data/gameobject_template.sql;Data/gameobject_loot_template.sql,0,0,False,static map/spawn has no boss association
,1,,,,180436,Twilight Tablet Fragment,17350,,,6,,static_spawn,Data/gameobject.sql;Data/gameobject_template.sql;Data/gameobject_loot_template.sql,0,0,False,static map/spawn has no boss association
,1,,,,180501,Twilight Tablet Fragment,17350,,,13,,static_spawn,Data/gameobject.sql;Data/gameobject_template.sql;Data/gameobject_loot_template.sql,0,0,False,static map/spawn has no boss association
,1,,,,180523,Apple Bob,17378,,,25,,static_spawn,Data/gameobject.sql;Data/gameobject_template.sql;Data/gameobject_loot_template.sql,0,0,False,static map/spawn has no boss association
,1,,,,180754,Toasting Goblet,17685,,,192,,static_spawn,Data/gameobject.sql;Data/gameobject_template.sql;Data/gameobject_loot_template.sql,0,0,False,static map/spawn has no boss association
,1,,,,180905,Festive Mug,17540,,,190,,static_spawn,Data/gameobject.sql;Data/gameobject_template.sql;Data/gameobject_loot_template.sql,0,0,False,static map/spawn has no boss association
,1,,,,181053,Basket of Bloodkelp,17851,,,3,,static_spawn,Data/gameobject.sql;Data/gameobject_template.sql;Data/gameobject_loot_template.sql,0,0,False,static map/spawn has no boss association
,1,,,,181108,Truesilver Deposit,17938,,,62,,static_spawn,Data/gameobject.sql;Data/gameobject_template.sql;Data/gameobject_loot_template.sql,0,0,False,static map/spawn has no boss association
,1,,,,181109,Gold Vein,17939,,,32,,static_spawn,Data/gameobject.sql;Data/gameobject_template.sql;Data/gameobject_loot_template.sql,0,0,False,static map/spawn has no boss association
,1,,,,181626,Warped Crates,18400,,,2,,static_spawn,Data/gameobject.sql;Data/gameobject_template.sql;Data/gameobject_loot_template.sql,0,0,False,static map/spawn has no boss association
,1,,,,181681,Chalice of Elune,18449,,,1,,static_spawn,Data/gameobject.sql;Data/gameobject_template.sql;Data/gameobject_loot_template.sql,0,0,False,static map/spawn has no boss association
,1,,,,181686,Lumber Pile,18452,,,17,,static_spawn,Data/gameobject.sql;Data/gameobject_template.sql;Data/gameobject_loot_template.sql,0,0,False,static map/spawn has no boss association
,1,,,,181687,Lumber Pile,18451,,,17,,static_spawn,Data/gameobject.sql;Data/gameobject_template.sql;Data/gameobject_loot_template.sql,0,0,False,static map/spawn has no boss association
,1,,,,181916,Tainted Wood,18638,,,15,,static_spawn,Data/gameobject.sql;Data/gameobject_template.sql;Data/gameobject_loot_template.sql,0,0,False,static map/spawn has no boss association
,1,,,,186266,Deserter Propaganda,22301,,,1,,static_spawn,Data/gameobject.sql;Data/gameobject_template.sql;Data/gameobject_loot_template.sql,0,0,False,static map/spawn has no boss association
,1,,,,186272,Tool Kit,22304,,,1,,static_spawn,Data/gameobject.sql;Data/gameobject_template.sql;Data/gameobject_loot_template.sql,0,0,False,static map/spawn has no boss association
,1,,,,186273,Damaged Diving Gear,22303,,,1,,static_spawn,Data/gameobject.sql;Data/gameobject_template.sql;Data/gameobject_loot_template.sql,0,0,False,static map/spawn has no boss association
,1,,,,186301,Blackhoof Armaments,22311,,,21,,static_spawn,Data/gameobject.sql;Data/gameobject_template.sql;Data/gameobject_loot_template.sql,0,0,False,static map/spawn has no boss association
,1,,,,186329,Stonemaul Clan Banner,22328,,,1,,static_spawn,Data/gameobject.sql;Data/gameobject_template.sql;Data/gameobject_loot_template.sql,0,0,False,static map/spawn has no boss association
,1,,,,186423,Witchbane,22355,,,45,,static_spawn,Data/gameobject.sql;Data/gameobject_template.sql;Data/gameobject_loot_template.sql,0,0,False,static map/spawn has no boss association
,1,,,,186450,Zeppelin Cargo,22364,,,37,,static_spawn,Data/gameobject.sql;Data/gameobject_template.sql;Data/gameobject_loot_template.sql,0,0,False,static map/spawn has no boss association
,1,,,,186463,Wyrmtail,22367,,,71,,static_spawn,Data/gameobject.sql;Data/gameobject_template.sql;Data/gameobject_loot_template.sql,0,0,False,static map/spawn has no boss association
,1,,,,190483,Document Chest #2,13576,,,1,,static_spawn,Data/gameobject.sql;Data/gameobject_template.sql;Data/gameobject_loot_template.sql,0,0,False,static map/spawn has no boss association
,1,,,,190484,Document Chest #3,13577,,,1,,static_spawn,Data/gameobject.sql;Data/gameobject_template.sql;Data/gameobject_loot_template.sql,0,0,False,static map/spawn has no boss association
,1,,,,192676,Emerald Acorn,25756,,,6,,static_spawn,Data/gameobject.sql;Data/gameobject_template.sql;Data/gameobject_loot_template.sql,0,0,False,static map/spawn has no boss association
,1,,,,195022,Venomhide Egg,27239,,,10,,static_spawn,Data/gameobject.sql;Data/gameobject_template.sql;Data/gameobject_loot_template.sql,0,0,False,static map/spawn has no boss association
,1,,,,195037,Silithid Egg,27245,,,24,,static_spawn,Data/gameobject.sql;Data/gameobject_template.sql;Data/gameobject_loot_template.sql,0,0,False,static map/spawn has no boss association
,1,,,,201778,Crown Chemical Co. Supplies,27766,,,2,,static_spawn,Data/gameobject.sql;Data/gameobject_template.sql;Data/gameobject_loot_template.sql,0,0,False,static map/spawn has no boss association
,1,,,,202080,Dart\'s Nest,27828,,,4,,static_spawn,Data/gameobject.sql;Data/gameobject_template.sql;Data/gameobject_loot_template.sql,0,0,False,static map/spawn has no boss association
,1,,,,202081,Takk\'s Nest,27827,,,4,,static_spawn,Data/gameobject.sql;Data/gameobject_template.sql;Data/gameobject_loot_template.sql,0,0,False,static map/spawn has no boss association
,1,,,,202082,Ravasaur Matriarch\'s Nest,27829,,,5,,static_spawn,Data/gameobject.sql;Data/gameobject_template.sql;Data/gameobject_loot_template.sql,0,0,False,static map/spawn has no boss association
,33,,,,3659,Barrel of Melon Juice,2601,,,2,,static_spawn,Data/gameobject.sql;Data/gameobject_template.sql;Data/gameobject_loot_template.sql,0,0,False,static map/spawn has no boss association
,33,,,,3695,Food Crate,2600,,,2,,static_spawn,Data/gameobject.sql;Data/gameobject_template.sql;Data/gameobject_loot_template.sql,0,0,False,static map/spawn has no boss association
,33,,,,36738,The Book of Ur,3623,,,1,,static_spawn,Data/gameobject.sql;Data/gameobject_template.sql;Data/gameobject_loot_template.sql,0,0,False,static map/spawn has no boss association
,33,,,,75293,Large Battered Chest,4073,,,1,,static_spawn,Data/gameobject.sql;Data/gameobject_template.sql;Data/gameobject_loot_template.sql,0,0,False,static map/spawn has no boss association
,33,,,,75295,Large Iron Bound Chest,4074,,,1,,static_spawn,Data/gameobject.sql;Data/gameobject_template.sql;Data/gameobject_loot_template.sql,0,0,False,static map/spawn has no boss association
,33,,,,75298,Large Solid Chest,4074,,,1,,static_spawn,Data/gameobject.sql;Data/gameobject_template.sql;Data/gameobject_loot_template.sql,0,0,False,static map/spawn has no boss association
,33,,,,91138,Jordan\'s Hammer,4275,,,1,,static_spawn,Data/gameobject.sql;Data/gameobject_template.sql;Data/gameobject_loot_template.sql,0,0,False,static map/spawn has no boss association
,33,,,,182011,Crate of Ingots,18672,,,1,,static_spawn,Data/gameobject.sql;Data/gameobject_template.sql;Data/gameobject_loot_template.sql,0,0,False,static map/spawn has no boss association
,33,,,,202947,Cologne Neutralizer,28677,,,9,,static_spawn,Data/gameobject.sql;Data/gameobject_template.sql;Data/gameobject_loot_template.sql,0,0,False,static map/spawn has no boss association
,33,,,,202948,Perfume Neutralizer,28678,,,13,,static_spawn,Data/gameobject.sql;Data/gameobject_template.sql;Data/gameobject_loot_template.sql,0,0,False,static map/spawn has no boss association
,34,,,,75295,Large Iron Bound Chest,4074,,,2,,static_spawn,Data/gameobject.sql;Data/gameobject_template.sql;Data/gameobject_loot_template.sql,0,0,False,static map/spawn has no boss association
,34,,,,75298,Large Solid Chest,4074,,,3,,static_spawn,Data/gameobject.sql;Data/gameobject_template.sql;Data/gameobject_loot_template.sql,0,0,False,static map/spawn has no boss association
,36,,,,1731,Copper Vein,1502,,,4,,static_spawn,Data/gameobject.sql;Data/gameobject_template.sql;Data/gameobject_loot_template.sql,0,0,False,static map/spawn has no boss association
,36,,,,1732,Tin Vein,1503,,,5,,static_spawn,Data/gameobject.sql;Data/gameobject_template.sql;Data/gameobject_loot_template.sql,0,0,False,static map/spawn has no boss association
,36,,,,3662,Food Crate,2578,,,2,,static_spawn,Data/gameobject.sql;Data/gameobject_template.sql;Data/gameobject_loot_template.sql,0,0,False,static map/spawn has no boss association
,36,,,,3705,Barrel of Milk,2579,,,2,,static_spawn,Data/gameobject.sql;Data/gameobject_template.sql;Data/gameobject_loot_template.sql,0,0,False,static map/spawn has no boss association
,36,,,,17155,Defias Gunpowder,2882,,,1,,static_spawn,Data/gameobject.sql;Data/gameobject_template.sql;Data/gameobject_loot_template.sql,0,0,False,static map/spawn has no boss association
,36,,,,19019,Box of Assorted Parts,2953,,,7,,static_spawn,Data/gameobject.sql;Data/gameobject_template.sql;Data/gameobject_loot_template.sql,0,0,False,static map/spawn has no boss association
,36,,,,75293,Large Battered Chest,4073,,,5,,static_spawn,Data/gameobject.sql;Data/gameobject_template.sql;Data/gameobject_loot_template.sql,0,0,False,static map/spawn has no boss association
,43,,,,1619,Earthroot,1416,,,6,,static_spawn,Data/gameobject.sql;Data/gameobject_template.sql;Data/gameobject_loot_template.sql,0,0,False,static map/spawn has no boss association
,43,,,,1622,Bruiseweed,1419,,,1,,static_spawn,Data/gameobject.sql;Data/gameobject_template.sql;Data/gameobject_loot_template.sql,0,0,False,static map/spawn has no boss association
,43,,,,1624,Kingsblood,1421,,,2,,static_spawn,Data/gameobject.sql;Data/gameobject_template.sql;Data/gameobject_loot_template.sql,0,0,False,static map/spawn has no boss association
,43,,,,1731,Copper Vein,1502,,,3,,static_spawn,Data/gameobject.sql;Data/gameobject_template.sql;Data/gameobject_loot_template.sql,0,0,False,static map/spawn has no boss association
,43,,,,1732,Tin Vein,1503,,,3,,static_spawn,Data/gameobject.sql;Data/gameobject_template.sql;Data/gameobject_loot_template.sql,0,0,False,static map/spawn has no boss association
,43,,,,2041,Liferoot,1730,,,1,,static_spawn,Data/gameobject.sql;Data/gameobject_template.sql;Data/gameobject_loot_template.sql,0,0,False,static map/spawn has no boss association
,43,,,,13891,Serpentbloom,2772,,,24,,static_spawn,Data/gameobject.sql;Data/gameobject_template.sql;Data/gameobject_loot_template.sql,0,0,False,static map/spawn has no boss association
,43,,,,75293,Large Battered Chest,4073,,,4,,static_spawn,Data/gameobject.sql;Data/gameobject_template.sql;Data/gameobject_loot_template.sql,0,0,False,static map/spawn has no boss association
,47,,,,1621,Briarthorn,1418,,,6,,static_spawn,Data/gameobject.sql;Data/gameobject_template.sql;Data/gameobject_loot_template.sql,0,0,False,static map/spawn has no boss association
,47,,,,1734,Gold Vein,1506,,,1,,static_spawn,Data/gameobject.sql;Data/gameobject_template.sql;Data/gameobject_loot_template.sql,0,0,False,static map/spawn has no boss association
,47,,,,1735,Iron Deposit,1505,,,3,,static_spawn,Data/gameobject.sql;Data/gameobject_template.sql;Data/gameobject_loot_template.sql,0,0,False,static map/spawn has no boss association
,47,,,,2042,Fadeleaf,1731,,,2,,static_spawn,Data/gameobject.sql;Data/gameobject_template.sql;Data/gameobject_loot_template.sql,0,0,False,static map/spawn has no boss association
,47,,,,20920,Blueleaf Tuber,3338,,,15,,static_spawn,Data/gameobject.sql;Data/gameobject_template.sql;Data/gameobject_loot_template.sql,0,0,False,static map/spawn has no boss association
,47,,,,74447,Large Iron Bound Chest,4075,,,2,,static_spawn,Data/gameobject.sql;Data/gameobject_template.sql;Data/gameobject_loot_template.sql,0,0,False,static map/spawn has no boss association
,48,,,,1622,Bruiseweed,1419,,,2,,static_spawn,Data/gameobject.sql;Data/gameobject_template.sql;Data/gameobject_loot_template.sql,0,0,False,static map/spawn has no boss association
,48,,,,1732,Tin Vein,1503,,,1,,static_spawn,Data/gameobject.sql;Data/gameobject_template.sql;Data/gameobject_loot_template.sql,0,0,False,static map/spawn has no boss association
,48,,,,1733,Silver Vein,1504,,,1,,static_spawn,Data/gameobject.sql;Data/gameobject_template.sql;Data/gameobject_loot_template.sql,0,0,False,static map/spawn has no boss association
,48,,,,2045,Stranglekelp,1733,,,4,,static_spawn,Data/gameobject.sql;Data/gameobject_template.sql;Data/gameobject_loot_template.sql,0,0,False,static map/spawn has no boss association
,48,,,,3689,Weapon Crate,404,,,1,,static_spawn,Data/gameobject.sql;Data/gameobject_template.sql;Data/gameobject_loot_template.sql,0,0,False,static map/spawn has no boss association
,48,,,,13949,Pitted Iron Chest,2774,,,1,,static_spawn,Data/gameobject.sql;Data/gameobject_template.sql;Data/gameobject_loot_template.sql,0,0,False,static map/spawn has no boss association
,48,,,,19018,Giant Clam,2959,,,27,,static_spawn,Data/gameobject.sql;Data/gameobject_template.sql;Data/gameobject_loot_template.sql,0,0,False,static map/spawn has no boss association
,48,,,,75295,Large Iron Bound Chest,4074,,,1,,static_spawn,Data/gameobject.sql;Data/gameobject_template.sql;Data/gameobject_loot_template.sql,0,0,False,static map/spawn has no boss association
,48,,,,75298,Large Solid Chest,4074,,,1,,static_spawn,Data/gameobject.sql;Data/gameobject_template.sql;Data/gameobject_loot_template.sql,0,0,False,static map/spawn has no boss association
,48,,,,177964,Fathom Stone,15100,,,1,,static_spawn,Data/gameobject.sql;Data/gameobject_template.sql;Data/gameobject_loot_template.sql,0,0,False,static map/spawn has no boss association
,70,,,,1735,Iron Deposit,1505,,,2,,static_spawn,Data/gameobject.sql;Data/gameobject_template.sql;Data/gameobject_loot_template.sql,0,0,False,static map/spawn has no boss association
,70,,,,2040,Mithril Deposit,1742,,,2,,static_spawn,Data/gameobject.sql;Data/gameobject_template.sql;Data/gameobject_loot_template.sql,0,0,False,static map/spawn has no boss association
,70,,,,3707,Food Crate,9955,,,5,,static_spawn,Data/gameobject.sql;Data/gameobject_template.sql;Data/gameobject_loot_template.sql,0,0,False,static map/spawn has no boss association
,70,,,,19903,Indurium Mineral Vein,3266,,,3,,static_spawn,Data/gameobject.sql;Data/gameobject_template.sql;Data/gameobject_loot_template.sql,0,0,False,static map/spawn has no boss association
,70,,,,113757,Shadowforge Cache,4964,,,1,,static_spawn,Data/gameobject.sql;Data/gameobject_template.sql;Data/gameobject_loot_template.sql,0,0,False,static map/spawn has no boss association
,70,,,,123329,Baelog\'s Chest,5066,,,1,,static_spawn,Data/gameobject.sql;Data/gameobject_template.sql;Data/gameobject_loot_template.sql,0,0,False,static map/spawn has no boss association
,70,,,,125477,Conspicuous Urn,5201,,,1,,static_spawn,Data/gameobject.sql;Data/gameobject_template.sql;Data/gameobject_loot_template.sql,0,0,False,static map/spawn has no boss association
,70,,,,126049,Magenta Cap Clusters,5212,,,6,,static_spawn,Data/gameobject.sql;Data/gameobject_template.sql;Data/gameobject_loot_template.sql,0,0,False,static map/spawn has no boss association
,70,,,,128293,Magenta Cap Clusters,5212,,,2,,static_spawn,Data/gameobject.sql;Data/gameobject_template.sql;Data/gameobject_loot_template.sql,0,0,False,static map/spawn has no boss association
,70,,,,131978,Large Mithril Bound Chest,5282,,,2,,static_spawn,Data/gameobject.sql;Data/gameobject_template.sql;Data/gameobject_loot_template.sql,0,0,False,static map/spawn has no boss association
,70,,,,141979,Ancient Treasure,5730,,,1,,static_spawn,Data/gameobject.sql;Data/gameobject_template.sql;Data/gameobject_loot_template.sql,0,0,False,static map/spawn has no boss association
,70,,,,142088,Tablet of Will,5727,,,1,,static_spawn,Data/gameobject.sql;Data/gameobject_template.sql;Data/gameobject_loot_template.sql,0,0,False,static map/spawn has no boss association
,90,,,,3659,Barrel of Melon Juice,2601,,,1,,static_spawn,Data/gameobject.sql;Data/gameobject_template.sql;Data/gameobject_loot_template.sql,0,0,False,static map/spawn has no boss association
,90,,,,3695,Food Crate,2600,,,1,,static_spawn,Data/gameobject.sql;Data/gameobject_template.sql;Data/gameobject_loot_template.sql,0,0,False,static map/spawn has no boss association
,90,,,,19020,Box of Assorted Parts,2955,,,4,,static_spawn,Data/gameobject.sql;Data/gameobject_template.sql;Data/gameobject_loot_template.sql,0,0,False,static map/spawn has no boss association
,90,,,,74448,Large Solid Chest,4075,,,3,,static_spawn,Data/gameobject.sql;Data/gameobject_template.sql;Data/gameobject_loot_template.sql,0,0,False,static map/spawn has no boss association
,90,,,,142344,Artificial Extrapolator,6799,,,47,,static_spawn,Data/gameobject.sql;Data/gameobject_template.sql;Data/gameobject_loot_template.sql,0,0,False,static map/spawn has no boss association
,90,,,,142477,Thermaplugg\'s Safe,6978,,,1,,static_spawn,Data/gameobject.sql;Data/gameobject_template.sql;Data/gameobject_loot_template.sql,0,0,False,static map/spawn has no boss association
,129,,,,1628,Grave Moss,1424,,,4,,static_spawn,Data/gameobject.sql;Data/gameobject_template.sql;Data/gameobject_loot_template.sql,0,0,False,static map/spawn has no boss association
,129,,,,2046,Goldthorn,1734,,,2,,static_spawn,Data/gameobject.sql;Data/gameobject_template.sql;Data/gameobject_loot_template.sql,0,0,False,static map/spawn has no boss association
,129,,,,75300,Large Solid Chest,4077,,,2,,static_spawn,Data/gameobject.sql;Data/gameobject_template.sql;Data/gameobject_loot_template.sql,0,0,False,static map/spawn has no boss association
,129,,,,142141,Arthas\' Tears,6150,,,3,,static_spawn,Data/gameobject.sql;Data/gameobject_template.sql;Data/gameobject_loot_template.sql,0,0,False,static map/spawn has no boss association
,189,,,,1624,Kingsblood,1421,,,3,,static_spawn,Data/gameobject.sql;Data/gameobject_template.sql;Data/gameobject_loot_template.sql,0,0,False,static map/spawn has no boss association
,189,,,,1628,Grave Moss,1424,,,2,,static_spawn,Data/gameobject.sql;Data/gameobject_template.sql;Data/gameobject_loot_template.sql,0,0,False,static map/spawn has no boss association
,189,,,,2041,Liferoot,1730,,,2,,static_spawn,Data/gameobject.sql;Data/gameobject_template.sql;Data/gameobject_loot_template.sql,0,0,False,static map/spawn has no boss association
,189,,,,2042,Fadeleaf,1731,,,4,,static_spawn,Data/gameobject.sql;Data/gameobject_template.sql;Data/gameobject_loot_template.sql,0,0,False,static map/spawn has no boss association
,189,,,,2046,Goldthorn,1734,,,4,,static_spawn,Data/gameobject.sql;Data/gameobject_template.sql;Data/gameobject_loot_template.sql,0,0,False,static map/spawn has no boss association
,189,,,,3703,Armor Crate,1619,,,1,,static_spawn,Data/gameobject.sql;Data/gameobject_template.sql;Data/gameobject_loot_template.sql,0,0,False,static map/spawn has no boss association
,189,,,,3704,Weapon Crate,1618,,,1,,static_spawn,Data/gameobject.sql;Data/gameobject_template.sql;Data/gameobject_loot_template.sql,0,0,False,static map/spawn has no boss association
,189,,,,19283,Compendium of the Fallen,3063,,,1,,static_spawn,Data/gameobject.sql;Data/gameobject_template.sql;Data/gameobject_loot_template.sql,0,0,False,static map/spawn has no boss association
,189,,,,19284,Mythology of the Titans,3064,,,1,,static_spawn,Data/gameobject.sql;Data/gameobject_template.sql;Data/gameobject_loot_template.sql,0,0,False,static map/spawn has no boss association
,189,,,,20726,Beginnings of the Undead Threat,3313,,,1,,static_spawn,Data/gameobject.sql;Data/gameobject_template.sql;Data/gameobject_loot_template.sql,0,0,False,static map/spawn has no boss association
,189,,,,75296,Large Iron Bound Chest,4076,,,1,,static_spawn,Data/gameobject.sql;Data/gameobject_template.sql;Data/gameobject_loot_template.sql,0,0,False,static map/spawn has no boss association
,189,,,,75299,Large Solid Chest,4076,,,3,,static_spawn,Data/gameobject.sql;Data/gameobject_template.sql;Data/gameobject_loot_template.sql,0,0,False,static map/spawn has no boss association
,189,,,,75300,Large Solid Chest,4077,,,1,,static_spawn,Data/gameobject.sql;Data/gameobject_template.sql;Data/gameobject_loot_template.sql,0,0,False,static map/spawn has no boss association
,189,,,,103664,Rituals of Power,4584,,,1,,static_spawn,Data/gameobject.sql;Data/gameobject_template.sql;Data/gameobject_loot_template.sql,0,0,False,static map/spawn has no boss association
,189,,,,103820,Red Rocket,4669,,,5,,static_spawn,Data/gameobject.sql;Data/gameobject_template.sql;Data/gameobject_loot_template.sql,0,0,False,static map/spawn has no boss association
,189,,,,103821,Doan\'s Strongbox,4668,,,1,,static_spawn,Data/gameobject.sql;Data/gameobject_template.sql;Data/gameobject_loot_template.sql,0,0,False,static map/spawn has no boss association
,209,,,,128308,Shallow Grave,8367,,,9,,static_spawn,Data/gameobject.sql;Data/gameobject_template.sql;Data/gameobject_loot_template.sql,0,0,False,static map/spawn has no boss association
,209,,,,128403,Shallow Grave,8367,,,31,,static_spawn,Data/gameobject.sql;Data/gameobject_template.sql;Data/gameobject_loot_template.sql,0,0,False,static map/spawn has no boss association
,209,,,,141596,Witch Doctor\'s Chest,8498,,,1,,static_spawn,Data/gameobject.sql;Data/gameobject_template.sql;Data/gameobject_loot_template.sql,0,0,False,static map/spawn has no boss association
,229,,,,153464,Large Solid Chest,9936,,,1,,static_spawn,Data/gameobject.sql;Data/gameobject_template.sql;Data/gameobject_loot_template.sql,0,0,False,static map/spawn has no boss association
,229,,,,153469,Large Mithril Bound Chest,9936,,,3,,static_spawn,Data/gameobject.sql;Data/gameobject_template.sql;Data/gameobject_loot_template.sql,0,0,False,static map/spawn has no boss association
,229,,,,175245,Father Flame,13761,,,1,,static_spawn,Data/gameobject.sql;Data/gameobject_template.sql;Data/gameobject_loot_template.sql,0,0,False,static map/spawn has no boss association
,229,,,,175334,Bijou\'s Belongings,12841,,,1,,static_spawn,Data/gameobject.sql;Data/gameobject_template.sql;Data/gameobject_loot_template.sql,0,0,False,static map/spawn has no boss association
,229,,,,175382,Doomrigger\'s Coffer,12871,,,1,,static_spawn,Data/gameobject.sql;Data/gameobject_template.sql;Data/gameobject_loot_template.sql,0,0,False,static map/spawn has no boss association
,229,,,,175385,Darkstone Tablet,12881,,,1,,static_spawn,Data/gameobject.sql;Data/gameobject_template.sql;Data/gameobject_loot_template.sql,0,0,False,static map/spawn has no boss association
,229,,,,175588,Spire Spider Egg,13000,,,1,,static_spawn,Data/gameobject.sql;Data/gameobject_template.sql;Data/gameobject_loot_template.sql,0,0,False,static map/spawn has no boss association
,229,,,,175606,Spire Spider Egg,13000,,,23,,static_spawn,Data/gameobject.sql;Data/gameobject_template.sql;Data/gameobject_loot_template.sql,0,0,False,static map/spawn has no boss association
,229,,,,175785,Inconspicuous Documents,13201,,,1,,static_spawn,Data/gameobject.sql;Data/gameobject_template.sql;Data/gameobject_loot_template.sql,0,0,False,static map/spawn has no boss association
,229,,,,175886,Roughshod Pike,13340,,,5,,static_spawn,Data/gameobject.sql;Data/gameobject_template.sql;Data/gameobject_loot_template.sql,0,0,False,static map/spawn has no boss association
,229,,,,175949,Fifth Mosh\'aru Tablet,13366,,,1,,static_spawn,Data/gameobject.sql;Data/gameobject_template.sql;Data/gameobject_loot_template.sql,0,0,False,static map/spawn has no boss association
,229,,,,175950,Sixth Mosh\'aru Tablet,13367,,,1,,static_spawn,Data/gameobject.sql;Data/gameobject_template.sql;Data/gameobject_loot_template.sql,0,0,False,static map/spawn has no boss association
,229,,,,175970,Unforged Runic Breastplate,13572,,,1,,static_spawn,Data/gameobject.sql;Data/gameobject_template.sql;Data/gameobject_loot_template.sql,0,0,False,static map/spawn has no boss association
,229,,,,176089,Unfired Plate Gauntlets,13574,,,1,,static_spawn,Data/gameobject.sql;Data/gameobject_template.sql;Data/gameobject_loot_template.sql,0,0,False,static map/spawn has no boss association
,230,,,,160836,Relic Coffer,11105,,,12,,static_spawn,Data/gameobject.sql;Data/gameobject_template.sql;Data/gameobject_loot_template.sql,0,0,False,static map/spawn has no boss association
,230,,,,160845,Dark Coffer,11103,,,1,,static_spawn,Data/gameobject.sql;Data/gameobject_template.sql;Data/gameobject_loot_template.sql,0,0,False,static map/spawn has no boss association
,230,,,,161495,Secret Safe,161495,,,1,,static_spawn,Data/gameobject.sql;Data/gameobject_template.sql;Data/gameobject_loot_template.sql,0,0,False,static map/spawn has no boss association
,230,,,,165658,Dark Iron Deposit,11213,,,10,,static_spawn,Data/gameobject.sql;Data/gameobject_template.sql;Data/gameobject_loot_template.sql,0,0,False,static map/spawn has no boss association
,230,,,,165738,Dark Iron Ale Mug,11281,,,6,,static_spawn,Data/gameobject.sql;Data/gameobject_template.sql;Data/gameobject_loot_template.sql,0,0,False,static map/spawn has no boss association
,230,,,,165739,Grim Guzzler Boar,11282,,,2,,static_spawn,Data/gameobject.sql;Data/gameobject_template.sql;Data/gameobject_loot_template.sql,0,0,False,static map/spawn has no boss association
,230,,,,169243,Chest of The Seven,12260,,,1,,static_spawn,Data/gameobject.sql;Data/gameobject_template.sql;Data/gameobject_loot_template.sql,0,0,False,static map/spawn has no boss association
,230,,,,173232,Blacksmithing Plans,11524,,,1,,static_spawn,Data/gameobject.sql;Data/gameobject_template.sql;Data/gameobject_loot_template.sql,0,0,False,static map/spawn has no boss association
,230,,,,173234,Blacksmithing Plans,11525,,,1,,static_spawn,Data/gameobject.sql;Data/gameobject_template.sql;Data/gameobject_loot_template.sql,0,0,False,static map/spawn has no boss association
,230,,,,179553,Core Fragment,16570,,,1,,static_spawn,Data/gameobject.sql;Data/gameobject_template.sql;Data/gameobject_loot_template.sql,0,0,False,static map/spawn has no boss association
,289,,,,175965,Frostwhisper\'s Embalming Fluid,13381,,,1,,static_spawn,Data/gameobject.sql;Data/gameobject_template.sql;Data/gameobject_loot_template.sql,0,0,False,static map/spawn has no boss association
,289,,,,176484,The Deed to Brill,13800,,,1,,static_spawn,Data/gameobject.sql;Data/gameobject_template.sql;Data/gameobject_loot_template.sql,0,0,False,static map/spawn has no boss association
,289,,,,176485,The Deed to Caer Darrow,13802,,,1,,static_spawn,Data/gameobject.sql;Data/gameobject_template.sql;Data/gameobject_loot_template.sql,0,0,False,static map/spawn has no boss association
,289,,,,176486,The Deed to Southshore,13803,,,1,,static_spawn,Data/gameobject.sql;Data/gameobject_template.sql;Data/gameobject_loot_template.sql,0,0,False,static map/spawn has no boss association
,289,,,,176487,The Deed to Tarren Mill,13801,,,1,,static_spawn,Data/gameobject.sql;Data/gameobject_template.sql;Data/gameobject_loot_template.sql,0,0,False,static map/spawn has no boss association
,289,,,,176944,Old Treasure Chest,14180,,,1,,static_spawn,Data/gameobject.sql;Data/gameobject_template.sql;Data/gameobject_loot_template.sql,0,0,False,static map/spawn has no boss association
,309,,,,180164,Sungrass,17201,,,6,,static_spawn,Data/gameobject.sql;Data/gameobject_template.sql;Data/gameobject_loot_template.sql,0,0,False,static map/spawn has no boss association
,309,,,,180165,Purple Lotus,17200,,,9,,static_spawn,Data/gameobject.sql;Data/gameobject_template.sql;Data/gameobject_loot_template.sql,0,0,False,static map/spawn has no boss association
,309,,,,180166,Mountain Silversage,17204,,,12,,static_spawn,Data/gameobject.sql;Data/gameobject_template.sql;Data/gameobject_loot_template.sql,0,0,False,static map/spawn has no boss association
,309,,,,180167,Golden Sansam,17202,,,15,,static_spawn,Data/gameobject.sql;Data/gameobject_template.sql;Data/gameobject_loot_template.sql,0,0,False,static map/spawn has no boss association
,309,,,,180168,Dreamfoil,17203,,,18,,static_spawn,Data/gameobject.sql;Data/gameobject_template.sql;Data/gameobject_loot_template.sql,0,0,False,static map/spawn has no boss association
,309,,,,180215,Hakkari Thorium Vein,17241,,,16,,static_spawn,Data/gameobject.sql;Data/gameobject_template.sql;Data/gameobject_loot_template.sql,0,0,False,static map/spawn has no boss association
,309,,,,180228,Jinxed Hoodoo Pile,17259,,,7,,static_spawn,Data/gameobject.sql;Data/gameobject_template.sql;Data/gameobject_loot_template.sql,0,0,False,static map/spawn has no boss association
,309,,,,180229,Jinxed Hoodoo Pile,17259,,,10,,static_spawn,Data/gameobject.sql;Data/gameobject_template.sql;Data/gameobject_loot_template.sql,0,0,False,static map/spawn has no boss association
,309,,,,180392,Full Jug,17331,,,6,,static_spawn,Data/gameobject.sql;Data/gameobject_template.sql;Data/gameobject_loot_template.sql,0,0,False,static map/spawn has no boss association
,329,,,,153464,Large Solid Chest,9936,,,1,,static_spawn,Data/gameobject.sql;Data/gameobject_template.sql;Data/gameobject_loot_template.sql,0,0,False,static map/spawn has no boss association
,329,,,,153469,Large Mithril Bound Chest,9936,,,1,,static_spawn,Data/gameobject.sql;Data/gameobject_template.sql;Data/gameobject_loot_template.sql,0,0,False,static map/spawn has no boss association
,329,,,,175966,Enchanted Scarlet Thread,13382,,,1,,static_spawn,Data/gameobject.sql;Data/gameobject_template.sql;Data/gameobject_loot_template.sql,0,0,False,static map/spawn has no boss association
,329,,,,176112,Malor\'s Strongbox,13580,,,1,,static_spawn,Data/gameobject.sql;Data/gameobject_template.sql;Data/gameobject_loot_template.sql,0,0,False,static map/spawn has no boss association
,329,,,,176215,Cannonball Stack,13645,,,5,,static_spawn,Data/gameobject.sql;Data/gameobject_template.sql;Data/gameobject_loot_template.sql,0,0,False,static map/spawn has no boss association
,329,,,,176224,Supply Crate,13646,,,12,,static_spawn,Data/gameobject.sql;Data/gameobject_template.sql;Data/gameobject_loot_template.sql,0,0,False,static map/spawn has no boss association
,329,,,,176248,Premium Siabi Tobacco,5000,,,1,,static_spawn,Data/gameobject.sql;Data/gameobject_template.sql;Data/gameobject_loot_template.sql,0,0,False,static map/spawn has no boss association
,329,,,,176249,Scourge Data,13662,,,1,,static_spawn,Data/gameobject.sql;Data/gameobject_template.sql;Data/gameobject_loot_template.sql,0,0,False,static map/spawn has no boss association
,329,,,,176325,Blacksmithing Plans,13721,,,1,,static_spawn,Data/gameobject.sql;Data/gameobject_template.sql;Data/gameobject_loot_template.sql,0,0,False,static map/spawn has no boss association
,329,,,,176327,Blacksmithing Plans,13722,,,1,,static_spawn,Data/gameobject.sql;Data/gameobject_template.sql;Data/gameobject_loot_template.sql,0,0,False,static map/spawn has no boss association
,329,,,,177287,Unfinished Painting,14300,,,1,,static_spawn,Data/gameobject.sql;Data/gameobject_template.sql;Data/gameobject_loot_template.sql,0,0,False,static map/spawn has no boss association
,329,,script_HandleBothDead,HandleBothDead,181083,Sothos and Jarien\'s Heirlooms,17919,,,0,,script_summon,Data/gameobject.sql;Data/gameobject_template.sql;Data/gameobject_loot_template.sql;src\server\scripts\EasternKingdoms\Stratholme\boss_jarien_and_sothos.cpp,0,0,True,
,329,,,,181085,Stratholme Supply Crate,17899,,,3,,static_spawn,Data/gameobject.sql;Data/gameobject_template.sql;Data/gameobject_loot_template.sql,0,0,False,static map/spawn has no boss association
,349,,,,1734,Gold Vein,1506,,,2,,static_spawn,Data/gameobject.sql;Data/gameobject_template.sql;Data/gameobject_loot_template.sql,0,0,False,static map/spawn has no boss association
,349,,,,2040,Mithril Deposit,1742,,,8,,static_spawn,Data/gameobject.sql;Data/gameobject_template.sql;Data/gameobject_loot_template.sql,0,0,False,static map/spawn has no boss association
,349,,,,2045,Stranglekelp,1733,,,5,,static_spawn,Data/gameobject.sql;Data/gameobject_template.sql;Data/gameobject_loot_template.sql,0,0,False,static map/spawn has no boss association
,349,,,,2047,Truesilver Deposit,5045,,,1,,static_spawn,Data/gameobject.sql;Data/gameobject_template.sql;Data/gameobject_loot_template.sql,0,0,False,static map/spawn has no boss association
,349,,,,142143,Blindweed,6152,,,6,,static_spawn,Data/gameobject.sql;Data/gameobject_template.sql;Data/gameobject_loot_template.sql,0,0,False,static map/spawn has no boss association
,349,,,,142144,Ghost Mushroom,6312,,,14,,static_spawn,Data/gameobject.sql;Data/gameobject_template.sql;Data/gameobject_loot_template.sql,0,0,False,static map/spawn has no boss association
,409,,,,165658,Dark Iron Deposit,11213,,,10,,static_spawn,Data/gameobject.sql;Data/gameobject_template.sql;Data/gameobject_loot_template.sql,0,0,False,static map/spawn has no boss association
,409,,,,179703,Cache of the Firelord,16719,,,1,,static_spawn,Data/gameobject.sql;Data/gameobject_template.sql;Data/gameobject_loot_template.sql,0,0,False,static map/spawn has no boss association
,429,,,,142144,Ghost Mushroom,6312,,,5,,static_spawn,Data/gameobject.sql;Data/gameobject_template.sql;Data/gameobject_loot_template.sql,0,0,False,static map/spawn has no boss association
,429,,,,142145,Gromsblood,6313,,,7,,static_spawn,Data/gameobject.sql;Data/gameobject_template.sql;Data/gameobject_loot_template.sql,0,0,False,static map/spawn has no boss association
,429,,,,175404,Rich Thorium Vein,12883,,,5,,static_spawn,Data/gameobject.sql;Data/gameobject_template.sql;Data/gameobject_loot_template.sql,0,0,False,static map/spawn has no boss association
,429,,,,179499,Ogre Tannin Basket,16518,,,1,,static_spawn,Data/gameobject.sql;Data/gameobject_template.sql;Data/gameobject_loot_template.sql,0,0,False,static map/spawn has no boss association
,429,,,,179501,Knot Thimblejack\'s Cache,16591,,,1,,static_spawn,Data/gameobject.sql;Data/gameobject_template.sql;Data/gameobject_loot_template.sql,0,0,False,static map/spawn has no boss association
,429,,,,179516,Fengus\'s Chest,16523,,,1,,static_spawn,Data/gameobject.sql;Data/gameobject_template.sql;Data/gameobject_loot_template.sql,0,0,False,static map/spawn has no boss association
,429,,,,179528,Warpwood Pod,16548,,,21,,static_spawn,Data/gameobject.sql;Data/gameobject_template.sql;Data/gameobject_loot_template.sql,0,0,False,static map/spawn has no boss association
,429,,,,179545,The Prince\'s Chest,16569,,,1,,static_spawn,Data/gameobject.sql;Data/gameobject_template.sql;Data/gameobject_loot_template.sql,0,0,False,static map/spawn has no boss association
,429,,,,179547,A Dusty Tome,16563,,,1,,static_spawn,Data/gameobject.sql;Data/gameobject_template.sql;Data/gameobject_loot_template.sql,0,0,False,static map/spawn has no boss association
,429,,,,179548,A Dusty Tome,16564,,,1,,static_spawn,Data/gameobject.sql;Data/gameobject_template.sql;Data/gameobject_loot_template.sql,0,0,False,static map/spawn has no boss association
,509,,,,180691,Scarab Coffer,17532,,,9,,static_spawn,Data/gameobject.sql;Data/gameobject_template.sql;Data/gameobject_loot_template.sql,0,0,False,static map/spawn has no boss association
,530,,,,1617,Silverleaf,1414,,,301,,static_spawn,Data/gameobject.sql;Data/gameobject_template.sql;Data/gameobject_loot_template.sql,0,0,False,static map/spawn has no boss association
,530,,,,1618,Peacebloom,1415,,,233,,static_spawn,Data/gameobject.sql;Data/gameobject_template.sql;Data/gameobject_loot_template.sql,0,0,False,static map/spawn has no boss association
,530,,,,1619,Earthroot,1416,,,151,,static_spawn,Data/gameobject.sql;Data/gameobject_template.sql;Data/gameobject_loot_template.sql,0,0,False,static map/spawn has no boss association
,530,,,,1620,Mageroyal,1417,,,68,,static_spawn,Data/gameobject.sql;Data/gameobject_template.sql;Data/gameobject_loot_template.sql,0,0,False,static map/spawn has no boss association
,530,,,,1621,Briarthorn,1418,,,86,,static_spawn,Data/gameobject.sql;Data/gameobject_template.sql;Data/gameobject_loot_template.sql,0,0,False,static map/spawn has no boss association
,530,,,,1622,Bruiseweed,1419,,,59,,static_spawn,Data/gameobject.sql;Data/gameobject_template.sql;Data/gameobject_loot_template.sql,0,0,False,static map/spawn has no boss association
,530,,,,1731,Copper Vein,1502,,,350,,static_spawn,Data/gameobject.sql;Data/gameobject_template.sql;Data/gameobject_loot_template.sql,0,0,False,static map/spawn has no boss association
,530,,,,1732,Tin Vein,1503,,,77,,static_spawn,Data/gameobject.sql;Data/gameobject_template.sql;Data/gameobject_loot_template.sql,0,0,False,static map/spawn has no boss association
,530,,,,1733,Silver Vein,1504,,,57,,static_spawn,Data/gameobject.sql;Data/gameobject_template.sql;Data/gameobject_loot_template.sql,0,0,False,static map/spawn has no boss association
,530,,,,2041,Liferoot,1730,,,4,,static_spawn,Data/gameobject.sql;Data/gameobject_template.sql;Data/gameobject_loot_template.sql,0,0,False,static map/spawn has no boss association
,530,,,,2045,Stranglekelp,1733,,,73,,static_spawn,Data/gameobject.sql;Data/gameobject_template.sql;Data/gameobject_loot_template.sql,0,0,False,static map/spawn has no boss association
,530,,,,2744,Giant Clam,2264,,,11,,static_spawn,Data/gameobject.sql;Data/gameobject_template.sql;Data/gameobject_loot_template.sql,0,0,False,static map/spawn has no boss association
,530,,,,2843,Battered Chest,2265,,,17,,static_spawn,Data/gameobject.sql;Data/gameobject_template.sql;Data/gameobject_loot_template.sql,0,0,False,static map/spawn has no boss association
,530,,,,2844,Tattered Chest,2276,,,10,,static_spawn,Data/gameobject.sql;Data/gameobject_template.sql;Data/gameobject_loot_template.sql,0,0,False,static map/spawn has no boss association
,530,,,,2845,Tattered Chest,2277,,,13,,static_spawn,Data/gameobject.sql;Data/gameobject_template.sql;Data/gameobject_loot_template.sql,0,0,False,static map/spawn has no boss association
,530,,,,2847,Tattered Chest,2279,,,1,,static_spawn,Data/gameobject.sql;Data/gameobject_template.sql;Data/gameobject_loot_template.sql,0,0,False,static map/spawn has no boss association
,530,,,,2849,Battered Chest,2280,,,1,,static_spawn,Data/gameobject.sql;Data/gameobject_template.sql;Data/gameobject_loot_template.sql,0,0,False,static map/spawn has no boss association
,530,,,,3658,Water Barrel,2502,,,3,,static_spawn,Data/gameobject.sql;Data/gameobject_template.sql;Data/gameobject_loot_template.sql,0,0,False,static map/spawn has no boss association
,530,,,,3662,Food Crate,2578,,,6,,static_spawn,Data/gameobject.sql;Data/gameobject_template.sql;Data/gameobject_loot_template.sql,0,0,False,static map/spawn has no boss association
,530,,,,3705,Barrel of Milk,2579,,,5,,static_spawn,Data/gameobject.sql;Data/gameobject_template.sql;Data/gameobject_loot_template.sql,0,0,False,static map/spawn has no boss association
,530,,,,3719,Food Crate,2510,,,26,,static_spawn,Data/gameobject.sql;Data/gameobject_template.sql;Data/gameobject_loot_template.sql,0,0,False,static map/spawn has no boss association
,530,,,,19017,Giant Clam,2954,,,4,,static_spawn,Data/gameobject.sql;Data/gameobject_template.sql;Data/gameobject_loot_template.sql,0,0,False,static map/spawn has no boss association
,530,,,,75293,Large Battered Chest,4073,,,1,,static_spawn,Data/gameobject.sql;Data/gameobject_template.sql;Data/gameobject_loot_template.sql,0,0,False,static map/spawn has no boss association
,530,,,,106319,Battered Chest,2279,,,9,,static_spawn,Data/gameobject.sql;Data/gameobject_template.sql;Data/gameobject_loot_template.sql,0,0,False,static map/spawn has no boss association
,530,,,,111095,Tattered Chest,2280,,,1,,static_spawn,Data/gameobject.sql;Data/gameobject_template.sql;Data/gameobject_loot_template.sql,0,0,False,static map/spawn has no boss association
,530,,,,113768,Brightly Colored Egg,26884,,,8,,static_spawn,Data/gameobject.sql;Data/gameobject_template.sql;Data/gameobject_loot_template.sql,0,0,False,static map/spawn has no boss association
,530,,,,113769,Brightly Colored Egg,26884,,,9,,static_spawn,Data/gameobject.sql;Data/gameobject_template.sql;Data/gameobject_loot_template.sql,0,0,False,static map/spawn has no boss association
,530,,,,113770,Brightly Colored Egg,26884,,,9,,static_spawn,Data/gameobject.sql;Data/gameobject_template.sql;Data/gameobject_loot_template.sql,0,0,False,static map/spawn has no boss association
,530,,,,113771,Brightly Colored Egg,26884,,,8,,static_spawn,Data/gameobject.sql;Data/gameobject_template.sql;Data/gameobject_loot_template.sql,0,0,False,static map/spawn has no boss association
,530,,,,113772,Brightly Colored Egg,26884,,,8,,static_spawn,Data/gameobject.sql;Data/gameobject_template.sql;Data/gameobject_loot_template.sql,0,0,False,static map/spawn has no boss association
,530,,,,142144,Ghost Mushroom,6312,,,20,,static_spawn,Data/gameobject.sql;Data/gameobject_template.sql;Data/gameobject_loot_template.sql,0,0,False,static map/spawn has no boss association
,530,,,,176583,Golden Sansam,13945,,,101,,static_spawn,Data/gameobject.sql;Data/gameobject_template.sql;Data/gameobject_loot_template.sql,0,0,False,static map/spawn has no boss association
,530,,,,176584,Dreamfoil,13946,,,83,,static_spawn,Data/gameobject.sql;Data/gameobject_template.sql;Data/gameobject_loot_template.sql,0,0,False,static map/spawn has no boss association
,530,,,,176586,Mountain Silversage,13947,,,42,,static_spawn,Data/gameobject.sql;Data/gameobject_template.sql;Data/gameobject_loot_template.sql,0,0,False,static map/spawn has no boss association
,530,,,,180510,Solanian\'s Scrying Orb,17369,,,1,,static_spawn,Data/gameobject.sql;Data/gameobject_template.sql;Data/gameobject_loot_template.sql,0,0,False,static map/spawn has no boss association
,530,,,,180511,Scroll of Scourge Magic,17370,,,1,,static_spawn,Data/gameobject.sql;Data/gameobject_template.sql;Data/gameobject_loot_template.sql,0,0,False,static map/spawn has no boss association
,530,,,,180512,Solanian\'s Journal,17371,,,1,,static_spawn,Data/gameobject.sql;Data/gameobject_template.sql;Data/gameobject_loot_template.sql,0,0,False,static map/spawn has no boss association
,530,,,,180523,Apple Bob,17378,,,34,,static_spawn,Data/gameobject.sql;Data/gameobject_template.sql;Data/gameobject_loot_template.sql,0,0,False,static map/spawn has no boss association
,530,,,,180600,Unstable Mana Crystal Crate,17450,,,46,,static_spawn,Data/gameobject.sql;Data/gameobject_template.sql;Data/gameobject_loot_template.sql,0,0,False,static map/spawn has no boss association
,530,,,,180754,Toasting Goblet,17685,,,131,,static_spawn,Data/gameobject.sql;Data/gameobject_template.sql;Data/gameobject_loot_template.sql,0,0,False,static map/spawn has no boss association
,530,,,,180905,Festive Mug,17540,,,189,,static_spawn,Data/gameobject.sql;Data/gameobject_template.sql;Data/gameobject_loot_template.sql,0,0,False,static map/spawn has no boss association
,530,,,,180917,Captain Kelisendra\'s Cargo,17798,,,40,,static_spawn,Data/gameobject.sql;Data/gameobject_template.sql;Data/gameobject_loot_template.sql,0,0,False,static map/spawn has no boss association
,530,,,,180921,Tainted Soil Sample,17809,,,17,,static_spawn,Data/gameobject.sql;Data/gameobject_template.sql;Data/gameobject_loot_template.sql,0,0,False,static map/spawn has no boss association
,530,,,,181107,Weapon Container,17937,,,12,,static_spawn,Data/gameobject.sql;Data/gameobject_template.sql;Data/gameobject_loot_template.sql,0,0,False,static map/spawn has no boss association
,530,,,,181110,Soaked Tome,17940,,,1,,static_spawn,Data/gameobject.sql;Data/gameobject_template.sql;Data/gameobject_loot_template.sql,0,0,False,static map/spawn has no boss association
,530,,,,181133,Rathis Tomber\'s Supplies,17970,,,1,,static_spawn,Data/gameobject.sql;Data/gameobject_template.sql;Data/gameobject_loot_template.sql,0,0,False,static map/spawn has no boss association
,530,,,,181138,Night Elf Plans: An\'daroth,17971,,,2,,static_spawn,Data/gameobject.sql;Data/gameobject_template.sql;Data/gameobject_loot_template.sql,0,0,False,static map/spawn has no boss association
,530,,,,181139,Night Elf Plans: An\'owyn,17972,,,1,,static_spawn,Data/gameobject.sql;Data/gameobject_template.sql;Data/gameobject_loot_template.sql,0,0,False,static map/spawn has no boss association
,530,,,,181140,Night Elf Plans: Scrying on the Sin\'dorei,17973,,,1,,static_spawn,Data/gameobject.sql;Data/gameobject_template.sql;Data/gameobject_loot_template.sql,0,0,False,static map/spawn has no boss association
,530,,,,181151,Glistening Mud,17979,,,18,,static_spawn,Data/gameobject.sql;Data/gameobject_template.sql;Data/gameobject_loot_template.sql,0,0,False,static map/spawn has no boss association
,530,,,,181166,Bloodthistle,18009,,,47,,static_spawn,Data/gameobject.sql;Data/gameobject_template.sql;Data/gameobject_loot_template.sql,0,0,False,static map/spawn has no boss association
,530,,,,181238,Dented Chest,18024,,,1,,static_spawn,Data/gameobject.sql;Data/gameobject_template.sql;Data/gameobject_loot_template.sql,0,0,False,static map/spawn has no boss association
,530,,,,181239,Worn Chest,18025,,,1,,static_spawn,Data/gameobject.sql;Data/gameobject_template.sql;Data/gameobject_loot_template.sql,0,0,False,static map/spawn has no boss association
,530,,,,181248,Copper Vein,18092,,,9,,static_spawn,Data/gameobject.sql;Data/gameobject_template.sql;Data/gameobject_loot_template.sql,0,0,False,static map/spawn has no boss association
,530,,,,181249,Tin Vein,18093,,,4,,static_spawn,Data/gameobject.sql;Data/gameobject_template.sql;Data/gameobject_loot_template.sql,0,0,False,static map/spawn has no boss association
,530,,,,181270,Felweed,18111,,,403,,static_spawn,Data/gameobject.sql;Data/gameobject_template.sql;Data/gameobject_loot_template.sql,0,0,False,static map/spawn has no boss association
,530,,,,181271,Dreaming Glory,18112,,,289,,static_spawn,Data/gameobject.sql;Data/gameobject_template.sql;Data/gameobject_loot_template.sql,0,0,False,static map/spawn has no boss association
,530,,,,181276,Flame Cap,18114,,,130,,static_spawn,Data/gameobject.sql;Data/gameobject_template.sql;Data/gameobject_loot_template.sql,0,0,False,static map/spawn has no boss association
,530,,,,181277,Terocone,18115,,,108,,static_spawn,Data/gameobject.sql;Data/gameobject_template.sql;Data/gameobject_loot_template.sql,0,0,False,static map/spawn has no boss association
,530,,,,181279,Netherbloom,18117,,,91,,static_spawn,Data/gameobject.sql;Data/gameobject_template.sql;Data/gameobject_loot_template.sql,0,0,False,static map/spawn has no boss association
,530,,,,181280,Nightmare Vine,18118,,,110,,static_spawn,Data/gameobject.sql;Data/gameobject_template.sql;Data/gameobject_loot_template.sql,0,0,False,static map/spawn has no boss association
,530,,,,181281,Mana Thistle,18119,,,49,,static_spawn,Data/gameobject.sql;Data/gameobject_template.sql;Data/gameobject_loot_template.sql,0,0,False,static map/spawn has no boss association
,530,,,,181283,Emitter Spare Part,18127,,,13,,static_spawn,Data/gameobject.sql;Data/gameobject_template.sql;Data/gameobject_loot_template.sql,0,0,False,static map/spawn has no boss association
,530,,,,181372,Hellfire Spineleaf,18233,,,70,,static_spawn,Data/gameobject.sql;Data/gameobject_template.sql;Data/gameobject_loot_template.sql,0,0,False,static map/spawn has no boss association
,530,,,,181385,Ravager Egg,18236,,,28,,static_spawn,Data/gameobject.sql;Data/gameobject_template.sql;Data/gameobject_loot_template.sql,0,0,False,static map/spawn has no boss association
,530,,,,181555,Fel Iron Deposit,18359,,,599,,static_spawn,Data/gameobject.sql;Data/gameobject_template.sql;Data/gameobject_loot_template.sql,0,0,False,static map/spawn has no boss association
,530,,,,181556,Adamantite Deposit,18361,,,549,,static_spawn,Data/gameobject.sql;Data/gameobject_template.sql;Data/gameobject_loot_template.sql,0,0,False,static map/spawn has no boss association
,530,,,,181557,Khorium Vein,18363,,,1148,,static_spawn,Data/gameobject.sql;Data/gameobject_template.sql;Data/gameobject_loot_template.sql,0,0,False,static map/spawn has no boss association
,530,,,,181569,Rich Adamantite Deposit,26861,,,367,,static_spawn,Data/gameobject.sql;Data/gameobject_template.sql;Data/gameobject_loot_template.sql,0,0,False,static map/spawn has no boss association
,530,,,,181589,Suntouched Special Reserve,18377,,,6,,static_spawn,Data/gameobject.sql;Data/gameobject_template.sql;Data/gameobject_loot_template.sql,0,0,False,static map/spawn has no boss association
,530,,,,181590,Springpaw Appetizer,18378,,,3,,static_spawn,Data/gameobject.sql;Data/gameobject_template.sql;Data/gameobject_loot_template.sql,0,0,False,static map/spawn has no boss association
,530,,,,181593,Bloodthistle Plant,18379,,,2,,static_spawn,Data/gameobject.sql;Data/gameobject_template.sql;Data/gameobject_loot_template.sql,0,0,False,static map/spawn has no boss association
,530,,,,181594,Azure Phial,18385,,,2,,static_spawn,Data/gameobject.sql;Data/gameobject_template.sql;Data/gameobject_loot_template.sql,0,0,False,static map/spawn has no boss association
,530,,,,181637,Sha\'naar Relic,18424,,,20,,static_spawn,Data/gameobject.sql;Data/gameobject_template.sql;Data/gameobject_loot_template.sql,0,0,False,static map/spawn has no boss association
,530,,,,181644,Azure Snapdragon,18426,,,84,,static_spawn,Data/gameobject.sql;Data/gameobject_template.sql;Data/gameobject_loot_template.sql,0,0,False,static map/spawn has no boss association
,530,,,,181665,Burial Chest,18432,,,14,,static_spawn,Data/gameobject.sql;Data/gameobject_template.sql;Data/gameobject_loot_template.sql,0,0,False,static map/spawn has no boss association
,530,,,,181674,Nautical Map,18442,,,1,,static_spawn,Data/gameobject.sql;Data/gameobject_template.sql;Data/gameobject_loot_template.sql,0,0,False,static map/spawn has no boss association
,530,,,,181675,Nautical Compass,18441,,,1,,static_spawn,Data/gameobject.sql;Data/gameobject_template.sql;Data/gameobject_loot_template.sql,0,0,False,static map/spawn has no boss association
,530,,,,181680,Drycap Mushroom,18443,,,4,,static_spawn,Data/gameobject.sql;Data/gameobject_template.sql;Data/gameobject_loot_template.sql,0,0,False,static map/spawn has no boss association
,530,,,,181683,Ancient Relic,18458,,,40,,static_spawn,Data/gameobject.sql;Data/gameobject_template.sql;Data/gameobject_loot_template.sql,0,0,False,static map/spawn has no boss association
,530,,,,181696,Hollowed Out Tree,18462,,,4,,static_spawn,Data/gameobject.sql;Data/gameobject_template.sql;Data/gameobject_loot_template.sql,0,0,False,static map/spawn has no boss association
,530,,,,181697,Pile of Leaves,18463,,,27,,static_spawn,Data/gameobject.sql;Data/gameobject_template.sql;Data/gameobject_loot_template.sql,0,0,False,static map/spawn has no boss association
,530,,,,181746,Clopper\'s Equipment,18498,,,1,,static_spawn,Data/gameobject.sql;Data/gameobject_template.sql;Data/gameobject_loot_template.sql,0,0,False,static map/spawn has no boss association
,530,,,,181770,Corrupted Crystal,18512,,,7,,static_spawn,Data/gameobject.sql;Data/gameobject_template.sql;Data/gameobject_loot_template.sql,0,0,False,static map/spawn has no boss association
,530,,,,181771,Corrupted Crystal,18512,,,7,,static_spawn,Data/gameobject.sql;Data/gameobject_template.sql;Data/gameobject_loot_template.sql,0,0,False,static map/spawn has no boss association
,530,,,,181798,Fel Iron Chest,9933,,,25,,static_spawn,Data/gameobject.sql;Data/gameobject_template.sql;Data/gameobject_loot_template.sql,0,0,False,static map/spawn has no boss association
,530,,,,181800,Heavy Fel Iron Chest,22342,,,19,,static_spawn,Data/gameobject.sql;Data/gameobject_template.sql;Data/gameobject_loot_template.sql,0,0,False,static map/spawn has no boss association
,530,,,,181802,Adamantite Bound Chest,22342,,,17,,static_spawn,Data/gameobject.sql;Data/gameobject_template.sql;Data/gameobject_loot_template.sql,0,0,False,static map/spawn has no boss association
,530,,,,181804,Felsteel Chest,22984,,,3,,static_spawn,Data/gameobject.sql;Data/gameobject_template.sql;Data/gameobject_loot_template.sql,0,0,False,static map/spawn has no boss association
,530,,,,181854,Sand Pear,18546,,,34,,static_spawn,Data/gameobject.sql;Data/gameobject_template.sql;Data/gameobject_loot_template.sql,0,0,False,static map/spawn has no boss association
,530,,,,181871,Steam Pump Part,18600,,,43,,static_spawn,Data/gameobject.sql;Data/gameobject_template.sql;Data/gameobject_loot_template.sql,0,0,False,static map/spawn has no boss association
,530,,,,181872,Steam Pump Part,18600,,,3,,static_spawn,Data/gameobject.sql;Data/gameobject_template.sql;Data/gameobject_loot_template.sql,0,0,False,static map/spawn has no boss association
,530,,,,181873,Steam Pump Part,18600,,,4,,static_spawn,Data/gameobject.sql;Data/gameobject_template.sql;Data/gameobject_loot_template.sql,0,0,False,static map/spawn has no boss association
,530,,,,181874,Steam Pump Part,18600,,,4,,static_spawn,Data/gameobject.sql;Data/gameobject_template.sql;Data/gameobject_loot_template.sql,0,0,False,static map/spawn has no boss association
,530,,,,181875,Steam Pump Part,18600,,,6,,static_spawn,Data/gameobject.sql;Data/gameobject_template.sql;Data/gameobject_loot_template.sql,0,0,False,static map/spawn has no boss association
,530,,,,181876,Steam Pump Part,18600,,,5,,static_spawn,Data/gameobject.sql;Data/gameobject_template.sql;Data/gameobject_loot_template.sql,0,0,False,static map/spawn has no boss association
,530,,,,181891,Blood Mushroom,18629,,,18,,static_spawn,Data/gameobject.sql;Data/gameobject_template.sql;Data/gameobject_loot_template.sql,0,0,False,static map/spawn has no boss association
,530,,,,181892,Aquatic Stinkhorn,18628,,,6,,static_spawn,Data/gameobject.sql;Data/gameobject_template.sql;Data/gameobject_loot_template.sql,0,0,False,static map/spawn has no boss association
,530,,,,181893,Ruinous Polyspore,18631,,,11,,static_spawn,Data/gameobject.sql;Data/gameobject_template.sql;Data/gameobject_loot_template.sql,0,0,False,static map/spawn has no boss association
,530,,,,181894,Fel Cone Fungus,18630,,,15,,static_spawn,Data/gameobject.sql;Data/gameobject_template.sql;Data/gameobject_loot_template.sql,0,0,False,static map/spawn has no boss association
,530,,,,181897,Ysera\'s Tear,18632,,,5,,static_spawn,Data/gameobject.sql;Data/gameobject_template.sql;Data/gameobject_loot_template.sql,0,0,False,static map/spawn has no boss association
,530,,,,181898,Medical Supplies,18684,,,30,,static_spawn,Data/gameobject.sql;Data/gameobject_template.sql;Data/gameobject_loot_template.sql,0,0,False,static map/spawn has no boss association
,530,,,,181981,Dragon Bone,18662,,,11,,static_spawn,Data/gameobject.sql;Data/gameobject_template.sql;Data/gameobject_loot_template.sql,0,0,False,static map/spawn has no boss association
,530,,,,182031,Discarded Nutriment,18676,,,12,,static_spawn,Data/gameobject.sql;Data/gameobject_template.sql;Data/gameobject_loot_template.sql,0,0,False,static map/spawn has no boss association
,530,,,,182050,Box of Mushrooms,19433,,,12,,static_spawn,Data/gameobject.sql;Data/gameobject_template.sql;Data/gameobject_loot_template.sql,0,0,False,static map/spawn has no boss association
,530,,,,182053,Glowcap,18694,,,57,,static_spawn,Data/gameobject.sql;Data/gameobject_template.sql;Data/gameobject_loot_template.sql,0,0,False,static map/spawn has no boss association
,530,,,,182069,Mature Spore Sac,18700,,,11,,static_spawn,Data/gameobject.sql;Data/gameobject_template.sql;Data/gameobject_loot_template.sql,0,0,False,static map/spawn has no boss association
,530,,,,182095,Burstcap Mushroom,18761,,,19,,static_spawn,Data/gameobject.sql;Data/gameobject_template.sql;Data/gameobject_loot_template.sql,0,0,False,static map/spawn has no boss association
,530,,,,182116,Fulgor Spore,18753,,,50,,static_spawn,Data/gameobject.sql;Data/gameobject_template.sql;Data/gameobject_loot_template.sql,0,0,False,static map/spawn has no boss association
,530,,,,182119,Dead Mire Soil,18754,,,13,,static_spawn,Data/gameobject.sql;Data/gameobject_template.sql;Data/gameobject_loot_template.sql,0,0,False,static map/spawn has no boss association
,530,,,,182122,Ikeyen\'s Belongings,18755,,,1,,static_spawn,Data/gameobject.sql;Data/gameobject_template.sql;Data/gameobject_loot_template.sql,0,0,False,static map/spawn has no boss association
,530,,,,182127,Corrupted Flower,18758,,,28,,static_spawn,Data/gameobject.sql;Data/gameobject_template.sql;Data/gameobject_loot_template.sql,0,0,False,static map/spawn has no boss association
,530,,,,182128,Dung,18759,,,49,,static_spawn,Data/gameobject.sql;Data/gameobject_template.sql;Data/gameobject_loot_template.sql,0,0,False,static map/spawn has no boss association
,530,,,,182139,Feralfen Idol,18760,,,22,,static_spawn,Data/gameobject.sql;Data/gameobject_template.sql;Data/gameobject_loot_template.sql,0,0,False,static map/spawn has no boss association
,530,,,,182166,Ango\'rosh Attack Plans,18793,,,1,,static_spawn,Data/gameobject.sql;Data/gameobject_template.sql;Data/gameobject_loot_template.sql,0,0,False,static map/spawn has no boss association
,530,,,,182184,Daggerfen Poison Manual,19098,,,1,,static_spawn,Data/gameobject.sql;Data/gameobject_template.sql;Data/gameobject_loot_template.sql,0,0,False,static map/spawn has no boss association
,530,,,,182185,Daggerfen Poison Vial,19099,,,5,,static_spawn,Data/gameobject.sql;Data/gameobject_template.sql;Data/gameobject_loot_template.sql,0,0,False,static map/spawn has no boss association
,530,,,,182256,Discarded Nutriment,18676,,,17,,static_spawn,Data/gameobject.sql;Data/gameobject_template.sql;Data/gameobject_loot_template.sql,0,0,False,static map/spawn has no boss association
,530,,,,182258,Oshu\'gun Crystal Fragment,19264,,,29,,static_spawn,Data/gameobject.sql;Data/gameobject_template.sql;Data/gameobject_loot_template.sql,0,0,False,static map/spawn has no boss association
,530,,,,182265,Bleeding Hollow Supply Crate,19289,,,52,,static_spawn,Data/gameobject.sql;Data/gameobject_template.sql;Data/gameobject_loot_template.sql,0,0,False,static map/spawn has no boss association
,530,,,,182355,Kil\'sorrow Armaments,19329,,,54,,static_spawn,Data/gameobject.sql;Data/gameobject_template.sql;Data/gameobject_loot_template.sql,0,0,False,static map/spawn has no boss association
,530,,,,182520,Telaar Supply Crate,19351,,,44,,static_spawn,Data/gameobject.sql;Data/gameobject_template.sql;Data/gameobject_loot_template.sql,0,0,False,static map/spawn has no boss association
,530,,,,182532,Nazzivus Monument Glyphs,19127,,,1,,static_spawn,Data/gameobject.sql;Data/gameobject_template.sql;Data/gameobject_loot_template.sql,0,0,False,static map/spawn has no boss association
,530,,,,182541,Olemba Cone,19372,,,178,,static_spawn,Data/gameobject.sql;Data/gameobject_template.sql;Data/gameobject_loot_template.sql,0,0,False,static map/spawn has no boss association
,530,,,,182542,Sealed Box,20721,,,1,,static_spawn,Data/gameobject.sql;Data/gameobject_template.sql;Data/gameobject_loot_template.sql,0,0,False,static map/spawn has no boss association
,530,,,,182581,Draenei Vessel,19412,,,29,,static_spawn,Data/gameobject.sql;Data/gameobject_template.sql;Data/gameobject_loot_template.sql,0,0,False,static map/spawn has no boss association
,530,,,,182584,Restless Bones,19413,,,48,,static_spawn,Data/gameobject.sql;Data/gameobject_template.sql;Data/gameobject_loot_template.sql,0,0,False,static map/spawn has no boss association
,530,,,,182599,Telaari Frond,19429,,,16,,static_spawn,Data/gameobject.sql;Data/gameobject_template.sql;Data/gameobject_loot_template.sql,0,0,False,static map/spawn has no boss association
,530,,,,182600,Marshberry,19430,,,8,,static_spawn,Data/gameobject.sql;Data/gameobject_template.sql;Data/gameobject_loot_template.sql,0,0,False,static map/spawn has no boss association
,530,,,,182601,Olemba Root,19431,,,36,,static_spawn,Data/gameobject.sql;Data/gameobject_template.sql;Data/gameobject_loot_template.sql,0,0,False,static map/spawn has no boss association
,530,,,,182606,Dragonspine,19432,,,23,,static_spawn,Data/gameobject.sql;Data/gameobject_template.sql;Data/gameobject_loot_template.sql,0,0,False,static map/spawn has no boss association
,530,,,,182797,Salvageable Metal,19456,,,18,,static_spawn,Data/gameobject.sql;Data/gameobject_template.sql;Data/gameobject_loot_template.sql,0,0,False,static map/spawn has no boss association
,530,,,,182798,Salvageable Metal,19456,,,12,,static_spawn,Data/gameobject.sql;Data/gameobject_template.sql;Data/gameobject_loot_template.sql,0,0,False,static map/spawn has no boss association
,530,,,,182799,Salvageable Wood,19457,,,31,,static_spawn,Data/gameobject.sql;Data/gameobject_template.sql;Data/gameobject_loot_template.sql,0,0,False,static map/spawn has no boss association
,530,,,,182804,Mysteries of the Light,19459,,,1,,static_spawn,Data/gameobject.sql;Data/gameobject_template.sql;Data/gameobject_loot_template.sql,0,0,False,static map/spawn has no boss association
,530,,,,182936,Salvageable Wood,19457,,,32,,static_spawn,Data/gameobject.sql;Data/gameobject_template.sql;Data/gameobject_loot_template.sql,0,0,False,static map/spawn has no boss association
,530,,,,182937,Salvageable Metal,19456,,,13,,static_spawn,Data/gameobject.sql;Data/gameobject_template.sql;Data/gameobject_loot_template.sql,0,0,False,static map/spawn has no boss association
,530,,,,182938,Salvageable Metal,19456,,,19,,static_spawn,Data/gameobject.sql;Data/gameobject_template.sql;Data/gameobject_loot_template.sql,0,0,False,static map/spawn has no boss association
,530,,,,182941,Grishnath Orb,21771,,,24,,static_spawn,Data/gameobject.sql;Data/gameobject_template.sql;Data/gameobject_loot_template.sql,0,0,False,static map/spawn has no boss association
,530,,,,183043,Ragveil,19627,,,130,,static_spawn,Data/gameobject.sql;Data/gameobject_template.sql;Data/gameobject_loot_template.sql,0,0,False,static map/spawn has no boss association
,530,,,,183044,Felweed,19628,,,84,,static_spawn,Data/gameobject.sql;Data/gameobject_template.sql;Data/gameobject_loot_template.sql,0,0,False,static map/spawn has no boss association
,530,,,,183045,Dreaming Glory,19629,,,28,,static_spawn,Data/gameobject.sql;Data/gameobject_template.sql;Data/gameobject_loot_template.sql,0,0,False,static map/spawn has no boss association
,530,,,,183046,Blindweed,19630,,,34,,static_spawn,Data/gameobject.sql;Data/gameobject_template.sql;Data/gameobject_loot_template.sql,0,0,False,static map/spawn has no boss association
,530,,,,183394,Zeppelin Debris,19885,,,11,,static_spawn,Data/gameobject.sql;Data/gameobject_template.sql;Data/gameobject_loot_template.sql,0,0,False,static map/spawn has no boss association
,530,,,,183395,Zeppelin Debris,19885,,,17,,static_spawn,Data/gameobject.sql;Data/gameobject_template.sql;Data/gameobject_loot_template.sql,0,0,False,static map/spawn has no boss association
,530,,,,183396,Zeppelin Debris,19885,,,16,,static_spawn,Data/gameobject.sql;Data/gameobject_template.sql;Data/gameobject_loot_template.sql,0,0,False,static map/spawn has no boss association
,530,,,,183397,Zeppelin Debris,19885,,,8,,static_spawn,Data/gameobject.sql;Data/gameobject_template.sql;Data/gameobject_loot_template.sql,0,0,False,static map/spawn has no boss association
,530,,,,183767,Etherlithium Matrix Crystal,20028,,,25,,static_spawn,Data/gameobject.sql;Data/gameobject_template.sql;Data/gameobject_loot_template.sql,0,0,False,static map/spawn has no boss association
,530,,,,183813,Ethereal Technology,20035,,,11,,static_spawn,Data/gameobject.sql;Data/gameobject_template.sql;Data/gameobject_loot_template.sql,0,0,False,static map/spawn has no boss association
,530,,,,183814,Ethereal Technology,20035,,,17,,static_spawn,Data/gameobject.sql;Data/gameobject_template.sql;Data/gameobject_loot_template.sql,0,0,False,static map/spawn has no boss association
,530,,,,183934,Shredder Parts,20048,,,13,,static_spawn,Data/gameobject.sql;Data/gameobject_template.sql;Data/gameobject_loot_template.sql,0,0,False,static map/spawn has no boss association
,530,,,,183935,Fel Reaver Part,20050,,,16,,static_spawn,Data/gameobject.sql;Data/gameobject_template.sql;Data/gameobject_loot_template.sql,0,0,False,static map/spawn has no boss association
,530,,,,183945,Energy Isolation Cube,20053,,,41,,static_spawn,Data/gameobject.sql;Data/gameobject_template.sql;Data/gameobject_loot_template.sql,0,0,False,static map/spawn has no boss association
,530,,,,184031,Box of Surveying Equipment,20076,,,26,,static_spawn,Data/gameobject.sql;Data/gameobject_template.sql;Data/gameobject_loot_template.sql,0,0,False,static map/spawn has no boss association
,530,,,,184075,Teleporter Power Pack,20077,,,1,,static_spawn,Data/gameobject.sql;Data/gameobject_template.sql;Data/gameobject_loot_template.sql,0,0,False,static map/spawn has no boss association
,530,,,,184077,Nether Dragonkin Egg,20079,,,37,,static_spawn,Data/gameobject.sql;Data/gameobject_template.sql;Data/gameobject_loot_template.sql,0,0,False,static map/spawn has no boss association
,530,,,,184115,Arelion\'s Knapsack,22013,,,1,,static_spawn,Data/gameobject.sql;Data/gameobject_template.sql;Data/gameobject_loot_template.sql,0,0,False,static map/spawn has no boss association
,530,,,,184121,Krasus\'s Compendium - Chapter 1,20211,,,1,,static_spawn,Data/gameobject.sql;Data/gameobject_template.sql;Data/gameobject_loot_template.sql,0,0,False,static map/spawn has no boss association
,530,,,,184122,Krasus\'s Compendium - Chapter 2,20212,,,1,,static_spawn,Data/gameobject.sql;Data/gameobject_template.sql;Data/gameobject_loot_template.sql,0,0,False,static map/spawn has no boss association
,530,,,,184123,Krasus\'s Compendium - Chapter 3,20213,,,1,,static_spawn,Data/gameobject.sql;Data/gameobject_template.sql;Data/gameobject_loot_template.sql,0,0,False,static map/spawn has no boss association
,530,,,,184310,Suspicious Outhouse,20266,,,1,,static_spawn,Data/gameobject.sql;Data/gameobject_template.sql;Data/gameobject_loot_template.sql,0,0,False,static map/spawn has no boss association
,530,,,,184433,Mana Bomb Fragment,20395,,,1,,static_spawn,Data/gameobject.sql;Data/gameobject_template.sql;Data/gameobject_loot_template.sql,0,0,False,static map/spawn has no boss association
,530,,,,184443,Ivory Bell,20438,,,50,,static_spawn,Data/gameobject.sql;Data/gameobject_template.sql;Data/gameobject_loot_template.sql,0,0,False,static map/spawn has no boss association
,530,,,,184466,Metal Coffer,20533,,,1,,static_spawn,Data/gameobject.sql;Data/gameobject_template.sql;Data/gameobject_loot_template.sql,0,0,False,static map/spawn has no boss association
,530,,,,184478,Torn Pilgrim\'s Pack,20578,,,1,,static_spawn,Data/gameobject.sql;Data/gameobject_template.sql;Data/gameobject_loot_template.sql,0,0,False,static map/spawn has no boss association
,530,,,,184504,Bloodmaul Brew Keg,20581,,,13,,static_spawn,Data/gameobject.sql;Data/gameobject_template.sql;Data/gameobject_loot_template.sql,0,0,False,static map/spawn has no boss association
,530,,,,184560,Ethereum Data Cell,20660,,,1,,static_spawn,Data/gameobject.sql;Data/gameobject_template.sql;Data/gameobject_loot_template.sql,0,0,False,static map/spawn has no boss association
,530,,,,184589,Diagnostic Equipment,20682,,,1,,static_spawn,Data/gameobject.sql;Data/gameobject_template.sql;Data/gameobject_loot_template.sql,0,0,False,static map/spawn has no boss association
,530,,,,184607,Dome Generator Segment,20722,,,11,,static_spawn,Data/gameobject.sql;Data/gameobject_template.sql;Data/gameobject_loot_template.sql,0,0,False,static map/spawn has no boss association
,530,,,,184689,Draenethyst Mine Crystal,20806,,,11,,static_spawn,Data/gameobject.sql;Data/gameobject_template.sql;Data/gameobject_loot_template.sql,0,0,False,static map/spawn has no boss association
,530,,,,184716,Coilskar Chest,21717,,,115,,static_spawn,Data/gameobject.sql;Data/gameobject_template.sql;Data/gameobject_loot_template.sql,0,0,False,static map/spawn has no boss association
,530,,,,184726,Thunderlord Clan Drum,20830,,,1,,static_spawn,Data/gameobject.sql;Data/gameobject_template.sql;Data/gameobject_loot_template.sql,0,0,False,static map/spawn has no boss association
,530,,,,184727,Thunderlord Clan Arrow,20831,,,1,,static_spawn,Data/gameobject.sql;Data/gameobject_template.sql;Data/gameobject_loot_template.sql,0,0,False,static map/spawn has no boss association
,530,,,,184728,Thunderlord Clan Tablet,20832,,,1,,static_spawn,Data/gameobject.sql;Data/gameobject_template.sql;Data/gameobject_loot_template.sql,0,0,False,static map/spawn has no boss association
,530,,,,184740,Wicker Chest,20890,,,20,,static_spawn,Data/gameobject.sql;Data/gameobject_template.sql;Data/gameobject_loot_template.sql,0,0,False,static map/spawn has no boss association
,530,,,,184741,Dented Footlocker,20890,,,18,,static_spawn,Data/gameobject.sql;Data/gameobject_template.sql;Data/gameobject_loot_template.sql,0,0,False,static map/spawn has no boss association
,530,,,,184744,T\'chali\'s Hookah,20911,,,1,,static_spawn,Data/gameobject.sql;Data/gameobject_template.sql;Data/gameobject_loot_template.sql,0,0,False,static map/spawn has no boss association
,530,,,,184793,Primitive Chest,21029,,,48,,static_spawn,Data/gameobject.sql;Data/gameobject_template.sql;Data/gameobject_loot_template.sql,0,0,False,static map/spawn has no boss association
,530,,,,184795,Rotten Arakkoa Egg,21023,,,23,,static_spawn,Data/gameobject.sql;Data/gameobject_template.sql;Data/gameobject_loot_template.sql,0,0,False,static map/spawn has no boss association
,530,,,,184810,Sealed Coffin,21111,,,1,,static_spawn,Data/gameobject.sql;Data/gameobject_template.sql;Data/gameobject_loot_template.sql,0,0,False,static map/spawn has no boss association
,530,,,,184811,Sealed Coffin,21111,,,1,,static_spawn,Data/gameobject.sql;Data/gameobject_template.sql;Data/gameobject_loot_template.sql,0,0,False,static map/spawn has no boss association
,530,,,,184812,Sealed Coffin,21111,,,1,,static_spawn,Data/gameobject.sql;Data/gameobject_template.sql;Data/gameobject_loot_template.sql,0,0,False,static map/spawn has no boss association
,530,,,,184813,Sealed Coffin,21111,,,1,,static_spawn,Data/gameobject.sql;Data/gameobject_template.sql;Data/gameobject_loot_template.sql,0,0,False,static map/spawn has no boss association
,530,,,,184815,Sealed Coffin,21111,,,1,,static_spawn,Data/gameobject.sql;Data/gameobject_template.sql;Data/gameobject_loot_template.sql,0,0,False,static map/spawn has no boss association
,530,,,,184859,Fel Reaver Power Core,21228,,,1,,static_spawn,Data/gameobject.sql;Data/gameobject_template.sql;Data/gameobject_loot_template.sql,0,0,False,static map/spawn has no boss association
,530,,,,184860,Fel Reaver Armor Plating,21229,,,1,,static_spawn,Data/gameobject.sql;Data/gameobject_template.sql;Data/gameobject_loot_template.sql,0,0,False,static map/spawn has no boss association
,530,,,,184869,Baa\'ri Tablet Fragment,21231,,,9,,static_spawn,Data/gameobject.sql;Data/gameobject_template.sql;Data/gameobject_loot_template.sql,0,0,False,static map/spawn has no boss association
,530,,,,184870,Baa\'ri Tablet Fragment,21231,,,8,,static_spawn,Data/gameobject.sql;Data/gameobject_template.sql;Data/gameobject_loot_template.sql,0,0,False,static map/spawn has no boss association
,530,,,,184947,The Doctor\'s Strongbox,21291,,,1,,static_spawn,Data/gameobject.sql;Data/gameobject_template.sql;Data/gameobject_loot_template.sql,0,0,False,static map/spawn has no boss association
,530,,,,184948,Ever-burning Ash,21292,,,126,,static_spawn,Data/gameobject.sql;Data/gameobject_template.sql;Data/gameobject_loot_template.sql,0,0,False,static map/spawn has no boss association
,530,,,,185032,Forged Illidari Bane Blade,21583,,,1,,static_spawn,Data/gameobject.sql;Data/gameobject_template.sql;Data/gameobject_loot_template.sql,0,0,False,static map/spawn has no boss association
,530,,,,185128,Lianthe\'s Strongbox,21748,,,1,,static_spawn,Data/gameobject.sql;Data/gameobject_template.sql;Data/gameobject_loot_template.sql,0,0,False,static map/spawn has no boss association
,530,,,,185130,Sketh\'lon Feather,21750,,,31,,static_spawn,Data/gameobject.sql;Data/gameobject_template.sql;Data/gameobject_loot_template.sql,0,0,False,static map/spawn has no boss association
,530,,,,185152,Grulloc\'s Sack,21757,,,1,,static_spawn,Data/gameobject.sql;Data/gameobject_template.sql;Data/gameobject_loot_template.sql,0,0,False,static map/spawn has no boss association
,530,,,,185182,Nethervine Crystal,21772,,,101,,static_spawn,Data/gameobject.sql;Data/gameobject_template.sql;Data/gameobject_loot_template.sql,0,0,False,static map/spawn has no boss association
,530,,,,185200,Eye of Veil Reskk,19347,,,1,,static_spawn,Data/gameobject.sql;Data/gameobject_template.sql;Data/gameobject_loot_template.sql,0,0,False,static map/spawn has no boss association
,530,,,,185201,Eye of Veil Shienor,19346,,,1,,static_spawn,Data/gameobject.sql;Data/gameobject_template.sql;Data/gameobject_loot_template.sql,0,0,False,static map/spawn has no boss association
,530,,,,185220,Massive Treasure Chest,21867,,,1,,static_spawn,Data/gameobject.sql;Data/gameobject_template.sql;Data/gameobject_loot_template.sql,0,0,False,static map/spawn has no boss association
,530,,,,185224,Cabal Chest,21870,,,1,,static_spawn,Data/gameobject.sql;Data/gameobject_template.sql;Data/gameobject_loot_template.sql,0,0,False,static map/spawn has no boss association
,530,,,,185225,Cabal Chest,21871,,,1,,static_spawn,Data/gameobject.sql;Data/gameobject_template.sql;Data/gameobject_loot_template.sql,0,0,False,static map/spawn has no boss association
,530,,,,185226,Cabal Chest,21872,,,1,,static_spawn,Data/gameobject.sql;Data/gameobject_template.sql;Data/gameobject_loot_template.sql,0,0,False,static map/spawn has no boss association
,530,,,,185233,The Doctor\'s Strongbox,21291,,,1,,static_spawn,Data/gameobject.sql;Data/gameobject_template.sql;Data/gameobject_loot_template.sql,0,0,False,static map/spawn has no boss association
,530,,,,185302,Fei Fei\'s Cache,21907,,,1,,static_spawn,Data/gameobject.sql;Data/gameobject_template.sql;Data/gameobject_loot_template.sql,0,0,False,static map/spawn has no boss association
,530,,,,185497,Bogblossom,22011,,,80,,static_spawn,Data/gameobject.sql;Data/gameobject_template.sql;Data/gameobject_loot_template.sql,0,0,False,static map/spawn has no boss association
,530,,,,185877,Nethercite Deposit,22070,,,32,,static_spawn,Data/gameobject.sql;Data/gameobject_template.sql;Data/gameobject_loot_template.sql,0,0,False,static map/spawn has no boss association
,530,,,,185881,Netherdust Bush,22071,,,86,,static_spawn,Data/gameobject.sql;Data/gameobject_template.sql;Data/gameobject_loot_template.sql,0,0,False,static map/spawn has no boss association
,530,,,,185911,Apexis Shard Formation,22114,,,34,,static_spawn,Data/gameobject.sql;Data/gameobject_template.sql;Data/gameobject_loot_template.sql,0,0,False,static map/spawn has no boss association
,530,,,,185915,Netherwing Egg,22116,,,120,,static_spawn,Data/gameobject.sql;Data/gameobject_template.sql;Data/gameobject_loot_template.sql,0,0,False,static map/spawn has no boss association
,530,,,,185939,Nethermine Cargo,22187,,,29,,static_spawn,Data/gameobject.sql;Data/gameobject_template.sql;Data/gameobject_loot_template.sql,0,0,False,static map/spawn has no boss association
,530,,,,185954,Hazzik\'s Package,22199,,,1,,static_spawn,Data/gameobject.sql;Data/gameobject_template.sql;Data/gameobject_loot_template.sql,0,0,False,static map/spawn has no boss association
,530,,,,186302,Case of Orcish Grog,22326,,,4,,static_spawn,Data/gameobject.sql;Data/gameobject_template.sql;Data/gameobject_loot_template.sql,0,0,False,static map/spawn has no boss association
,530,,,,186729,Mana Berry Bush,22858,,,146,,static_spawn,Data/gameobject.sql;Data/gameobject_template.sql;Data/gameobject_loot_template.sql,0,0,False,static map/spawn has no boss association
,530,,,,187039,Smuggled Mana Cell,22992,,,65,,static_spawn,Data/gameobject.sql;Data/gameobject_template.sql;Data/gameobject_loot_template.sql,0,0,False,static map/spawn has no boss association
,530,,,,187264,Darkspine Ore Chest,23009,,,99,,static_spawn,Data/gameobject.sql;Data/gameobject_template.sql;Data/gameobject_loot_template.sql,0,0,False,static map/spawn has no boss association
,530,,,,187333,Bloodberry Bush,23016,,,101,,static_spawn,Data/gameobject.sql;Data/gameobject_template.sql;Data/gameobject_loot_template.sql,0,0,False,static map/spawn has no boss association
,531,,,,180690,Large Scarab Coffer,17533,,,12,,static_spawn,Data/gameobject.sql;Data/gameobject_template.sql;Data/gameobject_loot_template.sql,0,0,False,static map/spawn has no boss association
,532,,,,181768,Sealed Tome,18509,,,9,,static_spawn,Data/gameobject.sql;Data/gameobject_template.sql;Data/gameobject_loot_template.sql,0,0,False,static map/spawn has no boss association
,532,,,,181845,Sealed Tome,18509,,,1,,static_spawn,Data/gameobject.sql;Data/gameobject_template.sql;Data/gameobject_loot_template.sql,0,0,False,static map/spawn has no boss association
,532,,,,181846,Sealed Tome,18509,,,12,,static_spawn,Data/gameobject.sql;Data/gameobject_template.sql;Data/gameobject_loot_template.sql,0,0,False,static map/spawn has no boss association
,532,,,,181847,Sealed Tome,18509,,,5,,static_spawn,Data/gameobject.sql;Data/gameobject_template.sql;Data/gameobject_loot_template.sql,0,0,False,static map/spawn has no boss association
,532,,,,181848,Sealed Tome,18509,,,9,,static_spawn,Data/gameobject.sql;Data/gameobject_template.sql;Data/gameobject_loot_template.sql,0,0,False,static map/spawn has no boss association
,532,,,,182199,Keanna\'s Log,19169,,,1,,static_spawn,Data/gameobject.sql;Data/gameobject_template.sql;Data/gameobject_loot_template.sql,0,0,False,static map/spawn has no boss association
,532,,,,185119,Dust Covered Chest,20712,,,1,,static_spawn,Data/gameobject.sql;Data/gameobject_template.sql;Data/gameobject_loot_template.sql,0,0,False,static map/spawn has no boss association
,534,,,,185557,Ancient Gem Vein,26862,,,10,,static_spawn,Data/gameobject.sql;Data/gameobject_template.sql;Data/gameobject_loot_template.sql,0,0,False,static map/spawn has no boss association
,540,,,,181671,Fel Horde Banner,18459,,,2,,static_spawn,Data/gameobject.sql;Data/gameobject_template.sql;Data/gameobject_loot_template.sql,0,0,False,static map/spawn has no boss association
,543,,,,185168,Reinforced Fel Iron Chest,21762,,,1,,static_spawn,Data/gameobject.sql;Data/gameobject_template.sql;Data/gameobject_loot_template.sql,0,0,False,static map/spawn has no boss association
,543,,,,185169,Reinforced Fel Iron Chest,21764,,,1,,static_spawn,Data/gameobject.sql;Data/gameobject_template.sql;Data/gameobject_loot_template.sql,0,0,False,static map/spawn has no boss association
,545,,,,181270,Felweed,18111,,,2,,static_spawn,Data/gameobject.sql;Data/gameobject_template.sql;Data/gameobject_loot_template.sql,0,0,False,static map/spawn has no boss association
,545,,,,181275,Ragveil,18113,,,4,,static_spawn,Data/gameobject.sql;Data/gameobject_template.sql;Data/gameobject_loot_template.sql,0,0,False,static map/spawn has no boss association
,545,,,,181278,Ancient Lichen,18116,,,12,,static_spawn,Data/gameobject.sql;Data/gameobject_template.sql;Data/gameobject_loot_template.sql,0,0,False,static map/spawn has no boss association
,545,,,,181555,Fel Iron Deposit,18359,,,12,,static_spawn,Data/gameobject.sql;Data/gameobject_template.sql;Data/gameobject_loot_template.sql,0,0,False,static map/spawn has no boss association
,545,,,,181556,Adamantite Deposit,18361,,,21,,static_spawn,Data/gameobject.sql;Data/gameobject_template.sql;Data/gameobject_loot_template.sql,0,0,False,static map/spawn has no boss association
,546,,,,181270,Felweed,18111,,,7,,static_spawn,Data/gameobject.sql;Data/gameobject_template.sql;Data/gameobject_loot_template.sql,0,0,False,static map/spawn has no boss association
,546,,,,181275,Ragveil,18113,,,7,,static_spawn,Data/gameobject.sql;Data/gameobject_template.sql;Data/gameobject_loot_template.sql,0,0,False,static map/spawn has no boss association
,546,,,,181276,Flame Cap,18114,,,7,,static_spawn,Data/gameobject.sql;Data/gameobject_template.sql;Data/gameobject_loot_template.sql,0,0,False,static map/spawn has no boss association
,546,,,,181278,Ancient Lichen,18116,,,15,,static_spawn,Data/gameobject.sql;Data/gameobject_template.sql;Data/gameobject_loot_template.sql,0,0,False,static map/spawn has no boss association
,546,,,,181556,Adamantite Deposit,18361,,,9,,static_spawn,Data/gameobject.sql;Data/gameobject_template.sql;Data/gameobject_loot_template.sql,0,0,False,static map/spawn has no boss association
,546,,,,181557,Khorium Vein,18363,,,9,,static_spawn,Data/gameobject.sql;Data/gameobject_template.sql;Data/gameobject_loot_template.sql,0,0,False,static map/spawn has no boss association
,546,,,,181569,Rich Adamantite Deposit,26861,,,9,,static_spawn,Data/gameobject.sql;Data/gameobject_template.sql;Data/gameobject_loot_template.sql,0,0,False,static map/spawn has no boss association
,546,,,,182054,The Underspore,18696,,,1,,static_spawn,Data/gameobject.sql;Data/gameobject_template.sql;Data/gameobject_loot_template.sql,0,0,False,static map/spawn has no boss association
,546,,,,183385,Sanguine Hibiscus,19848,,,20,,static_spawn,Data/gameobject.sql;Data/gameobject_template.sql;Data/gameobject_loot_template.sql,0,0,False,static map/spawn has no boss association
,547,,,,181270,Felweed,18111,,,8,,static_spawn,Data/gameobject.sql;Data/gameobject_template.sql;Data/gameobject_loot_template.sql,0,0,False,static map/spawn has no boss association
,547,,,,181275,Ragveil,18113,,,8,,static_spawn,Data/gameobject.sql;Data/gameobject_template.sql;Data/gameobject_loot_template.sql,0,0,False,static map/spawn has no boss association
,547,,,,181276,Flame Cap,18114,,,8,,static_spawn,Data/gameobject.sql;Data/gameobject_template.sql;Data/gameobject_loot_template.sql,0,0,False,static map/spawn has no boss association
,547,,,,181278,Ancient Lichen,18116,,,14,,static_spawn,Data/gameobject.sql;Data/gameobject_template.sql;Data/gameobject_loot_template.sql,0,0,False,static map/spawn has no boss association
,547,,,,181556,Adamantite Deposit,18361,,,5,,static_spawn,Data/gameobject.sql;Data/gameobject_template.sql;Data/gameobject_loot_template.sql,0,0,False,static map/spawn has no boss association
,547,,,,181557,Khorium Vein,18363,,,5,,static_spawn,Data/gameobject.sql;Data/gameobject_template.sql;Data/gameobject_loot_template.sql,0,0,False,static map/spawn has no boss association
,547,,,,181569,Rich Adamantite Deposit,26861,,,5,,static_spawn,Data/gameobject.sql;Data/gameobject_template.sql;Data/gameobject_loot_template.sql,0,0,False,static map/spawn has no boss association
,553,,,,181270,Felweed,18111,,,6,,static_spawn,Data/gameobject.sql;Data/gameobject_template.sql;Data/gameobject_loot_template.sql,0,0,False,static map/spawn has no boss association
,553,,,,181271,Dreaming Glory,18112,,,3,,static_spawn,Data/gameobject.sql;Data/gameobject_template.sql;Data/gameobject_loot_template.sql,0,0,False,static map/spawn has no boss association
,553,,,,181277,Terocone,18115,,,1,,static_spawn,Data/gameobject.sql;Data/gameobject_template.sql;Data/gameobject_loot_template.sql,0,0,False,static map/spawn has no boss association
,553,,,,181279,Netherbloom,18117,,,3,,static_spawn,Data/gameobject.sql;Data/gameobject_template.sql;Data/gameobject_loot_template.sql,0,0,False,static map/spawn has no boss association
,554,,,,184465,Cache of the Legion,20529,,,1,,static_spawn,Data/gameobject.sql;Data/gameobject_template.sql;Data/gameobject_loot_template.sql,0,0,False,static map/spawn has no boss association
,554,,,,184849,Cache of the Legion,20530,,,1,,static_spawn,Data/gameobject.sql;Data/gameobject_template.sql;Data/gameobject_loot_template.sql,0,0,False,static map/spawn has no boss association
,554,,,,185015,Overcharged Manacell,21550,,,4,,static_spawn,Data/gameobject.sql;Data/gameobject_template.sql;Data/gameobject_loot_template.sql,0,0,False,static map/spawn has no boss association
,555,,,,181278,Ancient Lichen,18116,,,27,,static_spawn,Data/gameobject.sql;Data/gameobject_template.sql;Data/gameobject_loot_template.sql,0,0,False,static map/spawn has no boss association
,555,,,,181556,Adamantite Deposit,18361,,,10,,static_spawn,Data/gameobject.sql;Data/gameobject_template.sql;Data/gameobject_loot_template.sql,0,0,False,static map/spawn has no boss association
,555,,,,181557,Khorium Vein,18363,,,10,,static_spawn,Data/gameobject.sql;Data/gameobject_template.sql;Data/gameobject_loot_template.sql,0,0,False,static map/spawn has no boss association
,555,,,,181569,Rich Adamantite Deposit,26861,,,10,,static_spawn,Data/gameobject.sql;Data/gameobject_template.sql;Data/gameobject_loot_template.sql,0,0,False,static map/spawn has no boss association
,555,,,,182940,Soul Device,19603,,,30,,static_spawn,Data/gameobject.sql;Data/gameobject_template.sql;Data/gameobject_loot_template.sql,0,0,False,static map/spawn has no boss association
,556,,,,181278,Ancient Lichen,18116,,,16,,static_spawn,Data/gameobject.sql;Data/gameobject_template.sql;Data/gameobject_loot_template.sql,0,0,False,static map/spawn has no boss association
,556,,,,181556,Adamantite Deposit,18361,,,14,,static_spawn,Data/gameobject.sql;Data/gameobject_template.sql;Data/gameobject_loot_template.sql,0,0,False,static map/spawn has no boss association
,556,,,,181557,Khorium Vein,18363,,,14,,static_spawn,Data/gameobject.sql;Data/gameobject_template.sql;Data/gameobject_loot_template.sql,0,0,False,static map/spawn has no boss association
,556,,,,181569,Rich Adamantite Deposit,26861,,,14,,static_spawn,Data/gameobject.sql;Data/gameobject_template.sql;Data/gameobject_loot_template.sql,0,0,False,static map/spawn has no boss association
,556,,,,183050,The Saga of Terokk,19757,,,1,,static_spawn,Data/gameobject.sql;Data/gameobject_template.sql;Data/gameobject_loot_template.sql,0,0,False,static map/spawn has no boss association
,556,,,,187372,The Talon King\'s Coffer,23035,,,1,,static_spawn,Data/gameobject.sql;Data/gameobject_template.sql;Data/gameobject_loot_template.sql,0,0,False,static map/spawn has no boss association
,557,,,,181278,Ancient Lichen,18116,,,21,,static_spawn,Data/gameobject.sql;Data/gameobject_template.sql;Data/gameobject_loot_template.sql,0,0,False,static map/spawn has no boss association
,557,,,,181556,Adamantite Deposit,18361,,,9,,static_spawn,Data/gameobject.sql;Data/gameobject_template.sql;Data/gameobject_loot_template.sql,0,0,False,static map/spawn has no boss association
,557,,,,181557,Khorium Vein,18363,,,9,,static_spawn,Data/gameobject.sql;Data/gameobject_template.sql;Data/gameobject_loot_template.sql,0,0,False,static map/spawn has no boss association
,557,,,,181569,Rich Adamantite Deposit,26861,,,9,,static_spawn,Data/gameobject.sql;Data/gameobject_template.sql;Data/gameobject_loot_template.sql,0,0,False,static map/spawn has no boss association
,558,,,,181278,Ancient Lichen,18116,,,16,,static_spawn,Data/gameobject.sql;Data/gameobject_template.sql;Data/gameobject_loot_template.sql,0,0,False,static map/spawn has no boss association
,558,,,,181556,Adamantite Deposit,18361,,,10,,static_spawn,Data/gameobject.sql;Data/gameobject_template.sql;Data/gameobject_loot_template.sql,0,0,False,static map/spawn has no boss association
,558,,,,181557,Khorium Vein,18363,,,10,,static_spawn,Data/gameobject.sql;Data/gameobject_template.sql;Data/gameobject_loot_template.sql,0,0,False,static map/spawn has no boss association
,558,,,,181569,Rich Adamantite Deposit,26861,,,10,,static_spawn,Data/gameobject.sql;Data/gameobject_template.sql;Data/gameobject_loot_template.sql,0,0,False,static map/spawn has no boss association
,558,,,,183441,Soul Mirror,20014,,,8,,static_spawn,Data/gameobject.sql;Data/gameobject_template.sql;Data/gameobject_loot_template.sql,0,0,False,static map/spawn has no boss association
,560,,,,180523,Apple Bob,17378,,,1,,static_spawn,Data/gameobject.sql;Data/gameobject_template.sql;Data/gameobject_loot_template.sql,0,0,False,static map/spawn has no boss association
,568,,,,186648,Tanzar\'s Trunk,22699,,,1,,static_spawn,Data/gameobject.sql;Data/gameobject_template.sql;Data/gameobject_loot_template.sql,0,0,False,static map/spawn has no boss association
,568,,,,186733,The Map of Zul\'Aman,22883,,,1,,static_spawn,Data/gameobject.sql;Data/gameobject_template.sql;Data/gameobject_loot_template.sql,0,0,False,static map/spawn has no boss association
,568,,,,186748,Harkor\'s Brew Keg,22908,,,1,,static_spawn,Data/gameobject.sql;Data/gameobject_template.sql;Data/gameobject_loot_template.sql,0,0,False,static map/spawn has no boss association
,571,,,,180523,Apple Bob,17378,,,35,,static_spawn,Data/gameobject.sql;Data/gameobject_template.sql;Data/gameobject_loot_template.sql,0,0,False,static map/spawn has no boss association
,571,,,,186390,Plague Container,22350,,,12,,static_spawn,Data/gameobject.sql;Data/gameobject_template.sql;Data/gameobject_loot_template.sql,0,0,False,static map/spawn has no boss association
,571,,,,186397,Steel Gate Artifact,22461,,,14,,static_spawn,Data/gameobject.sql;Data/gameobject_template.sql;Data/gameobject_loot_template.sql,0,0,False,static map/spawn has no boss association
,571,,,,186427,Westguard Cannonball,22362,,,19,,static_spawn,Data/gameobject.sql;Data/gameobject_template.sql;Data/gameobject_loot_template.sql,0,0,False,static map/spawn has no boss association
,571,,,,186587,Wyrmskull Tablet,22408,,,9,,static_spawn,Data/gameobject.sql;Data/gameobject_template.sql;Data/gameobject_loot_template.sql,0,0,False,static map/spawn has no boss association
,571,,,,186591,Spotted Hippogryph Down,22405,,,53,,static_spawn,Data/gameobject.sql;Data/gameobject_template.sql;Data/gameobject_loot_template.sql,0,0,False,static map/spawn has no boss association
,571,,,,186595,Wyrmskull Tablet,22408,,,13,,static_spawn,Data/gameobject.sql;Data/gameobject_template.sql;Data/gameobject_loot_template.sql,0,0,False,static map/spawn has no boss association
,571,,,,186607,Sacred Artifact,22600,,,1,,static_spawn,Data/gameobject.sql;Data/gameobject_template.sql;Data/gameobject_loot_template.sql,0,0,False,static map/spawn has no boss association
,571,,,,186618,Dragonflayer Battle Plans,22602,,,1,,static_spawn,Data/gameobject.sql;Data/gameobject_template.sql;Data/gameobject_loot_template.sql,0,0,False,static map/spawn has no boss association
,571,,,,186619,Sprung Trap,22601,,,25,,static_spawn,Data/gameobject.sql;Data/gameobject_template.sql;Data/gameobject_loot_template.sql,0,0,False,static map/spawn has no boss association
,571,,,,186632,Dwarven Keg,22603,,,27,,static_spawn,Data/gameobject.sql;Data/gameobject_template.sql;Data/gameobject_loot_template.sql,0,0,False,static map/spawn has no boss association
,571,,,,186662,Reagent Pouch,22771,,,1,,static_spawn,Data/gameobject.sql;Data/gameobject_template.sql;Data/gameobject_loot_template.sql,0,0,False,static map/spawn has no boss association
,571,,,,186679,Apothecary\'s Package,22802,,,1,,static_spawn,Data/gameobject.sql;Data/gameobject_template.sql;Data/gameobject_loot_template.sql,0,0,False,static map/spawn has no boss association
,571,,,,186684,Iron Rune Carving Tools,22803,,,3,,static_spawn,Data/gameobject.sql;Data/gameobject_template.sql;Data/gameobject_loot_template.sql,0,0,False,static map/spawn has no boss association
,571,,,,186828,Harpoon Operation Manual,22916,,,1,,static_spawn,Data/gameobject.sql;Data/gameobject_template.sql;Data/gameobject_loot_template.sql,0,0,False,static map/spawn has no boss association
,571,,,,186830,Saga of the Val\'kyr,22922,,,1,,static_spawn,Data/gameobject.sql;Data/gameobject_template.sql;Data/gameobject_loot_template.sql,0,0,False,static map/spawn has no boss association
,571,,,,186831,Saga of the Twins,22921,,,1,,static_spawn,Data/gameobject.sql;Data/gameobject_template.sql;Data/gameobject_loot_template.sql,0,0,False,static map/spawn has no boss association
,571,,,,186832,Saga of the Winter Curse,22923,,,1,,static_spawn,Data/gameobject.sql;Data/gameobject_template.sql;Data/gameobject_loot_template.sql,0,0,False,static map/spawn has no boss association
,571,,,,186885,Amani Vase,22926,,,1,,static_spawn,Data/gameobject.sql;Data/gameobject_template.sql;Data/gameobject_loot_template.sql,0,0,False,static map/spawn has no boss association
,571,,,,186886,Eagle Figurine,22927,,,1,,static_spawn,Data/gameobject.sql;Data/gameobject_template.sql;Data/gameobject_loot_template.sql,0,0,False,static map/spawn has no boss association
,571,,,,186912,Valgarde Supply Crate,22930,,,12,,static_spawn,Data/gameobject.sql;Data/gameobject_template.sql;Data/gameobject_loot_template.sql,0,0,False,static map/spawn has no boss association
,571,,,,186938,Loose Rock,22936,,,124,,static_spawn,Data/gameobject.sql;Data/gameobject_template.sql;Data/gameobject_loot_template.sql,0,0,False,static map/spawn has no boss association
,571,,,,186950,Building Tools,22949,,,1,,static_spawn,Data/gameobject.sql;Data/gameobject_template.sql;Data/gameobject_loot_template.sql,0,0,False,static map/spawn has no boss association
,571,,,,186954,Large Barrel,22951,,,3,,static_spawn,Data/gameobject.sql;Data/gameobject_template.sql;Data/gameobject_loot_template.sql,0,0,False,static map/spawn has no boss association
,571,,,,186955,Industrial Strength Rope,22952,,,2,,static_spawn,Data/gameobject.sql;Data/gameobject_template.sql;Data/gameobject_loot_template.sql,0,0,False,static map/spawn has no boss association
,571,,,,187022,Mound of Debris,22971,,,1,,static_spawn,Data/gameobject.sql;Data/gameobject_template.sql;Data/gameobject_loot_template.sql,0,0,False,static map/spawn has no boss association
,571,,,,187023,Unlocked Chest,22972,,,1,,static_spawn,Data/gameobject.sql;Data/gameobject_template.sql;Data/gameobject_loot_template.sql,0,0,False,static map/spawn has no boss association
,571,,,,187026,Long Tail Feather,22973,,,1,,static_spawn,Data/gameobject.sql;Data/gameobject_template.sql;Data/gameobject_loot_template.sql,0,0,False,static map/spawn has no boss association
,571,,,,187027,Cannonball,22974,,,1,,static_spawn,Data/gameobject.sql;Data/gameobject_template.sql;Data/gameobject_loot_template.sql,0,0,False,static map/spawn has no boss association
,571,,,,187032,The Frozen Heart of Isuldof,22982,,,1,,static_spawn,Data/gameobject.sql;Data/gameobject_template.sql;Data/gameobject_loot_template.sql,0,0,False,static map/spawn has no boss association
,571,,,,187033,The Staff of Storm\'s Fury,22983,,,1,,static_spawn,Data/gameobject.sql;Data/gameobject_template.sql;Data/gameobject_loot_template.sql,0,0,False,static map/spawn has no boss association
,571,,,,187367,Winterfin Clam,23034,,,59,,static_spawn,Data/gameobject.sql;Data/gameobject_template.sql;Data/gameobject_loot_template.sql,0,0,False,static map/spawn has no boss association
,571,,,,187381,The Ancient Armor of the Kvaldir,23041,,,1,,static_spawn,Data/gameobject.sql;Data/gameobject_template.sql;Data/gameobject_loot_template.sql,0,0,False,static map/spawn has no boss association
,571,,,,187577,Warsong Banner,23080,,,1,,static_spawn,Data/gameobject.sql;Data/gameobject_template.sql;Data/gameobject_loot_template.sql,0,0,False,static map/spawn has no boss association
,571,,,,187659,Warsong Munitions Crate,23083,,,10,,static_spawn,Data/gameobject.sql;Data/gameobject_template.sql;Data/gameobject_loot_template.sql,0,0,False,static map/spawn has no boss association
,571,,,,187660,Warsong Munitions Crate,23083,,,13,,static_spawn,Data/gameobject.sql;Data/gameobject_template.sql;Data/gameobject_loot_template.sql,0,0,False,static map/spawn has no boss association
,571,,,,187661,Warsong Munitions Crate,23083,,,20,,static_spawn,Data/gameobject.sql;Data/gameobject_template.sql;Data/gameobject_loot_template.sql,0,0,False,static map/spawn has no boss association
,571,,,,187670,Tuskarr Ritual Object,23085,,,15,,static_spawn,Data/gameobject.sql;Data/gameobject_template.sql;Data/gameobject_loot_template.sql,0,0,False,static map/spawn has no boss association
,571,,,,187671,Tuskarr Ritual Object,23085,,,18,,static_spawn,Data/gameobject.sql;Data/gameobject_template.sql;Data/gameobject_loot_template.sql,0,0,False,static map/spawn has no boss association
,571,,,,187673,Farseer Grimwalker\'s Remains,23087,,,1,,static_spawn,Data/gameobject.sql;Data/gameobject_template.sql;Data/gameobject_loot_template.sql,0,0,False,static map/spawn has no boss association
,571,,,,187677,Scourged Earth,23090,,,62,,static_spawn,Data/gameobject.sql;Data/gameobject_template.sql;Data/gameobject_loot_template.sql,0,0,False,static map/spawn has no boss association
,571,,,,187683,Pneumatic Tank Transjigamarig,23092,,,1,,static_spawn,Data/gameobject.sql;Data/gameobject_template.sql;Data/gameobject_loot_template.sql,0,0,False,static map/spawn has no boss association
,571,,,,187684,Super Strong Metal Plate,23093,,,5,,static_spawn,Data/gameobject.sql;Data/gameobject_template.sql;Data/gameobject_loot_template.sql,0,0,False,static map/spawn has no boss association
,571,,,,187685,Super Strong Metal Plate,23093,,,7,,static_spawn,Data/gameobject.sql;Data/gameobject_template.sql;Data/gameobject_loot_template.sql,0,0,False,static map/spawn has no boss association
,571,,,,187686,Super Strong Metal Plate,23093,,,4,,static_spawn,Data/gameobject.sql;Data/gameobject_template.sql;Data/gameobject_loot_template.sql,0,0,False,static map/spawn has no boss association
,571,,,,187687,Super Strong Metal Plate,23093,,,9,,static_spawn,Data/gameobject.sql;Data/gameobject_template.sql;Data/gameobject_loot_template.sql,0,0,False,static map/spawn has no boss association
,571,,,,187689,Crafty\'s Stuff,23094,,,45,,static_spawn,Data/gameobject.sql;Data/gameobject_template.sql;Data/gameobject_loot_template.sql,0,0,False,static map/spawn has no boss association
,571,,,,187697,Crafty\'s Tools,23096,,,1,,static_spawn,Data/gameobject.sql;Data/gameobject_template.sql;Data/gameobject_loot_template.sql,0,0,False,static map/spawn has no boss association
,571,,,,187885,Gurgleboggle\'s Bauble,23167,,,1,,static_spawn,Data/gameobject.sql;Data/gameobject_template.sql;Data/gameobject_loot_template.sql,0,0,False,static map/spawn has no boss association
,571,,,,187886,Burblegobble\'s Bauble,23166,,,1,,static_spawn,Data/gameobject.sql;Data/gameobject_template.sql;Data/gameobject_loot_template.sql,0,0,False,static map/spawn has no boss association
,571,,,,187897,Fizzcrank Spare Parts,23168,,,10,,static_spawn,Data/gameobject.sql;Data/gameobject_template.sql;Data/gameobject_loot_template.sql,0,0,False,static map/spawn has no boss association
,571,,,,187898,Fizzcrank Spare Parts,23168,,,5,,static_spawn,Data/gameobject.sql;Data/gameobject_template.sql;Data/gameobject_loot_template.sql,0,0,False,static map/spawn has no boss association
,571,,,,187899,Fizzcrank Spare Parts,23168,,,16,,static_spawn,Data/gameobject.sql;Data/gameobject_template.sql;Data/gameobject_loot_template.sql,0,0,False,static map/spawn has no boss association
,571,,,,187900,Fizzcrank Spare Parts,23168,,,11,,static_spawn,Data/gameobject.sql;Data/gameobject_template.sql;Data/gameobject_loot_template.sql,0,0,False,static map/spawn has no boss association
,571,,,,187901,Fizzcrank Spare Parts,23168,,,15,,static_spawn,Data/gameobject.sql;Data/gameobject_template.sql;Data/gameobject_loot_template.sql,0,0,False,static map/spawn has no boss association
,571,,,,187902,Bloodspore Carpel,23169,,,25,,static_spawn,Data/gameobject.sql;Data/gameobject_template.sql;Data/gameobject_loot_template.sql,0,0,False,static map/spawn has no boss association
,571,,,,187980,First Aid Supplies,23176,,,1,,static_spawn,Data/gameobject.sql;Data/gameobject_template.sql;Data/gameobject_loot_template.sql,0,0,False,static map/spawn has no boss association
,571,,,,188015,Shipment of Animal Parts,23194,,,5,,static_spawn,Data/gameobject.sql;Data/gameobject_template.sql;Data/gameobject_loot_template.sql,0,0,False,static map/spawn has no boss association
,571,,,,188016,Shipment of Animal Parts,23194,,,1,,static_spawn,Data/gameobject.sql;Data/gameobject_template.sql;Data/gameobject_loot_template.sql,0,0,False,static map/spawn has no boss association
,571,,,,188017,Shipment of Animal Parts,23194,,,4,,static_spawn,Data/gameobject.sql;Data/gameobject_template.sql;Data/gameobject_loot_template.sql,0,0,False,static map/spawn has no boss association
,571,,,,188018,Shipment of Animal Parts,23194,,,1,,static_spawn,Data/gameobject.sql;Data/gameobject_template.sql;Data/gameobject_loot_template.sql,0,0,False,static map/spawn has no boss association
,571,,,,188113,Frostberry Bush,23318,,,29,,static_spawn,Data/gameobject.sql;Data/gameobject_template.sql;Data/gameobject_loot_template.sql,0,0,False,static map/spawn has no boss association
,571,,,,188120,"Fields, Factories and Workshops",23321,,,1,,static_spawn,Data/gameobject.sql;Data/gameobject_template.sql;Data/gameobject_loot_template.sql,0,0,False,static map/spawn has no boss association
,571,,,,188131,Wine Crate,23337,,,1,,static_spawn,Data/gameobject.sql;Data/gameobject_template.sql;Data/gameobject_loot_template.sql,0,0,False,static map/spawn has no boss association
,571,,,,188140,Crystallized Mana,23366,,,36,,static_spawn,Data/gameobject.sql;Data/gameobject_template.sql;Data/gameobject_loot_template.sql,0,0,False,static map/spawn has no boss association
,571,,,,188164,Kaskala Supplies,23374,,,34,,static_spawn,Data/gameobject.sql;Data/gameobject_template.sql;Data/gameobject_loot_template.sql,0,0,False,static map/spawn has no boss association
,571,,,,188236,Horde Armaments,23385,,,5,,static_spawn,Data/gameobject.sql;Data/gameobject_template.sql;Data/gameobject_loot_template.sql,0,0,False,static map/spawn has no boss association
,571,,,,188237,Horde Armaments,23385,,,4,,static_spawn,Data/gameobject.sql;Data/gameobject_template.sql;Data/gameobject_loot_template.sql,0,0,False,static map/spawn has no boss association
,571,,,,188238,Horde Armaments,23385,,,3,,static_spawn,Data/gameobject.sql;Data/gameobject_template.sql;Data/gameobject_loot_template.sql,0,0,False,static map/spawn has no boss association
,571,,,,188260,Boulder,23387,,,36,,static_spawn,Data/gameobject.sql;Data/gameobject_template.sql;Data/gameobject_loot_template.sql,0,0,False,static map/spawn has no boss association
,571,,,,188262,Missing Journal Page,23388,,,24,,static_spawn,Data/gameobject.sql;Data/gameobject_template.sql;Data/gameobject_loot_template.sql,0,0,False,static map/spawn has no boss association
,571,,,,188263,Missing Journal Page,23388,,,18,,static_spawn,Data/gameobject.sql;Data/gameobject_template.sql;Data/gameobject_loot_template.sql,0,0,False,static map/spawn has no boss association
,571,,,,188345,Shimmering Snowcaps,23395,,,23,,static_spawn,Data/gameobject.sql;Data/gameobject_template.sql;Data/gameobject_loot_template.sql,0,0,False,static map/spawn has no boss association
,571,,,,188351,Waterweed,23399,,,1,,static_spawn,Data/gameobject.sql;Data/gameobject_template.sql;Data/gameobject_loot_template.sql,0,0,False,static map/spawn has no boss association
,571,,,,188359,Tua\'kea Crab Trap,23404,,,41,,static_spawn,Data/gameobject.sql;Data/gameobject_template.sql;Data/gameobject_loot_template.sql,0,0,False,static map/spawn has no boss association
,571,,,,188432,Black Blood of Yogg-Saron,23439,,,24,,static_spawn,Data/gameobject.sql;Data/gameobject_template.sql;Data/gameobject_loot_template.sql,0,0,False,static map/spawn has no boss association
,571,,,,188441,Splintered Bone Chunk,23444,,,17,,static_spawn,Data/gameobject.sql;Data/gameobject_template.sql;Data/gameobject_loot_template.sql,0,0,False,static map/spawn has no boss association
,571,,,,188442,Composite Ore,23445,,,14,,static_spawn,Data/gameobject.sql;Data/gameobject_template.sql;Data/gameobject_loot_template.sql,0,0,False,static map/spawn has no boss association
,571,,,,188461,Drakkari Tablets,23481,,,1,,static_spawn,Data/gameobject.sql;Data/gameobject_template.sql;Data/gameobject_loot_template.sql,0,0,False,static map/spawn has no boss association
,571,,,,188489,Ruby Lilac,23591,,,1,,static_spawn,Data/gameobject.sql;Data/gameobject_template.sql;Data/gameobject_loot_template.sql,0,0,False,static map/spawn has no boss association
,571,,,,188499,Drakkari Canopic Jar,23667,,,15,,static_spawn,Data/gameobject.sql;Data/gameobject_template.sql;Data/gameobject_loot_template.sql,0,0,False,static map/spawn has no boss association
,571,,,,188501,War Golem Part,23858,,,11,,static_spawn,Data/gameobject.sql;Data/gameobject_template.sql;Data/gameobject_loot_template.sql,0,0,False,static map/spawn has no boss association
,571,,,,188502,War Golem Part,23858,,,5,,static_spawn,Data/gameobject.sql;Data/gameobject_template.sql;Data/gameobject_loot_template.sql,0,0,False,static map/spawn has no boss association
,571,,,,188503,War Golem Part,23858,,,9,,static_spawn,Data/gameobject.sql;Data/gameobject_template.sql;Data/gameobject_loot_template.sql,0,0,False,static map/spawn has no boss association
,571,,,,188518,Gan\'jo\'s Chest,23885,,,1,,static_spawn,Data/gameobject.sql;Data/gameobject_template.sql;Data/gameobject_loot_template.sql,0,0,False,static map/spawn has no boss association
,571,,,,188530,Sacred Drakkari Offering,23897,,,1,,static_spawn,Data/gameobject.sql;Data/gameobject_template.sql;Data/gameobject_loot_template.sql,0,0,False,static map/spawn has no boss association
,571,,,,188600,Hazewood Bush,23915,,,9,,static_spawn,Data/gameobject.sql;Data/gameobject_template.sql;Data/gameobject_loot_template.sql,0,0,False,static map/spawn has no boss association
,571,,,,188601,Sweetroot,23916,,,12,,static_spawn,Data/gameobject.sql;Data/gameobject_template.sql;Data/gameobject_loot_template.sql,0,0,False,static map/spawn has no boss association
,571,,,,188646,Emerald Dragon Tear,23927,,,14,,static_spawn,Data/gameobject.sql;Data/gameobject_template.sql;Data/gameobject_loot_template.sql,0,0,False,static map/spawn has no boss association
,571,,,,188650,Emerald Dragon Tear,23927,,,5,,static_spawn,Data/gameobject.sql;Data/gameobject_template.sql;Data/gameobject_loot_template.sql,0,0,False,static map/spawn has no boss association
,571,,,,188658,Scarlet Onslaught Armor Stand,23928,,,21,,static_spawn,Data/gameobject.sql;Data/gameobject_template.sql;Data/gameobject_loot_template.sql,0,0,False,static map/spawn has no boss association
,571,,,,188659,Scarlet Onslaught Weapon Rack,23929,,,26,,static_spawn,Data/gameobject.sql;Data/gameobject_template.sql;Data/gameobject_loot_template.sql,0,0,False,static map/spawn has no boss association
,571,,,,188670,Blackroot,23948,,,21,,static_spawn,Data/gameobject.sql;Data/gameobject_template.sql;Data/gameobject_loot_template.sql,0,0,False,static map/spawn has no boss association
,571,,,,188671,Siegesmith Bomb,23949,,,39,,static_spawn,Data/gameobject.sql;Data/gameobject_template.sql;Data/gameobject_loot_template.sql,0,0,False,static map/spawn has no boss association
,571,,,,188675,Scarlet Onslaught Daily Orders: Barracks,23952,,,1,,static_spawn,Data/gameobject.sql;Data/gameobject_template.sql;Data/gameobject_loot_template.sql,0,0,False,static map/spawn has no boss association
,571,,,,188676,Scarlet Onslaught Daily Orders: Abbey,23953,,,1,,static_spawn,Data/gameobject.sql;Data/gameobject_template.sql;Data/gameobject_loot_template.sql,0,0,False,static map/spawn has no boss association
,571,,,,188677,Scarlet Onslaught Daily Orders: Beach,23954,,,1,,static_spawn,Data/gameobject.sql;Data/gameobject_template.sql;Data/gameobject_loot_template.sql,0,0,False,static map/spawn has no boss association
,571,,,,188691,Vordrassil\'s Seed,23956,,,28,,static_spawn,Data/gameobject.sql;Data/gameobject_template.sql;Data/gameobject_loot_template.sql,0,0,False,static map/spawn has no boss association
,571,,,,188699,Strange Ore,23964,,,30,,static_spawn,Data/gameobject.sql;Data/gameobject_template.sql;Data/gameobject_loot_template.sql,0,0,False,static map/spawn has no boss association
,571,,,,188702,Grooved Cog,23969,,,9,,static_spawn,Data/gameobject.sql;Data/gameobject_template.sql;Data/gameobject_loot_template.sql,0,0,False,static map/spawn has no boss association
,571,,,,188703,Notched Sprocket,23970,,,5,,static_spawn,Data/gameobject.sql;Data/gameobject_template.sql;Data/gameobject_loot_template.sql,0,0,False,static map/spawn has no boss association
,571,,,,188705,High Tension Spring,23971,,,4,,static_spawn,Data/gameobject.sql;Data/gameobject_template.sql;Data/gameobject_loot_template.sql,0,0,False,static map/spawn has no boss association
,571,,,,189288,Wintergarde Mine Bomb,23975,,,6,,static_spawn,Data/gameobject.sql;Data/gameobject_template.sql;Data/gameobject_loot_template.sql,0,0,False,static map/spawn has no boss association
,571,,,,189291,Scrying Orb,23977,,,1,,static_spawn,Data/gameobject.sql;Data/gameobject_template.sql;Data/gameobject_loot_template.sql,0,0,False,static map/spawn has no boss association
,571,,,,189293,The Diary of High General Abbendis,23978,,,1,,static_spawn,Data/gameobject.sql;Data/gameobject_template.sql;Data/gameobject_loot_template.sql,0,0,False,static map/spawn has no boss association
,571,,,,189295,Murkweed,23979,,,17,,static_spawn,Data/gameobject.sql;Data/gameobject_template.sql;Data/gameobject_loot_template.sql,0,0,False,static map/spawn has no boss association
,571,,,,189298,Cedar Chest,23983,,,1,,static_spawn,Data/gameobject.sql;Data/gameobject_template.sql;Data/gameobject_loot_template.sql,0,0,False,static map/spawn has no boss association
,571,,,,189306,Forgotten Treasure,23985,,,20,,static_spawn,Data/gameobject.sql;Data/gameobject_template.sql;Data/gameobject_loot_template.sql,0,0,False,static map/spawn has no boss association
,571,,,,189973,Goldclover,24093,,,347,,static_spawn,Data/gameobject.sql;Data/gameobject_template.sql;Data/gameobject_loot_template.sql,0,0,False,static map/spawn has no boss association
,571,,,,189976,Element 115,24095,,,2,,static_spawn,Data/gameobject.sql;Data/gameobject_template.sql;Data/gameobject_loot_template.sql,0,0,False,static map/spawn has no boss association
,571,,,,189978,Cobalt Deposit,24153,,,595,,static_spawn,Data/gameobject.sql;Data/gameobject_template.sql;Data/gameobject_loot_template.sql,0,0,False,static map/spawn has no boss association
,571,,,,189979,Rich Cobalt Deposit,24154,,,595,,static_spawn,Data/gameobject.sql;Data/gameobject_template.sql;Data/gameobject_loot_template.sql,0,0,False,static map/spawn has no boss association
,571,,,,189980,Saronite Deposit,24155,,,1188,,static_spawn,Data/gameobject.sql;Data/gameobject_template.sql;Data/gameobject_loot_template.sql,0,0,False,static map/spawn has no boss association
,571,,,,189981,Rich Saronite Deposit,24156,,,1017,,static_spawn,Data/gameobject.sql;Data/gameobject_template.sql;Data/gameobject_loot_template.sql,0,0,False,static map/spawn has no boss association
,571,,,,189983,Wild Carrot,24160,,,41,,static_spawn,Data/gameobject.sql;Data/gameobject_template.sql;Data/gameobject_loot_template.sql,0,0,False,static map/spawn has no boss association
,571,,,,189992,Ruby Acorn,24169,,,20,,static_spawn,Data/gameobject.sql;Data/gameobject_template.sql;Data/gameobject_loot_template.sql,0,0,False,static map/spawn has no boss association
,571,,,,190032,Wintergarde Munitions Crate,24201,,,37,,static_spawn,Data/gameobject.sql;Data/gameobject_template.sql;Data/gameobject_loot_template.sql,0,0,False,static map/spawn has no boss association
,571,,,,190169,Tiger Lily,24224,,,187,,static_spawn,Data/gameobject.sql;Data/gameobject_template.sql;Data/gameobject_loot_template.sql,0,0,False,static map/spawn has no boss association
,571,,,,190170,Talandra\'s Rose,24225,,,109,,static_spawn,Data/gameobject.sql;Data/gameobject_template.sql;Data/gameobject_loot_template.sql,0,0,False,static map/spawn has no boss association
,571,,,,190171,Lichbloom,24226,,,668,,static_spawn,Data/gameobject.sql;Data/gameobject_template.sql;Data/gameobject_loot_template.sql,0,0,False,static map/spawn has no boss association
,571,,,,190172,Icethorn,24227,,,668,,static_spawn,Data/gameobject.sql;Data/gameobject_template.sql;Data/gameobject_loot_template.sql,0,0,False,static map/spawn has no boss association
,571,,,,190173,Frozen Herb,25094,,,156,,static_spawn,Data/gameobject.sql;Data/gameobject_template.sql;Data/gameobject_loot_template.sql,0,0,False,static map/spawn has no boss association
,571,,,,190175,Frozen Herb,25095,,,247,,static_spawn,Data/gameobject.sql;Data/gameobject_template.sql;Data/gameobject_loot_template.sql,0,0,False,static map/spawn has no boss association
,571,,,,190176,Frost Lotus,24228,,,89,,static_spawn,Data/gameobject.sql;Data/gameobject_template.sql;Data/gameobject_loot_template.sql,0,0,False,static map/spawn has no boss association
,571,,,,190189,Onslaught Map,24232,,,1,,static_spawn,Data/gameobject.sql;Data/gameobject_template.sql;Data/gameobject_loot_template.sql,0,0,False,static map/spawn has no boss association
,571,,,,190208,Dull Carving Knife,24238,,,1,,static_spawn,Data/gameobject.sql;Data/gameobject_template.sql;Data/gameobject_loot_template.sql,0,0,False,static map/spawn has no boss association
,571,,,,190223,Scourged Troll Mummy,24242,,,2,,static_spawn,Data/gameobject.sql;Data/gameobject_template.sql;Data/gameobject_loot_template.sql,0,0,False,static map/spawn has no boss association
,571,,,,190399,Muddlecap Fungus,24301,,,35,,static_spawn,Data/gameobject.sql;Data/gameobject_template.sql;Data/gameobject_loot_template.sql,0,0,False,static map/spawn has no boss association
,571,,,,190447,Flying Machine Engine,24306,,,1,,static_spawn,Data/gameobject.sql;Data/gameobject_template.sql;Data/gameobject_loot_template.sql,0,0,False,static map/spawn has no boss association
,571,,,,190453,Venture Co. Spare Parts,24317,,,15,,static_spawn,Data/gameobject.sql;Data/gameobject_template.sql;Data/gameobject_loot_template.sql,0,0,False,static map/spawn has no boss association
,571,,,,190454,Venture Co. Spare Parts,24317,,,13,,static_spawn,Data/gameobject.sql;Data/gameobject_template.sql;Data/gameobject_loot_template.sql,0,0,False,static map/spawn has no boss association
,571,,,,190455,Venture Co. Spare Parts,24317,,,13,,static_spawn,Data/gameobject.sql;Data/gameobject_template.sql;Data/gameobject_loot_template.sql,0,0,False,static map/spawn has no boss association
,571,,,,190459,Amberseed,24319,,,8,,static_spawn,Data/gameobject.sql;Data/gameobject_template.sql;Data/gameobject_loot_template.sql,0,0,False,static map/spawn has no boss association
,571,,,,190461,Ancient Ectoplasm,24320,,,6,,static_spawn,Data/gameobject.sql;Data/gameobject_template.sql;Data/gameobject_loot_template.sql,0,0,False,static map/spawn has no boss association
,571,,,,190462,Chilled Serpent Mucus,24321,,,1,,static_spawn,Data/gameobject.sql;Data/gameobject_template.sql;Data/gameobject_loot_template.sql,0,0,False,static map/spawn has no boss association
,571,,,,190463,Crystallized Hogsnot,24322,,,1,,static_spawn,Data/gameobject.sql;Data/gameobject_template.sql;Data/gameobject_loot_template.sql,0,0,False,static map/spawn has no boss association
,571,,,,190464,Shrunken Dragon\'s Claw,24323,,,4,,static_spawn,Data/gameobject.sql;Data/gameobject_template.sql;Data/gameobject_loot_template.sql,0,0,False,static map/spawn has no boss association
,571,,,,190465,Frozen Spider Ichor,24324,,,1,,static_spawn,Data/gameobject.sql;Data/gameobject_template.sql;Data/gameobject_loot_template.sql,0,0,False,static map/spawn has no boss association
,571,,,,190466,Knotroot,24325,,,11,,static_spawn,Data/gameobject.sql;Data/gameobject_template.sql;Data/gameobject_loot_template.sql,0,0,False,static map/spawn has no boss association
,571,,,,190467,Pickled Eagle Egg,24326,,,10,,static_spawn,Data/gameobject.sql;Data/gameobject_template.sql;Data/gameobject_loot_template.sql,0,0,False,static map/spawn has no boss association
,571,,,,190468,Prismatic Mojo,24327,,,6,,static_spawn,Data/gameobject.sql;Data/gameobject_template.sql;Data/gameobject_loot_template.sql,0,0,False,static map/spawn has no boss association
,571,,,,190469,Raptor Claw,24328,,,6,,static_spawn,Data/gameobject.sql;Data/gameobject_template.sql;Data/gameobject_loot_template.sql,0,0,False,static map/spawn has no boss association
,571,,,,190470,Speckled Guano,24329,,,10,,static_spawn,Data/gameobject.sql;Data/gameobject_template.sql;Data/gameobject_loot_template.sql,0,0,False,static map/spawn has no boss association
,571,,,,190471,Trollbane,24330,,,1,,static_spawn,Data/gameobject.sql;Data/gameobject_template.sql;Data/gameobject_loot_template.sql,0,0,False,static map/spawn has no boss association
,571,,,,190472,Wasp\'s Wings,24331,,,5,,static_spawn,Data/gameobject.sql;Data/gameobject_template.sql;Data/gameobject_loot_template.sql,0,0,False,static map/spawn has no boss association
,571,,,,190473,Withered Batwing,24332,,,8,,static_spawn,Data/gameobject.sql;Data/gameobject_template.sql;Data/gameobject_loot_template.sql,0,0,False,static map/spawn has no boss association
,571,,,,190474,Crushed Basilisk Crystals,24333,,,1,,static_spawn,Data/gameobject.sql;Data/gameobject_template.sql;Data/gameobject_loot_template.sql,0,0,False,static map/spawn has no boss association
,571,,,,190476,Seasoned Slider Cider,24334,,,20,,static_spawn,Data/gameobject.sql;Data/gameobject_template.sql;Data/gameobject_loot_template.sql,0,0,False,static map/spawn has no boss association
,571,,,,190477,Pulverized Gargoyle Teeth,24335,,,11,,static_spawn,Data/gameobject.sql;Data/gameobject_template.sql;Data/gameobject_loot_template.sql,0,0,False,static map/spawn has no boss association
,571,,,,190478,Muddy Mire Maggots,24336,,,4,,static_spawn,Data/gameobject.sql;Data/gameobject_template.sql;Data/gameobject_loot_template.sql,0,0,False,static map/spawn has no boss association
,571,,,,190479,Spiky Spider Eggs,24337,,,9,,static_spawn,Data/gameobject.sql;Data/gameobject_template.sql;Data/gameobject_loot_template.sql,0,0,False,static map/spawn has no boss association
,571,,,,190480,Hairy Herring Heads,24338,,,18,,static_spawn,Data/gameobject.sql;Data/gameobject_template.sql;Data/gameobject_loot_template.sql,0,0,False,static map/spawn has no boss association
,571,,,,190481,Putrid Pirate Perspiration,24339,,,9,,static_spawn,Data/gameobject.sql;Data/gameobject_template.sql;Data/gameobject_loot_template.sql,0,0,False,static map/spawn has no boss association
,571,,,,190482,Icecrown Bottled Water,24340,,,9,,static_spawn,Data/gameobject.sql;Data/gameobject_template.sql;Data/gameobject_loot_template.sql,0,0,False,static map/spawn has no boss association
,571,,,,190500,Skyreach Crystal Formation,24345,,,30,,static_spawn,Data/gameobject.sql;Data/gameobject_template.sql;Data/gameobject_loot_template.sql,0,0,False,static map/spawn has no boss association
,571,,,,190533,Sandfern,24368,,,40,,static_spawn,Data/gameobject.sql;Data/gameobject_template.sql;Data/gameobject_loot_template.sql,0,0,False,static map/spawn has no boss association
,571,,,,190534,Mature Water-Poppy,24369,,,22,,static_spawn,Data/gameobject.sql;Data/gameobject_template.sql;Data/gameobject_loot_template.sql,0,0,False,static map/spawn has no boss association
,571,,,,190537,Crashed Plague Sprayer,24375,,,1,,static_spawn,Data/gameobject.sql;Data/gameobject_template.sql;Data/gameobject_loot_template.sql,0,0,False,static map/spawn has no boss association
,571,,,,190540,Chunk of Saronite,24381,,,31,,static_spawn,Data/gameobject.sql;Data/gameobject_template.sql;Data/gameobject_loot_template.sql,0,0,False,static map/spawn has no boss association
,571,,,,190541,Dead Thornwood,24382,,,7,,static_spawn,Data/gameobject.sql;Data/gameobject_template.sql;Data/gameobject_loot_template.sql,0,0,False,static map/spawn has no boss association
,571,,,,190542,Dead Thornwood,24382,,,10,,static_spawn,Data/gameobject.sql;Data/gameobject_template.sql;Data/gameobject_loot_template.sql,0,0,False,static map/spawn has no boss association
,571,,,,190543,Dead Thornwood,24382,,,9,,static_spawn,Data/gameobject.sql;Data/gameobject_template.sql;Data/gameobject_loot_template.sql,0,0,False,static map/spawn has no boss association
,571,,,,190578,Mistwhisper Treasure,24535,,,1,,static_spawn,Data/gameobject.sql;Data/gameobject_template.sql;Data/gameobject_loot_template.sql,0,0,False,static map/spawn has no boss association
,571,,,,190633,Har\'koan Relic,24738,,,31,,static_spawn,Data/gameobject.sql;Data/gameobject_template.sql;Data/gameobject_loot_template.sql,0,0,False,static map/spawn has no boss association
,571,,,,190660,Roc Egg,24748,,,31,,static_spawn,Data/gameobject.sql;Data/gameobject_template.sql;Data/gameobject_loot_template.sql,0,0,False,static map/spawn has no boss association
,571,,,,190702,Lifeblood Shard,25395,,,23,,static_spawn,Data/gameobject.sql;Data/gameobject_template.sql;Data/gameobject_loot_template.sql,0,0,False,static map/spawn has no boss association
,571,,,,190717,Underworld Power Fragment,24756,,,22,,static_spawn,Data/gameobject.sql;Data/gameobject_template.sql;Data/gameobject_loot_template.sql,0,0,False,static map/spawn has no boss association
,571,,,,190718,Underworld Power Fragment,24756,,,11,,static_spawn,Data/gameobject.sql;Data/gameobject_template.sql;Data/gameobject_loot_template.sql,0,0,False,static map/spawn has no boss association
,571,,,,190719,Underworld Power Fragment,24756,,,13,,static_spawn,Data/gameobject.sql;Data/gameobject_template.sql;Data/gameobject_loot_template.sql,0,0,False,static map/spawn has no boss association
,571,,,,190720,Harvested Blight Crystal,24757,,,8,,static_spawn,Data/gameobject.sql;Data/gameobject_template.sql;Data/gameobject_loot_template.sql,0,0,False,static map/spawn has no boss association
,571,,,,190778,Raised Mud,24861,,,4,,static_spawn,Data/gameobject.sql;Data/gameobject_template.sql;Data/gameobject_loot_template.sql,0,0,False,static map/spawn has no boss association
,571,,,,190836,Zol\'Maz Stronghold Cache,24872,,,28,,static_spawn,Data/gameobject.sql;Data/gameobject_template.sql;Data/gameobject_loot_template.sql,0,0,False,static map/spawn has no boss association
,571,,,,191019,Adder\'s Tongue,25093,,,147,,static_spawn,Data/gameobject.sql;Data/gameobject_template.sql;Data/gameobject_loot_template.sql,0,0,False,static map/spawn has no boss association
,571,,,,191133,Titanium Vein,24157,,,1017,,static_spawn,Data/gameobject.sql;Data/gameobject_template.sql;Data/gameobject_loot_template.sql,0,0,False,static map/spawn has no boss association
,571,,,,191180,Abomination Guts,25026,,,1,,static_spawn,Data/gameobject.sql;Data/gameobject_template.sql;Data/gameobject_loot_template.sql,0,0,False,static map/spawn has no boss association
,571,,,,191181,Ghoul Drool,25027,,,1,,static_spawn,Data/gameobject.sql;Data/gameobject_template.sql;Data/gameobject_loot_template.sql,0,0,False,static map/spawn has no boss association
,571,,,,191182,Blight Crystal,25028,,,1,,static_spawn,Data/gameobject.sql;Data/gameobject_template.sql;Data/gameobject_loot_template.sql,0,0,False,static map/spawn has no boss association
,571,,,,191209,Sparktouched Crystal Defenses,25063,,,1,,static_spawn,Data/gameobject.sql;Data/gameobject_template.sql;Data/gameobject_loot_template.sql,0,0,False,static map/spawn has no boss association
,571,,,,191210,Zepik\'s Trap Stash,25064,,,1,,static_spawn,Data/gameobject.sql;Data/gameobject_template.sql;Data/gameobject_loot_template.sql,0,0,False,static map/spawn has no boss association
,571,,,,191303,Firethorn,25089,,,32,,static_spawn,Data/gameobject.sql;Data/gameobject_template.sql;Data/gameobject_loot_template.sql,0,0,False,static map/spawn has no boss association
,571,,,,191519,Sparksocket\'s Tools,25332,,,1,,static_spawn,Data/gameobject.sql;Data/gameobject_template.sql;Data/gameobject_loot_template.sql,0,0,False,static map/spawn has no boss association
,571,,,,191530,Charred Wreckage,25277,,,1,,static_spawn,Data/gameobject.sql;Data/gameobject_template.sql;Data/gameobject_loot_template.sql,0,0,False,static map/spawn has no boss association
,571,,,,191531,Charred Wreckage,25277,,,2,,static_spawn,Data/gameobject.sql;Data/gameobject_template.sql;Data/gameobject_loot_template.sql,0,0,False,static map/spawn has no boss association
,571,,,,191532,Charred Wreckage,25277,,,1,,static_spawn,Data/gameobject.sql;Data/gameobject_template.sql;Data/gameobject_loot_template.sql,0,0,False,static map/spawn has no boss association
,571,,,,191533,Charred Wreckage,25277,,,2,,static_spawn,Data/gameobject.sql;Data/gameobject_template.sql;Data/gameobject_loot_template.sql,0,0,False,static map/spawn has no boss association
,571,,,,191534,Charred Wreckage,25277,,,2,,static_spawn,Data/gameobject.sql;Data/gameobject_template.sql;Data/gameobject_loot_template.sql,0,0,False,static map/spawn has no boss association
,571,,,,191537,Charred Wreckage,25277,,,2,,static_spawn,Data/gameobject.sql;Data/gameobject_template.sql;Data/gameobject_loot_template.sql,0,0,False,static map/spawn has no boss association
,571,,,,191543,Scarlet Onslaught Trunk,25331,,,38,,static_spawn,Data/gameobject.sql;Data/gameobject_template.sql;Data/gameobject_loot_template.sql,0,0,False,static map/spawn has no boss association
,571,,,,191567,Mammoth Meat,25340,,,6,,static_spawn,Data/gameobject.sql;Data/gameobject_template.sql;Data/gameobject_loot_template.sql,0,0,False,static map/spawn has no boss association
,571,,,,191568,K3 Equipment,25341,,,17,,static_spawn,Data/gameobject.sql;Data/gameobject_template.sql;Data/gameobject_loot_template.sql,0,0,False,static map/spawn has no boss association
,571,,,,191576,Transporter Power Cell,25342,,,1,,static_spawn,Data/gameobject.sql;Data/gameobject_template.sql;Data/gameobject_loot_template.sql,0,0,False,static map/spawn has no boss association
,571,,,,191708,Disturbed Snow,25349,,,1,,static_spawn,Data/gameobject.sql;Data/gameobject_template.sql;Data/gameobject_loot_template.sql,0,0,False,static map/spawn has no boss association
,571,,,,191770,Eagle Egg,25364,,,13,,static_spawn,Data/gameobject.sql;Data/gameobject_template.sql;Data/gameobject_loot_template.sql,0,0,False,static map/spawn has no boss association
,571,,,,191773,Eagle Egg,25364,,,13,,static_spawn,Data/gameobject.sql;Data/gameobject_template.sql;Data/gameobject_loot_template.sql,0,0,False,static map/spawn has no boss association
,571,,,,191780,Scourge Scrap Metal,25391,,,7,,static_spawn,Data/gameobject.sql;Data/gameobject_template.sql;Data/gameobject_loot_template.sql,0,0,False,static map/spawn has no boss association
,571,,,,191781,Scourge Scrap Metal,25391,,,3,,static_spawn,Data/gameobject.sql;Data/gameobject_template.sql;Data/gameobject_loot_template.sql,0,0,False,static map/spawn has no boss association
,571,,,,191782,Scourge Scrap Metal,25391,,,5,,static_spawn,Data/gameobject.sql;Data/gameobject_template.sql;Data/gameobject_loot_template.sql,0,0,False,static map/spawn has no boss association
,571,,,,191783,Scourge Scrap Metal,25391,,,4,,static_spawn,Data/gameobject.sql;Data/gameobject_template.sql;Data/gameobject_loot_template.sql,0,0,False,static map/spawn has no boss association
,571,,,,191814,Granite Boulder,25498,,,8,,static_spawn,Data/gameobject.sql;Data/gameobject_template.sql;Data/gameobject_loot_template.sql,0,0,False,static map/spawn has no boss association
,571,,,,191815,Granite Boulder,25498,,,4,,static_spawn,Data/gameobject.sql;Data/gameobject_template.sql;Data/gameobject_loot_template.sql,0,0,False,static map/spawn has no boss association
,571,,,,191843,Dried Gnoll Rations,25620,,,12,,static_spawn,Data/gameobject.sql;Data/gameobject_template.sql;Data/gameobject_loot_template.sql,0,0,False,static map/spawn has no boss association
,571,,,,191844,Enchanted Earth,25621,,,23,,static_spawn,Data/gameobject.sql;Data/gameobject_template.sql;Data/gameobject_loot_template.sql,0,0,False,static map/spawn has no boss association
,571,,,,191845,Enchanted Earth,25621,,,16,,static_spawn,Data/gameobject.sql;Data/gameobject_template.sql;Data/gameobject_loot_template.sql,0,0,False,static map/spawn has no boss association
,571,,,,192058,Ore Cart,25675,,,13,,static_spawn,Data/gameobject.sql;Data/gameobject_template.sql;Data/gameobject_loot_template.sql,0,0,False,static map/spawn has no boss association
,571,,,,192081,Horn Fragment,25677,,,18,,static_spawn,Data/gameobject.sql;Data/gameobject_template.sql;Data/gameobject_loot_template.sql,0,0,False,static map/spawn has no boss association
,571,,,,192171,Colossus Attack Specs,25693,,,1,,static_spawn,Data/gameobject.sql;Data/gameobject_template.sql;Data/gameobject_loot_template.sql,0,0,False,static map/spawn has no boss association
,571,,,,192172,Colossus Defense Specs,25694,,,1,,static_spawn,Data/gameobject.sql;Data/gameobject_template.sql;Data/gameobject_loot_template.sql,0,0,False,static map/spawn has no boss association
,571,,,,192187,Everfrost Shard,25695,,,6,,static_spawn,Data/gameobject.sql;Data/gameobject_template.sql;Data/gameobject_loot_template.sql,0,0,False,static map/spawn has no boss association
,571,,,,192188,Everfrost Shard,25695,,,1,,static_spawn,Data/gameobject.sql;Data/gameobject_template.sql;Data/gameobject_loot_template.sql,0,0,False,static map/spawn has no boss association
,571,,,,192189,Everfrost Shard,25695,,,1,,static_spawn,Data/gameobject.sql;Data/gameobject_template.sql;Data/gameobject_loot_template.sql,0,0,False,static map/spawn has no boss association
,571,,,,192190,Everfrost Shard,25695,,,1,,static_spawn,Data/gameobject.sql;Data/gameobject_template.sql;Data/gameobject_loot_template.sql,0,0,False,static map/spawn has no boss association
,571,,,,192191,Everfrost Shard,25695,,,1,,static_spawn,Data/gameobject.sql;Data/gameobject_template.sql;Data/gameobject_loot_template.sql,0,0,False,static map/spawn has no boss association
,571,,,,192192,Everfrost Shard,25695,,,1,,static_spawn,Data/gameobject.sql;Data/gameobject_template.sql;Data/gameobject_loot_template.sql,0,0,False,static map/spawn has no boss association
,571,,,,192243,Battered Storm Hammer,25698,,,1,,static_spawn,Data/gameobject.sql;Data/gameobject_template.sql;Data/gameobject_loot_template.sql,0,0,False,static map/spawn has no boss association
,571,,,,192536,Small Proto-Drake Egg,25749,,,12,,static_spawn,Data/gameobject.sql;Data/gameobject_template.sql;Data/gameobject_loot_template.sql,0,0,False,static map/spawn has no boss association
,571,,,,192556,Cave Mushroom,25718,,,17,,static_spawn,Data/gameobject.sql;Data/gameobject_template.sql;Data/gameobject_loot_template.sql,0,0,False,static map/spawn has no boss association
,571,,,,192693,Mammoth Carcass,25757,,,1,,static_spawn,Data/gameobject.sql;Data/gameobject_template.sql;Data/gameobject_loot_template.sql,0,0,False,static map/spawn has no boss association
,571,,,,192773,Dahlia\'s Tears,25834,,,7,,static_spawn,Data/gameobject.sql;Data/gameobject_template.sql;Data/gameobject_loot_template.sql,0,0,False,static map/spawn has no boss association
,571,,,,192818,Infused Mushroom,25879,,,18,,static_spawn,Data/gameobject.sql;Data/gameobject_template.sql;Data/gameobject_loot_template.sql,0,0,False,static map/spawn has no boss association
,571,,,,192823,Full Jug of Wine,25898,,,5,,static_spawn,Data/gameobject.sql;Data/gameobject_template.sql;Data/gameobject_loot_template.sql,0,0,False,static map/spawn has no boss association
,571,,,,192824,Half Full Glass of Wine,25900,,,25,,static_spawn,Data/gameobject.sql;Data/gameobject_template.sql;Data/gameobject_loot_template.sql,0,0,False,static map/spawn has no boss association
,571,,,,192825,Aged Dalaran Limburger,25901,,,4,,static_spawn,Data/gameobject.sql;Data/gameobject_template.sql;Data/gameobject_loot_template.sql,0,0,False,static map/spawn has no boss association
,571,,,,192827,Wild Mustard,25903,,,36,,static_spawn,Data/gameobject.sql;Data/gameobject_template.sql;Data/gameobject_loot_template.sql,0,0,False,static map/spawn has no boss association
,571,,,,192828,Crystalsong Carrot,25904,,,28,,static_spawn,Data/gameobject.sql;Data/gameobject_template.sql;Data/gameobject_loot_template.sql,0,0,False,static map/spawn has no boss association
,571,,,,192908,Crystalline Heartwood,25911,,,34,,static_spawn,Data/gameobject.sql;Data/gameobject_template.sql;Data/gameobject_loot_template.sql,0,0,False,static map/spawn has no boss association
,571,,,,192909,Ancient Elven Masonry,25912,,,5,,static_spawn,Data/gameobject.sql;Data/gameobject_template.sql;Data/gameobject_loot_template.sql,0,0,False,static map/spawn has no boss association
,571,,,,192910,Ancient Elven Masonry,25912,,,5,,static_spawn,Data/gameobject.sql;Data/gameobject_template.sql;Data/gameobject_loot_template.sql,0,0,False,static map/spawn has no boss association
,571,,,,192911,Ancient Elven Masonry,25912,,,6,,static_spawn,Data/gameobject.sql;Data/gameobject_template.sql;Data/gameobject_loot_template.sql,0,0,False,static map/spawn has no boss association
,571,,,,192912,Ancient Elven Masonry,25912,,,13,,static_spawn,Data/gameobject.sql;Data/gameobject_template.sql;Data/gameobject_loot_template.sql,0,0,False,static map/spawn has no boss association
,571,,,,193091,Spool of Thread,26189,,,1,,static_spawn,Data/gameobject.sql;Data/gameobject_template.sql;Data/gameobject_loot_template.sql,0,0,False,static map/spawn has no boss association
,571,,,,193092,The Doctor\'s Cleaver,26190,,,1,,static_spawn,Data/gameobject.sql;Data/gameobject_template.sql;Data/gameobject_loot_template.sql,0,0,False,static map/spawn has no boss association
,571,,,,193196,Fordragon\'s Shield,26230,,,2,,static_spawn,Data/gameobject.sql;Data/gameobject_template.sql;Data/gameobject_loot_template.sql,0,0,False,static map/spawn has no boss association
,571,,,,193197,Saurfang\'s Battle Armor,26232,,,2,,static_spawn,Data/gameobject.sql;Data/gameobject_template.sql;Data/gameobject_loot_template.sql,0,0,False,static map/spawn has no boss association
,571,,,,193199,Pile of Bones,26237,,,19,,static_spawn,Data/gameobject.sql;Data/gameobject_template.sql;Data/gameobject_loot_template.sql,0,0,False,static map/spawn has no boss association
,571,,,,193200,Abandoned Helm,26240,,,13,,static_spawn,Data/gameobject.sql;Data/gameobject_template.sql;Data/gameobject_loot_template.sql,0,0,False,static map/spawn has no boss association
,571,,,,193201,Abandoned Armor,26241,,,10,,static_spawn,Data/gameobject.sql;Data/gameobject_template.sql;Data/gameobject_loot_template.sql,0,0,False,static map/spawn has no boss association
,571,,,,193402,Rusted Prisoner\'s Footlocker,26677,,,1,,static_spawn,Data/gameobject.sql;Data/gameobject_template.sql;Data/gameobject_loot_template.sql,0,0,False,static map/spawn has no boss association
,571,,,,193403,Weeping Quarry Document,26323,,,1,,static_spawn,Data/gameobject.sql;Data/gameobject_template.sql;Data/gameobject_loot_template.sql,0,0,False,static map/spawn has no boss association
,571,,,,193404,Weeping Quarry Ledger,26324,,,1,,static_spawn,Data/gameobject.sql;Data/gameobject_template.sql;Data/gameobject_loot_template.sql,0,0,False,static map/spawn has no boss association
,571,,,,193405,Weeping Quarry Map,26325,,,1,,static_spawn,Data/gameobject.sql;Data/gameobject_template.sql;Data/gameobject_loot_template.sql,0,0,False,static map/spawn has no boss association
,571,,,,193406,Weeping Quarry Schedule,26326,,,1,,static_spawn,Data/gameobject.sql;Data/gameobject_template.sql;Data/gameobject_loot_template.sql,0,0,False,static map/spawn has no boss association
,571,,,,193560,Prospector Soren\'s Maps,26398,,,1,,static_spawn,Data/gameobject.sql;Data/gameobject_template.sql;Data/gameobject_loot_template.sql,0,0,False,static map/spawn has no boss association
,571,,,,193561,Prospector Khrona\'s Notes,26399,,,1,,static_spawn,Data/gameobject.sql;Data/gameobject_template.sql;Data/gameobject_loot_template.sql,0,0,False,static map/spawn has no boss association
,571,,,,193610,Underbelly Elixir,26359,,,15,,static_spawn,Data/gameobject.sql;Data/gameobject_template.sql;Data/gameobject_loot_template.sql,0,0,False,static map/spawn has no boss association
,571,,,,193767,Shard of Horror,26666,,,1,,static_spawn,Data/gameobject.sql;Data/gameobject_template.sql;Data/gameobject_loot_template.sql,0,0,False,static map/spawn has no boss association
,571,,,,193792,Shard of Despair,26667,,,1,,static_spawn,Data/gameobject.sql;Data/gameobject_template.sql;Data/gameobject_loot_template.sql,0,0,False,static map/spawn has no boss association
,571,,,,193793,Shard of Suffering,26668,,,1,,static_spawn,Data/gameobject.sql;Data/gameobject_template.sql;Data/gameobject_loot_template.sql,0,0,False,static map/spawn has no boss association
,571,,,,193943,Alumeth\'s Skull,26681,,,1,,static_spawn,Data/gameobject.sql;Data/gameobject_template.sql;Data/gameobject_loot_template.sql,0,0,False,static map/spawn has no boss association
,571,,,,193944,Alumeth\'s Heart,26682,,,1,,static_spawn,Data/gameobject.sql;Data/gameobject_template.sql;Data/gameobject_loot_template.sql,0,0,False,static map/spawn has no boss association
,571,,,,193945,Alumeth\'s Scepter,26683,,,1,,static_spawn,Data/gameobject.sql;Data/gameobject_template.sql;Data/gameobject_loot_template.sql,0,0,False,static map/spawn has no boss association
,571,,,,193946,Alumeth\'s Robes,26684,,,1,,static_spawn,Data/gameobject.sql;Data/gameobject_template.sql;Data/gameobject_loot_template.sql,0,0,False,static map/spawn has no boss association
,571,,,,193997,Everfrost Chip,26782,,,54,,static_spawn,Data/gameobject.sql;Data/gameobject_template.sql;Data/gameobject_loot_template.sql,0,0,False,static map/spawn has no boss association
,571,,,,194126,Gundrak Raptor Egg,26852,,,47,,static_spawn,Data/gameobject.sql;Data/gameobject_template.sql;Data/gameobject_loot_template.sql,0,0,False,static map/spawn has no boss association
,571,,,,194213,Winter Hyacinth,26869,,,12,,static_spawn,Data/gameobject.sql;Data/gameobject_template.sql;Data/gameobject_loot_template.sql,0,0,False,static map/spawn has no boss association
,571,,,,194423,Stolen Tournament Invitation,26886,,,1,,static_spawn,Data/gameobject.sql;Data/gameobject_template.sql;Data/gameobject_loot_template.sql,0,0,False,static map/spawn has no boss association
,571,,,,194424,Black Knight\'s Orders,26887,,,1,,static_spawn,Data/gameobject.sql;Data/gameobject_template.sql;Data/gameobject_loot_template.sql,0,0,False,static map/spawn has no boss association
,571,,,,195274,Stolen Tallstrider Leg,27302,,,59,,static_spawn,Data/gameobject.sql;Data/gameobject_template.sql;Data/gameobject_loot_template.sql,0,0,False,static map/spawn has no boss association
,571,,,,195344,Discarded Soul Crystal,27310,,,35,,static_spawn,Data/gameobject.sql;Data/gameobject_template.sql;Data/gameobject_loot_template.sql,0,0,False,static map/spawn has no boss association
,571,,,,201367,Heart of the Mists,27723,,,1,,static_spawn,Data/gameobject.sql;Data/gameobject_template.sql;Data/gameobject_loot_template.sql,0,0,False,static map/spawn has no boss association
,574,,,,189978,Cobalt Deposit,24153,,,2,,static_spawn,Data/gameobject.sql;Data/gameobject_template.sql;Data/gameobject_loot_template.sql,0,0,False,static map/spawn has no boss association
,574,,,,193059,Vrykul Weapons,26169,,,28,,static_spawn,Data/gameobject.sql;Data/gameobject_template.sql;Data/gameobject_loot_template.sql,0,0,False,static map/spawn has no boss association
,575,,,,190172,Icethorn,24227,,,2,,static_spawn,Data/gameobject.sql;Data/gameobject_template.sql;Data/gameobject_loot_template.sql,0,0,False,static map/spawn has no boss association
,575,,,,192941,Untarnished Silver Bar,25925,,,31,,static_spawn,Data/gameobject.sql;Data/gameobject_template.sql;Data/gameobject_loot_template.sql,0,0,False,static map/spawn has no boss association
,575,,,,192942,Shiny Bauble,25926,,,10,,static_spawn,Data/gameobject.sql;Data/gameobject_template.sql;Data/gameobject_loot_template.sql,0,0,False,static map/spawn has no boss association
,575,,,,192943,Shiny Bauble,25926,,,13,,static_spawn,Data/gameobject.sql;Data/gameobject_template.sql;Data/gameobject_loot_template.sql,0,0,False,static map/spawn has no boss association
,575,,,,192944,Golden Goblet,25927,,,14,,static_spawn,Data/gameobject.sql;Data/gameobject_template.sql;Data/gameobject_loot_template.sql,0,0,False,static map/spawn has no boss association
,575,,,,192945,Jade Statue,25928,,,6,,static_spawn,Data/gameobject.sql;Data/gameobject_template.sql;Data/gameobject_loot_template.sql,0,0,False,static map/spawn has no boss association
,576,,,,190174,Frozen Herb,25096,,,2,,static_spawn,Data/gameobject.sql;Data/gameobject_template.sql;Data/gameobject_loot_template.sql,0,0,False,static map/spawn has no boss association
,576,,,,192788,Berinand\'s Research,25875,,,1,,static_spawn,Data/gameobject.sql;Data/gameobject_template.sql;Data/gameobject_loot_template.sql,0,0,False,static map/spawn has no boss association
,578,,,,190172,Icethorn,24227,,,2,,static_spawn,Data/gameobject.sql;Data/gameobject_template.sql;Data/gameobject_loot_template.sql,0,0,False,static map/spawn has no boss association
,578,,,,191349,Cache of Eregos,24462,,,1,,static_spawn,Data/gameobject.sql;Data/gameobject_template.sql;Data/gameobject_loot_template.sql,0,0,False,static map/spawn has no boss association
,578,,,,193603,Cache of Eregos,24524,,,1,,static_spawn,Data/gameobject.sql;Data/gameobject_template.sql;Data/gameobject_loot_template.sql,0,0,False,static map/spawn has no boss association
,595,,,,180523,Apple Bob,17378,,,1,,static_spawn,Data/gameobject.sql;Data/gameobject_template.sql;Data/gameobject_loot_template.sql,0,0,False,static map/spawn has no boss association
,595,,script_DamageTaken,DamageTaken,190663,Dark Runed Chest,24556,,,0,normal,script_summon,Data/gameobject.sql;Data/gameobject_template.sql;Data/gameobject_loot_template.sql;src\server\scripts\Kalimdor\CavernsOfTime\CullingOfStratholme\boss_mal_ganis.cpp,0,0,True,
,595,,script_DamageTaken,DamageTaken,193597,Dark Runed Chest,24589,,,0,heroic,script_summon,Data/gameobject.sql;Data/gameobject_template.sql;Data/gameobject_loot_template.sql;src\server\scripts\Kalimdor\CavernsOfTime\CullingOfStratholme\boss_mal_ganis.cpp,0,0,True,
,599,,,,189980,Saronite Deposit,24155,,,2,,static_spawn,Data/gameobject.sql;Data/gameobject_template.sql;Data/gameobject_loot_template.sql,0,0,False,static map/spawn has no boss association
,599,,script_EndTribunalFight,EndTribunalFight,190586,Tribunal Chest,24661,65564,1,1,,script_summon,Data/gameobject.sql;Data/gameobject_template.sql;Data/gameobject_loot_template.sql;src\server\scripts\Northrend\Ulduar\HallsOfStone\brann_bronzebeard.cpp,0,0,True,
,599,,script_EndTribunalFight,EndTribunalFight,193996,Tribunal Chest,26260,151790,2,1,,script_summon,Data/gameobject.sql;Data/gameobject_template.sql;Data/gameobject_loot_template.sql;src\server\scripts\Northrend\Ulduar\HallsOfStone\brann_bronzebeard.cpp,0,0,True,
,600,,,,190170,Talandra\'s Rose,24225,,,1,,static_spawn,Data/gameobject.sql;Data/gameobject_template.sql;Data/gameobject_loot_template.sql,0,0,False,static map/spawn has no boss association
,600,,,,191019,Adder\'s Tongue,25093,,,2,,static_spawn,Data/gameobject.sql;Data/gameobject_template.sql;Data/gameobject_loot_template.sql,0,0,False,static map/spawn has no boss association
,601,,,,189973,Goldclover,24093,,,1,,static_spawn,Data/gameobject.sql;Data/gameobject_template.sql;Data/gameobject_loot_template.sql,0,0,False,static map/spawn has no boss association
,601,,,,190169,Tiger Lily,24224,,,1,,static_spawn,Data/gameobject.sql;Data/gameobject_template.sql;Data/gameobject_loot_template.sql,0,0,False,static map/spawn has no boss association
,603,,,,189973,Goldclover,24093,,,8,,static_spawn,Data/gameobject.sql;Data/gameobject_template.sql;Data/gameobject_loot_template.sql,0,0,False,static map/spawn has no boss association
,603,,,,190170,Talandra\'s Rose,24225,,,6,,static_spawn,Data/gameobject.sql;Data/gameobject_template.sql;Data/gameobject_loot_template.sql,0,0,False,static map/spawn has no boss association
,603,,,,190171,Lichbloom,24226,,,7,,static_spawn,Data/gameobject.sql;Data/gameobject_template.sql;Data/gameobject_loot_template.sql,0,0,False,static map/spawn has no boss association
,603,,,,190176,Frost Lotus,24228,,,1,,static_spawn,Data/gameobject.sql;Data/gameobject_template.sql;Data/gameobject_loot_template.sql,0,0,False,static map/spawn has no boss association
,603,,,,191019,Adder\'s Tongue,25093,,,6,,static_spawn,Data/gameobject.sql;Data/gameobject_template.sql;Data/gameobject_loot_template.sql,0,0,False,static map/spawn has no boss association
,603,,script_UpdateAI,UpdateAI,194821,Gift of the Observer,27030,,,0,10,script_summon,Data/gameobject.sql;Data/gameobject_template.sql;Data/gameobject_loot_template.sql;src\server\scripts\Northrend\Ulduar\Ulduar\boss_algalon_the_observer.cpp,0,0,True,
,603,,script_UpdateAI,UpdateAI,194822,Gift of the Observer,26974,,,0,25,script_summon,Data/gameobject.sql;Data/gameobject_template.sql;Data/gameobject_loot_template.sql;src\server\scripts\Northrend\Ulduar\Ulduar\boss_algalon_the_observer.cpp,0,0,True,
,603,,script_UpdateAI,UpdateAI,194957,Cache of Innovation,27086,,,0,10,script_summon,Data/gameobject.sql;Data/gameobject_template.sql;Data/gameobject_loot_template.sql;src\server\scripts\Northrend\Ulduar\Ulduar\boss_mimiron.cpp,0,0,True,
,603,,script_UpdateAI,UpdateAI,194958,Cache of Innovation,26967,,,0,25,script_summon,Data/gameobject.sql;Data/gameobject_template.sql;Data/gameobject_loot_template.sql;src\server\scripts\Northrend\Ulduar\Ulduar\boss_mimiron.cpp,0,0,True,
,603,,,,195036,Pure Saronite Deposit,27244,,,1,,static_spawn,Data/gameobject.sql;Data/gameobject_template.sql;Data/gameobject_loot_template.sql,0,0,False,static map/spawn has no boss association
,603,,script_JustDied,JustDied,195046,Cache of Living Stone,27061,,,0,10,script_summon,Data/gameobject.sql;Data/gameobject_template.sql;Data/gameobject_loot_template.sql;src\server\scripts\Northrend\Ulduar\Ulduar\boss_kologarn.cpp,0,0,True,
,603,,script_JustDied,JustDied,195047,Cache of Living Stone,26929,,,0,25,script_summon,Data/gameobject.sql;Data/gameobject_template.sql;Data/gameobject_loot_template.sql;src\server\scripts\Northrend\Ulduar\Ulduar\boss_kologarn.cpp,0,0,True,
,604,,,,190170,Talandra\'s Rose,24225,,,1,,static_spawn,Data/gameobject.sql;Data/gameobject_template.sql;Data/gameobject_loot_template.sql,0,0,False,static map/spawn has no boss association
,604,,,,191019,Adder\'s Tongue,25093,,,2,,static_spawn,Data/gameobject.sql;Data/gameobject_template.sql;Data/gameobject_loot_template.sql,0,0,False,static map/spawn has no boss association
,604,,,,192826,Drakkari History Tablet,25902,,,30,,static_spawn,Data/gameobject.sql;Data/gameobject_template.sql;Data/gameobject_loot_template.sql,0,0,False,static map/spawn has no boss association
,609,,,,190584,Battle-worn Sword,24611,,,18,,static_spawn,Data/gameobject.sql;Data/gameobject_template.sql;Data/gameobject_loot_template.sql,0,0,False,static map/spawn has no boss association
,609,,,,190691,Saronite Arrow,24758,,,162,,static_spawn,Data/gameobject.sql;Data/gameobject_template.sql;Data/gameobject_loot_template.sql,0,0,False,static map/spawn has no boss association
,609,,,,190937,Empty Cauldron,24878,,,1,,static_spawn,Data/gameobject.sql;Data/gameobject_template.sql;Data/gameobject_loot_template.sql,0,0,False,static map/spawn has no boss association
,609,,,,190938,Iron Chain,24879,,,1,,static_spawn,Data/gameobject.sql;Data/gameobject_template.sql;Data/gameobject_loot_template.sql,0,0,False,static map/spawn has no boss association
,609,,,,190947,New Avalon Registry,24896,,,3,,static_spawn,Data/gameobject.sql;Data/gameobject_template.sql;Data/gameobject_loot_template.sql,0,0,False,static map/spawn has no boss association
,609,,,,191084,New Avalon Patrol Schedule,24901,,,1,,static_spawn,Data/gameobject.sql;Data/gameobject_template.sql;Data/gameobject_loot_template.sql,0,0,False,static map/spawn has no boss association
,619,,,,189973,Goldclover,24093,,,2,,static_spawn,Data/gameobject.sql;Data/gameobject_template.sql;Data/gameobject_loot_template.sql,0,0,False,static map/spawn has no boss association
,619,,,,190169,Tiger Lily,24224,,,1,,static_spawn,Data/gameobject.sql;Data/gameobject_template.sql;Data/gameobject_loot_template.sql,0,0,False,static map/spawn has no boss association
,619,,,,190170,Talandra\'s Rose,24225,,,1,,static_spawn,Data/gameobject.sql;Data/gameobject_template.sql;Data/gameobject_loot_template.sql,0,0,False,static map/spawn has no boss association
,631,,,,202238,Deathbringer\'s Cache,28058,,,1,,static_spawn,Data/gameobject.sql;Data/gameobject_template.sql;Data/gameobject_loot_template.sql,0,0,False,static map/spawn has no boss association
,631,,,,202239,Deathbringer\'s Cache,28046,,,1,,static_spawn,Data/gameobject.sql;Data/gameobject_template.sql;Data/gameobject_loot_template.sql,0,0,False,static map/spawn has no boss association
,631,,,,202240,Deathbringer\'s Cache,28074,,,1,,static_spawn,Data/gameobject.sql;Data/gameobject_template.sql;Data/gameobject_loot_template.sql,0,0,False,static map/spawn has no boss association
,631,,,,202241,Deathbringer\'s Cache,28088,,,1,,static_spawn,Data/gameobject.sql;Data/gameobject_template.sql;Data/gameobject_loot_template.sql,0,0,False,static map/spawn has no boss association
,650,,script_SetData,SetData,195709,Champion\'s Cache,27321,,,0,normal,script_summon,Data/gameobject.sql;Data/gameobject_template.sql;Data/gameobject_loot_template.sql;src\server\scripts\Northrend\CrusadersColiseum\TrialOfTheChampion\instance_trial_of_the_champion.cpp,0,0,True,
,650,,script_SetData,SetData,195710,Champion\'s Cache,27414,,,0,heroic,script_summon,Data/gameobject.sql;Data/gameobject_template.sql;Data/gameobject_loot_template.sql;src\server\scripts\Northrend\CrusadersColiseum\TrialOfTheChampion\instance_trial_of_the_champion.cpp,0,0,True,
,658,,,,201592,Infused Saronite Bars,27730,,,25,,static_spawn,Data/gameobject.sql;Data/gameobject_template.sql;Data/gameobject_loot_template.sql,0,0,False,static map/spawn has no boss association
,672,,,,201872,Gunship Armory,28057,,,1,,static_spawn,Data/gameobject.sql;Data/gameobject_template.sql;Data/gameobject_loot_template.sql,0,0,False,static map/spawn has no boss association
,672,,,,201873,Gunship Armory,28045,,,1,,static_spawn,Data/gameobject.sql;Data/gameobject_template.sql;Data/gameobject_loot_template.sql,0,0,False,static map/spawn has no boss association
,672,,,,201874,Gunship Armory,28072,,,1,,static_spawn,Data/gameobject.sql;Data/gameobject_template.sql;Data/gameobject_loot_template.sql,0,0,False,static map/spawn has no boss association
,672,,,,201875,Gunship Armory,28090,,,1,,static_spawn,Data/gameobject.sql;Data/gameobject_template.sql;Data/gameobject_loot_template.sql,0,0,False,static map/spawn has no boss association
,673,,,,202177,Gunship Armory,28057,,,1,,static_spawn,Data/gameobject.sql;Data/gameobject_template.sql;Data/gameobject_loot_template.sql,0,0,False,static map/spawn has no boss association
,673,,,,202178,Gunship Armory,28045,,,1,,static_spawn,Data/gameobject.sql;Data/gameobject_template.sql;Data/gameobject_loot_template.sql,0,0,False,static map/spawn has no boss association
,673,,,,202179,Gunship Armory,28090,,,1,,static_spawn,Data/gameobject.sql;Data/gameobject_template.sql;Data/gameobject_loot_template.sql,0,0,False,static map/spawn has no boss association
,673,,,,202180,Gunship Armory,28072,,,1,,static_spawn,Data/gameobject.sql;Data/gameobject_template.sql;Data/gameobject_loot_template.sql,0,0,False,static map/spawn has no boss association
,712,,,,201710,The Captain\'s Chest,27985,,,1,,static_spawn,Data/gameobject.sql;Data/gameobject_template.sql;Data/gameobject_loot_template.sql,0,0,False,static map/spawn has no boss association
,712,,,,202336,The Captain\'s Chest,27993,,,1,,static_spawn,Data/gameobject.sql;Data/gameobject_template.sql;Data/gameobject_loot_template.sql,0,0,False,static map/spawn has no boss association
,713,,,,201710,The Captain\'s Chest,27985,,,1,,static_spawn,Data/gameobject.sql;Data/gameobject_template.sql;Data/gameobject_loot_template.sql,0,0,False,static map/spawn has no boss association
,713,,,,202336,The Captain\'s Chest,27993,,,1,,static_spawn,Data/gameobject.sql;Data/gameobject_template.sql;Data/gameobject_loot_template.sql,0,0,False,static map/spawn has no boss association
