ID,ClassID,SubclassID,SoundOverrideSubclassID,Material,DisplayInfoID,InventoryType,SheatheType
200000,4,4,-1,6,27226,6,0
200001,4,4,-1,6,44424,5,0
200002,4,0,-1,4,17918,2,0
200003,4,3,-1,5,26987,6,0
200004,4,3,-1,5,6907,8,0
200005,4,4,-1,6,38701,6,0
200006,4,4,-1,6,39620,3,0
200007,4,4,-1,6,56375,10,0
200008,4,4,-1,6,54255,5,0
200009,4,4,-1,6,42360,3,0
200010,4,4,-1,6,18573,10,0
200011,4,4,-1,6,26888,10,0
200012,2,6,-1,0,5638,17,1
200013,4,4,-1,6,44325,3,0
200014,4,3,-1,5,18256,10,0
200015,4,3,-1,5,15327,1,0
200016,4,0,-1,4,12643,11,0
200017,4,4,-1,6,44348,9,0
200018,4,3,-1,5,27112,5,0
200019,4,4,-1,6,26691,7,0
200020,2,8,-1,0,20252,17,1
200021,4,3,-1,5,6842,10,0
200022,4,4,-1,6,16092,7,0
200023,4,4,-1,6,43829,5,0
200024,4,0,-1,4,31576,11,0
200025,4,4,-1,6,56196,8,0
200026,4,0,-1,4,35358,2,0
200027,4,4,-1,6,55300,10,0
200028,4,4,-1,6,28355,5,0
200029,4,4,-1,6,43345,6,0
200030,4,4,-1,6,46044,8,0
200031,2,0,-1,0,29759,13,3
200032,4,3,-1,5,27073,1,0
200033,4,0,-1,4,38560,2,0
200034,4,4,-1,6,51615,7,0
200035,2,5,-1,0,23230,17,1
200036,4,4,-1,6,55696,3,0
200037,4,3,-1,5,7540,10,0
200038,4,4,-1,6,51712,10,0
200039,4,3,-1,5,6847,6,0
200040,4,3,-1,5,9390,10,0
200041,4,1,-1,7,23096,16,0
200042,4,1,-1,7,56190,16,0
200043,4,0,-1,4,51112,12,0
200044,4,4,-1,6,44128,7,0
200045,4,3,-1,5,26932,7,0
200046,4,3,-1,5,35399,8,0
200047,4,4,-1,6,27366,1,0
200048,4,1,-1,7,22996,16,0
200049,4,3,-1,5,13090,5,0
200050,4,3,-1,5,2922,7,0
200051,2,7,-1,0,20120,13,3
200052,4,4,-1,6,54196,7,0
200053,4,0,-1,4,52818,12,0
200054,4,3,-1,5,52166,6,0
200055,4,3,-1,5,9738,7,0
200056,4,0,-1,4,9839,11,0
200057,4,3,-1,5,25793,8,0
200058,4,3,-1,5,27000,10,0
200059,4,3,-1,5,27007,9,0
200060,4,3,-1,5,27001,8,0
200061,4,0,-1,4,28831,11,0
200062,4,4,-1,6,44128,7,0
200063,4,3,-1,5,12944,5,0
200064,4,4,-1,6,44106,8,0
200065,4,3,-1,5,27013,7,0
200066,4,3,-1,5,12944,5,0
200067,4,3,-1,5,6842,10,0
200068,4,1,-1,7,61564,16,0
200069,4,3,-1,5,18382,5,0
200070,4,1,-1,7,28731,16,0
200071,4,0,-1,4,43360,12,0
200072,4,3,-1,5,13508,9,0
200073,4,3,-1,5,28317,7,0
200074,4,4,-1,6,40768,9,0
200075,2,8,-1,0,20038,17,1
200076,4,4,-1,6,54071,9,0
200077,4,3,-1,5,15327,1,0
200078,4,3,-1,5,12935,9,0
200079,4,4,-1,6,27400,8,0
200080,4,4,-1,6,46350,5,0
200081,4,4,-1,6,41231,7,0
200082,4,0,-1,4,224,11,0
200083,4,4,-1,6,54767,5,0
200084,4,1,-1,7,43094,16,0
200085,2,0,-1,0,50064,13,3
200086,4,4,-1,6,54196,7,0
200087,4,1,-1,7,43488,16,0
200088,4,4,-1,6,44873,1,0
200089,4,1,-1,7,15120,16,0
200090,4,3,-1,5,25760,8,0
200091,2,8,-1,0,23264,17,1
200092,4,4,-1,6,28352,10,0
200093,4,3,-1,5,25825,1,0
200094,4,4,-1,6,49764,5,0
200095,4,3,-1,5,3043,7,0
200096,4,3,-1,5,28440,1,0
200097,4,3,-1,5,28596,9,0
200098,4,4,-1,6,32644,6,0
200099,4,0,-1,4,31616,11,0
200100,2,4,-1,0,41873,13,3
200101,4,4,-1,6,51710,9,0
200102,4,3,-1,5,7932,6,0
200103,4,4,-1,6,26360,9,0
200104,4,3,-1,5,34242,8,0
200105,2,8,-1,0,28576,17,1
200106,4,0,-1,4,39126,11,0
200107,4,3,-1,5,25756,10,0
200108,4,0,-1,4,41936,12,0
200109,4,0,-1,4,12643,11,0
200110,4,3,-1,5,28596,9,0
200111,4,0,-1,4,56874,11,0
200112,4,0,-1,4,64207,2,0
200113,2,7,-1,0,20093,13,3
200114,2,6,-1,0,39894,17,1
200115,4,4,-1,6,51932,10,0
200116,4,3,-1,5,31832,20,0
200117,4,4,-1,6,52451,10,0
200118,4,3,-1,5,13053,9,0
200119,4,4,-1,6,53000,6,0
200120,4,4,-1,6,51653,6,0
200121,4,3,-1,5,28290,7,0
200122,2,18,-1,0,22929,26,0
200123,4,4,-1,6,39410,6,0
200124,4,0,-1,4,224,11,0
200125,4,3,-1,5,13279,1,0
200126,4,4,-1,6,44447,6,0
200127,4,4,-1,6,59609,3,0
200128,4,3,-1,5,22677,5,0
200129,4,4,-1,6,19900,7,0
200130,4,1,-1,7,23133,16,0
200131,4,4,-1,6,61394,10,0
200132,4,0,-1,4,52439,11,0
200133,4,0,-1,4,9086,2,0
200134,4,4,-1,6,53000,6,0
200135,4,4,-1,6,52999,7,0
200136,4,0,-1,4,15150,12,0
200137,4,1,-1,7,23048,16,0
200138,2,5,-1,0,5226,17,1
200139,4,0,-1,4,33534,11,0
200140,4,4,-1,6,24393,5,0
200141,4,3,-1,5,25766,9,0
200142,4,4,-1,6,48662,9,0
200143,4,3,-1,5,11447,8,0
200144,4,4,-1,6,55386,9,0
200145,4,3,-1,5,24793,9,0
200146,4,3,-1,5,46447,5,0
200147,4,3,-1,5,27014,3,0
200148,4,3,-1,5,6982,10,0
200149,4,3,-1,5,26987,6,0
200150,4,3,-1,5,25935,3,0
200151,4,3,-1,5,26984,5,0
200152,4,3,-1,5,26961,5,0
200153,4,4,-1,6,40769,5,0
200154,2,5,-1,0,8585,17,1
200155,4,3,-1,5,27079,6,0
200156,2,6,-1,0,5638,17,1
200157,2,7,-1,0,26577,13,3
200158,4,4,-1,6,27901,10,0
200159,4,0,-1,4,3666,11,0
200160,4,4,-1,6,35434,3,0
200161,4,0,-1,4,43105,2,0
200162,4,4,-1,6,54824,5,0
200163,4,4,-1,6,48312,9,0
200164,4,3,-1,5,18274,7,0
200165,4,0,-1,4,32335,12,0
200166,4,4,-1,6,24777,3,0
200167,4,0,-1,4,38127,12,0
200168,4,3,-1,5,3541,7,0
200169,4,4,-1,6,35613,8,0
200170,4,3,-1,5,7563,6,0
200171,4,4,-1,6,62027,1,0
200172,4,3,-1,5,9742,7,0
200173,4,4,-1,6,29000,10,0
200174,4,3,-1,5,6847,6,0
200175,4,4,-1,6,62122,7,0
200176,4,1,-1,7,23141,16,0
200177,4,3,-1,5,27063,5,0
200178,4,4,-1,6,43277,1,0
200179,4,4,-1,6,30675,5,0
200180,4,3,-1,5,12453,7,0
200181,4,4,-1,6,28357,9,0
200182,2,5,-1,0,19617,17,1
200183,2,7,-1,0,20221,13,3
200184,4,0,-1,4,32713,2,0
200185,4,3,-1,5,8639,5,0
200186,4,4,-1,6,41964,10,0
200187,4,0,-1,4,36444,12,0
200188,4,4,-1,6,16092,7,0
200189,2,2,-1,0,20719,15,0
200190,4,1,-1,7,40775,16,0
200191,4,0,-1,4,56103,11,0
200192,2,1,-1,0,51385,17,1
200193,4,4,-1,6,39871,9,0
200194,4,4,-1,6,26889,6,0
200195,4,3,-1,5,27004,5,0
200196,4,3,-1,5,27068,6,0
200197,2,0,-1,0,50068,13,3
200198,2,1,-1,0,29907,17,1
200199,2,8,-1,0,20069,17,1
200200,2,0,-1,0,24119,13,3
200201,4,3,-1,5,28317,7,0
200202,4,3,-1,5,3541,7,0
200203,4,4,-1,6,43272,5,0
200204,4,4,-1,6,27413,7,0
200205,4,4,-1,6,43740,7,0
200206,4,0,-1,4,39877,2,0
200207,4,3,-1,5,25892,10,0
200208,2,1,-1,0,28533,17,1
200209,4,4,-1,6,51131,8,0
200210,4,3,-1,5,27112,5,0
200211,4,4,-1,6,45658,5,0
200212,4,0,-1,4,39129,11,0
200213,2,2,-1,0,57089,15,0
200214,4,4,-1,6,19728,1,0
200215,4,4,-1,6,59703,8,0
200216,4,4,-1,6,56321,9,0
200217,4,1,-1,7,23025,16,0
200218,2,2,-1,0,43834,15,0
200219,4,0,-1,4,51275,11,0
200220,4,0,-1,4,39877,2,0
200221,4,4,-1,6,27407,5,0
200222,4,3,-1,5,25786,9,0
200223,4,3,-1,5,12948,10,0
200224,4,3,-1,5,48756,20,0
200225,4,4,-1,6,62004,9,0
200226,4,4,-1,6,54828,7,0
200227,4,1,-1,7,50062,16,0
200228,4,4,-1,6,27383,7,0
200229,4,1,-1,7,52402,16,0
200230,4,4,-1,6,43743,3,0
200231,4,4,-1,6,59209,6,0
200232,4,0,-1,4,6502,2,0
200233,2,0,-1,0,19396,13,3
200234,4,4,-1,6,56321,9,0
200235,2,2,-1,0,9060,15,0
200236,4,0,-1,4,53407,2,0
200237,4,4,-1,6,57271,8,0
200238,4,4,-1,6,35555,9,0
200239,4,3,-1,5,15517,1,0
200240,4,3,-1,5,13052,3,0
200241,4,3,-1,5,25769,5,0
200242,2,6,-1,0,25633,17,1
200243,4,3,-1,5,25852,6,0
200244,4,0,-1,4,30799,2,0
200245,4,3,-1,5,16731,10,0
200246,4,0,-1,4,54488,11,0
200247,4,6,-1,1,18374,14,4
200248,4,4,-1,6,19843,7,0
200249,4,3,-1,5,26982,9,0
200250,4,3,-1,5,25804,8,0
200251,4,3,-1,5,32822,8,0
200252,2,0,-1,0,19134,13,3
200253,4,1,-1,7,28652,16,0
200254,4,4,-1,6,27358,10,0
200255,4,3,-1,5,27328,8,0
200256,4,4,-1,6,37302,3,0
200257,4,3,-1,5,16081,3,0
200258,4,3,-1,5,27076,7,0
200259,4,0,-1,4,11990,11,0
200260,4,4,-1,6,61525,5,0
200261,4,4,-1,6,28725,3,0
200262,4,3,-1,5,6931,8,0
200263,4,3,-1,5,22689,5,0
200264,4,0,-1,4,6484,12,0
200265,4,4,-1,6,61372,8,0
200266,4,4,-1,6,52997,7,0
200267,4,0,-1,4,49267,2,0
200268,4,3,-1,5,6977,9,0
200269,4,3,-1,5,26933,5,0
200270,4,0,-1,4,40044,11,0
200271,4,4,-1,6,43147,8,0
200272,4,1,-1,7,29916,16,0
200273,4,3,-1,5,28662,1,0
200274,4,4,-1,6,53809,6,0
200275,4,3,-1,5,9390,10,0
200276,4,4,-1,6,27418,6,0
200277,4,4,-1,6,21961,7,0
200278,4,0,-1,4,17918,2,0
200279,4,4,-1,6,31213,9,0
200280,4,4,-1,6,27876,3,0
200281,4,1,-1,7,51925,16,0
200282,4,3,-1,5,27789,1,0
200283,4,0,-1,4,34491,2,0
200284,4,0,-1,4,34491,2,0
200285,4,3,-1,5,12965,5,0
200286,4,6,-1,1,23419,14,4
200287,4,3,-1,5,9390,10,0
200288,4,4,-1,6,27426,9,0
200289,4,3,-1,5,15517,1,0
200290,4,3,-1,5,25757,6,0
200291,4,0,-1,4,43104,11,0
200292,2,7,-1,0,50509,13,3
200293,4,3,-1,5,25767,6,0
200294,4,4,-1,6,44275,10,0
200295,4,3,-1,5,27047,8,0
200296,4,0,-1,4,43105,2,0
200297,4,3,-1,5,26982,9,0
200298,4,4,-1,6,56097,3,0
200299,2,0,-1,0,28459,13,3
200300,4,3,-1,5,26936,5,0
200301,4,3,-1,5,27060,10,0
200302,4,0,-1,4,14437,2,0
200303,4,3,-1,5,6931,8,0
200304,4,4,-1,6,41928,1,0
200305,4,4,-1,6,26792,6,0
200306,4,3,-1,5,4723,5,0
200307,4,3,-1,5,13279,1,0
200308,4,3,-1,5,18256,10,0
200309,4,3,-1,5,27083,1,0
200310,4,0,-1,4,24646,11,0
200311,2,7,-1,0,44546,13,3
200312,4,4,-1,6,52304,1,0
200313,4,3,-1,5,27117,6,0
200314,4,3,-1,5,27071,3,0
200315,4,6,-1,1,38258,14,4
200316,4,3,-1,5,27029,6,0
200317,4,0,-1,4,18365,11,0
200318,4,4,-1,6,27833,10,0
200319,4,0,-1,4,43101,12,0
200320,4,0,-1,4,64254,12,0
200321,4,4,-1,6,51671,7,0
200322,4,0,-1,4,43340,11,0
200323,4,1,-1,7,48871,16,0
200324,4,4,-1,6,37801,10,0
200325,4,4,-1,6,56216,6,0
200326,4,0,-1,4,43104,11,0
200327,4,0,-1,4,43535,2,0
200328,4,4,-1,6,39803,6,0
200329,4,3,-1,5,23530,5,0
200330,4,4,-1,6,33853,7,0
200331,4,3,-1,5,15288,1,0
200332,4,4,-1,6,38359,5,0
200333,4,3,-1,5,26968,7,0
200334,4,3,-1,5,25820,7,0
200335,4,0,-1,4,1225,11,0
200336,4,4,-1,6,28357,9,0
200337,4,4,-1,6,29969,5,0
200338,4,0,-1,4,39682,2,0
200339,4,4,-1,6,48740,1,0
200340,4,0,-1,4,38541,11,0
200341,4,3,-1,5,27792,6,0
200342,4,3,-1,5,6864,6,0
200343,4,0,-1,4,37430,11,0
200344,4,3,-1,5,7193,7,0
200345,4,0,-1,4,53291,12,0
200346,4,4,-1,6,26332,5,0
200347,4,3,-1,5,6971,3,0
200348,4,3,-1,5,25897,3,0
200349,4,4,-1,6,51652,5,0
200350,2,6,-1,0,37410,17,1
200351,4,3,-1,5,26984,5,0
200352,4,4,-1,6,45179,1,0
200353,4,4,-1,6,43199,3,0
200354,2,8,-1,0,50330,17,1
200355,4,3,-1,5,16084,1,0
200356,4,4,-1,6,26641,7,0
200357,4,4,-1,6,27829,8,0
200358,4,0,-1,4,32714,2,0
200359,4,3,-1,5,28317,7,0
200360,2,7,-1,0,46839,13,3
200361,4,0,-1,4,23713,2,0
200362,4,4,-1,6,50615,1,0
200363,4,4,-1,6,55723,1,0
200364,4,3,-1,5,25757,6,0
200365,4,3,-1,5,13279,1,0
200366,4,1,-1,7,23142,16,0
200367,4,0,-1,4,35367,11,0
200368,4,0,-1,4,9854,2,0
200369,4,4,-1,6,44349,8,0
200370,4,0,-1,4,21804,12,0
200371,4,6,-1,1,4400,14,4
200372,4,3,-1,5,25790,3,0
200373,4,3,-1,5,18256,10,0
200374,4,3,-1,5,6883,10,0
200375,4,3,-1,5,8749,6,0
200376,4,1,-1,7,18968,16,0
200377,4,4,-1,6,52213,9,0
200378,4,3,-1,5,26936,5,0
200379,4,0,-1,4,43095,11,0
200380,4,4,-1,6,44424,5,0
200381,4,3,-1,5,25804,8,0
200382,4,3,-1,5,26965,3,0
200383,4,4,-1,6,54881,10,0
200384,4,4,-1,6,27906,1,0
200385,4,3,-1,5,15333,1,0
200386,4,4,-1,6,51084,8,0
200387,4,4,-1,6,26870,6,0
200388,4,0,-1,4,34491,2,0
200389,4,0,-1,4,33808,11,0
200390,4,3,-1,5,26986,7,0
200391,2,7,-1,0,8274,13,3
200392,4,1,-1,7,27607,16,0
200393,4,3,-1,5,24564,10,0
200394,4,3,-1,5,27001,8,0
200395,4,0,-1,4,14432,11,0
200396,4,4,-1,6,55826,3,0
200397,4,4,-1,6,51499,7,0
200398,4,0,-1,4,53407,2,0
200399,4,0,-1,4,34491,2,0
200400,4,4,-1,6,49765,10,0
200401,4,4,-1,6,56600,10,0
200402,2,8,-1,0,26591,17,1
200403,4,4,-1,6,28824,9,0
200404,4,0,-1,4,51243,11,0
200405,4,0,-1,4,9657,2,0
200406,4,3,-1,5,26986,7,0
200407,4,3,-1,5,25980,8,0
200408,4,4,-1,6,39612,6,0
200409,4,0,-1,4,6539,2,0
200410,4,4,-1,6,55758,10,0
200411,4,3,-1,5,26941,7,0
200412,4,3,-1,5,28448,6,0
200413,4,4,-1,6,28089,5,0
200414,4,4,-1,6,40770,10,0
200415,4,0,-1,4,7570,2,0
200416,4,3,-1,5,27777,6,0
200417,4,4,-1,6,26894,3,0
200418,4,1,-1,7,35446,16,0
200419,4,0,-1,4,9838,11,0
200420,4,3,-1,5,26163,7,0
200421,4,4,-1,6,37441,10,0
200422,4,4,-1,6,51628,8,0
200423,4,3,-1,5,7554,8,0
200424,4,0,-1,4,4006,2,0
200425,4,4,-1,6,33604,7,0
200426,2,6,-1,0,42057,17,1
200427,4,4,-1,6,62007,6,0
200428,4,4,-1,6,42833,6,0
200429,4,4,-1,6,21717,1,0
200430,4,4,-1,6,26792,6,0
200431,2,5,-1,0,5226,17,1
200432,2,7,-1,0,28346,13,3
200433,4,3,-1,5,25812,7,0
200434,4,3,-1,5,12906,1,0
200435,4,3,-1,5,22689,5,0
200436,4,3,-1,5,26073,9,0
200437,4,4,-1,6,54784,6,0
200438,4,4,-1,6,45715,10,0
200439,4,3,-1,5,37200,7,0
200440,2,1,-1,0,23228,17,1
200441,4,4,-1,6,28985,1,0
200442,4,4,-1,6,26337,3,0
200443,4,3,-1,5,18333,3,0
200444,4,3,-1,5,28452,8,0
200445,4,4,-1,6,27383,7,0
200446,4,1,-1,7,52423,16,0
200447,4,6,-1,1,26176,14,4
200448,4,3,-1,5,26249,7,0
200449,4,3,-1,5,18364,10,0
200450,4,0,-1,4,19785,12,0
200451,4,4,-1,6,26645,3,0
200452,4,4,-1,6,64853,3,0
200453,4,1,-1,7,27051,16,0
200454,4,0,-1,4,2854,11,0
200455,4,3,-1,5,25778,8,0
200456,2,1,-1,0,55712,17,1
200457,4,4,-1,6,50016,3,0
200458,4,0,-1,4,34491,2,0
200459,4,3,-1,5,27121,7,0
200460,4,0,-1,4,17918,2,0
200461,4,3,-1,5,26970,8,0
200462,2,8,-1,0,40691,17,1
200463,4,4,-1,6,41550,10,0
200464,4,4,-1,6,26342,3,0
200465,4,4,-1,6,51527,1,0
200466,4,4,-1,6,42862,6,0
200467,4,4,-1,6,41604,7,0
200468,4,3,-1,5,15324,1,0
200469,4,3,-1,5,27009,8,0
200470,4,4,-1,6,41964,10,0
200471,4,4,-1,6,54827,5,0
200472,2,8,-1,0,26586,17,1
200473,4,4,-1,6,56386,3,0
200474,4,3,-1,5,35399,8,0
200475,2,8,-1,0,41789,17,1
200476,4,4,-1,6,41964,10,0
200477,2,1,-1,0,22222,17,1
200478,4,3,-1,5,27035,8,0
200479,4,3,-1,5,28250,7,0
200480,4,3,-1,5,26073,9,0
200481,4,3,-1,5,26948,7,0
200482,4,3,-1,5,38268,5,0
200483,4,1,-1,7,24985,16,0
200484,2,1,-1,0,28460,17,1
200485,4,3,-1,5,35399,8,0
200486,4,0,-1,4,21115,12,0
200487,4,4,-1,6,52500,1,0
200488,4,4,-1,6,26387,5,0
200489,4,4,-1,6,49510,1,0
200490,4,3,-1,5,28662,1,0
200491,4,0,-1,4,30696,2,0
200492,4,4,-1,6,53001,8,0
200493,2,7,-1,0,20214,13,3
200494,4,4,-1,6,56180,7,0
200495,2,1,-1,0,41631,17,1
200496,4,1,-1,7,23030,16,0
200497,4,0,-1,4,18308,2,0
200498,4,4,-1,6,43715,8,0
200499,4,4,-1,6,46039,6,0
200500,4,1,-1,7,48871,16,0
200501,2,18,-1,0,25608,26,0
200502,4,3,-1,5,22480,5,0
200503,4,3,-1,5,22256,6,0
200504,4,3,-1,5,22480,5,0
200505,4,4,-1,6,39709,8,0
200506,4,4,-1,6,33603,5,0
200507,4,4,-1,6,19742,8,0
200508,4,4,-1,6,51133,9,0
200509,4,4,-1,6,55696,3,0
200510,4,0,-1,4,30799,2,0
200511,4,0,-1,4,51275,11,0
200512,4,4,-1,6,29911,1,0
200513,4,3,-1,5,3057,5,0
200514,4,3,-1,5,13564,1,0
200515,4,4,-1,6,41616,5,0
200516,4,4,-1,6,31191,7,0
200517,4,4,-1,6,41249,7,0
200518,4,3,-1,5,22689,5,0
200519,4,3,-1,5,15324,1,0
200520,4,3,-1,5,12948,10,0
200521,4,4,-1,6,28335,5,0
200522,4,4,-1,6,55772,10,0
200523,4,0,-1,4,7899,2,0
200524,4,0,-1,4,15421,2,0
200525,4,3,-1,5,6885,8,0
200526,4,0,-1,4,37549,12,0
200527,4,3,-1,5,12795,7,0
200528,4,0,-1,4,9843,11,0
200529,4,0,-1,4,6502,12,0
200530,4,4,-1,6,55306,3,0
200531,4,3,-1,5,9390,10,0
200532,4,3,-1,5,25850,10,0
200533,4,3,-1,5,26995,7,0
200534,4,4,-1,6,26830,10,0
200535,4,3,-1,5,36997,5,0
200536,4,4,-1,6,43692,1,0
200537,4,4,-1,6,27375,6,0
200538,4,3,-1,5,26933,5,0
200539,4,0,-1,4,60692,12,0
200540,4,4,-1,6,16113,8,0
200541,4,3,-1,5,15517,1,0
200542,4,1,-1,7,23069,16,0
200543,4,4,-1,6,51516,10,0
200544,4,3,-1,5,27035,8,0
200545,4,3,-1,5,27035,8,0
200546,4,0,-1,4,21632,12,0
200547,4,4,-1,6,58860,3,0
200548,4,4,-1,6,43672,10,0
200549,4,4,-1,6,56789,5,0
200550,2,0,-1,0,8459,13,3
200551,4,0,-1,4,31633,2,0
200552,4,3,-1,5,6977,9,0
200553,4,0,-1,4,52419,2,0
200554,4,3,-1,5,16084,1,0
200555,4,4,-1,6,27360,7,0
200556,4,0,-1,4,48007,12,0
200557,4,4,-1,6,55772,10,0
200558,4,3,-1,5,26944,8,0
200559,4,3,-1,5,6883,10,0
200560,4,3,-1,5,13090,5,0
200561,4,4,-1,6,43144,7,0
200562,4,3,-1,5,30681,3,0
200563,4,0,-1,4,57689,12,0
200564,4,0,-1,4,38556,12,0
200565,4,4,-1,6,28783,1,0
200566,4,0,-1,4,15420,2,0
200567,4,0,-1,4,14433,11,0
200568,4,1,-1,7,28054,16,0
200569,2,4,-1,0,28521,13,3
200570,4,4,-1,6,42168,8,0
200571,4,4,-1,6,39870,7,0
200572,4,3,-1,5,25868,7,0
200573,4,3,-1,5,6883,10,0
200574,4,4,-1,6,42668,3,0
200575,4,0,-1,4,35438,11,0
200576,4,0,-1,4,14437,2,0
200577,4,4,-1,6,28740,10,0
200578,4,3,-1,5,27008,6,0
200579,4,4,-1,6,38684,9,0
200580,4,3,-1,5,28238,8,0
200581,4,0,-1,4,64205,2,0
200582,4,3,-1,5,8678,5,0
200583,4,3,-1,5,12945,5,0
200584,2,0,-1,0,55906,13,3
200585,4,4,-1,6,29003,10,0
200586,4,4,-1,6,35177,3,0
200587,4,4,-1,6,28343,9,0
200588,2,4,-1,0,28508,13,3
200589,4,4,-1,6,19996,6,0
200590,4,0,-1,4,52459,11,0
200591,4,3,-1,5,27045,6,0
200592,4,0,-1,4,56873,11,0
200593,4,0,-1,4,7397,12,0
200594,4,4,-1,6,48253,9,0
200595,4,0,-1,4,51458,11,0
200596,4,0,-1,4,35358,2,0
200597,4,4,-1,6,26352,10,0
200598,4,3,-1,5,26936,5,0
200599,4,3,-1,5,22685,9,0
200600,4,4,-1,6,52568,8,0
200601,2,0,-1,0,50074,13,3
200602,4,3,-1,5,11935,8,0
200603,4,4,-1,6,36780,1,0
200604,4,4,-1,6,64789,8,0
200605,4,6,-1,1,18488,14,4
200606,2,0,-1,0,41974,13,3
200607,4,4,-1,6,41532,7,0
200608,4,4,-1,6,42351,3,0
200609,4,0,-1,4,31906,11,0
200610,4,4,-1,6,52063,6,0
200611,4,4,-1,6,27379,1,0
200612,4,3,-1,5,25787,5,0
200613,4,4,-1,6,24393,5,0
200614,4,3,-1,5,25768,7,0
200615,4,0,-1,4,50376,11,0
200616,4,4,-1,6,44220,9,0
200617,4,4,-1,6,37508,7,0
200618,4,3,-1,5,25778,8,0
200619,4,0,-1,4,31633,2,0
200620,4,3,-1,5,25850,10,0
200621,4,3,-1,5,7554,8,0
200622,4,0,-1,4,7418,12,0
200623,4,6,-1,1,26046,14,4
200624,4,4,-1,6,49353,5,0
200625,4,0,-1,4,39920,12,0
200626,4,3,-1,5,22482,10,0
200627,4,4,-1,6,51269,8,0
200628,4,4,-1,6,39870,7,0
200629,4,0,-1,4,40386,12,0
200630,2,8,-1,0,38735,17,1
200631,4,4,-1,6,38689,8,0
200632,4,4,-1,6,51331,7,0
200633,4,4,-1,6,27430,7,0
200634,4,3,-1,5,12934,5,0
200635,4,0,-1,4,33287,2,0
200636,4,3,-1,5,11563,5,0
200637,4,3,-1,5,25852,6,0
200638,4,3,-1,5,7554,8,0
200639,4,3,-1,5,19049,5,0
200640,4,3,-1,5,12944,5,0
200641,4,0,-1,4,7397,12,0
200642,2,5,-1,0,28673,17,1
200643,4,3,-1,5,6864,6,0
200644,2,7,-1,0,51268,13,3
200645,4,4,-1,6,42876,1,0
200646,4,3,-1,5,29007,10,0
200647,4,4,-1,6,26257,1,0
200648,4,3,-1,5,28452,8,0
200649,4,1,-1,7,23069,16,0
200650,4,3,-1,5,24982,9,0
200651,4,3,-1,5,15492,1,0
200652,4,3,-1,5,27111,9,0
200653,4,4,-1,6,56183,7,0
200654,4,4,-1,6,46044,8,0
200655,4,4,-1,6,53002,9,0
200656,4,3,-1,5,25850,10,0
200657,4,3,-1,5,13279,1,0
200658,4,4,-1,6,27392,8,0
200659,4,4,-1,6,52450,5,0
200660,2,6,-1,0,38461,17,1
200661,4,3,-1,5,25757,6,0
200662,4,4,-1,6,64800,9,0
200663,4,3,-1,5,26078,3,0
200664,4,4,-1,6,59749,6,0
200665,2,1,-1,0,50339,17,1
200666,4,0,-1,4,40045,12,0
200667,4,4,-1,6,32718,6,0
200668,4,4,-1,6,52500,1,0
200669,4,3,-1,5,2922,7,0
200670,4,4,-1,6,27273,9,0
200671,4,3,-1,5,22481,7,0
200672,4,3,-1,5,25850,10,0
200673,2,7,-1,0,20215,13,3
200674,4,1,-1,7,23026,16,0
200675,4,0,-1,4,1317,12,0
200676,4,0,-1,4,29697,11,0
200677,4,4,-1,6,28824,9,0
200678,4,4,-1,6,40352,8,0
200679,4,4,-1,6,28304,3,0
200680,4,4,-1,6,39648,9,0
200681,4,0,-1,4,6497,2,0
200682,4,3,-1,5,7563,6,0
200683,4,0,-1,4,50547,12,0
200684,4,4,-1,6,24393,5,0
200685,4,0,-1,4,51275,11,0
200686,4,4,-1,6,28669,8,0
200687,4,4,-1,6,55771,7,0
200688,4,3,-1,5,6885,8,0
200689,4,1,-1,7,56537,16,0
200690,4,4,-1,6,39641,5,0
200691,4,4,-1,6,59205,9,0
200692,4,4,-1,6,59715,3,0
200693,4,1,-1,7,26977,16,0
200694,4,3,-1,5,27149,8,0
200695,2,4,-1,0,55574,13,3
200696,4,4,-1,6,40585,5,0
200697,4,1,-1,7,27673,16,0
200698,4,4,-1,6,40758,8,0
200699,4,4,-1,6,27430,7,0
200700,4,4,-1,6,26334,10,0
200701,4,4,-1,6,51636,9,0
200702,4,4,-1,6,26814,7,0
200703,4,3,-1,5,25897,3,0
200704,4,3,-1,5,4978,7,0
200705,4,3,-1,5,26249,7,0
200706,4,1,-1,7,27743,16,0
200707,4,4,-1,6,27416,5,0
200708,4,3,-1,5,34394,6,0
200709,4,4,-1,6,44019,6,0
200710,4,0,-1,4,9849,11,0
200711,4,3,-1,5,13090,5,0
200712,2,7,-1,0,56004,13,3
200713,2,8,-1,0,26590,17,1
200714,4,4,-1,6,27363,5,0
200715,4,1,-1,7,23001,16,0
200716,4,0,-1,4,15422,11,0
200717,4,3,-1,5,6842,10,0
200718,4,4,-1,6,64690,9,0
200719,4,3,-1,5,25797,9,0
200720,4,3,-1,5,27778,10,0
200721,4,3,-1,5,16223,10,0
200722,4,4,-1,6,55310,1,0
200723,4,3,-1,5,26185,10,0
200724,4,3,-1,5,28443,3,0
200725,4,0,-1,4,44237,12,0
200726,4,4,-1,6,27364,10,0
200727,4,3,-1,5,6931,8,0
200728,4,4,-1,6,51772,10,0
200729,4,0,-1,4,59311,12,0
200730,4,4,-1,6,38684,9,0
200731,2,0,-1,0,19271,13,3
200732,4,4,-1,6,28310,7,0
200733,4,0,-1,4,31480,12,0
200734,4,3,-1,5,23532,9,0
200735,4,3,-1,5,9738,7,0
200736,4,3,-1,5,16506,9,0
200737,4,4,-1,6,51636,9,0
200738,4,3,-1,5,28169,9,0
200739,4,4,-1,6,32906,1,0
200740,4,3,-1,5,32822,8,0
200741,4,1,-1,7,15076,16,0
200742,2,5,-1,0,19538,17,1
200743,4,4,-1,6,51657,8,0
200744,4,4,-1,6,28843,7,0
200745,4,0,-1,4,48511,2,0
200746,2,0,-1,0,5639,13,3
200747,4,3,-1,5,25773,10,0
200748,4,4,-1,6,43725,9,0
200749,4,3,-1,5,25808,9,0
200750,4,3,-1,5,15492,1,0
200751,4,3,-1,5,25758,9,0
200752,2,7,-1,0,5154,13,3
200753,4,4,-1,6,43136,6,0
200754,4,3,-1,5,6847,6,0
200755,4,0,-1,4,26391,11,0
200756,4,3,-1,5,25850,10,0
200757,4,3,-1,5,6883,10,0
200758,4,3,-1,5,25793,8,0
200759,4,4,-1,6,31167,1,0
200760,4,3,-1,5,15731,5,0
200761,4,4,-1,6,26634,6,0
200762,4,3,-1,5,12282,5,0
200763,4,3,-1,5,23540,5,0
200764,4,4,-1,6,28640,6,0
200765,4,1,-1,7,28614,16,0
200766,2,8,-1,0,57464,17,1
200767,2,5,-1,0,25079,17,1
200768,2,8,-1,0,28598,17,1
200769,2,7,-1,0,18325,13,3
200770,4,4,-1,6,51891,1,0
200771,4,4,-1,6,56532,1,0
200772,4,0,-1,4,48511,2,0
200773,4,4,-1,6,27430,7,0
200774,4,0,-1,4,24569,11,0
200775,4,0,-1,4,31905,11,0
200776,4,4,-1,6,27390,10,0
200777,4,3,-1,5,3083,7,0
200778,4,4,-1,6,29880,7,0
200779,4,6,-1,1,43800,14,4
200780,4,4,-1,6,64603,7,0
200781,4,3,-1,5,15333,1,0
200782,4,1,-1,7,25916,16,0
200783,4,4,-1,6,49764,5,0
200784,4,3,-1,5,28306,6,0
200785,4,3,-1,5,3057,5,0
200786,4,4,-1,6,19760,9,0
200787,4,3,-1,5,26949,5,0
200788,4,3,-1,5,12450,10,0
200789,4,3,-1,5,52164,10,0
200790,4,4,-1,6,55792,7,0
200791,2,3,-1,0,20738,26,0
200792,4,3,-1,5,28317,7,0
200793,4,0,-1,4,39123,11,0
200794,4,1,-1,7,51534,16,0
200795,4,4,-1,6,44340,8,0
200796,4,4,-1,6,39865,5,0
200797,4,3,-1,5,26964,8,0
200798,4,3,-1,5,25882,5,0
200799,4,3,-1,5,11563,5,0
200800,4,4,-1,6,34708,8,0
200801,4,0,-1,4,39215,2,0
200802,4,3,-1,5,26941,7,0
200803,4,1,-1,7,18133,16,0
200804,4,0,-1,4,39127,11,0
200805,4,0,-1,4,24087,11,0
200806,4,0,-1,4,40034,11,0
200807,4,3,-1,5,28383,8,0
200808,4,0,-1,4,51275,11,0
200809,4,0,-1,4,31631,12,0
200810,4,4,-1,6,57522,1,0
200811,2,0,-1,0,8466,13,3
200812,4,0,-1,4,48071,12,0
200813,4,0,-1,4,64170,11,0
200814,4,4,-1,6,27407,5,0
200815,4,3,-1,5,27073,1,0
200816,4,3,-1,5,25799,3,0
200817,2,18,-1,0,54886,26,0
200818,4,4,-1,6,27376,8,0
200819,4,4,-1,6,26838,5,0
200820,4,0,-1,4,52268,11,0
200821,4,3,-1,5,25872,3,0
200822,4,4,-1,6,55393,8,0
200823,4,4,-1,6,38286,6,0
200824,4,4,-1,6,43040,1,0
200825,4,3,-1,5,22677,5,0
200826,4,3,-1,5,13090,5,0
200827,4,4,-1,6,26795,5,0
200828,4,4,-1,6,55499,3,0
200829,4,4,-1,6,44684,1,0
200830,4,3,-1,5,25852,6,0
200831,4,0,-1,4,39432,2,0
200832,4,4,-1,6,39382,10,0
200833,4,0,-1,4,20769,11,0
200834,4,3,-1,5,12595,5,0
200835,4,4,-1,6,28360,1,0
200836,4,3,-1,5,15517,1,0
200837,4,4,-1,6,50002,7,0
200838,4,0,-1,4,6539,2,0
200839,4,4,-1,6,52450,5,0
200840,4,4,-1,6,38285,7,0
200841,4,3,-1,5,7554,8,0
200842,4,3,-1,5,27058,9,0
200843,4,4,-1,6,37533,1,0
200844,4,4,-1,6,28089,5,0
200845,4,3,-1,5,13361,10,0
200846,4,4,-1,6,53577,7,0
200847,4,4,-1,6,56600,10,0
200848,4,3,-1,5,27778,10,0
200849,4,4,-1,6,56351,7,0
200850,4,4,-1,6,37801,10,0
200851,4,0,-1,4,31481,12,0
200852,4,1,-1,7,28209,16,0
200853,4,1,-1,7,55000,16,0
200854,4,3,-1,5,7563,6,0
200855,4,3,-1,5,26960,6,0
200856,4,0,-1,4,56103,11,0
200857,4,4,-1,6,50609,7,0
200858,4,3,-1,5,25802,10,0
200859,4,3,-1,5,28306,6,0
200860,4,4,-1,6,39641,5,0
200861,4,1,-1,7,23082,16,0
200862,4,4,-1,6,40688,5,0
200863,4,3,-1,5,9242,7,0
200864,4,3,-1,5,26960,6,0
200865,4,0,-1,4,39877,2,0
200866,4,1,-1,7,25979,16,0
200867,4,3,-1,5,27116,3,0
200868,4,4,-1,6,43702,6,0
200869,4,4,-1,6,26795,5,0
200870,4,4,-1,6,41372,1,0
200871,4,3,-1,5,28438,7,0
200872,4,3,-1,5,28438,7,0
200873,4,4,-1,6,39648,9,0
200874,4,4,-1,6,52997,7,0
200875,2,7,-1,0,5154,13,3
200876,4,0,-1,4,6494,2,0
200877,4,0,-1,4,12984,11,0
200878,4,3,-1,5,25813,6,0
200879,4,4,-1,6,49876,3,0
200880,4,3,-1,5,26969,6,0
200881,2,1,-1,0,8528,17,1
200882,4,4,-1,6,28076,7,0
200883,4,4,-1,6,26690,8,0
200884,4,4,-1,6,56371,5,0
200885,4,4,-1,6,53629,8,0
200886,4,3,-1,5,46449,1,0
200887,4,3,-1,5,3058,7,0
200888,4,4,-1,6,27331,10,0
200889,4,4,-1,6,37300,1,0
200890,4,4,-1,6,43144,7,0
200891,4,0,-1,4,39211,2,0
200892,4,4,-1,6,38319,6,0
200893,4,3,-1,5,26961,5,0
200894,4,3,-1,5,30663,5,0
200895,2,5,-1,0,6806,17,1
200896,4,3,-1,5,13670,3,0
200897,4,3,-1,5,25787,5,0
200898,4,3,-1,5,36997,5,0
200899,2,6,-1,0,25632,17,1
200900,4,4,-1,6,56964,7,0
200901,4,4,-1,6,61731,3,0
200902,4,3,-1,5,7932,6,0
200903,4,4,-1,6,28089,5,0
200904,4,4,-1,6,26687,5,0
200905,4,0,-1,4,45855,12,0
200906,4,3,-1,5,25937,1,0
200907,4,0,-1,4,1399,2,0
200908,4,4,-1,6,43199,3,0
200909,4,4,-1,6,19843,7,0
200910,4,3,-1,5,27890,7,0
200911,4,3,-1,5,25883,8,0
200912,4,4,-1,6,39641,5,0
200913,4,3,-1,5,13279,1,0
200914,4,1,-1,7,28652,16,0
200915,2,8,-1,0,59509,17,1
200916,4,1,-1,7,43093,16,0
200917,4,3,-1,5,27043,7,0
200918,4,3,-1,5,28662,1,0
200919,4,4,-1,6,51397,10,0
200920,4,1,-1,7,52783,16,0
200921,4,0,-1,4,39888,12,0
200922,4,4,-1,6,55310,1,0
200923,4,4,-1,6,56598,8,0
200924,4,3,-1,5,25780,5,0
200925,4,0,-1,4,51275,11,0
200926,4,4,-1,6,51652,5,0
200927,4,3,-1,5,27061,7,0
200928,4,4,-1,6,52341,9,0
200929,4,4,-1,6,28353,8,0
200930,4,1,-1,7,22995,16,0
200931,4,4,-1,6,44697,10,0
200932,4,3,-1,5,22677,5,0
200933,4,4,-1,6,31597,6,0
200934,4,1,-1,7,23119,16,0
200935,4,1,-1,7,23025,16,0
200936,4,3,-1,5,27191,1,0
200937,4,3,-1,5,22688,5,0
200938,4,3,-1,5,12595,5,0
200939,4,4,-1,6,27383,7,0
200940,2,1,-1,0,40295,17,1
200941,4,4,-1,6,39865,5,0
200942,4,4,-1,6,27386,3,0
200943,4,0,-1,4,24569,11,0
200944,4,0,-1,4,48503,12,0
200945,4,4,-1,6,38685,10,0
200946,4,4,-1,6,28172,8,0
200947,4,3,-1,5,27893,3,0
200948,4,1,-1,7,45043,16,0
200949,4,3,-1,5,26419,3,0
200950,2,1,-1,0,23434,17,1
200951,4,4,-1,6,46075,6,0
200952,4,0,-1,4,28682,11,0
200953,4,3,-1,5,28437,7,0
200954,4,3,-1,5,26941,7,0
200955,4,1,-1,7,56697,16,0
200956,4,1,-1,7,55943,16,0
200957,4,0,-1,4,43085,2,0
200958,4,3,-1,5,15492,1,0
200959,4,0,-1,4,30696,12,0
200960,4,4,-1,6,32644,6,0
200961,4,3,-1,5,27073,1,0
200962,4,0,-1,4,43104,11,0
200963,4,4,-1,6,31191,7,0
200964,4,0,-1,4,31476,12,0
200965,4,4,-1,6,19759,1,0
200966,4,4,-1,6,50991,5,0
200967,4,3,-1,5,27119,10,0
200968,4,4,-1,6,51628,8,0
200969,4,4,-1,6,58230,10,0
200970,4,4,-1,6,43672,10,0
200971,4,3,-1,5,6883,10,0
200972,4,4,-1,6,22892,5,0
200973,4,4,-1,6,26340,6,0
200974,4,4,-1,6,59170,9,0
200975,4,3,-1,5,25897,3,0
200976,4,3,-1,5,9404,8,0
200977,2,5,-1,0,19546,17,1
200978,4,4,-1,6,26454,9,0
200979,4,4,-1,6,25827,3,0
200980,4,3,-1,5,27061,7,0
200981,4,4,-1,6,37801,10,0
200982,4,4,-1,6,27384,5,0
200983,4,4,-1,6,29859,9,0
200984,4,0,-1,4,60692,12,0
200985,4,4,-1,6,27428,10,0
200986,4,4,-1,6,53008,10,0
200987,4,4,-1,6,52931,5,0
200988,2,0,-1,0,8457,13,3
200989,4,3,-1,5,27027,10,0
200990,4,0,-1,4,28682,11,0
200991,2,8,-1,0,50333,17,1
200992,4,4,-1,6,57264,6,0
200993,4,3,-1,5,25763,5,0
200994,4,4,-1,6,40773,3,0
200995,2,7,-1,0,20157,13,3
200996,4,0,-1,4,51278,11,0
200997,4,3,-1,5,25779,9,0
200998,2,7,-1,0,21773,13,3
200999,2,4,-1,0,8583,13,3
220000,4,0,-1,4,7248,12,0
220001,4,6,-1,1,32888,14,4
220002,4,3,-1,5,25759,7,0
220003,4,4,-1,6,24506,7,0
220004,4,4,-1,6,26833,8,0
220005,4,4,-1,6,55301,6,0
220006,2,5,-1,0,28468,17,1
220007,4,0,-1,4,22293,12,0
220008,4,3,-1,5,3083,7,0
220009,4,1,-1,7,51372,16,0
220010,2,8,-1,0,16147,17,1
220011,4,3,-1,5,26995,7,0
220012,4,3,-1,5,9417,9,0
220013,4,3,-1,5,25788,10,0
220014,2,5,-1,0,8602,17,1
220015,2,7,-1,0,52379,13,3
220016,4,1,-1,7,28891,16,0
220017,4,4,-1,6,42847,9,0
220018,4,4,-1,6,39871,9,0
220019,4,3,-1,5,27058,9,0
220020,4,3,-1,5,11598,5,0
220021,4,7,-1,0,34959,28,0
220022,4,4,-1,6,30675,5,0
220023,4,3,-1,5,34242,8,0
220024,4,0,-1,4,224,11,0
220025,4,4,-1,6,33603,5,0
220026,4,1,-1,7,22994,16,0
220027,4,0,-1,4,1225,11,0
220028,4,0,-1,4,35358,2,0
220029,4,3,-1,5,13278,1,0
220030,4,0,-1,4,64222,2,0
220031,4,3,-1,5,9920,6,0
220032,4,3,-1,5,15324,1,0
220033,4,4,-1,6,27395,1,0
220034,4,3,-1,5,27041,10,0
220035,4,4,-1,6,39643,6,0
220036,4,3,-1,5,13279,1,0
220037,4,1,-1,7,27607,16,0
220038,4,3,-1,5,6883,10,0
220039,4,3,-1,5,28800,10,0
220040,4,4,-1,6,51095,9,0
220041,4,4,-1,6,26881,10,0
220042,4,4,-1,6,24393,5,0
220043,4,4,-1,6,19730,5,0
220044,2,0,-1,0,38797,13,3
220045,4,4,-1,6,28362,8,0
220046,4,0,-1,4,43120,11,0
220047,4,4,-1,6,47027,9,0
220048,2,7,-1,0,51597,13,3
220049,4,4,-1,6,51704,6,0
220050,4,0,-1,4,52326,12,0
220051,4,4,-1,6,27367,7,0
220052,4,1,-1,7,25975,16,0
220053,4,3,-1,5,26039,7,0
220054,4,4,-1,6,33604,7,0
220055,4,4,-1,6,49764,5,0
220056,4,1,-1,7,51531,16,0
220057,4,1,-1,7,28609,16,0
220058,4,4,-1,6,21580,5,0
220059,4,0,-1,4,7899,2,0
220060,4,4,-1,6,38684,9,0
220061,4,3,-1,5,3057,5,0
220062,4,4,-1,6,26830,10,0
220063,4,1,-1,7,23088,16,0
220064,4,4,-1,6,51776,9,0
220065,4,3,-1,5,23540,5,0
220066,4,3,-1,5,7005,9,0
220067,2,7,-1,0,5145,13,3
220068,4,4,-1,6,26365,1,0
220069,4,3,-1,5,4912,7,0
220070,4,3,-1,5,25812,7,0
220071,4,0,-1,4,31477,12,0
220072,4,4,-1,6,28354,10,0
220073,4,0,-1,4,9850,11,0
220074,4,3,-1,5,10434,8,0
220075,2,5,-1,0,41777,17,1
220076,4,0,-1,4,9852,2,0
220077,4,3,-1,5,6841,8,0
220078,4,4,-1,6,43490,3,0
220079,4,3,-1,5,28437,7,0
220080,4,3,-1,5,32038,8,0
220081,4,3,-1,5,27114,7,0
220082,4,4,-1,6,13206,7,0
220083,4,4,-1,6,30829,3,0
220084,4,3,-1,5,25766,9,0
220085,2,8,-1,0,44330,17,1
220086,2,7,-1,0,39359,13,3
220087,4,4,-1,6,61731,3,0
220088,4,4,-1,6,28686,6,0
220089,2,8,-1,0,16147,17,1
220090,4,4,-1,6,40773,3,0
220091,4,1,-1,7,64300,16,0
220092,4,4,-1,6,26874,8,0
220093,4,4,-1,6,27351,10,0
220094,4,4,-1,6,54829,3,0
220095,2,1,-1,0,55709,17,1
220096,4,3,-1,5,26961,5,0
220097,4,3,-1,5,25757,6,0
220098,2,7,-1,0,8272,13,3
220099,4,4,-1,6,28024,1,0
220100,4,1,-1,7,32072,16,0
220101,4,0,-1,4,9854,2,0
220102,4,0,-1,4,31616,11,0
220103,2,4,-1,0,50210,13,3
220104,4,0,-1,4,23717,2,0
220105,4,3,-1,5,27041,10,0
220106,4,4,-1,6,51927,3,0
220107,4,4,-1,6,56373,5,0
220108,4,3,-1,5,26964,8,0
220109,2,5,-1,0,38823,17,1
220110,4,0,-1,4,51458,11,0
220111,4,4,-1,6,64844,7,0
220112,4,0,-1,4,41858,12,0
220113,2,5,-1,0,53889,17,1
220114,4,4,-1,6,28089,5,0
220115,2,5,-1,0,45350,17,1
220116,4,4,-1,6,29880,7,0
220117,4,3,-1,5,37200,7,0
220118,4,0,-1,4,50547,12,0
220119,4,4,-1,6,28716,7,0
220120,4,3,-1,5,18364,10,0
220121,4,0,-1,4,31800,11,0
220122,4,0,-1,4,52459,11,0
220123,4,3,-1,5,27079,6,0
220124,4,0,-1,4,9836,11,0
220125,4,3,-1,5,30091,1,0
220126,4,4,-1,6,27430,7,0
220127,4,3,-1,5,27013,7,0
220128,4,4,-1,6,47047,6,0
220129,4,1,-1,7,55663,16,0
220130,2,0,-1,0,28469,13,3
220131,4,3,-1,5,6883,10,0
220132,4,4,-1,6,43042,6,0
220133,4,3,-1,5,22677,5,0
220134,4,3,-1,5,27890,7,0
220135,2,1,-1,0,8526,17,1
220136,4,0,-1,4,56027,11,0
220137,4,3,-1,5,26986,7,0
220138,4,3,-1,5,27114,7,0
220139,4,4,-1,6,27418,6,0
220140,4,4,-1,6,42217,1,0
220141,4,3,-1,5,15517,1,0
220142,2,8,-1,0,37050,17,1
220143,4,4,-1,6,27423,1,0
220144,4,0,-1,4,37552,12,0
220145,4,1,-1,7,54522,16,0
220146,4,0,-1,4,54999,2,0
220147,4,4,-1,6,52611,6,0
220148,4,3,-1,5,28275,9,0
220149,4,4,-1,6,27371,3,0
220150,4,3,-1,5,28169,9,0
220151,2,6,-1,0,50350,17,1
220152,4,3,-1,5,32644,6,0
220153,4,0,-1,4,9840,11,0
220154,2,4,-1,0,38827,13,3
220155,4,3,-1,5,33270,8,0
220156,4,0,-1,4,38130,12,0
220157,4,3,-1,5,26936,5,0
220158,4,4,-1,6,26849,7,0
220159,2,6,-1,0,12562,17,1
220160,4,0,-1,4,6494,2,0
220161,2,6,-1,0,5949,17,1
220162,4,3,-1,5,27020,7,0
220163,4,3,-1,5,32644,6,0
220164,4,4,-1,6,27273,9,0
220165,2,8,-1,0,30778,17,1
220166,4,0,-1,4,51515,11,0
220167,4,3,-1,5,25803,6,0
220168,2,8,-1,0,42219,17,1
220169,2,6,-1,0,55017,17,1
220170,2,5,-1,0,5226,17,1
220171,2,8,-1,0,20038,17,1
220172,4,4,-1,6,44424,5,0
220173,4,3,-1,5,15897,5,0
220174,4,3,-1,5,26948,7,0
220175,4,4,-1,6,27180,1,0
220176,4,4,-1,6,44336,10,0
220177,2,8,-1,0,20172,17,1
220178,2,6,-1,0,45475,17,1
220179,4,0,-1,4,41951,11,0
220180,4,1,-1,7,34808,16,0
220181,4,3,-1,5,13508,9,0
220182,4,4,-1,6,60478,1,0
220183,4,4,-1,6,26362,9,0
220184,4,1,-1,7,44458,16,0
220185,4,1,-1,7,45476,16,0
220186,4,4,-1,6,56106,5,0
220187,4,0,-1,4,59249,12,0
220188,4,3,-1,5,12944,5,0
220189,4,3,-1,5,36997,5,0
220190,4,0,-1,4,3666,11,0
220191,4,7,-1,0,64626,28,0
220192,4,1,-1,7,32726,16,0
220193,4,4,-1,6,29014,10,0
220194,4,0,-1,4,43599,2,0
220195,4,4,-1,6,28725,3,0
220196,4,3,-1,5,6847,6,0
220197,4,3,-1,5,27005,9,0
220198,4,3,-1,5,28452,8,0
220199,4,1,-1,7,23136,16,0
220200,4,3,-1,5,27065,8,0
220201,4,4,-1,6,56062,8,0
220202,4,4,-1,6,52393,1,0
220203,4,0,-1,4,29697,11,0
220204,4,0,-1,4,28733,11,0
220205,4,4,-1,6,31626,7,0
220206,4,3,-1,5,27029,6,0
220207,4,3,-1,5,25755,5,0
220208,4,4,-1,6,39080,3,0
220209,4,3,-1,5,27057,6,0
220210,4,0,-1,4,39127,11,0
220211,4,0,-1,4,14434,11,0
220212,4,4,-1,6,26875,3,0
220213,4,3,-1,5,9390,10,0
220214,4,0,-1,4,9859,2,0
220215,2,0,-1,0,19135,13,3
220216,4,3,-1,5,12450,10,0
220217,4,4,-1,6,50609,7,0
220218,4,3,-1,5,25775,6,0
220219,4,4,-1,6,28625,7,0
220220,2,4,-1,0,57250,13,3
220221,4,4,-1,6,27273,9,0
220222,2,1,-1,0,8534,17,1
220223,4,4,-1,6,43344,3,0
220224,4,4,-1,6,34708,8,0
220225,4,3,-1,5,26971,9,0
220226,4,4,-1,6,31635,7,0
220227,4,0,-1,4,21725,2,0
220228,4,4,-1,6,44128,7,0
220229,4,4,-1,6,55771,7,0
220230,4,3,-1,5,685,7,0
220231,4,3,-1,5,27080,3,0
220232,4,4,-1,6,42876,1,0
220233,4,3,-1,5,25775,6,0
220234,2,1,-1,0,53200,17,1
220235,4,3,-1,5,22689,5,0
220236,4,3,-1,5,4723,5,0
220237,4,3,-1,5,8639,5,0
220238,4,3,-1,5,26984,5,0
220239,4,3,-1,5,28662,1,0
220240,4,4,-1,6,27389,5,0
220241,4,3,-1,5,27054,3,0
220242,4,3,-1,5,27012,10,0
220243,4,0,-1,4,15422,11,0
220244,4,4,-1,6,26643,8,0
220245,4,0,-1,4,54488,11,0
220246,2,6,-1,0,25632,17,1
220247,4,1,-1,7,43099,16,0
220248,4,3,-1,5,27009,8,0
220249,4,4,-1,6,40769,5,0
220250,4,4,-1,6,51896,8,0
220251,4,4,-1,6,43136,6,0
220252,4,0,-1,4,12984,11,0
220253,4,4,-1,6,49999,5,0
220254,4,4,-1,6,50615,1,0
220255,2,5,-1,0,28526,17,1
220256,4,3,-1,5,15810,1,0
220257,4,4,-1,6,38784,8,0
220258,4,0,-1,4,9853,2,0
220259,4,4,-1,6,52611,6,0
220260,4,4,-1,6,46350,5,0
220261,4,4,-1,6,39385,7,0
220262,4,0,-1,4,9658,2,0
220263,4,3,-1,5,4723,5,0
220264,4,3,-1,5,26091,3,0
220265,4,4,-1,6,56596,7,0
220266,4,1,-1,7,23018,16,0
220267,4,4,-1,6,44347,7,0
220268,4,3,-1,5,16731,10,0
220269,4,7,-1,0,64626,28,0
220270,4,4,-1,6,52294,1,0
220271,4,1,-1,7,28298,16,0
220272,4,4,-1,6,43676,5,0
220273,4,4,-1,6,56996,8,0
220274,4,4,-1,6,43740,7,0
220275,4,3,-1,5,6864,6,0
220276,2,0,-1,0,41614,13,3
220277,2,7,-1,0,28528,13,3
220278,4,0,-1,4,24784,12,0
220279,4,4,-1,6,24102,5,0
220280,4,4,-1,6,56354,10,0
220281,4,1,-1,7,26064,16,0
220282,4,3,-1,5,7540,10,0
220283,4,0,-1,4,26391,11,0
220284,4,3,-1,5,26993,9,0
220285,4,0,-1,4,6539,2,0
220286,4,0,-1,4,24569,11,0
220287,4,4,-1,6,42994,1,0
220288,4,3,-1,5,35399,8,0
220289,4,3,-1,5,15288,1,0
220290,4,4,-1,6,44686,1,0
220291,4,3,-1,5,52161,3,0
220292,4,3,-1,5,25766,9,0
220293,4,4,-1,6,18497,3,0
220294,4,3,-1,5,8749,6,0
220295,4,4,-1,6,27375,6,0
220296,4,4,-1,6,27384,5,0
220297,4,4,-1,6,65579,3,0
220298,4,3,-1,5,24557,1,0
220299,4,1,-1,7,28731,16,0
220300,4,4,-1,6,28252,8,0
220301,4,3,-1,5,685,7,0
220302,4,0,-1,4,39916,12,0
220303,4,3,-1,5,7005,9,0
220304,4,4,-1,6,26847,10,0
220305,4,0,-1,4,48504,12,0
220306,2,1,-1,0,47771,17,1
220307,4,4,-1,6,56393,8,0
220308,4,0,-1,4,38560,2,0
220309,4,3,-1,5,27018,5,0
220310,4,4,-1,6,29967,8,0
220311,4,4,-1,6,51659,9,0
220312,4,0,-1,4,43103,12,0
220313,4,4,-1,6,26362,9,0
220314,4,0,-1,4,37840,12,0
220315,4,0,-1,4,56513,12,0
220316,4,3,-1,5,25850,10,0
220317,4,1,-1,7,28661,16,0
220318,4,4,-1,6,64595,7,0
220319,2,5,-1,0,41952,17,1
220320,4,3,-1,5,27777,6,0
220321,4,3,-1,5,27044,3,0
220322,4,3,-1,5,22480,5,0
220323,4,4,-1,6,32265,9,0
220324,4,3,-1,5,7563,6,0
220325,4,3,-1,5,15288,1,0
220326,4,1,-1,7,28209,16,0
220327,4,3,-1,5,22693,7,0
220328,4,1,-1,7,27088,16,0
220329,2,5,-1,0,28468,17,1
220330,4,4,-1,6,19843,7,0
220331,4,4,-1,6,47015,7,0
220332,4,6,-1,1,27024,14,4
220333,4,4,-1,6,27186,1,0
220334,4,4,-1,6,55003,10,0
220335,4,3,-1,5,22685,9,0
220336,2,8,-1,0,18342,17,1
220337,4,3,-1,5,28448,6,0
220338,4,0,-1,4,28830,11,0
220339,4,4,-1,6,28357,9,0
220340,4,0,-1,4,39916,12,0
220341,4,3,-1,5,28138,8,0
220342,4,3,-1,5,25819,10,0
220343,4,4,-1,6,42838,5,0
220344,4,4,-1,6,26833,8,0
220345,4,0,-1,4,52454,2,0
220346,4,3,-1,5,12804,9,0
220347,4,1,-1,7,56190,16,0
220348,4,1,-1,7,59034,16,0
220349,4,3,-1,5,36997,5,0
220350,4,4,-1,6,30740,10,0
220351,2,6,-1,0,28764,17,1
220352,4,3,-1,5,12784,8,0
220353,4,0,-1,4,9823,11,0
220354,4,4,-1,6,40537,1,0
220355,4,4,-1,6,56500,5,0
220356,4,4,-1,6,26884,7,0
220357,4,3,-1,5,25766,9,0
220358,4,3,-1,5,6991,10,0
220359,4,3,-1,5,15327,1,0
220360,2,0,-1,0,13913,13,3
220361,4,4,-1,6,26857,9,0
220362,2,6,-1,0,28758,17,1
220363,4,3,-1,5,26030,8,0
220364,4,0,-1,4,32912,12,0
220365,4,4,-1,6,51520,5,0
220366,4,3,-1,5,25771,6,0
220367,4,3,-1,5,25882,5,0
220368,4,4,-1,6,39709,8,0
220369,2,7,-1,0,20122,13,3
220370,4,3,-1,5,28750,10,0
220371,2,4,-1,0,22051,13,3
220372,2,4,-1,0,43195,13,3
220373,4,0,-1,4,32713,2,0
220374,4,3,-1,5,26969,6,0
220375,4,4,-1,6,31161,9,0
220376,4,1,-1,7,64326,16,0
220377,4,4,-1,6,27390,10,0
220378,4,4,-1,6,56532,1,0
220379,4,4,-1,6,55375,7,0
220380,4,0,-1,4,43120,11,0
220381,2,5,-1,0,28629,17,1
220382,4,3,-1,5,8719,5,0
220383,4,4,-1,6,54821,3,0
220384,4,3,-1,5,24982,9,0
220385,4,0,-1,4,39681,11,0
220386,4,4,-1,6,52999,7,0
220387,4,0,-1,4,31905,11,0
220388,4,0,-1,4,6011,11,0
220389,4,1,-1,7,22995,16,0
220390,4,4,-1,6,39617,7,0
220391,2,7,-1,0,28676,13,3
220392,2,1,-1,0,55709,17,1
220393,4,3,-1,5,4333,7,0
220394,4,4,-1,6,27223,9,0
220395,4,3,-1,5,15288,1,0
220396,4,0,-1,4,49636,12,0
220397,4,0,-1,4,30797,2,0
220398,4,4,-1,6,25749,5,0
220399,4,4,-1,6,22901,1,0
220400,4,4,-1,6,51653,6,0
220401,4,1,-1,7,28731,16,0
220402,4,0,-1,4,9845,11,0
220403,4,3,-1,5,27054,3,0
220404,4,4,-1,6,44128,7,0
220405,4,0,-1,4,10530,11,0
220406,4,4,-1,6,28172,8,0
220407,4,4,-1,6,40769,5,0
220408,4,3,-1,5,15324,1,0
220409,4,3,-1,5,26963,10,0
220410,4,1,-1,7,56697,16,0
220411,4,4,-1,6,29960,8,0
220412,4,4,-1,6,41861,5,0
220413,4,1,-1,7,50051,16,0
220414,4,4,-1,6,27406,9,0
220415,4,3,-1,5,52161,3,0
220416,4,3,-1,5,22685,9,0
220417,4,3,-1,5,3058,7,0
220418,4,4,-1,6,43829,5,0
220419,4,3,-1,5,27052,1,0
220420,4,4,-1,6,55696,3,0
220421,2,6,-1,0,5949,17,1
220422,4,0,-1,4,6502,2,0
220423,4,3,-1,5,26936,5,0
220424,2,0,-1,0,5014,13,3
220425,4,4,-1,6,56097,3,0
220426,4,1,-1,7,15148,16,0
220427,4,4,-1,6,26873,7,0
220428,4,3,-1,5,16087,10,0
220429,4,4,-1,6,54810,5,0
220430,4,3,-1,5,7540,10,0
220431,4,0,-1,4,51275,11,0
220432,2,0,-1,0,51463,13,3
220433,4,4,-1,6,56097,3,0
220434,4,4,-1,6,52051,6,0
220435,4,3,-1,5,15327,1,0
220436,4,4,-1,6,31638,10,0
220437,4,4,-1,6,50506,7,0
220438,4,0,-1,4,9852,2,0
220439,4,1,-1,7,15248,16,0
220440,4,4,-1,6,36230,7,0
220441,2,6,-1,0,55017,17,1
220442,4,4,-1,6,26454,9,0
220443,2,7,-1,0,22229,13,3
220444,4,3,-1,5,15731,5,0
220445,4,4,-1,6,54196,7,0
220446,4,4,-1,6,18573,10,0
220447,2,4,-1,0,19783,13,3
220448,4,7,-1,0,34961,28,0
220449,4,3,-1,5,51797,5,0
220450,4,3,-1,5,22689,5,0
220451,2,6,-1,0,25632,17,1
220452,2,4,-1,0,39045,13,3
220453,4,4,-1,6,29925,9,0
220454,4,4,-1,6,64852,7,0
220455,4,4,-1,6,27835,1,0
220456,4,4,-1,6,32822,8,0
220457,4,3,-1,5,25760,8,0
220458,4,3,-1,5,12945,5,0
220459,2,8,-1,0,38735,17,1
220460,4,3,-1,5,12595,5,0
220461,4,3,-1,5,37048,5,0
220462,4,4,-1,6,44324,9,0
220463,4,1,-1,7,64647,16,0
220464,4,4,-1,6,26843,3,0
220465,4,4,-1,6,16109,5,0
220466,4,4,-1,6,26838,5,0
220467,4,3,-1,5,27029,6,0
220468,4,4,-1,6,50770,8,0
220469,4,4,-1,6,26799,8,0
220470,4,4,-1,6,51628,8,0
220471,4,4,-1,6,50015,3,0
220472,4,0,-1,4,39920,12,0
220473,4,4,-1,6,39613,5,0
220474,4,3,-1,5,12068,10,0
220475,4,4,-1,6,48661,6,0
220476,4,0,-1,4,38348,2,0
220477,4,4,-1,6,55828,3,0
220478,4,4,-1,6,25226,7,0
220479,2,1,-1,0,40296,17,1
220480,4,4,-1,6,55753,9,0
220481,4,3,-1,5,27005,9,0
220482,4,3,-1,5,16086,8,0
220483,4,3,-1,5,33266,9,0
220484,4,3,-1,5,13052,3,0
220485,4,3,-1,5,25803,6,0
220486,4,3,-1,5,7554,8,0
220487,4,4,-1,6,29967,8,0
220488,4,3,-1,5,12971,5,0
220489,4,4,-1,6,54820,7,0
220490,4,3,-1,5,18431,8,0
220491,4,4,-1,6,51297,3,0
220492,4,3,-1,5,27004,5,0
220493,4,3,-1,5,27792,6,0
220494,4,0,-1,4,54999,2,0
220495,4,3,-1,5,4744,7,0
220496,4,4,-1,6,50753,6,0
220497,4,0,-1,4,9849,11,0
220498,4,4,-1,6,27403,3,0
220499,4,3,-1,5,6841,8,0
220500,4,4,-1,6,40772,7,0
220501,4,3,-1,5,46454,1,0
220502,4,3,-1,5,28440,1,0
220503,4,4,-1,6,38696,7,0
220504,4,0,-1,4,26391,11,0
220505,4,0,-1,4,23521,12,0
220506,4,4,-1,6,62027,1,0
220507,4,3,-1,5,24982,9,0
220508,4,3,-1,5,26987,6,0
220509,2,1,-1,0,28460,17,1
220510,4,3,-1,5,27001,8,0
220511,2,4,-1,0,19801,13,3
220512,4,3,-1,5,37200,7,0
220513,4,4,-1,6,27401,7,0
220514,4,1,-1,7,15161,16,0
220515,4,0,-1,4,54488,11,0
220516,4,4,-1,6,48661,6,0
220517,4,1,-1,7,23025,16,0
220518,4,0,-1,4,38541,11,0
220519,4,4,-1,6,56574,7,0
220520,4,3,-1,5,25849,7,0
220521,2,8,-1,0,20251,17,1
220522,4,3,-1,5,25793,8,0
220523,4,4,-1,6,55771,7,0
220524,4,3,-1,5,9920,6,0
220525,4,3,-1,5,15327,1,0
220526,4,0,-1,4,6484,12,0
220527,4,4,-1,6,28356,6,0
220528,4,1,-1,7,31632,16,0
220529,4,3,-1,5,16519,3,0
220530,4,3,-1,5,6847,6,0
220531,4,4,-1,6,51951,3,0
220532,4,4,-1,6,50770,8,0
220533,4,0,-1,4,224,11,0
220534,4,3,-1,5,10434,8,0
220535,4,3,-1,5,27277,9,0
220536,4,3,-1,5,12981,6,0
220537,4,4,-1,6,43886,1,0
220538,4,3,-1,5,6991,10,0
220539,4,4,-1,6,19893,5,0
220540,2,5,-1,0,50321,17,1
220541,4,1,-1,7,51531,16,0
220542,4,4,-1,6,44555,5,0
220543,4,4,-1,6,18389,3,0
220544,4,3,-1,5,27067,5,0
220545,4,4,-1,6,47991,7,0
220546,4,4,-1,6,27381,10,0
220547,4,3,-1,5,27029,6,0
220548,4,3,-1,5,28440,1,0
220549,4,0,-1,4,30799,2,0
220550,4,4,-1,6,30675,5,0
220551,2,4,-1,0,39750,13,3
220552,4,4,-1,6,29963,7,0
220553,2,6,-1,0,5638,17,1
220554,4,3,-1,5,25872,3,0
220555,4,3,-1,5,26983,8,0
220556,2,8,-1,0,28675,17,1
220557,4,3,-1,5,11626,10,0
220558,4,4,-1,6,50001,5,0
220559,4,4,-1,6,40830,10,0
220560,4,3,-1,5,46449,1,0
220561,4,3,-1,5,27541,8,0
220562,2,5,-1,0,52574,17,1
220563,4,4,-1,6,49764,5,0
220564,4,3,-1,5,46448,5,0
220565,4,3,-1,5,25781,6,0
220566,4,3,-1,5,13484,10,0
220567,4,0,-1,4,37430,11,0
220568,4,4,-1,6,51500,9,0
220569,4,3,-1,5,27774,1,0
220570,4,4,-1,6,42297,5,0
220571,2,0,-1,0,19400,13,3
220572,4,1,-1,7,15178,16,0
220573,4,7,-1,0,5562,28,0
220574,4,4,-1,6,32822,8,0
220575,4,4,-1,6,45684,1,0
220576,4,4,-1,6,39080,3,0
220577,4,4,-1,6,25856,1,0
220578,4,3,-1,5,27008,6,0
220579,4,1,-1,7,26175,16,0
220580,2,6,-1,0,55965,17,1
220581,4,4,-1,6,51098,5,0
220582,4,4,-1,6,45407,3,0
220583,4,4,-1,6,62026,7,0
220584,4,0,-1,4,9834,11,0
220585,2,1,-1,0,41776,17,1
220586,2,7,-1,0,20159,13,3
220587,4,4,-1,6,37300,1,0
220588,4,3,-1,5,3058,7,0
220589,4,1,-1,7,46455,16,0
220590,4,4,-1,6,27340,5,0
220591,4,4,-1,6,56354,10,0
220592,4,4,-1,6,25856,1,0
220593,4,4,-1,6,31597,6,0
220594,4,1,-1,7,28433,16,0
220595,4,4,-1,6,27383,7,0
220596,4,4,-1,6,44019,6,0
220597,4,4,-1,6,52039,9,0
220598,4,3,-1,5,1727,5,0
220599,2,1,-1,0,19298,17,1
220600,4,4,-1,6,64854,5,0
220601,4,7,-1,0,54524,28,0
220602,4,4,-1,6,48032,10,0
220603,4,1,-1,7,56537,16,0
220604,4,0,-1,4,17918,2,0
220605,4,4,-1,6,27398,10,0
220606,4,4,-1,6,26820,5,0
220607,4,4,-1,6,44347,7,0
220608,4,3,-1,5,22685,9,0
220609,4,3,-1,5,4333,7,0
220610,4,0,-1,4,24569,11,0
220611,4,3,-1,5,18274,7,0
220612,4,0,-1,4,59307,2,0
220613,4,4,-1,6,27378,3,0
220614,4,4,-1,6,48663,8,0
220615,4,4,-1,6,62130,3,0
220616,4,0,-1,4,19785,12,0
220617,4,4,-1,6,54510,8,0
220618,4,3,-1,5,12960,5,0
220619,4,3,-1,5,27008,6,0
220620,4,3,-1,5,26933,5,0
220621,4,1,-1,7,51256,16,0
220622,4,4,-1,6,42871,7,0
220623,4,3,-1,5,25759,7,0
220624,4,3,-1,5,25771,6,0
220625,4,0,-1,4,56035,11,0
220626,4,4,-1,6,51663,7,0
220627,4,4,-1,6,56033,7,0
220628,4,4,-1,6,60644,6,0
220629,2,5,-1,0,28548,17,1
220630,4,4,-1,6,39868,6,0
220631,4,4,-1,6,41616,5,0
220632,4,0,-1,4,16132,11,0
220633,4,0,-1,4,37549,12,0
220634,4,4,-1,6,30865,6,0
220635,4,4,-1,6,49764,5,0
220636,4,4,-1,6,44345,10,0
220637,4,4,-1,6,18430,8,0
220638,4,3,-1,5,6847,6,0
220639,4,4,-1,6,33853,7,0
220640,4,7,-1,0,39650,28,0
220641,4,3,-1,5,12450,10,0
220642,4,1,-1,7,44372,16,0
220643,4,3,-1,5,24557,1,0
220644,4,3,-1,5,15517,1,0
220645,4,4,-1,6,39451,8,0
220646,4,4,-1,6,51083,6,0
220647,4,4,-1,6,51774,7,0
220648,4,4,-1,6,28669,8,0
220649,4,4,-1,6,27400,8,0
220650,2,4,-1,0,28869,13,3
220651,4,4,-1,6,27397,5,0
220652,4,4,-1,6,26634,6,0
220653,4,0,-1,4,31481,12,0
220654,4,4,-1,6,56033,7,0
220655,4,3,-1,5,4912,7,0
220656,4,3,-1,5,16081,3,0
220657,4,4,-1,6,50994,9,0
220658,4,0,-1,4,9853,2,0
220659,4,3,-1,5,27774,1,0
220660,4,0,-1,4,60692,12,0
220661,2,8,-1,0,20182,17,1
220662,4,4,-1,6,50510,9,0
220663,4,4,-1,6,44555,5,0
220664,4,0,-1,4,24730,12,0
220665,4,4,-1,6,56526,6,0
220666,4,3,-1,5,6929,3,0
220667,4,0,-1,4,32713,2,0
220668,4,6,-1,1,27388,14,4
220669,4,4,-1,6,51628,8,0
220670,4,4,-1,6,39865,5,0
220671,4,0,-1,4,53133,2,0
220672,4,4,-1,6,55528,1,0
220673,4,4,-1,6,28357,9,0
220674,4,4,-1,6,46784,8,0
220675,4,1,-1,7,48870,16,0
220676,4,3,-1,5,28596,9,0
220677,4,4,-1,6,50753,6,0
220678,4,0,-1,4,6504,12,0
220679,4,4,-1,6,47991,7,0
220680,4,4,-1,6,27401,7,0
220681,4,0,-1,4,31616,11,0
220682,4,3,-1,5,4912,7,0
220683,4,3,-1,5,12783,9,0
220684,4,0,-1,4,11990,11,0
220685,4,4,-1,6,51288,1,0
220686,4,4,-1,6,29911,1,0
220687,2,4,-1,0,5212,13,3
220688,4,4,-1,6,55505,3,0
220689,4,4,-1,6,27413,7,0
220690,4,4,-1,6,39868,6,0
220691,4,0,-1,4,9849,11,0
220692,4,4,-1,6,51353,9,0
220693,4,3,-1,5,27005,9,0
220694,4,3,-1,5,15810,1,0
220695,4,4,-1,6,54255,5,0
220696,4,0,-1,4,33808,2,0
220697,4,1,-1,7,32071,16,0
220698,4,0,-1,4,41936,12,0
220699,4,0,-1,4,9835,11,0
220700,4,4,-1,6,39288,5,0
220701,4,4,-1,6,44111,6,0
220702,4,3,-1,5,27323,6,0
220703,4,3,-1,5,25850,10,0
220704,4,3,-1,5,27005,9,0
220705,4,0,-1,4,34491,2,0
220706,4,0,-1,4,49267,2,0
220707,4,1,-1,7,26043,16,0
220708,4,7,-1,0,5562,28,0
220709,4,4,-1,6,40303,3,0
220710,4,4,-1,6,61386,10,0
220711,4,4,-1,6,58278,3,0
220712,4,3,-1,5,11447,8,0
220713,4,3,-1,5,22685,9,0
220714,4,0,-1,4,32008,2,0
220715,4,3,-1,5,25849,7,0
220716,2,0,-1,0,19274,13,3
220717,4,3,-1,5,28684,6,0
220718,4,6,-1,1,40782,14,4
220719,4,0,-1,4,39390,2,0
220720,4,0,-1,4,7899,2,0
220721,4,3,-1,5,25896,7,0
220722,4,4,-1,6,45782,1,0
220723,4,3,-1,5,7932,6,0
220724,4,4,-1,6,56373,5,0
220725,4,4,-1,6,43730,6,0
220726,4,7,-1,0,5562,28,0
220727,4,0,-1,4,1317,12,0
220728,4,4,-1,6,27392,8,0
220729,4,0,-1,4,40047,2,0
220730,4,3,-1,5,27093,8,0
220731,4,4,-1,6,51096,10,0
220732,4,4,-1,6,43715,8,0
220733,2,0,-1,0,28523,13,3
220734,4,4,-1,6,44341,5,0
220735,4,4,-1,6,49999,5,0
220736,4,4,-1,6,36972,1,0
220737,4,0,-1,4,29697,11,0
220738,4,7,-1,0,1103,28,0
220739,4,3,-1,5,27791,10,0
220740,4,0,-1,4,35358,2,0
220741,4,3,-1,5,22687,7,0
220742,4,3,-1,5,27000,10,0
220743,4,6,-1,1,20900,14,4
220744,4,4,-1,6,48313,9,0
220745,2,8,-1,0,20174,17,1
220746,4,1,-1,7,43089,16,0
220747,4,1,-1,7,28602,16,0
220748,4,4,-1,6,43992,9,0
220749,4,1,-1,7,25910,16,0
220750,4,4,-1,6,55802,10,0
220751,4,3,-1,5,28452,8,0
220752,4,1,-1,7,38665,16,0
220753,4,3,-1,5,27094,6,0
220754,4,3,-1,5,27191,1,0
220755,4,0,-1,4,24087,11,0
220756,4,4,-1,6,39385,7,0
220757,4,3,-1,5,11131,6,0
220758,4,3,-1,5,15324,1,0
220759,4,4,-1,6,54821,3,0
220760,4,4,-1,6,54196,7,0
220761,4,3,-1,5,25851,9,0
220762,4,0,-1,4,31800,11,0
220763,4,4,-1,6,34890,7,0
220764,4,4,-1,6,43672,10,0
220765,4,4,-1,6,27431,3,0
220766,4,3,-1,5,27060,10,0
220767,2,7,-1,0,50514,13,3
220768,4,3,-1,5,28452,8,0
220769,4,0,-1,4,60692,12,0
220770,4,3,-1,5,33266,9,0
220771,4,4,-1,6,28360,1,0
220772,4,7,-1,0,43318,28,0
220773,4,4,-1,6,44273,5,0
220774,4,4,-1,6,54810,5,0
220775,4,3,-1,5,26998,7,0
220776,4,0,-1,4,56514,12,0
220777,4,4,-1,6,50991,5,0
220778,4,3,-1,5,28684,6,0
220779,4,4,-1,6,27401,7,0
220780,4,4,-1,6,56351,7,0
220781,4,0,-1,4,49267,2,0
220782,4,4,-1,6,27429,6,0
220783,4,0,-1,4,7899,2,0
220784,4,3,-1,5,6844,10,0
220785,2,5,-1,0,49203,17,1
220786,4,3,-1,5,26039,7,0
220787,2,6,-1,0,28758,17,1
220788,4,4,-1,6,26846,5,0
220789,4,0,-1,4,31475,12,0
220790,4,4,-1,6,39641,5,0
220791,4,4,-1,6,26476,9,0
220792,4,4,-1,6,51658,7,0
220793,4,4,-1,6,26859,5,0
220794,4,3,-1,5,51883,3,0
220795,2,5,-1,0,53478,17,1
220796,4,3,-1,5,25819,10,0
220797,4,3,-1,5,25762,6,0
220798,4,4,-1,6,46987,1,0
220799,4,4,-1,6,26473,10,0
220800,2,8,-1,0,39570,17,1
220801,4,0,-1,4,32714,2,0
220802,2,8,-1,0,28768,17,1
220803,4,7,-1,0,36578,28,0
220804,4,4,-1,6,49473,3,0
220805,2,5,-1,0,50320,17,1
220806,4,0,-1,4,21632,12,0
220807,4,4,-1,6,51331,7,0
220808,4,0,-1,4,53455,12,0
220809,4,3,-1,5,25780,5,0
220810,4,3,-1,5,26249,7,0
220811,4,4,-1,6,40537,1,0
220812,4,0,-1,4,9857,2,0
220813,4,3,-1,5,32822,8,0
220814,4,0,-1,4,56514,12,0
220815,4,4,-1,6,40537,1,0
220816,4,0,-1,4,6494,2,0
220817,4,0,-1,4,9823,11,0
220818,4,3,-1,5,27000,10,0
220819,2,0,-1,0,41614,13,3
220820,4,0,-1,4,31906,11,0
220821,4,3,-1,5,27094,6,0
220822,4,4,-1,6,31167,1,0
220823,4,3,-1,5,26982,9,0
220824,4,4,-1,6,55754,6,0
220825,4,4,-1,6,50753,6,0
220826,4,4,-1,6,56596,7,0
220827,4,3,-1,5,27000,10,0
220828,4,0,-1,4,41858,12,0
220829,4,3,-1,5,25850,10,0
220830,4,4,-1,6,45298,6,0
220831,4,4,-1,6,44349,8,0
220832,2,6,-1,0,25632,17,1
220833,4,3,-1,5,27771,8,0
220834,4,4,-1,6,51494,5,0
220835,4,3,-1,5,9742,7,0
220836,4,4,-1,6,37542,6,0
220837,4,4,-1,6,26824,7,0
220838,4,4,-1,6,46224,1,0
220839,4,3,-1,5,16080,5,0
220840,4,4,-1,6,56195,7,0
220841,4,0,-1,4,43122,12,0
220842,4,4,-1,6,27411,6,0
220843,2,0,-1,0,19213,13,3
220844,4,1,-1,7,35378,16,0
220845,2,5,-1,0,44768,17,1
220846,4,0,-1,4,33262,2,0
220847,4,0,-1,4,9857,2,0
220848,4,0,-1,4,6502,12,0
220849,4,3,-1,5,6912,3,0
220850,4,4,-1,6,40585,5,0
220851,4,4,-1,6,27377,7,0
220852,4,3,-1,5,15327,1,0
220853,4,4,-1,6,51298,3,0
220854,4,4,-1,6,27399,6,0
220855,4,4,-1,6,44424,5,0
220856,4,4,-1,6,52568,8,0
220857,4,0,-1,4,39432,2,0
220858,4,3,-1,5,13279,1,0
220859,4,4,-1,6,40763,10,0
220860,4,3,-1,5,11525,7,0
220861,4,0,-1,4,56514,12,0
220862,4,4,-1,6,27364,10,0
220863,4,3,-1,5,25781,6,0
220864,4,3,-1,5,25778,8,0
220865,4,3,-1,5,15288,1,0
220866,2,8,-1,0,35392,17,1
220867,4,3,-1,5,27083,1,0
220868,4,0,-1,4,53407,2,0
220869,4,4,-1,6,27342,6,0
220870,4,4,-1,6,44327,1,0
220871,4,1,-1,7,43086,16,0
220872,4,3,-1,5,28440,1,0
220873,4,1,-1,7,38973,16,0
220874,4,4,-1,6,27330,5,0
220875,4,3,-1,5,11563,5,0
220876,2,5,-1,0,25079,17,1
220877,4,3,-1,5,9404,8,0
220878,4,3,-1,5,25796,7,0
220879,4,0,-1,4,50376,11,0
220880,4,1,-1,7,64323,16,0
220881,4,4,-1,6,55312,1,0
220882,4,4,-1,6,56789,5,0
220883,4,3,-1,5,9738,7,0
220884,4,4,-1,6,26353,6,0
220885,4,4,-1,6,51658,7,0
220886,2,4,-1,0,39611,13,3
220887,4,0,-1,4,30661,11,0
220888,4,3,-1,5,15327,1,0
220889,4,4,-1,6,51653,6,0
220890,4,3,-1,5,28238,8,0
220891,4,3,-1,5,25896,7,0
220892,2,7,-1,0,32077,13,3
220893,4,0,-1,4,34188,12,0
220894,4,3,-1,5,12944,5,0
220895,4,4,-1,6,50753,6,0
220896,4,3,-1,5,12632,5,0
220897,4,3,-1,5,9378,9,0
220898,4,3,-1,5,18283,6,0
220899,4,3,-1,5,28441,8,0
220900,2,0,-1,0,39406,13,3
220901,4,0,-1,4,31576,11,0
220902,4,3,-1,5,15290,1,0
220903,4,0,-1,4,41951,11,0
220904,4,4,-1,6,22901,1,0
220905,2,6,-1,0,25633,17,1
220906,4,3,-1,5,27079,6,0
220907,4,1,-1,7,23073,16,0
220908,4,4,-1,6,43136,6,0
220909,4,0,-1,4,56104,11,0
220910,4,3,-1,5,44431,5,0
220911,4,4,-1,6,38690,7,0
220912,4,4,-1,6,45918,8,0
220913,4,1,-1,7,23133,16,0
220914,2,5,-1,0,50254,17,1
220915,4,0,-1,4,43105,2,0
220916,4,3,-1,5,6982,10,0
220917,4,4,-1,6,26857,9,0
220918,4,3,-1,5,9082,10,0
220919,4,4,-1,6,27402,9,0
220920,4,4,-1,6,27330,5,0
220921,4,4,-1,6,28640,6,0
220922,4,0,-1,4,31906,11,0
220923,4,4,-1,6,54825,7,0
220924,4,4,-1,6,56097,3,0
220925,4,4,-1,6,43907,7,0
220926,2,0,-1,0,19126,13,3
220927,4,4,-1,6,28351,3,0
220928,4,0,-1,4,16452,12,0
220929,4,4,-1,6,54830,9,0
220930,4,6,-1,1,18697,14,4
220931,2,7,-1,0,48078,13,3
220932,4,4,-1,6,48800,7,0
220933,4,4,-1,6,43146,10,0
220934,4,0,-1,4,59327,11,0
220935,4,4,-1,6,26352,10,0
220936,4,3,-1,5,28448,6,0
220937,4,3,-1,5,28800,10,0
220938,4,4,-1,6,39807,7,0
220939,4,4,-1,6,55758,10,0
220940,4,3,-1,5,26944,8,0
220941,4,4,-1,6,18389,3,0
220942,4,4,-1,6,49764,5,0
220943,4,6,-1,1,18657,14,4
220944,4,0,-1,4,31906,11,0
220945,4,3,-1,5,25872,3,0
220946,4,3,-1,5,11447,8,0
220947,4,4,-1,6,27372,5,0
220948,4,0,-1,4,35438,11,0
220949,4,0,-1,4,56875,11,0
220950,4,4,-1,6,43490,3,0
220951,4,0,-1,4,22293,12,0
220952,4,0,-1,4,9657,2,0
220953,4,3,-1,5,6885,8,0
220954,4,3,-1,5,19201,7,0
220955,4,4,-1,6,53007,10,0
220956,4,0,-1,4,39432,2,0
220957,4,4,-1,6,48058,1,0
220958,4,3,-1,5,9414,10,0
220959,4,3,-1,5,15327,1,0
220960,4,4,-1,6,29880,7,0
220961,4,4,-1,6,52568,8,0
220962,4,3,-1,5,22693,7,0
220963,4,3,-1,5,25768,7,0
220964,4,4,-1,6,38701,6,0
220965,4,1,-1,7,28609,16,0
220966,4,1,-1,7,50051,16,0
220967,4,4,-1,6,19996,6,0
220968,4,3,-1,5,25895,6,0
220969,2,7,-1,0,20122,13,3
220970,4,4,-1,6,35617,3,0
220971,4,3,-1,5,11327,3,0
220972,4,3,-1,5,6847,6,0
220973,4,4,-1,6,43730,6,0
220974,4,4,-1,6,28164,8,0
220975,2,8,-1,0,20249,17,1
220976,4,3,-1,5,25787,5,0
220977,2,7,-1,0,60617,13,3
220978,4,0,-1,4,24569,11,0
220979,4,4,-1,6,39174,6,0
220980,4,4,-1,6,42836,3,0
220981,2,0,-1,0,8461,13,3
220982,4,0,-1,4,7397,12,0
220983,4,3,-1,5,18431,8,0
220984,4,4,-1,6,51582,10,0
220985,4,4,-1,6,28164,8,0
220986,4,4,-1,6,27367,7,0
220987,4,3,-1,5,6885,8,0
220988,4,4,-1,6,54517,10,0
220989,4,4,-1,6,26335,6,0
220990,4,0,-1,4,49005,11,0
220991,4,4,-1,6,37444,10,0
220992,2,6,-1,0,40616,17,1
220993,4,3,-1,5,6884,9,0
220994,4,4,-1,6,26875,3,0
220995,4,3,-1,5,16110,1,0
220996,4,3,-1,5,25806,3,0
220997,4,4,-1,6,45973,10,0
220998,4,3,-1,5,28452,8,0
220999,4,3,-1,5,32822,8,0
240000,4,0,-1,4,39000,2,0
240001,2,2,-1,0,38632,15,0
240002,4,3,-1,5,34242,8,0
240003,4,2,-1,8,17166,9,0
240004,4,3,-1,5,43741,7,0
240005,4,0,-1,4,24087,11,0
240006,2,2,-1,0,21113,15,0
240007,4,3,-1,5,27170,9,0
240008,4,3,-1,5,55825,3,0
240009,4,3,-1,5,56937,7,0
240010,4,2,-1,8,14603,10,0
240011,4,2,-1,8,17174,10,0
240012,4,0,-1,4,52454,2,0
240013,4,3,-1,5,44201,10,0
240014,4,3,-1,5,8639,5,0
240015,4,0,-1,4,9851,11,0
240016,4,3,-1,5,39304,5,0
240017,4,3,-1,5,52494,1,0
240018,4,1,-1,7,56737,16,0
240019,4,3,-1,5,22256,6,0
240020,4,2,-1,8,15307,1,0
240021,4,2,-1,8,21903,8,0
240022,4,2,-1,8,27680,1,0
240023,4,2,-1,8,17164,8,0
240024,4,3,-1,5,43483,6,0
240025,4,2,-1,8,21719,20,0
240026,4,0,-1,4,38555,2,0
240027,4,3,-1,5,27791,10,0
240028,2,2,-1,0,25604,15,0
240029,4,3,-1,5,28443,3,0
240030,4,2,-1,8,18371,9,0
240031,4,3,-1,5,26156,5,0
240032,2,3,-1,0,20738,26,0
240033,4,1,-1,7,23057,16,0
240034,4,3,-1,5,27277,9,0
240035,2,3,-1,0,18405,26,0
240036,2,18,-1,0,38260,26,0
240037,4,2,-1,8,6772,7,0
240038,4,3,-1,5,43260,7,0
240039,4,2,-1,8,28683,10,0
240040,4,3,-1,5,56968,7,0
240041,4,3,-1,5,25745,7,0
240042,4,2,-1,8,27708,6,0
240043,4,1,-1,7,28325,16,0
240044,4,0,-1,4,48510,2,0
240045,4,3,-1,5,41821,6,0
240046,2,18,-1,0,38263,26,0
240047,4,2,-1,8,27880,6,0
240048,4,1,-1,7,15120,16,0
240049,4,1,-1,7,26048,16,0
240050,4,1,-1,7,22988,16,0
240051,4,3,-1,5,40990,8,0
240052,4,2,-1,8,30171,5,0
240053,4,3,-1,5,57027,7,0
240054,4,3,-1,5,58299,1,0
240055,4,3,-1,5,34901,10,0
240056,4,2,-1,8,17098,5,0
240057,4,0,-1,4,20625,12,0
240058,4,2,-1,8,35381,8,0
240059,4,0,-1,4,34491,2,0
240060,4,0,-1,4,48510,2,0
240061,4,2,-1,8,25864,9,0
240062,4,2,-1,8,16508,20,0
240063,4,3,-1,5,46891,20,0
240064,4,2,-1,8,3652,9,0
240065,4,3,-1,5,26326,8,0
240066,4,3,-1,5,39442,8,0
240067,2,1,-1,0,19307,17,1
240068,4,3,-1,5,51299,3,0
240069,4,3,-1,5,55825,3,0
240070,4,2,-1,8,11960,6,0
240071,4,0,-1,4,30696,12,0
240072,4,3,-1,5,42572,7,0
240073,4,2,-1,8,28328,6,0
240074,4,3,-1,5,48370,8,0
240075,4,0,-1,4,14437,2,0
240076,2,2,-1,0,8106,15,0
240077,4,1,-1,7,56538,16,0
240078,4,1,-1,7,34752,16,0
240079,4,0,-1,4,23715,2,0
240080,4,3,-1,5,61219,5,0
240081,4,0,-1,4,29697,11,0
240082,4,3,-1,5,27310,6,0
240083,4,3,-1,5,33601,5,0
240084,4,1,-1,7,26080,16,0
240085,4,0,-1,4,9833,11,0
240086,4,2,-1,8,14635,7,0
240087,2,18,-1,0,38263,26,0
240088,2,2,-1,0,40908,15,0
240089,4,2,-1,8,5243,5,0
240090,4,2,-1,8,27689,5,0
240091,4,3,-1,5,52342,8,0
240092,4,2,-1,8,21293,1,0
240093,2,2,-1,0,49368,15,0
240094,4,2,-1,8,17149,7,0
240095,4,2,-1,8,27999,8,0
240096,4,0,-1,4,41936,12,0
240097,4,0,-1,4,39209,2,0
240098,4,3,-1,5,56876,7,0
240099,4,3,-1,5,51293,1,0
240100,4,3,-1,5,61103,6,0
240101,4,3,-1,5,51310,5,0
240102,4,2,-1,8,3390,5,0
240103,4,2,-1,8,21302,1,0
240104,4,2,-1,8,12830,3,0
240105,2,7,-1,0,38635,13,3
240106,4,1,-1,7,32726,16,0
240107,4,3,-1,5,25719,6,0
240108,4,3,-1,5,27195,7,0
240109,4,3,-1,5,27128,9,0
240110,4,3,-1,5,42572,7,0
240111,4,2,-1,8,13253,1,0
240112,4,1,-1,7,23118,16,0
240113,4,2,-1,8,14730,7,0
240114,4,3,-1,5,27154,9,0
240115,4,0,-1,4,64239,12,0
240116,4,3,-1,5,52155,7,0
240117,4,0,-1,4,6539,2,0
240118,4,3,-1,5,26329,3,0
240119,4,2,-1,8,28192,8,0
240120,4,1,-1,7,25900,16,0
240121,4,3,-1,5,56728,6,0
240122,4,3,-1,5,43149,7,0
240123,4,3,-1,5,42886,10,0
240124,4,2,-1,8,27886,1,0
240125,4,3,-1,5,52399,10,0
240126,4,3,-1,5,56736,7,0
240127,4,2,-1,8,19911,3,0
240128,4,0,-1,4,15421,2,0
240129,4,3,-1,5,56692,3,0
240130,4,0,-1,4,51112,12,0
240131,4,2,-1,8,9511,5,0
240132,4,2,-1,8,16989,8,0
240133,2,18,-1,0,54525,26,0
240134,4,2,-1,8,27764,3,0
240135,4,2,-1,8,28384,6,0
240136,2,0,-1,0,49150,13,3
240137,4,2,-1,8,16974,7,0
240138,2,18,-1,0,25607,26,0
240139,4,0,-1,4,43360,12,0
240140,2,2,-1,0,28322,15,0
240141,2,8,-1,0,64396,17,1
240142,4,3,-1,5,56575,1,0
240143,4,3,-1,5,27310,6,0
240144,4,2,-1,8,17193,3,0
240145,4,0,-1,4,9857,2,0
240146,4,1,-1,7,27980,16,0
240147,4,3,-1,5,38279,7,0
240148,2,1,-1,0,19306,17,1
240149,4,0,-1,4,33808,11,0
240150,4,3,-1,5,34203,6,0
240151,4,3,-1,5,29934,7,0
240152,4,3,-1,5,28332,10,0
240153,4,3,-1,5,52332,3,0
240154,4,3,-1,5,51414,9,0
240155,4,0,-1,4,23521,12,0
240156,4,2,-1,8,17223,10,0
240157,4,1,-1,7,23126,16,0
240158,4,2,-1,8,4532,6,0
240159,4,3,-1,5,52442,3,0
240160,4,1,-1,7,28298,16,0
240161,4,1,-1,7,15267,16,0
240162,4,0,-1,4,34491,2,0
240163,4,3,-1,5,34193,10,0
240164,4,0,-1,4,39127,11,0
240165,4,3,-1,5,51181,10,0
240166,4,3,-1,5,26200,1,0
240167,4,0,-1,4,9657,2,0
240168,4,0,-1,4,23715,2,0
240169,4,2,-1,8,21901,7,0
240170,4,3,-1,5,56524,6,0
240171,4,3,-1,5,56366,9,0
240172,4,0,-1,4,31633,2,0
240173,4,2,-1,8,27706,9,0
240174,4,2,-1,8,11253,6,0
240175,4,3,-1,5,45782,1,0
240176,4,2,-1,8,17134,6,0
240177,2,8,-1,0,18342,17,1
240178,4,3,-1,5,52343,6,0
240179,2,18,-1,0,22929,26,0
240180,4,0,-1,4,9847,11,0
240181,4,2,-1,8,14677,3,0
240182,4,2,-1,8,15018,10,0
240183,4,2,-1,8,21298,1,0
240184,4,2,-1,8,17067,10,0
240185,4,0,-1,4,52632,11,0
240186,2,2,-1,0,40859,15,0
240187,4,2,-1,8,17160,7,0
240188,4,3,-1,5,28722,7,0
240189,2,3,-1,0,6594,26,0
240190,4,2,-1,8,17197,3,0
240191,4,3,-1,5,51073,6,0
240192,2,8,-1,0,20038,17,1
240193,4,0,-1,4,23608,11,0
240194,4,3,-1,5,15290,1,0
240195,4,0,-1,4,22293,12,0
240196,2,2,-1,0,9060,15,0
240197,4,3,-1,5,41860,3,0
240198,4,2,-1,8,9584,6,0
240199,4,2,-1,8,17223,10,0
240200,4,2,-1,8,27669,5,0
240201,4,1,-1,7,23004,16,0
240202,2,18,-1,0,37201,26,0
240203,4,3,-1,5,52363,8,0
240204,2,2,-1,0,5392,15,0
240205,4,1,-1,7,56557,16,0
240206,4,0,-1,4,6502,12,0
240207,2,18,-1,0,22929,26,0
240208,4,3,-1,5,31382,10,0
240209,4,0,-1,4,52575,12,0
240210,4,3,-1,5,52494,1,0
240211,4,2,-1,8,16958,7,0
240212,4,2,-1,8,46442,1,0
240213,4,2,-1,8,17011,9,0
240214,4,2,-1,8,18361,8,0
240215,4,3,-1,5,52386,3,0
240216,4,2,-1,8,21302,1,0
240217,4,0,-1,4,18397,11,0
240218,4,2,-1,8,11581,8,0
240219,4,3,-1,5,26098,1,0
240220,2,3,-1,0,15835,26,0
240221,2,3,-1,0,6592,26,0
240222,4,3,-1,5,37440,8,0
240223,4,3,-1,5,27123,3,0
240224,4,3,-1,5,27159,6,0
240225,4,2,-1,8,27668,6,0
240226,4,0,-1,4,7899,2,0
240227,4,0,-1,4,53560,11,0
240228,4,0,-1,4,15150,12,0
240229,4,0,-1,4,23715,2,0
240230,4,0,-1,4,26537,11,0
240231,4,3,-1,5,38627,8,0
240232,4,3,-1,5,19793,5,0
240233,2,6,-1,0,22238,17,1
240234,4,3,-1,5,52382,7,0
240235,4,2,-1,8,27761,8,0
240236,2,18,-1,0,55932,26,0
240237,4,3,-1,5,44200,8,0
240238,4,2,-1,8,13266,1,0
240239,4,3,-1,5,52314,9,0
240240,4,3,-1,5,40741,8,0
240241,4,3,-1,5,16729,5,0
240242,4,2,-1,8,17127,6,0
240243,4,3,-1,5,51881,10,0
240244,4,3,-1,5,15501,1,0
240245,4,3,-1,5,44556,5,0
240246,4,2,-1,8,14729,10,0
240247,4,2,-1,8,14276,8,0
240248,4,0,-1,4,24646,11,0
240249,4,2,-1,8,12830,3,0
240250,4,0,-1,4,2516,12,0
240251,4,3,-1,5,58296,3,0
240252,4,1,-1,7,23100,16,0
240253,4,2,-1,8,27724,6,0
240254,4,2,-1,8,18322,1,0
240255,4,2,-1,8,28008,7,0
240256,4,1,-1,7,15206,16,0
240257,4,2,-1,8,21719,20,0
240258,2,2,-1,0,43083,15,0
240259,2,3,-1,0,41431,26,0
240260,4,3,-1,5,26217,3,0
240261,4,3,-1,5,53627,8,0
240262,4,3,-1,5,45669,1,0
240263,4,2,-1,8,5406,10,0
240264,4,2,-1,8,13864,8,0
240265,4,3,-1,5,27291,3,0
240266,4,2,-1,8,28014,7,0
240267,4,0,-1,4,31655,11,0
240268,4,2,-1,8,4532,6,0
240269,4,2,-1,8,34244,6,0
240270,4,3,-1,5,26200,1,0
240271,4,2,-1,8,14677,3,0
240272,4,0,-1,4,18397,11,0
240273,4,0,-1,4,30799,2,0
240274,2,3,-1,0,6592,26,0
240275,2,18,-1,0,39864,26,0
240276,4,3,-1,5,56691,7,0
240277,4,1,-1,7,27779,16,0
240278,4,2,-1,8,28045,9,0
240279,4,1,-1,7,27779,16,0
240280,4,0,-1,4,59249,12,0
240281,4,3,-1,5,60344,6,0
240282,4,3,-1,5,56688,10,0
240283,4,0,-1,4,43706,11,0
240284,4,1,-1,7,28298,16,0
240285,4,3,-1,5,39983,6,0
240286,2,2,-1,0,28813,15,0
240287,4,0,-1,4,56781,2,0
240288,4,3,-1,5,38981,5,0
240289,4,3,-1,5,51311,5,0
240290,4,3,-1,5,59776,3,0
240291,4,2,-1,8,28192,8,0
240292,4,0,-1,4,6522,2,0
240293,4,2,-1,8,19125,10,0
240294,2,2,-1,0,20553,15,0
240295,4,2,-1,8,27985,9,0
240296,4,3,-1,5,16521,8,0
240297,4,1,-1,7,49738,16,0
240298,4,3,-1,5,57620,9,0
240299,4,2,-1,8,14546,10,0
240300,4,3,-1,5,28667,8,0
240301,2,3,-1,0,31226,26,0
240302,4,1,-1,7,31632,16,0
240303,4,3,-1,5,42892,7,0
240304,4,3,-1,5,27313,6,0
240305,4,3,-1,5,43156,3,0
240306,4,3,-1,5,43010,7,0
240307,4,3,-1,5,64816,8,0
240308,4,2,-1,8,6723,10,0
240309,4,0,-1,4,6546,2,0
240310,4,2,-1,8,18429,7,0
240311,4,2,-1,8,21295,1,0
240312,4,3,-1,5,37454,5,0
240313,4,2,-1,8,3036,8,0
240314,4,3,-1,5,31832,20,0
240315,4,3,-1,5,40129,7,0
240316,4,3,-1,5,41803,8,0
240317,4,2,-1,8,11952,10,0
240318,4,3,-1,5,26114,3,0
240319,4,3,-1,5,51411,6,0
240320,4,2,-1,8,28749,8,0
240321,4,2,-1,8,9503,10,0
240322,4,1,-1,7,64647,16,0
240323,4,2,-1,8,7545,6,0
240324,4,0,-1,4,39914,12,0
240325,4,0,-1,4,40047,2,0
240326,2,3,-1,0,28718,26,0
240327,4,3,-1,5,43801,3,0
240328,4,0,-1,4,39918,12,0
240329,4,2,-1,8,12368,5,0
240330,4,3,-1,5,28722,7,0
240331,4,2,-1,8,12813,10,0
240332,4,3,-1,5,43671,10,0
240333,4,2,-1,8,28385,7,0
240334,4,3,-1,5,39982,7,0
240335,4,0,-1,4,52268,11,0
240336,4,3,-1,5,51411,6,0
240337,4,2,-1,8,46626,7,0
240338,4,3,-1,5,27146,6,0
240339,4,3,-1,5,16079,3,0
240340,2,6,-1,0,28758,17,1
240341,4,2,-1,8,18429,7,0
240342,4,3,-1,5,56608,5,0
240343,4,2,-1,8,17102,5,0
240344,2,3,-1,0,7531,26,0
240345,4,3,-1,5,26156,5,0
240346,4,0,-1,4,32912,12,0
240347,4,3,-1,5,43695,1,0
240348,4,3,-1,5,41607,7,0
240349,4,3,-1,5,27327,7,0
240350,4,3,-1,5,27147,5,0
240351,4,0,-1,4,18087,12,0
240352,4,3,-1,5,26273,3,0
240353,4,1,-1,7,28042,16,0
240354,4,2,-1,8,27999,8,0
240355,4,3,-1,5,56378,5,0
240356,4,0,-1,4,48506,12,0
240357,4,2,-1,8,27954,9,0
240358,4,3,-1,5,55763,7,0
240359,4,2,-1,8,21295,1,0
240360,4,0,-1,4,59327,11,0
240361,4,2,-1,8,36996,5,0
240362,4,2,-1,8,27758,5,0
240363,2,0,-1,0,8489,13,3
240364,4,2,-1,8,28802,6,0
240365,4,2,-1,8,17142,7,0
240366,4,0,-1,4,16132,11,0
240367,4,2,-1,8,15297,1,0
240368,4,3,-1,5,48761,1,0
240369,4,3,-1,5,56534,1,0
240370,4,1,-1,7,28661,16,0
240371,2,3,-1,0,6600,26,0
240372,4,3,-1,5,27151,1,0
240373,4,0,-1,4,14436,11,0
240374,4,2,-1,8,11368,5,0
240375,4,2,-1,8,12402,7,0
240376,4,3,-1,5,48672,8,0
240377,4,0,-1,4,7899,2,0
240378,4,2,-1,8,8703,5,0
240379,4,0,-1,4,6502,2,0
240380,4,2,-1,8,14995,5,0
240381,4,2,-1,8,7545,6,0
240382,4,1,-1,7,56738,16,0
240383,4,2,-1,8,9169,8,0
240384,4,3,-1,5,31403,7,0
240385,4,1,-1,7,30783,16,0
240386,4,3,-1,5,39979,5,0
240387,4,0,-1,4,9657,2,0
240388,4,2,-1,8,16508,20,0
240389,2,18,-1,0,25608,26,0
240390,4,3,-1,5,51390,10,0
240391,4,1,-1,7,23044,16,0
240392,4,0,-1,4,40038,2,0
240393,4,3,-1,5,41583,5,0
240394,4,2,-1,8,22393,5,0
240395,2,8,-1,0,35962,17,1
240396,4,3,-1,5,56590,8,0
240397,4,0,-1,4,44086,11,0
240398,2,1,-1,0,19302,17,1
240399,4,2,-1,8,17189,10,0
240400,4,0,-1,4,56035,11,0
240401,4,3,-1,5,45671,7,0
240402,2,3,-1,0,56177,26,0
240403,4,3,-1,5,52484,3,0
240404,4,3,-1,5,25932,5,0
240405,4,2,-1,8,18434,7,0
240406,4,3,-1,5,52211,8,0
240407,4,2,-1,8,11387,9,0
240408,4,2,-1,8,46626,7,0
240409,4,3,-1,5,48037,10,0
240410,4,0,-1,4,38572,12,0
240411,4,2,-1,8,16888,5,0
240412,4,2,-1,8,27680,1,0
240413,4,3,-1,5,25741,8,0
240414,4,3,-1,5,52421,8,0
240415,4,3,-1,5,28135,1,0
240416,4,0,-1,4,3026,12,0
240417,4,3,-1,5,44480,10,0
240418,4,3,-1,5,52353,5,0
240419,4,0,-1,4,29697,11,0
240420,4,2,-1,8,12830,3,0
240421,4,3,-1,5,52335,7,0
240422,2,18,-1,0,39434,26,0
240423,4,3,-1,5,27146,6,0
240424,4,3,-1,5,51411,6,0
240425,2,3,-1,0,4427,26,0
240426,4,3,-1,5,56958,10,0
240427,4,2,-1,8,27982,8,0
240428,2,1,-1,0,56086,17,1
240429,4,3,-1,5,42461,1,0
240430,4,2,-1,8,27982,8,0
240431,4,2,-1,8,12977,6,0
240432,2,18,-1,0,37057,26,0
240433,4,3,-1,5,57066,10,0
240434,4,3,-1,5,56366,9,0
240435,2,2,-1,0,20653,15,0
240436,4,3,-1,5,29016,10,0
240437,4,1,-1,7,22988,16,0
240438,4,2,-1,8,27669,5,0
240439,4,3,-1,5,28658,8,0
240440,2,6,-1,0,5638,17,1
240441,4,3,-1,5,58864,20,0
240442,4,2,-1,8,14539,5,0
240443,4,2,-1,8,7834,7,0
240444,4,3,-1,5,44607,1,0
240445,4,1,-1,7,50974,16,0
240446,4,3,-1,5,56732,3,0
240447,4,3,-1,5,27287,10,0
240448,4,3,-1,5,25719,6,0
240449,4,2,-1,8,27674,6,0
240450,4,3,-1,5,47998,3,0
240451,2,6,-1,0,55965,17,1
240452,4,3,-1,5,31415,7,0
240453,2,6,-1,0,40366,17,1
240454,4,3,-1,5,56736,7,0
240455,4,2,-1,8,14728,9,0
240456,4,0,-1,4,43101,12,0
240457,4,3,-1,5,27297,5,0
240458,2,6,-1,0,56412,17,1
240459,4,2,-1,8,28241,8,0
240460,4,3,-1,5,39666,7,0
240461,4,2,-1,8,28591,7,0
240462,4,2,-1,8,8912,9,0
240463,4,1,-1,7,23012,16,0
240464,2,8,-1,0,20186,17,1
240465,4,2,-1,8,8753,1,0
240466,4,2,-1,8,17152,7,0
240467,4,3,-1,5,43160,7,0
240468,4,2,-1,8,14260,5,0
240469,4,3,-1,5,56969,3,0
240470,2,1,-1,0,8499,17,1
240471,4,2,-1,8,17174,10,0
240472,4,2,-1,8,15001,7,0
240473,4,3,-1,5,34691,9,0
240474,4,1,-1,7,50053,16,0
240475,4,2,-1,8,14316,3,0
240476,4,3,-1,5,48614,1,0
240477,4,0,-1,4,49229,11,0
240478,4,0,-1,4,52459,11,0
240479,4,2,-1,8,12830,3,0
240480,4,3,-1,5,65232,7,0
240481,4,2,-1,8,17149,7,0
240482,4,3,-1,5,38981,5,0
240483,4,1,-1,7,23025,16,0
240484,4,2,-1,8,12402,7,0
240485,4,2,-1,8,27886,1,0
240486,4,2,-1,8,21313,1,0
240487,4,2,-1,8,14002,9,0
240488,4,0,-1,4,43605,12,0
240489,4,3,-1,5,26317,7,0
240490,4,3,-1,5,32890,10,0
240491,4,0,-1,4,7248,12,0
240492,4,2,-1,8,9503,10,0
240493,4,3,-1,5,55844,10,0
240494,4,2,-1,8,4532,6,0
240495,2,3,-1,0,57237,26,0
240496,4,1,-1,7,43100,16,0
240497,4,3,-1,5,41605,7,0
240498,4,1,-1,7,25910,16,0
240499,4,2,-1,8,28243,9,0
240500,4,0,-1,4,31604,2,0
240501,4,2,-1,8,27685,8,0
240502,4,3,-1,5,39304,5,0
240503,4,2,-1,8,27680,1,0
240504,2,8,-1,0,50333,17,1
240505,4,0,-1,4,39918,12,0
240506,2,3,-1,0,20734,26,0
240507,4,2,-1,8,28039,8,0
240508,4,1,-1,7,50058,16,0
240509,4,3,-1,5,26272,7,0
240510,4,3,-1,5,26200,1,0
240511,4,0,-1,4,9840,11,0
240512,4,3,-1,5,56541,8,0
240513,4,3,-1,5,51584,10,0
240514,4,2,-1,8,1978,7,0
240515,4,2,-1,8,9538,6,0
240516,4,3,-1,5,53371,1,0
240517,4,2,-1,8,16999,8,0
240518,4,3,-1,5,64665,8,0
240519,4,2,-1,8,21294,1,0
240520,4,3,-1,5,27150,7,0
240521,4,3,-1,5,56595,7,0
240522,4,3,-1,5,27129,5,0
240523,4,3,-1,5,51883,3,0
240524,2,18,-1,0,31239,26,0
240525,4,2,-1,8,15890,3,0
240526,4,0,-1,4,39920,12,0
240527,4,3,-1,5,30820,1,0
240528,4,3,-1,5,39304,5,0
240529,4,3,-1,5,34585,8,0
240530,4,0,-1,4,31800,11,0
240531,4,0,-1,4,19785,2,0
240532,4,1,-1,7,43089,16,0
240533,2,18,-1,0,41423,26,0
240534,4,2,-1,8,17141,7,0
240535,4,0,-1,4,39128,11,0
240536,4,3,-1,5,54937,5,0
240537,4,3,-1,5,51889,5,0
240538,4,3,-1,5,53654,3,0
240539,4,3,-1,5,57620,9,0
240540,4,0,-1,4,23629,11,0
240541,4,3,-1,5,52502,5,0
240542,4,3,-1,5,42108,7,0
240543,2,0,-1,0,28566,13,3
240544,4,1,-1,7,25884,16,0
240545,4,0,-1,4,15420,2,0
240546,4,2,-1,8,15889,8,0
240547,4,3,-1,5,41819,3,0
240548,4,3,-1,5,54800,5,0
240549,4,0,-1,4,18397,11,0
240550,4,2,-1,8,27807,7,0
240551,4,3,-1,5,54848,5,0
240552,4,2,-1,8,28283,10,0
240553,4,0,-1,4,15150,12,0
240554,4,2,-1,8,27577,10,0
240555,4,2,-1,8,16949,6,0
240556,2,18,-1,0,38651,26,0
240557,2,2,-1,0,5392,15,0
240558,4,2,-1,8,21404,7,0
240559,4,2,-1,8,16954,7,0
240560,4,3,-1,5,40731,5,0
240561,4,0,-1,4,31905,11,0
240562,2,18,-1,0,30747,26,0
240563,4,3,-1,5,56585,9,0
240564,4,0,-1,4,15421,2,0
240565,2,3,-1,0,28786,26,0
240566,4,2,-1,8,17054,10,0
240567,4,2,-1,8,14547,7,0
240568,4,2,-1,8,34247,8,0
240569,4,3,-1,5,54195,7,0
240570,4,2,-1,8,28045,9,0
240571,4,2,-1,8,11373,8,0
240572,4,2,-1,8,28328,6,0
240573,4,0,-1,4,40051,2,0
240574,4,2,-1,8,28427,9,0
240575,4,3,-1,5,40737,6,0
240576,4,1,-1,7,26468,16,0
240577,4,3,-1,5,44022,7,0
240578,4,2,-1,8,28241,8,0
240579,4,3,-1,5,54932,10,0
240580,4,2,-1,8,9503,10,0
240581,4,2,-1,8,14260,5,0
240582,4,3,-1,5,52350,7,0
240583,4,2,-1,8,14276,8,0
240584,4,0,-1,4,51243,11,0
240585,4,2,-1,8,14635,7,0
240586,4,3,-1,5,26293,10,0
240587,4,3,-1,5,42583,3,0
240588,4,2,-1,8,27522,7,0
240589,4,3,-1,5,42106,10,0
240590,2,18,-1,0,31239,26,0
240591,4,3,-1,5,54932,10,0
240592,4,2,-1,8,9584,6,0
240593,4,3,-1,5,26310,8,0
240594,4,2,-1,8,27886,1,0
240595,4,3,-1,5,27311,7,0
240596,4,2,-1,8,16604,9,0
240597,4,2,-1,8,36996,5,0
240598,4,2,-1,8,18489,7,0
240599,4,0,-1,4,1399,2,0
240600,4,0,-1,4,6011,11,0
240601,4,3,-1,5,44312,7,0
240602,2,6,-1,0,5638,17,1
240603,4,3,-1,5,44472,5,0
240604,4,0,-1,4,44357,11,0
240605,4,3,-1,5,18418,1,0
240606,4,2,-1,8,27887,6,0
240607,2,2,-1,0,29932,15,0
240608,4,3,-1,5,43741,7,0
240609,4,3,-1,5,42939,9,0
240610,4,2,-1,8,11387,9,0
240611,4,2,-1,8,17101,5,0
240612,4,3,-1,5,19708,7,0
240613,4,3,-1,5,59660,1,0
240614,4,3,-1,5,16704,6,0
240615,4,3,-1,5,51347,8,0
240616,4,2,-1,8,13249,1,0
240617,4,1,-1,7,18131,16,0
240618,2,6,-1,0,50357,17,1
240619,4,2,-1,8,27668,6,0
240620,4,2,-1,8,17093,5,0
240621,4,3,-1,5,45678,5,0
240622,4,0,-1,4,39023,2,0
240623,4,3,-1,5,65232,7,0
240624,4,1,-1,7,51925,16,0
240625,4,3,-1,5,44472,5,0
240626,4,0,-1,4,64169,11,0
240627,4,0,-1,4,10530,11,0
240628,4,1,-1,7,56737,16,0
240629,4,3,-1,5,26160,8,0
240630,4,2,-1,8,21293,1,0
240631,2,3,-1,0,28331,26,0
240632,4,2,-1,8,12368,5,0
240633,4,3,-1,5,37647,9,0
240634,4,3,-1,5,51877,8,0
240635,4,0,-1,4,9836,11,0
240636,4,3,-1,5,28435,6,0
240637,4,2,-1,8,16876,5,0
240638,4,3,-1,5,52163,8,0
240639,4,3,-1,5,52350,7,0
240640,4,3,-1,5,31410,1,0
240641,4,2,-1,8,17141,7,0
240642,4,3,-1,5,26273,3,0
240643,4,2,-1,8,27668,6,0
240644,4,2,-1,8,16910,6,0
240645,4,3,-1,5,41918,1,0
240646,4,2,-1,8,21294,1,0
240647,4,3,-1,5,56200,7,0
240648,4,3,-1,5,53236,9,0
240649,4,3,-1,5,26091,3,0
240650,4,2,-1,8,14728,9,0
240651,4,2,-1,8,27956,5,0
240652,4,2,-1,8,28149,6,0
240653,4,3,-1,5,33601,5,0
240654,4,2,-1,8,4438,10,0
240655,4,2,-1,8,41379,10,0
240656,4,2,-1,8,27704,7,0
240657,4,2,-1,8,9505,7,0
240658,4,0,-1,4,44086,11,0
240659,4,2,-1,8,17233,5,0
240660,4,2,-1,8,17091,5,0
240661,4,2,-1,8,46444,3,0
240662,4,3,-1,5,25720,9,0
240663,4,2,-1,8,27523,3,0
240664,4,2,-1,8,14731,5,0
240665,4,0,-1,4,6484,12,0
240666,4,2,-1,8,21903,8,0
240667,4,2,-1,8,6772,7,0
240668,4,2,-1,8,16919,6,0
240669,4,2,-1,8,28173,1,0
240670,4,0,-1,4,7841,12,0
240671,4,2,-1,8,45176,1,0
240672,4,2,-1,8,14426,8,0
240673,4,2,-1,8,27886,1,0
240674,2,3,-1,0,28557,26,0
240675,4,2,-1,8,11253,6,0
240676,4,3,-1,5,27132,8,0
240677,2,2,-1,0,20672,15,0
240678,4,0,-1,4,15150,12,0
240679,4,0,-1,4,9865,11,0
240680,2,1,-1,0,28460,17,1
240681,4,2,-1,8,17164,8,0
240682,4,2,-1,8,28735,9,0
240683,4,2,-1,8,17233,5,0
240684,4,3,-1,5,8639,5,0
240685,2,3,-1,0,31226,26,0
240686,2,1,-1,0,56086,17,1
240687,4,0,-1,4,23629,11,0
240688,4,3,-1,5,28658,8,0
240689,4,3,-1,5,56267,5,0
240690,4,2,-1,8,14672,8,0
240691,2,6,-1,0,7464,17,1
240692,4,3,-1,5,65463,5,0
240693,4,3,-1,5,26185,10,0
240694,4,0,-1,4,39126,11,0
240695,4,2,-1,8,28192,8,0
240696,4,2,-1,8,27761,8,0
240697,4,3,-1,5,42579,5,0
240698,4,2,-1,8,15016,6,0
240699,4,3,-1,5,25754,5,0
240700,2,6,-1,0,5638,17,1
240701,4,2,-1,8,14759,8,0
240702,4,2,-1,8,37047,5,0
240703,4,1,-1,7,28731,16,0
240704,4,3,-1,5,45937,5,0
240705,4,3,-1,5,54207,9,0
240706,4,0,-1,4,38129,12,0
240707,4,3,-1,5,25677,3,0
240708,4,0,-1,4,35358,2,0
240709,4,0,-1,4,53566,2,0
240710,4,0,-1,4,2516,12,0
240711,4,0,-1,4,43837,11,0
240712,4,1,-1,7,23001,16,0
240713,4,3,-1,5,41583,5,0
240714,2,0,-1,0,51464,13,3
240715,4,2,-1,8,25689,5,0
240716,4,3,-1,5,41757,10,0
240717,4,3,-1,5,42579,5,0
240718,4,3,-1,5,64665,8,0
240719,4,3,-1,5,52615,6,0
240720,4,3,-1,5,43735,8,0
240721,4,0,-1,4,28830,11,0
240722,4,3,-1,5,53940,3,0
240723,4,3,-1,5,18422,1,0
240724,4,2,-1,8,21404,7,0
240725,4,2,-1,8,12482,5,0
240726,4,3,-1,5,62093,10,0
240727,4,1,-1,7,23002,16,0
240728,4,2,-1,8,14635,7,0
240729,4,3,-1,5,64809,6,0
240730,4,3,-1,5,52342,8,0
240731,2,2,-1,0,30926,15,0
240732,4,3,-1,5,54306,3,0
240733,4,3,-1,5,44130,5,0
240734,4,2,-1,8,27966,10,0
240735,4,2,-1,8,27523,3,0
240736,4,3,-1,5,45964,10,0
240737,4,2,-1,8,17127,6,0
240738,4,0,-1,4,9823,11,0
240739,4,3,-1,5,25745,7,0
240740,2,2,-1,0,28575,15,0
240741,4,0,-1,4,30690,12,0
240742,2,2,-1,0,39607,15,0
240743,4,3,-1,5,40740,10,0
240744,4,3,-1,5,29934,7,0
240745,4,2,-1,8,21302,1,0
240746,4,3,-1,5,25673,7,0
240747,2,2,-1,0,28543,15,0
240748,4,3,-1,5,56688,10,0
240749,4,2,-1,8,18489,7,0
240750,4,3,-1,5,48673,9,0
240751,4,3,-1,5,52382,7,0
240752,4,2,-1,8,22656,8,0
240753,4,2,-1,8,15890,3,0
240754,4,3,-1,5,39789,8,0
240755,4,2,-1,8,17129,6,0
240756,4,2,-1,8,14996,8,0
240757,4,0,-1,4,6539,2,0
240758,4,3,-1,5,21694,7,0
240759,4,2,-1,8,8676,5,0
240760,4,2,-1,8,13249,1,0
240761,4,3,-1,5,25741,8,0
240762,4,1,-1,7,47069,16,0
240763,4,2,-1,8,5435,10,0
240764,4,1,-1,7,28565,16,0
240765,4,0,-1,4,29842,2,0
240766,4,2,-1,8,15001,7,0
240767,4,1,-1,7,50057,16,0
240768,4,3,-1,5,28336,6,0
240769,4,2,-1,8,8753,1,0
240770,4,2,-1,8,17218,6,0
240771,4,1,-1,7,64300,16,0
240772,4,0,-1,4,9854,2,0
240773,4,0,-1,4,6497,2,0
240774,4,3,-1,5,26314,5,0
240775,4,3,-1,5,22860,5,0
240776,4,1,-1,7,26082,16,0
240777,4,0,-1,4,9838,11,0
240778,2,6,-1,0,49142,17,1
240779,4,0,-1,4,7899,2,0
240780,4,3,-1,5,55962,6,0
240781,4,1,-1,7,27743,16,0
240782,4,2,-1,8,28385,7,0
240783,4,2,-1,8,21298,1,0
240784,4,3,-1,5,56687,9,0
240785,4,2,-1,8,27963,6,0
240786,4,0,-1,4,1317,12,0
240787,4,2,-1,8,27689,5,0
240788,4,3,-1,5,43162,3,0
240789,4,2,-1,8,17142,7,0
240790,4,3,-1,5,27311,7,0
240791,4,3,-1,5,62051,9,0
240792,4,3,-1,5,26089,10,0
240793,4,3,-1,5,26265,9,0
240794,4,0,-1,4,12643,11,0
240795,4,0,-1,4,14436,11,0
240796,4,2,-1,8,19125,10,0
240797,4,3,-1,5,18382,5,0
240798,4,3,-1,5,48326,9,0
240799,4,2,-1,8,13253,1,0
240800,4,3,-1,5,27218,3,0
240801,4,3,-1,5,43009,6,0
240802,4,1,-1,7,23033,16,0
240803,4,3,-1,5,56344,1,0
240804,4,3,-1,5,43206,7,0
240805,4,0,-1,4,26391,11,0
240806,4,3,-1,5,53236,9,0
240807,4,3,-1,5,40742,1,0
240808,4,0,-1,4,11990,11,0
240809,4,0,-1,4,15150,12,0
240810,2,8,-1,0,20078,17,1
240811,4,3,-1,5,52332,3,0
240812,4,3,-1,5,25826,1,0
240813,2,2,-1,0,20667,15,0
240814,2,1,-1,0,28794,17,1
240815,4,0,-1,4,32678,11,0
240816,4,3,-1,5,46995,5,0
240817,4,0,-1,4,31604,2,0
240818,4,2,-1,8,46626,7,0
240819,4,2,-1,8,11330,8,0
240820,4,2,-1,8,14773,5,0
240821,4,0,-1,4,45112,12,0
240822,4,2,-1,8,28427,9,0
240823,4,3,-1,5,51195,8,0
240824,2,3,-1,0,41427,26,0
240825,2,2,-1,0,50156,15,0
240826,4,2,-1,8,28384,6,0
240827,2,1,-1,0,19306,17,1
240828,4,2,-1,8,12402,7,0
240829,4,0,-1,4,20769,11,0
240830,4,0,-1,4,9843,11,0
240831,4,2,-1,8,14759,8,0
240832,4,2,-1,8,27685,8,0
240833,4,2,-1,8,14002,9,0
240834,4,3,-1,5,52467,8,0
240835,4,3,-1,5,26274,1,0
240836,4,3,-1,5,56731,7,0
240837,4,3,-1,5,62105,5,0
240838,4,3,-1,5,29890,9,0
240839,4,3,-1,5,41583,5,0
240840,4,1,-1,7,56207,16,0
240841,4,3,-1,5,45175,1,0
240842,2,18,-1,0,39434,26,0
240843,4,2,-1,8,14671,6,0
240844,2,3,-1,0,57087,26,0
240845,4,0,-1,4,53560,11,0
240846,4,3,-1,5,28696,6,0
240847,2,6,-1,0,30836,17,1
240848,4,3,-1,5,26295,6,0
240849,4,2,-1,8,46440,7,0
240850,2,1,-1,0,49227,17,1
240851,4,2,-1,8,14546,10,0
240852,4,3,-1,5,42885,9,0
240853,4,3,-1,5,19793,5,0
240854,4,0,-1,4,23715,2,0
240855,4,2,-1,8,6729,3,0
240856,4,3,-1,5,48370,8,0
240857,4,2,-1,8,14276,8,0
240858,4,2,-1,8,17001,9,0
240859,4,2,-1,8,27971,5,0
240860,4,3,-1,5,43735,8,0
240861,4,2,-1,8,29134,1,0
240862,4,2,-1,8,14276,8,0
240863,4,3,-1,5,39812,8,0
240864,4,3,-1,5,44125,9,0
240865,4,2,-1,8,27884,7,0
240866,4,2,-1,8,7545,6,0
240867,2,3,-1,0,28743,26,0
240868,2,18,-1,0,38263,26,0
240869,4,3,-1,5,52496,1,0
240870,4,3,-1,5,39666,7,0
240871,4,3,-1,5,30925,3,0
240872,4,3,-1,5,52487,10,0
240873,4,0,-1,4,23715,2,0
240874,4,3,-1,5,27536,10,0
240875,4,0,-1,4,30797,2,0
240876,4,2,-1,8,11373,8,0
240877,4,2,-1,8,27965,8,0
240878,4,3,-1,5,52211,8,0
240879,4,2,-1,8,27683,5,0
240880,2,3,-1,0,48183,26,0
240881,4,3,-1,5,37775,5,0
240882,4,3,-1,5,26074,5,0
240883,4,3,-1,5,42919,7,0
240884,2,2,-1,0,51909,15,0
240885,4,3,-1,5,28336,6,0
240886,2,2,-1,0,8104,15,0
240887,4,3,-1,5,51066,10,0
240888,4,1,-1,7,23081,16,0
240889,2,2,-1,0,49368,15,0
240890,4,3,-1,5,53371,1,0
240891,4,1,-1,7,23100,16,0
240892,4,2,-1,8,21304,1,0
240893,4,0,-1,4,53566,2,0
240894,4,2,-1,8,28837,5,0
240895,4,2,-1,8,16996,8,0
240896,4,3,-1,5,26312,6,0
240897,4,2,-1,8,9503,10,0
240898,4,2,-1,8,27887,6,0
240899,4,0,-1,4,26537,11,0
240900,4,2,-1,8,21310,1,0
240901,4,3,-1,5,61825,5,0
240902,4,0,-1,4,26537,11,0
240903,4,3,-1,5,43152,9,0
240904,4,1,-1,7,23028,16,0
240905,4,0,-1,4,40051,2,0
240906,4,3,-1,5,55011,8,0
240907,4,2,-1,8,3248,7,0
240908,4,3,-1,5,51885,3,0
240909,4,3,-1,5,27195,7,0
240910,4,2,-1,8,28045,9,0
240911,4,2,-1,8,28595,10,0
240912,4,2,-1,8,14536,10,0
240913,4,2,-1,8,6775,3,0
240914,4,2,-1,8,15415,10,0
240915,2,8,-1,0,33123,17,1
240916,4,3,-1,5,55603,5,0
240917,4,2,-1,8,17277,1,0
240918,4,2,-1,8,27702,8,0
240919,4,2,-1,8,27712,7,0
240920,4,3,-1,5,48616,3,0
240921,4,0,-1,4,9840,11,0
240922,4,2,-1,8,18935,7,0
240923,4,2,-1,8,17232,7,0
240924,4,2,-1,8,17213,1,0
240925,2,6,-1,0,42906,17,1
240926,4,3,-1,5,56946,9,0
240927,4,1,-1,7,32071,16,0
240928,4,2,-1,8,14777,7,0
240929,4,3,-1,5,51887,5,0
240930,2,0,-1,0,19134,13,3
240931,4,2,-1,8,41379,10,0
240932,4,0,-1,4,7899,2,0
240933,4,2,-1,8,17113,6,0
240934,4,2,-1,8,42953,20,0
240935,4,3,-1,5,52226,1,0
240936,2,2,-1,0,38632,15,0
240937,2,8,-1,0,18409,17,1
240938,4,0,-1,4,43092,12,0
240939,4,3,-1,5,39979,5,0
240940,4,2,-1,8,28149,6,0
240941,4,2,-1,8,17163,8,0
240942,4,0,-1,4,52419,2,0
240943,4,3,-1,5,30643,9,0
240944,4,2,-1,8,16999,8,0
240945,4,3,-1,5,42108,7,0
240946,2,2,-1,0,28780,15,0
240947,4,0,-1,4,6502,2,0
240948,4,3,-1,5,39518,7,0
240949,4,2,-1,8,27678,8,0
240950,4,3,-1,5,38626,10,0
240951,4,3,-1,5,27318,8,0
240952,4,3,-1,5,16725,5,0
240953,4,1,-1,7,52453,16,0
240954,2,2,-1,0,39230,15,0
240955,4,3,-1,5,30680,1,0
240956,4,1,-1,7,28299,16,0
240957,4,2,-1,8,36996,5,0
240958,4,1,-1,7,28209,16,0
240959,4,2,-1,8,17182,10,0
240960,4,3,-1,5,26087,5,0
240961,4,3,-1,5,35601,1,0
240962,4,2,-1,8,17154,7,0
240963,4,1,-1,7,27040,16,0
240964,4,1,-1,7,29630,16,0
240965,4,2,-1,8,34248,8,0
240966,4,3,-1,5,52421,8,0
240967,4,3,-1,5,57620,9,0
240968,4,3,-1,5,43801,3,0
240969,2,2,-1,0,39331,15,0
240970,4,2,-1,8,21302,1,0
240971,4,3,-1,5,61842,10,0
240972,4,1,-1,7,28297,16,0
240973,4,1,-1,7,23025,16,0
240974,4,3,-1,5,56731,7,0
240975,2,18,-1,0,41423,26,0
240976,4,3,-1,5,49521,3,0
240977,4,3,-1,5,42109,3,0
240978,4,3,-1,5,56728,6,0
240979,4,2,-1,8,17152,7,0
240980,4,3,-1,5,26330,1,0
240981,2,1,-1,0,22225,17,1
240982,4,3,-1,5,54306,3,0
240983,4,3,-1,5,29934,7,0
240984,4,3,-1,5,43700,9,0
240985,4,0,-1,4,6497,2,0
240986,4,2,-1,8,31797,20,0
240987,4,2,-1,8,16922,6,0
240988,2,2,-1,0,52411,15,0
240989,4,3,-1,5,56587,7,0
240990,4,3,-1,5,43920,7,0
240991,4,2,-1,8,16497,3,0
240992,4,0,-1,4,41858,12,0
240993,4,0,-1,4,31387,12,0
240994,4,0,-1,4,8232,12,0
240995,4,3,-1,5,46890,3,0
240996,4,3,-1,5,52335,7,0
240997,4,3,-1,5,28135,1,0
240998,4,0,-1,4,14437,2,0
240999,4,1,-1,7,56537,16,0
260000,4,2,-1,8,51709,20,0
260001,4,2,-1,8,44550,6,0
260002,4,2,-1,8,12788,8,0
260003,2,15,-1,0,20596,13,3
260004,4,0,-1,4,31576,11,0
260005,2,7,-1,0,24981,13,3
260006,4,1,-1,7,15156,16,0
260007,2,15,-1,0,60576,13,3
260008,4,2,-1,8,33324,6,0
260009,4,2,-1,8,27996,5,0
260010,2,7,-1,0,16128,13,3
260011,4,2,-1,8,43889,1,0
260012,4,2,-1,8,19001,6,0
260013,4,0,-1,4,6486,11,0
260014,4,2,-1,8,56578,9,0
260015,4,2,-1,8,49811,5,0
260016,4,2,-1,8,27972,9,0
260017,4,2,-1,8,49358,7,0
260018,4,2,-1,8,46440,7,0
260019,4,2,-1,8,21309,1,0
260020,4,2,-1,8,40728,7,0
260021,4,2,-1,8,17166,9,0
260022,4,2,-1,8,15020,7,0
260023,4,2,-1,8,19125,10,0
260024,4,2,-1,8,16888,5,0
260025,2,4,-1,0,28531,13,3
260026,4,2,-1,8,43177,5,0
260027,4,2,-1,8,28045,9,0
260028,4,2,-1,8,48369,8,0
260029,4,0,-1,4,23608,11,0
260030,2,4,-1,0,5223,13,3
260031,4,2,-1,8,27616,6,0
260032,4,0,-1,4,9086,2,0
260033,4,2,-1,8,21295,1,0
260034,4,2,-1,8,27553,3,0
260035,4,2,-1,8,18387,7,0
260036,4,2,-1,8,9503,10,0
260037,4,2,-1,8,46809,3,0
260038,4,2,-1,8,14769,8,0
260039,4,2,-1,8,28217,3,0
260040,4,2,-1,8,14068,5,0
260041,2,7,-1,0,24981,13,3
260042,4,0,-1,4,43125,2,0
260043,4,1,-1,7,57171,16,0
260044,4,2,-1,8,8905,6,0
260045,4,0,-1,4,33262,2,0
260046,4,2,-1,8,57523,1,0
260047,4,2,-1,8,18943,5,0
260048,4,2,-1,8,39064,10,0
260049,4,2,-1,8,14410,9,0
260050,4,2,-1,8,7662,6,0
260051,4,2,-1,8,41549,9,0
260052,4,2,-1,8,12830,3,0
260053,4,2,-1,8,17142,7,0
260054,4,0,-1,4,33808,11,0
260055,4,2,-1,8,54925,3,0
260056,2,15,-1,0,53470,13,3
260057,4,2,-1,8,19008,3,0
260058,4,2,-1,8,18322,1,0
260059,4,2,-1,8,43928,5,0
260060,4,0,-1,4,11990,11,0
260061,4,2,-1,8,25709,8,0
260062,4,2,-1,8,5435,10,0
260063,4,2,-1,8,17001,9,0
260064,4,2,-1,8,17237,6,0
260065,4,2,-1,8,21309,1,0
260066,4,2,-1,8,31196,10,0
260067,4,2,-1,8,30171,5,0
260068,4,2,-1,8,51715,3,0
260069,4,2,-1,8,27664,3,0
260070,4,2,-1,8,28217,3,0
260071,4,0,-1,4,23715,2,0
260072,4,2,-1,8,56337,6,0
260073,4,2,-1,8,41379,10,0
260074,4,1,-1,7,44633,16,0
260075,4,2,-1,8,56591,3,0
260076,4,2,-1,8,17141,7,0
260077,4,0,-1,4,31906,11,0
260078,2,13,-1,0,21714,13,3
260079,4,1,-1,7,44633,16,0
260080,4,2,-1,8,46437,5,0
260081,4,2,-1,8,28482,9,0
260082,4,2,-1,8,17190,3,0
260083,4,2,-1,8,11952,10,0
260084,4,2,-1,8,14383,10,0
260085,2,4,-1,0,19743,13,3
260086,4,0,-1,4,7570,2,0
260087,4,2,-1,8,14700,9,0
260088,2,15,-1,0,44375,13,3
260089,4,2,-1,8,11581,8,0
260090,4,0,-1,4,31633,2,0
260091,4,2,-1,8,55282,8,0
260092,4,2,-1,8,16999,8,0
260093,4,2,-1,8,14803,9,0
260094,4,2,-1,8,28737,5,0
260095,4,2,-1,8,1978,7,0
260096,4,2,-1,8,40723,8,0
260097,2,7,-1,0,28458,13,3
260098,4,2,-1,8,14522,7,0
260099,4,0,-1,4,30661,11,0
260100,4,2,-1,8,49990,8,0
260101,2,15,-1,0,20596,13,3
260102,4,2,-1,8,12402,7,0
260103,4,2,-1,8,27670,7,0
260104,4,2,-1,8,55608,5,0
260105,4,2,-1,8,14777,7,0
260106,4,0,-1,4,52439,11,0
260107,2,4,-1,0,19721,13,3
260108,4,2,-1,8,16999,8,0
260109,2,15,-1,0,20299,13,3
260110,4,0,-1,4,34336,11,0
260111,4,2,-1,8,19912,8,0
260112,2,2,-1,0,50155,15,0
260113,4,1,-1,7,15076,16,0
260114,4,0,-1,4,9823,11,0
260115,4,0,-1,4,48510,2,0
260116,4,2,-1,8,16922,6,0
260117,4,2,-1,8,17141,7,0
260118,4,2,-1,8,45164,1,0
260119,4,2,-1,8,59439,7,0
260120,4,2,-1,8,17061,10,0
260121,4,0,-1,4,32678,11,0
260122,4,2,-1,8,25736,9,0
260123,4,2,-1,8,28372,6,0
260124,4,2,-1,8,18943,5,0
260125,2,15,-1,0,24990,13,3
260126,4,0,-1,4,14434,11,0
260127,4,2,-1,8,17258,8,0
260128,2,4,-1,0,28512,13,3
260129,4,2,-1,8,28595,10,0
260130,4,2,-1,8,28243,9,0
260131,4,2,-1,8,17193,3,0
260132,4,2,-1,8,21719,20,0
260133,4,2,-1,8,14546,10,0
260134,4,2,-1,8,29976,6,0
260135,4,0,-1,4,64213,2,0
260136,4,2,-1,8,50979,10,0
260137,4,2,-1,8,62214,5,0
260138,4,2,-1,8,49253,10,0
260139,4,2,-1,8,28584,9,0
260140,4,2,-1,8,53935,5,0
260141,4,2,-1,8,28034,10,0
260142,4,2,-1,8,44126,6,0
260143,4,2,-1,8,35158,9,0
260144,4,2,-1,8,25703,8,0
260145,4,2,-1,8,15413,9,0
260146,4,2,-1,8,27922,9,0
260147,2,7,-1,0,32076,13,3
260148,4,0,-1,4,33436,12,0
260149,4,2,-1,8,27657,10,0
260150,4,2,-1,8,17277,1,0
260151,2,15,-1,0,20605,13,3
260152,4,2,-1,8,16916,6,0
260153,4,2,-1,8,17113,6,0
260154,4,0,-1,4,28812,11,0
260155,4,2,-1,8,14410,9,0
260156,2,15,-1,0,26433,13,3
260157,4,2,-1,8,44432,5,0
260158,4,0,-1,4,6504,12,0
260159,4,2,-1,8,8905,6,0
260160,4,2,-1,8,37450,5,0
260161,4,0,-1,4,33287,2,0
260162,2,18,-1,0,39333,26,0
260163,4,2,-1,8,31529,5,0
260164,4,2,-1,8,13206,7,0
260165,4,2,-1,8,55077,10,0
260166,4,2,-1,8,18489,7,0
260167,4,2,-1,8,30804,9,0
260168,4,1,-1,7,23140,16,0
260169,4,2,-1,8,15886,8,0
260170,4,0,-1,4,50547,12,0
260171,4,2,-1,8,18983,3,0
260172,4,2,-1,8,9894,9,0
260173,4,2,-1,8,8676,5,0
260174,4,2,-1,8,43889,1,0
260175,4,2,-1,8,52518,1,0
260176,4,2,-1,8,18422,1,0
260177,4,2,-1,8,13552,1,0
260178,4,2,-1,8,27580,3,0
260179,4,0,-1,4,7248,12,0
260180,2,15,-1,0,16130,13,3
260181,4,2,-1,8,27954,9,0
260182,4,0,-1,4,6546,2,0
260183,4,2,-1,8,2368,10,0
260184,4,0,-1,4,9854,2,0
260185,4,2,-1,8,15294,1,0
260186,4,2,-1,8,42952,10,0
260187,4,2,-1,8,27702,8,0
260188,4,2,-1,8,19184,8,0
260189,4,2,-1,8,61453,8,0
260190,4,2,-1,8,28227,6,0
260191,4,2,-1,8,31531,5,0
260192,4,0,-1,4,48512,2,0
260193,4,2,-1,8,44006,5,0
260194,2,7,-1,0,20160,13,3
260195,4,1,-1,7,51004,16,0
260196,4,2,-1,8,18386,5,0
260197,4,2,-1,8,14276,8,0
260198,4,2,-1,8,54998,10,0
260199,4,2,-1,8,55007,7,0
260200,4,0,-1,4,15422,11,0
260201,4,1,-1,7,25884,16,0
260202,4,2,-1,8,45434,1,0
260203,4,2,-1,8,9513,6,0
260204,4,2,-1,8,17321,1,0
260205,4,2,-1,8,37534,10,0
260206,4,2,-1,8,27807,7,0
260207,4,2,-1,8,27971,5,0
260208,4,2,-1,8,38856,5,0
260209,2,13,-1,0,23270,13,3
260210,4,2,-1,8,56868,7,0
260211,4,0,-1,4,64176,11,0
260212,2,4,-1,0,50200,13,3
260213,2,15,-1,0,51366,13,3
260214,4,2,-1,8,44192,6,0
260215,2,15,-1,0,48957,13,3
260216,4,2,-1,8,12943,10,0
260217,4,2,-1,8,17137,7,0
260218,4,2,-1,8,21310,1,0
260219,4,1,-1,7,28614,16,0
260220,4,2,-1,8,28296,10,0
260221,4,2,-1,8,30172,8,0
260222,4,2,-1,8,52616,10,0
260223,4,2,-1,8,17062,10,0
260224,4,2,-1,8,11960,6,0
260225,4,2,-1,8,28762,1,0
260226,4,2,-1,8,46574,6,0
260227,4,2,-1,8,17269,1,0
260228,4,2,-1,8,17152,7,0
260229,4,2,-1,8,51939,9,0
260230,4,2,-1,8,9513,6,0
260231,4,0,-1,4,52576,12,0
260232,4,0,-1,4,6502,2,0
260233,4,2,-1,8,49253,10,0
260234,4,2,-1,8,13864,8,0
260235,4,0,-1,4,6539,2,0
260236,4,0,-1,4,64264,12,0
260237,4,2,-1,8,9550,9,0
260238,4,2,-1,8,9545,5,0
260239,4,2,-1,8,3992,10,0
260240,4,0,-1,4,6502,2,0
260241,4,2,-1,8,17189,10,0
260242,4,2,-1,8,44187,8,0
260243,2,15,-1,0,20297,13,3
260244,2,15,-1,0,20607,13,3
260245,4,2,-1,8,56322,10,0
260246,4,2,-1,8,29919,5,0
260247,4,0,-1,4,7143,12,0
260248,4,2,-1,8,16888,5,0
260249,4,0,-1,4,9854,2,0
260250,4,2,-1,8,15016,6,0
260251,4,2,-1,8,35381,8,0
260252,4,0,-1,4,6539,2,0
260253,4,2,-1,8,42880,1,0
260254,4,2,-1,8,16938,6,0
260255,4,2,-1,8,16888,5,0
260256,4,2,-1,8,9503,10,0
260257,4,2,-1,8,38862,6,0
260258,4,2,-1,8,18930,9,0
260259,4,2,-1,8,27996,5,0
260260,4,2,-1,8,19030,7,0
260261,4,2,-1,8,14729,10,0
260262,4,2,-1,8,37447,6,0
260263,4,2,-1,8,30172,8,0
260264,4,0,-1,4,51719,2,0
260265,4,2,-1,8,17102,5,0
260266,4,2,-1,8,9536,5,0
260267,4,2,-1,8,9503,10,0
260268,4,0,-1,4,35367,11,0
260269,4,2,-1,8,42460,1,0
260270,4,2,-1,8,37473,8,0
260271,4,2,-1,8,28033,9,0
260272,2,15,-1,0,20369,13,3
260273,4,2,-1,8,17160,7,0
260274,4,2,-1,8,6755,6,0
260275,4,2,-1,8,54704,3,0
260276,4,2,-1,8,64903,1,0
260277,4,0,-1,4,51719,2,0
260278,4,1,-1,7,39075,16,0
260279,4,2,-1,8,19013,8,0
260280,4,2,-1,8,27657,10,0
260281,4,2,-1,8,3992,10,0
260282,4,0,-1,4,40047,2,0
260283,4,2,-1,8,27879,9,0
260284,2,15,-1,0,38633,13,3
260285,4,1,-1,7,52783,16,0
260286,4,1,-1,7,23106,16,0
260287,4,2,-1,8,50618,8,0
260288,4,2,-1,8,38992,10,0
260289,4,2,-1,8,56418,10,0
260290,4,1,-1,7,44599,16,0
260291,4,2,-1,8,34590,3,0
260292,4,2,-1,8,49848,3,0
260293,4,2,-1,8,35381,8,0
260294,2,4,-1,0,45365,13,3
260295,4,2,-1,8,15412,8,0
260296,4,2,-1,8,56703,5,0
260297,4,2,-1,8,38414,9,0
260298,4,0,-1,4,31655,11,0
260299,4,2,-1,8,49913,10,0
260300,4,2,-1,8,43168,5,0
260301,2,15,-1,0,22721,13,3
260302,4,2,-1,8,13266,1,0
260303,4,2,-1,8,34590,3,0
260304,4,2,-1,8,27886,1,0
260305,4,2,-1,8,16999,8,0
260306,4,0,-1,4,61410,12,0
260307,4,2,-1,8,13253,1,0
260308,4,0,-1,4,31576,11,0
260309,4,2,-1,8,39737,8,0
260310,4,0,-1,4,22293,12,0
260311,4,2,-1,8,17001,9,0
260312,4,2,-1,8,28372,6,0
260313,4,2,-1,8,50531,1,0
260314,4,2,-1,8,25701,7,0
260315,4,2,-1,8,19017,10,0
260316,4,2,-1,8,18392,1,0
260317,4,2,-1,8,64470,6,0
260318,4,2,-1,8,27524,8,0
260319,4,2,-1,8,25735,10,0
260320,4,1,-1,7,23139,16,0
260321,4,2,-1,8,41379,10,0
260322,4,2,-1,8,56676,8,0
260323,2,15,-1,0,35961,13,3
260324,4,0,-1,4,39128,11,0
260325,4,2,-1,8,43209,3,0
260326,4,2,-1,8,17061,10,0
260327,4,2,-1,8,21310,1,0
260328,4,2,-1,8,43180,1,0
260329,4,2,-1,8,6735,10,0
260330,4,2,-1,8,31073,7,0
260331,2,15,-1,0,20605,13,3
260332,4,2,-1,8,16701,7,0
260333,4,2,-1,8,14677,3,0
260334,4,1,-1,7,44458,16,0
260335,4,2,-1,8,48745,10,0
260336,4,2,-1,8,29976,6,0
260337,4,2,-1,8,18985,1,0
260338,2,15,-1,0,52445,13,3
260339,2,13,-1,0,56025,13,3
260340,4,2,-1,8,55760,7,0
260341,4,0,-1,4,15150,12,0
260342,4,2,-1,8,3248,7,0
260343,4,2,-1,8,41938,1,0
260344,4,2,-1,8,24066,5,0
260345,4,0,-1,4,48007,12,0
260346,4,2,-1,8,43222,5,0
260347,4,2,-1,8,27711,1,0
260348,4,2,-1,8,27687,1,0
260349,4,2,-1,8,18387,7,0
260350,4,2,-1,8,56117,5,0
260351,4,2,-1,8,44006,5,0
260352,4,0,-1,4,39927,12,0
260353,2,15,-1,0,20297,13,3
260354,4,2,-1,8,9513,6,0
260355,4,0,-1,4,51112,12,0
260356,4,2,-1,8,16704,6,0
260357,4,2,-1,8,27973,1,0
260358,4,0,-1,4,9823,11,0
260359,4,2,-1,8,27719,9,0
260360,4,0,-1,4,7371,12,0
260361,4,2,-1,8,27654,6,0
260362,4,2,-1,8,23844,6,0
260363,4,0,-1,4,33864,11,0
260364,4,2,-1,8,18577,3,0
260365,2,15,-1,0,55715,13,3
260366,2,13,-1,0,57481,13,3
260367,2,13,-1,0,56025,13,3
260368,4,2,-1,8,55397,10,0
260369,4,2,-1,8,28808,5,0
260370,4,2,-1,8,43673,10,0
260371,4,0,-1,4,23715,2,0
260372,4,0,-1,4,56514,12,0
260373,4,1,-1,7,23000,16,0
260374,4,2,-1,8,49848,3,0
260375,4,2,-1,8,58763,7,0
260376,4,2,-1,8,27764,3,0
260377,4,2,-1,8,49909,10,0
260378,4,2,-1,8,9513,6,0
260379,4,2,-1,8,49369,3,0
260380,4,2,-1,8,42855,7,0
260381,4,2,-1,8,14700,9,0
260382,4,2,-1,8,56441,5,0
260383,4,2,-1,8,15417,3,0
260384,4,1,-1,7,23108,16,0
260385,4,2,-1,8,18284,5,0
260386,2,15,-1,0,20345,13,3
260387,4,2,-1,8,41549,9,0
260388,4,2,-1,8,43177,5,0
260389,4,0,-1,4,31477,12,0
260390,4,2,-1,8,56715,7,0
260391,4,2,-1,8,27576,5,0
260392,4,2,-1,8,38354,10,0
260393,4,2,-1,8,28046,10,0
260394,4,2,-1,8,16508,20,0
260395,4,2,-1,8,28704,3,0
260396,4,1,-1,7,24073,16,0
260397,4,2,-1,8,9514,7,0
260398,4,2,-1,8,18429,7,0
260399,4,2,-1,8,28286,9,0
260400,4,2,-1,8,11387,9,0
260401,4,2,-1,8,56332,1,0
260402,4,2,-1,8,28745,3,0
260403,4,2,-1,8,33276,10,0
260404,4,2,-1,8,17129,6,0
260405,4,2,-1,8,54523,7,0
260406,4,2,-1,8,28020,3,0
260407,4,2,-1,8,61203,1,0
260408,4,2,-1,8,13249,1,0
260409,4,2,-1,8,9513,6,0
260410,4,2,-1,8,35065,7,0
260411,2,4,-1,0,19615,13,3
260412,4,1,-1,7,43096,16,0
260413,4,0,-1,4,32087,2,0
260414,4,1,-1,7,23073,16,0
260415,4,2,-1,8,51723,5,0
260416,4,0,-1,4,36755,2,0
260417,4,2,-1,8,15016,6,0
260418,4,2,-1,8,39034,3,0
260419,4,2,-1,8,16971,7,0
260420,4,2,-1,8,22427,7,0
260421,4,2,-1,8,65178,9,0
260422,2,13,-1,0,40801,13,3
260423,4,2,-1,8,55359,5,0
260424,4,2,-1,8,43114,7,0
260425,4,2,-1,8,56333,6,0
260426,2,18,-1,0,11247,26,0
260427,4,2,-1,8,32036,9,0
260428,4,2,-1,8,4483,3,0
260429,2,15,-1,0,28312,13,3
260430,4,1,-1,7,22996,16,0
260431,4,2,-1,8,42952,10,0
260432,4,2,-1,8,18934,5,0
260433,4,2,-1,8,28219,6,0
260434,4,2,-1,8,50771,8,0
260435,4,2,-1,8,28802,6,0
260436,4,2,-1,8,14759,8,0
260437,4,2,-1,8,16510,7,0
260438,4,0,-1,4,38127,12,0
260439,4,2,-1,8,17151,7,0
260440,4,2,-1,8,13343,8,0
260441,2,7,-1,0,45360,13,3
260442,2,13,-1,0,7430,13,3
260443,4,2,-1,8,38991,7,0
260444,4,2,-1,8,25703,8,0
260445,2,13,-1,0,26592,13,3
260446,4,2,-1,8,17192,3,0
260447,4,0,-1,4,9658,2,0
260448,4,2,-1,8,56785,5,0
260449,4,2,-1,8,28427,9,0
260450,4,0,-1,4,53194,2,0
260451,2,7,-1,0,61689,13,3
260452,4,2,-1,8,49864,9,0
260453,2,15,-1,0,20491,13,3
260454,4,2,-1,8,43018,7,0
260455,4,2,-1,8,4024,8,0
260456,4,2,-1,8,27677,10,0
260457,4,2,-1,8,14547,7,0
260458,4,2,-1,8,42972,8,0
260459,4,2,-1,8,6775,3,0
260460,4,1,-1,7,15248,16,0
260461,4,2,-1,8,19002,5,0
260462,4,2,-1,8,21310,1,0
260463,4,1,-1,7,58985,16,0
260464,4,2,-1,8,51603,6,0
260465,4,2,-1,8,51575,3,0
260466,4,2,-1,8,28241,8,0
260467,2,15,-1,0,25611,13,3
260468,4,0,-1,4,7899,2,0
260469,4,2,-1,8,49979,8,0
260470,4,2,-1,8,49927,7,0
260471,4,2,-1,8,49903,8,0
260472,4,0,-1,4,23629,11,0
260473,4,2,-1,8,28243,9,0
260474,4,2,-1,8,32036,9,0
260475,4,2,-1,8,33132,10,0
260476,4,0,-1,4,19785,2,0
260477,4,2,-1,8,54920,9,0
260478,4,2,-1,8,28241,8,0
260479,4,2,-1,8,21304,1,0
260480,4,2,-1,8,22393,5,0
260481,4,2,-1,8,49378,6,0
260482,4,2,-1,8,38352,5,0
260483,4,2,-1,8,54509,6,0
260484,4,2,-1,8,28247,9,0
260485,4,2,-1,8,5435,10,0
260486,4,2,-1,8,28735,9,0
260487,4,2,-1,8,39896,8,0
260488,4,2,-1,8,19912,8,0
260489,4,2,-1,8,18498,1,0
260490,4,2,-1,8,28430,5,0
260491,4,2,-1,8,16899,5,0
260492,4,0,-1,4,34188,12,0
260493,4,2,-1,8,56704,10,0
260494,4,2,-1,8,27567,10,0
260495,4,2,-1,8,51514,6,0
260496,4,2,-1,8,49852,7,0
260497,4,2,-1,8,54804,5,0
260498,4,2,-1,8,41569,7,0
260499,4,2,-1,8,17031,7,0
260500,4,2,-1,8,14759,8,0
260501,4,2,-1,8,19008,3,0
260502,2,7,-1,0,20161,13,3
260503,4,2,-1,8,27760,9,0
260504,4,2,-1,8,44830,8,0
260505,4,0,-1,4,52419,2,0
260506,4,0,-1,4,29697,11,0
260507,4,0,-1,4,56875,11,0
260508,4,2,-1,8,27964,9,0
260509,4,2,-1,8,25253,10,0
260510,4,1,-1,7,23001,16,0
260511,4,2,-1,8,18978,9,0
260512,4,2,-1,8,34900,5,0
260513,4,2,-1,8,28979,1,0
260514,4,2,-1,8,41379,10,0
260515,2,13,-1,0,21461,13,3
260516,4,2,-1,8,12788,8,0
260517,4,1,-1,7,59001,16,0
260518,4,2,-1,8,28385,7,0
260519,4,2,-1,8,17111,6,0
260520,4,1,-1,7,40776,16,0
260521,4,2,-1,8,34393,8,0
260522,4,2,-1,8,691,7,0
260523,4,2,-1,8,42858,6,0
260524,4,2,-1,8,9503,10,0
260525,4,2,-1,8,28822,10,0
260526,4,2,-1,8,27734,1,0
260527,4,2,-1,8,54872,5,0
260528,4,2,-1,8,6735,10,0
260529,4,2,-1,8,27591,10,0
260530,4,0,-1,4,44086,11,0
260531,4,2,-1,8,32974,5,0
260532,4,2,-1,8,27887,6,0
260533,4,2,-1,8,19018,7,0
260534,4,2,-1,8,24190,9,0
260535,4,2,-1,8,28797,10,0
260536,4,2,-1,8,45166,1,0
260537,4,0,-1,4,6539,2,0
260538,2,13,-1,0,26593,13,3
260539,4,2,-1,8,64483,9,0
260540,4,0,-1,4,9865,11,0
260541,4,2,-1,8,28427,9,0
260542,2,13,-1,0,29915,13,3
260543,4,2,-1,8,31040,7,0
260544,4,0,-1,4,49005,11,0
260545,4,1,-1,7,42907,16,0
260546,2,15,-1,0,46458,13,3
260547,4,2,-1,8,56988,10,0
260548,4,2,-1,8,27976,6,0
260549,4,2,-1,8,49965,10,0
260550,4,2,-1,8,17218,6,0
260551,4,2,-1,8,17265,7,0
260552,4,1,-1,7,28614,16,0
260553,4,0,-1,4,38541,11,0
260554,4,2,-1,8,40323,7,0
260555,4,2,-1,8,17141,7,0
260556,4,2,-1,8,17218,6,0
260557,4,2,-1,8,27878,10,0
260558,4,2,-1,8,43180,1,0
260559,4,2,-1,8,28233,5,0
260560,4,0,-1,4,9847,11,0
260561,4,0,-1,4,45851,12,0
260562,4,2,-1,8,48362,8,0
260563,4,2,-1,8,27966,10,0
260564,4,2,-1,8,19125,10,0
260565,2,7,-1,0,20156,13,3
260566,4,2,-1,8,18387,7,0
260567,4,2,-1,8,27809,1,0
260568,4,2,-1,8,51335,7,0
260569,4,2,-1,8,55869,7,0
260570,4,2,-1,8,37433,9,0
260571,4,2,-1,8,691,7,0
260572,4,2,-1,8,49910,10,0
260573,4,2,-1,8,48750,20,0
260574,2,7,-1,0,20221,13,3
260575,4,2,-1,8,28763,6,0
260576,4,2,-1,8,27682,3,0
260577,4,2,-1,8,31070,8,0
260578,2,13,-1,0,26593,13,3
260579,4,2,-1,8,9545,5,0
260580,2,15,-1,0,26602,13,3
260581,4,0,-1,4,41448,11,0
260582,4,2,-1,8,27967,7,0
260583,4,2,-1,8,57268,8,0
260584,4,2,-1,8,17127,6,0
260585,4,2,-1,8,27524,8,0
260586,4,2,-1,8,17237,6,0
260587,4,2,-1,8,14546,10,0
260588,4,2,-1,8,35065,7,0
260589,4,0,-1,4,6522,2,0
260590,2,15,-1,0,43309,13,3
260591,4,2,-1,8,21310,1,0
260592,4,2,-1,8,41569,7,0
260593,4,2,-1,8,17160,7,0
260594,4,2,-1,8,38861,3,0
260595,4,2,-1,8,7560,7,0
260596,4,1,-1,7,15089,16,0
260597,4,2,-1,8,50995,6,0
260598,4,2,-1,8,15684,10,0
260599,4,2,-1,8,41574,7,0
260600,4,0,-1,4,15150,12,0
260601,4,2,-1,8,16984,8,0
260602,4,2,-1,8,55432,1,0
260603,4,2,-1,8,17277,1,0
260604,4,2,-1,8,30654,7,0
260605,4,0,-1,4,40038,2,0
260606,4,0,-1,4,43104,11,0
260607,2,15,-1,0,41872,13,3
260608,4,2,-1,8,17233,5,0
260609,4,0,-1,4,57689,12,0
260610,4,2,-1,8,44178,5,0
260611,4,2,-1,8,13259,1,0
260612,4,2,-1,8,56054,7,0
260613,4,2,-1,8,4532,6,0
260614,4,2,-1,8,16958,7,0
260615,2,15,-1,0,26602,13,3
260616,4,0,-1,4,39212,2,0
260617,4,2,-1,8,17115,6,0
260618,4,2,-1,8,35629,1,0
260619,4,2,-1,8,49842,1,0
260620,4,0,-1,4,64272,2,0
260621,4,2,-1,8,37447,6,0
260622,4,2,-1,8,52520,6,0
260623,4,0,-1,4,52374,11,0
260624,4,2,-1,8,43235,10,0
260625,4,2,-1,8,17094,5,0
260626,4,0,-1,4,52614,12,0
260627,4,2,-1,8,14539,5,0
260628,4,0,-1,4,44086,11,0
260629,4,2,-1,8,38862,6,0
260630,4,2,-1,8,40724,6,0
260631,4,2,-1,8,28205,5,0
260632,2,7,-1,0,20162,13,3
260633,4,0,-1,4,52419,2,0
260634,4,2,-1,8,62216,8,0
260635,4,2,-1,8,49794,7,0
260636,4,0,-1,4,24569,11,0
260637,4,2,-1,8,16958,7,0
260638,4,0,-1,4,48508,2,0
260639,4,2,-1,8,12943,10,0
260640,4,2,-1,8,56352,7,0
260641,4,2,-1,8,15753,10,0
260642,4,2,-1,8,17199,1,0
260643,4,2,-1,8,35161,7,0
260644,4,2,-1,8,19995,3,0
260645,4,2,-1,8,9538,6,0
260646,2,7,-1,0,28458,13,3
260647,4,2,-1,8,46437,5,0
260648,4,2,-1,8,50618,8,0
260649,4,0,-1,4,9853,2,0
260650,4,2,-1,8,27958,6,0
260651,4,2,-1,8,39098,1,0
260652,4,2,-1,8,9513,6,0
260653,4,2,-1,8,17150,7,0
260654,4,2,-1,8,14698,10,0
260655,4,2,-1,8,17095,5,0
260656,4,2,-1,8,51701,3,0
260657,4,2,-1,8,56295,5,0
260658,4,1,-1,7,15248,16,0
260659,4,2,-1,8,56708,8,0
260660,4,2,-1,8,25689,5,0
260661,4,2,-1,8,49922,5,0
260662,4,2,-1,8,17009,9,0
260663,4,2,-1,8,48011,5,0
260664,4,0,-1,4,48172,12,0
260665,4,2,-1,8,11270,3,0
260666,4,2,-1,8,17031,7,0
260667,4,2,-1,8,9531,5,0
260668,4,2,-1,8,41379,10,0
260669,4,2,-1,8,17190,3,0
260670,2,2,-1,0,28344,15,0
260671,4,0,-1,4,38541,11,0
260672,4,1,-1,7,22988,16,0
260673,4,2,-1,8,17099,5,0
260674,4,2,-1,8,41967,5,0
260675,4,2,-1,8,55760,7,0
260676,4,2,-1,8,16702,10,0
260677,4,0,-1,4,35358,2,0
260678,2,15,-1,0,43194,13,3
260679,4,0,-1,4,15421,2,0
260680,2,15,-1,0,40817,13,3
260681,4,2,-1,8,19125,10,0
260682,2,7,-1,0,26503,13,3
260683,4,2,-1,8,21302,1,0
260684,2,15,-1,0,55715,13,3
260685,4,0,-1,4,38560,2,0
260686,4,0,-1,4,64923,12,0
260687,4,0,-1,4,30797,2,0
260688,4,2,-1,8,56610,10,0
260689,4,2,-1,8,27914,5,0
260690,4,0,-1,4,64230,11,0
260691,4,2,-1,8,14599,3,0
260692,4,2,-1,8,27713,3,0
260693,4,2,-1,8,16510,7,0
260694,4,0,-1,4,35313,11,0
260695,4,2,-1,8,27758,5,0
260696,4,1,-1,7,27072,16,0
260697,4,2,-1,8,27962,5,0
260698,4,2,-1,8,8725,5,0
260699,4,2,-1,8,27759,3,0
260700,4,2,-1,8,30171,5,0
260701,4,2,-1,8,27884,7,0
260702,4,2,-1,8,47999,3,0
260703,2,13,-1,0,15720,13,3
260704,4,2,-1,8,59760,3,0
260705,2,2,-1,0,27492,15,0
260706,4,0,-1,4,17918,2,0
260707,4,0,-1,4,33287,2,0
260708,4,1,-1,7,23133,16,0
260709,4,2,-1,8,48324,9,0
260710,4,2,-1,8,56581,7,0
260711,4,2,-1,8,14696,3,0
260712,4,2,-1,8,9505,7,0
260713,4,0,-1,4,48508,2,0
260714,4,1,-1,7,23021,16,0
260715,4,2,-1,8,14831,9,0
260716,4,1,-1,7,28609,16,0
260717,4,2,-1,8,31630,10,0
260718,4,0,-1,4,10530,11,0
260719,2,7,-1,0,5144,13,3
260720,4,2,-1,8,30801,9,0
260721,4,2,-1,8,27759,3,0
260722,4,2,-1,8,14002,9,0
260723,4,2,-1,8,38861,3,0
260724,4,2,-1,8,43542,6,0
260725,2,15,-1,0,38457,13,3
260726,4,2,-1,8,25732,7,0
260727,4,0,-1,4,35358,2,0
260728,4,2,-1,8,17277,1,0
260729,4,2,-1,8,54423,10,0
260730,4,2,-1,8,38350,9,0
260731,4,2,-1,8,27710,8,0
260732,4,2,-1,8,28195,7,0
260733,4,0,-1,4,33288,2,0
260734,4,2,-1,8,25726,9,0
260735,4,0,-1,4,9852,2,0
260736,4,2,-1,8,55742,3,0
260737,4,2,-1,8,19017,10,0
260738,4,2,-1,8,4318,10,0
260739,4,2,-1,8,18934,5,0
260740,4,0,-1,4,32678,11,0
260741,4,1,-1,7,44450,16,0
260742,4,2,-1,8,42414,3,0
260743,4,2,-1,8,25694,7,0
260744,4,2,-1,8,14673,9,0
260745,4,2,-1,8,27957,8,0
260746,4,2,-1,8,27678,8,0
260747,4,0,-1,4,9835,11,0
260748,4,2,-1,8,53667,6,0
260749,4,2,-1,8,56708,8,0
260750,4,2,-1,8,27649,5,0
260751,4,0,-1,4,9658,2,0
260752,4,2,-1,8,34714,5,0
260753,4,0,-1,4,21725,2,0
260754,4,1,-1,7,58998,16,0
260755,4,2,-1,8,59415,9,0
260756,4,1,-1,7,23029,16,0
260757,2,15,-1,0,41881,13,3
260758,4,2,-1,8,27959,1,0
260759,4,2,-1,8,14773,5,0
260760,4,2,-1,8,56054,7,0
260761,4,2,-1,8,27566,6,0
260762,4,0,-1,4,6486,11,0
260763,4,2,-1,8,23844,6,0
260764,4,2,-1,8,53054,7,0
260765,4,2,-1,8,16981,8,0
260766,4,2,-1,8,28243,9,0
260767,4,0,-1,4,24569,11,0
260768,4,2,-1,8,28162,8,0
260769,4,2,-1,8,33293,1,0
260770,4,0,-1,4,15421,2,0
260771,2,4,-1,0,28521,13,3
260772,2,13,-1,0,26592,13,3
260773,4,2,-1,8,16999,8,0
260774,4,2,-1,8,55078,1,0
260775,4,2,-1,8,52573,9,0
260776,4,2,-1,8,49246,3,0
260777,4,2,-1,8,27648,10,0
260778,4,2,-1,8,9174,8,0
260779,4,2,-1,8,57302,1,0
260780,4,0,-1,4,28812,11,0
260781,2,7,-1,0,20030,13,3
260782,4,2,-1,8,17001,9,0
260783,4,2,-1,8,9513,6,0
260784,4,2,-1,8,9503,10,0
260785,4,2,-1,8,51857,3,0
260786,4,2,-1,8,41843,1,0
260787,4,1,-1,7,28616,16,0
260788,4,2,-1,8,28039,8,0
260789,4,0,-1,4,12643,11,0
260790,2,4,-1,0,56241,13,3
260791,4,2,-1,8,17001,9,0
260792,4,0,-1,4,30797,2,0
260793,4,0,-1,4,6551,12,0
260794,4,0,-1,4,14433,11,0
260795,4,2,-1,8,56117,5,0
260796,4,2,-1,8,41838,7,0
260797,4,2,-1,8,28654,8,0
260798,2,4,-1,0,39045,13,3
260799,4,2,-1,8,41574,7,0
260800,4,2,-1,8,28019,7,0
260801,4,2,-1,8,15890,3,0
260802,2,15,-1,0,20491,13,3
260803,4,2,-1,8,27764,3,0
260804,4,1,-1,7,26101,16,0
260805,4,2,-1,8,49904,8,0
260806,4,2,-1,8,18433,3,0
260807,4,2,-1,8,15890,3,0
260808,4,1,-1,7,23139,16,0
260809,2,15,-1,0,20435,13,3
260810,4,0,-1,4,52632,11,0
260811,4,2,-1,8,28176,3,0
260812,4,2,-1,8,24190,9,0
260813,4,2,-1,8,11580,5,0
260814,4,2,-1,8,28243,9,0
260815,4,2,-1,8,14316,3,0
260816,4,2,-1,8,18284,5,0
260817,4,0,-1,4,31906,11,0
260818,4,2,-1,8,17277,1,0
260819,4,2,-1,8,30171,5,0
260820,2,7,-1,0,50509,13,3
260821,2,15,-1,0,3175,13,3
260822,4,2,-1,8,8717,5,0
260823,4,2,-1,8,28195,7,0
260824,4,2,-1,8,43777,1,0
260825,4,2,-1,8,46626,7,0
260826,4,0,-1,4,224,11,0
260827,4,2,-1,8,64481,7,0
260828,4,2,-1,8,15298,1,0
260829,4,2,-1,8,50025,5,0
260830,4,0,-1,4,45362,11,0
260831,4,2,-1,8,51585,10,0
260832,4,0,-1,4,18365,11,0
260833,4,2,-1,8,46938,3,0
260834,2,15,-1,0,20359,13,3
260835,4,0,-1,4,14436,11,0
260836,4,2,-1,8,17122,6,0
260837,4,2,-1,8,29928,3,0
260838,4,2,-1,8,17160,7,0
260839,4,2,-1,8,9123,5,0
260840,4,2,-1,8,14701,8,0
260841,4,2,-1,8,42964,3,0
260842,4,2,-1,8,6758,9,0
260843,4,2,-1,8,39095,9,0
260844,4,2,-1,8,45724,7,0
260845,4,2,-1,8,56679,5,0
260846,4,2,-1,8,56676,8,0
260847,4,2,-1,8,53883,3,0
260848,2,4,-1,0,28869,13,3
260849,2,4,-1,0,50210,13,3
260850,4,0,-1,4,31616,11,0
260851,4,2,-1,8,14635,7,0
260852,2,15,-1,0,39892,13,3
260853,2,13,-1,0,21714,13,3
260854,4,1,-1,7,28661,16,0
260855,4,0,-1,4,15422,11,0
260856,4,0,-1,4,22037,12,0
260857,4,2,-1,8,33132,10,0
260858,4,2,-1,8,44882,1,0
260859,4,2,-1,8,23266,5,0
260860,4,2,-1,8,9513,6,0
260861,2,13,-1,0,24109,13,3
260862,4,1,-1,7,23020,16,0
260863,4,1,-1,7,52423,16,0
260864,4,2,-1,8,36771,5,0
260865,4,2,-1,8,51585,10,0
260866,4,2,-1,8,16920,6,0
260867,4,2,-1,8,31797,20,0
260868,4,2,-1,8,27687,1,0
260869,4,0,-1,4,56781,2,0
260870,4,2,-1,8,51264,1,0
260871,4,2,-1,8,64533,5,0
260872,4,2,-1,8,37493,5,0
260873,4,2,-1,8,16131,6,0
260874,2,4,-1,0,28512,13,3
260875,4,2,-1,8,19020,3,0
260876,4,2,-1,8,14389,6,0
260877,4,2,-1,8,6718,7,0
260878,4,0,-1,4,52576,12,0
260879,4,2,-1,8,25686,7,0
260880,4,2,-1,8,48456,7,0
260881,4,0,-1,4,23608,11,0
260882,4,1,-1,7,23117,16,0
260883,4,2,-1,8,17102,5,0
260884,4,2,-1,8,27728,5,0
260885,4,2,-1,8,12369,5,0
260886,4,2,-1,8,43181,3,0
260887,4,2,-1,8,56591,3,0
260888,4,2,-1,8,56704,10,0
260889,4,2,-1,8,27907,1,0
260890,4,2,-1,8,7545,6,0
260891,4,0,-1,4,38130,12,0
260892,4,1,-1,7,23133,16,0
260893,4,0,-1,4,18707,2,0
260894,4,2,-1,8,9502,5,0
260895,4,2,-1,8,48258,20,0
260896,4,2,-1,8,14759,8,0
260897,4,0,-1,4,53133,2,0
260898,4,2,-1,8,56791,1,0
260899,4,2,-1,8,8753,1,0
260900,4,2,-1,8,14536,10,0
260901,4,0,-1,4,15150,12,0
260902,4,2,-1,8,14068,5,0
260903,4,2,-1,8,61799,10,0
260904,2,18,-1,0,39059,26,0
260905,4,0,-1,4,15421,2,0
260906,4,2,-1,8,43181,3,0
260907,2,7,-1,0,46839,13,3
260908,4,2,-1,8,28427,9,0
260909,4,0,-1,4,51280,2,0
260910,4,2,-1,8,13864,8,0
260911,4,2,-1,8,49926,6,0
260912,4,2,-1,8,28330,3,0
260913,4,2,-1,8,28591,7,0
260914,4,0,-1,4,7093,2,0
260915,4,0,-1,4,38098,2,0
260916,4,2,-1,8,17182,10,0
260917,4,2,-1,8,39896,8,0
260918,4,2,-1,8,21903,8,0
260919,4,2,-1,8,14261,5,0
260920,4,2,-1,8,25737,6,0
260921,4,2,-1,8,27713,3,0
260922,4,2,-1,8,48678,8,0
260923,4,2,-1,8,27719,9,0
260924,4,2,-1,8,35381,8,0
260925,4,0,-1,4,32678,11,0
260926,4,2,-1,8,14770,9,0
260927,4,2,-1,8,28763,6,0
260928,4,2,-1,8,29979,10,0
260929,4,2,-1,8,14536,10,0
260930,4,0,-1,4,35472,11,0
260931,4,0,-1,4,7841,12,0
260932,4,2,-1,8,17223,10,0
260933,4,0,-1,4,7397,12,0
260934,4,2,-1,8,56963,7,0
260935,4,2,-1,8,17031,7,0
260936,4,2,-1,8,48753,7,0
260937,4,2,-1,8,51718,9,0
260938,4,2,-1,8,54879,5,0
260939,4,2,-1,8,15412,8,0
260940,4,2,-1,8,54972,7,0
260941,4,2,-1,8,38993,8,0
260942,4,2,-1,8,56423,6,0
260943,4,2,-1,8,27978,3,0
260944,4,2,-1,8,28018,5,0
260945,4,2,-1,8,53815,6,0
260946,4,2,-1,8,48753,7,0
260947,4,2,-1,8,48676,6,0
260948,4,2,-1,8,14546,10,0
260949,4,2,-1,8,14758,5,0
260950,4,2,-1,8,26035,3,0
260951,4,2,-1,8,49985,10,0
260952,4,0,-1,4,41858,12,0
260953,4,0,-1,4,15420,2,0
260954,4,2,-1,8,8717,5,0
260955,4,2,-1,8,17231,6,0
260956,4,0,-1,4,22293,12,0
260957,4,2,-1,8,44319,5,0
260958,4,2,-1,8,17141,7,0
260959,4,2,-1,8,43562,10,0
260960,4,2,-1,8,52902,5,0
260961,4,2,-1,8,51528,7,0
260962,4,2,-1,8,31797,20,0
260963,4,2,-1,8,14410,9,0
260964,4,2,-1,8,17178,10,0
260965,4,2,-1,8,15330,1,0
260966,4,2,-1,8,39466,8,0
260967,4,2,-1,8,39321,7,0
260968,4,0,-1,4,51719,2,0
260969,4,2,-1,8,33599,10,0
260970,4,2,-1,8,17141,7,0
260971,4,2,-1,8,56676,8,0
260972,4,2,-1,8,44156,5,0
260973,4,2,-1,8,41854,1,0
260974,4,2,-1,8,6735,10,0
260975,4,2,-1,8,15684,10,0
260976,4,2,-1,8,17103,5,0
260977,4,2,-1,8,27977,10,0
260978,4,0,-1,4,38572,12,0
260979,4,2,-1,8,34590,3,0
260980,4,2,-1,8,34244,6,0
260981,4,2,-1,8,27965,8,0
260982,4,2,-1,8,24182,7,0
260983,4,2,-1,8,50605,1,0
260984,4,1,-1,7,38548,16,0
260985,4,2,-1,8,43653,1,0
260986,4,2,-1,8,6735,10,0
260987,2,15,-1,0,50124,13,3
260988,4,2,-1,8,24182,7,0
260989,4,0,-1,4,9854,2,0
260990,4,2,-1,8,16921,6,0
260991,4,2,-1,8,14602,5,0
260992,4,2,-1,8,27617,8,0
260993,4,2,-1,8,35054,5,0
260994,4,2,-1,8,42460,1,0
260995,4,2,-1,8,52906,1,0
260996,4,2,-1,8,46437,5,0
260997,4,2,-1,8,28241,8,0
260998,4,1,-1,7,23010,16,0
260999,4,0,-1,4,7248,12,0
280000,4,0,-1,4,52439,11,0
280001,4,1,-1,7,28050,9,0
280002,4,1,-1,7,34897,3,0
280003,2,10,-1,0,20372,17,2
280004,4,0,-1,4,43101,12,0
280005,2,4,-1,0,15887,13,3
280006,4,1,-1,7,28140,7,0
280007,4,1,-1,7,55757,10,0
280008,4,1,-1,7,27980,16,0
280009,4,1,-1,7,26175,16,0
280010,4,0,-1,4,9854,2,0
280011,4,1,-1,7,16787,6,0
280012,4,1,-1,7,52225,10,0
280013,4,0,-1,4,24569,11,0
280014,4,0,-1,4,43423,2,0
280015,4,1,-1,7,28730,6,0
280016,2,4,-1,0,19707,13,3
280017,4,1,-1,7,18835,10,0
280018,4,1,-1,7,14589,3,0
280019,4,1,-1,7,21457,3,0
280020,4,1,-1,7,16824,1,0
280021,2,4,-1,0,8570,13,3
280022,4,0,-1,4,21072,12,0
280023,4,1,-1,7,51154,5,0
280024,4,0,-1,4,30696,2,0
280025,4,1,-1,7,16815,10,0
280026,4,1,-1,7,19951,7,0
280027,4,1,-1,7,53381,1,0
280028,4,1,-1,7,40702,10,0
280029,4,1,-1,7,25881,6,0
280030,4,1,-1,7,27800,20,0
280031,4,1,-1,7,56190,16,0
280032,4,1,-1,7,18968,16,0
280033,4,1,-1,7,17143,10,0
280034,4,1,-1,7,58419,16,0
280035,4,1,-1,7,56011,3,0
280036,2,4,-1,0,1759,13,3
280037,4,1,-1,7,39976,5,0
280038,4,1,-1,7,23069,16,0
280039,4,1,-1,7,26501,3,0
280040,4,1,-1,7,39338,3,0
280041,4,1,-1,7,29793,6,0
280042,4,0,-1,4,23715,2,0
280043,4,1,-1,7,9552,6,0
280044,2,4,-1,0,57332,13,3
280045,4,1,-1,7,6295,10,0
280046,2,19,-1,0,43774,26,0
280047,4,1,-1,7,23012,16,0
280048,4,1,-1,7,19710,7,0
280049,4,0,-1,4,45851,12,0
280050,4,1,-1,7,16713,8,0
280051,4,0,-1,4,48510,2,0
280052,4,1,-1,7,59517,5,0
280053,4,1,-1,7,44483,8,0
280054,2,10,-1,0,20424,17,2
280055,4,0,-1,4,50547,12,0
280056,4,1,-1,7,26050,10,0
280057,4,1,-1,7,6295,10,0
280058,2,10,-1,0,20424,17,2
280059,4,1,-1,7,16544,1,0
280060,4,1,-1,7,26962,16,0
280061,4,1,-1,7,27861,8,0
280062,4,1,-1,7,40312,7,0
280063,4,0,-1,4,23727,12,0
280064,4,1,-1,7,46455,16,0
280065,4,1,-1,7,13500,8,0
280066,4,1,-1,7,25233,8,0
280067,4,1,-1,7,29798,3,0
280068,4,1,-1,7,52623,6,0
280069,2,10,-1,0,20363,17,2
280070,4,0,-1,4,54999,2,0
280071,4,1,-1,7,39778,6,0
280072,4,1,-1,7,27862,1,0
280073,4,1,-1,7,27607,16,0
280074,4,0,-1,4,24187,12,0
280075,4,1,-1,7,42449,20,0
280076,4,0,-1,4,39128,11,0
280077,4,1,-1,7,51040,5,0
280078,4,1,-1,7,64269,7,0
280079,4,0,-1,4,7248,12,0
280080,4,1,-1,7,12682,20,0
280081,4,0,-1,4,9857,2,0
280082,4,1,-1,7,44107,7,0
280083,4,0,-1,4,14437,2,0
280084,4,1,-1,7,23014,16,0
280085,4,1,-1,7,27862,1,0
280086,4,1,-1,7,14750,9,0
280087,4,0,-1,4,49225,11,0
280088,2,4,-1,0,47606,13,3
280089,4,1,-1,7,56190,16,0
280090,2,19,-1,0,28216,26,0
280091,4,1,-1,7,16592,10,0
280092,4,1,-1,7,59028,16,0
280093,4,1,-1,7,16966,10,0
280094,4,1,-1,7,14152,10,0
280095,4,0,-1,4,6012,11,0
280096,2,19,-1,0,28457,26,0
280097,4,1,-1,7,16642,10,0
280098,4,1,-1,7,21457,3,0
280099,4,1,-1,7,43214,6,0
280100,4,0,-1,4,50376,11,0
280101,4,1,-1,7,14624,6,0
280102,4,0,-1,4,40049,12,0
280103,4,1,-1,7,44485,5,0
280104,4,1,-1,7,28057,9,0
280105,4,1,-1,7,34624,1,0
280106,4,1,-1,7,30693,9,0
280107,4,1,-1,7,56072,3,0
280108,2,10,-1,0,20395,17,2
280109,4,1,-1,7,56924,1,0
280110,4,1,-1,7,30667,8,0
280111,4,0,-1,4,23521,12,0
280112,4,1,-1,7,14552,8,0
280113,4,1,-1,7,54387,1,0
280114,4,0,-1,4,3026,12,0
280115,4,1,-1,7,59294,6,0
280116,4,1,-1,7,26011,20,0
280117,4,1,-1,7,30412,3,0
280118,4,1,-1,7,51266,20,0
280119,4,1,-1,7,44265,1,0
280120,4,1,-1,7,25235,6,0
280121,4,1,-1,7,43895,1,0
280122,4,0,-1,4,17776,12,0
280123,4,1,-1,7,52329,9,0
280124,4,1,-1,7,24113,6,0
280125,4,1,-1,7,28080,8,0
280126,4,1,-1,7,44108,9,0
280127,4,1,-1,7,26054,3,0
280128,4,1,-1,7,54280,7,0
280129,4,1,-1,7,26020,10,0
280130,2,19,-1,0,44594,26,0
280131,4,1,-1,7,16831,6,0
280132,2,10,-1,0,22252,17,2
280133,4,0,-1,4,6522,2,0
280134,4,0,-1,4,26391,11,0
280135,4,1,-1,7,53092,6,0
280136,4,1,-1,7,64599,1,0
280137,4,1,-1,7,18906,8,0
280138,4,1,-1,7,54579,7,0
280139,4,1,-1,7,59073,6,0
280140,4,1,-1,7,12387,5,0
280141,4,1,-1,7,14552,8,0
280142,4,1,-1,7,64287,7,0
280143,4,1,-1,7,64581,10,0
280144,4,1,-1,7,35380,8,0
280145,4,1,-1,7,25873,5,0
280146,2,10,-1,0,30711,17,2
280147,4,1,-1,7,17123,20,0
280148,4,1,-1,7,42303,7,0
280149,4,1,-1,7,14680,9,0
280150,4,0,-1,4,23949,12,0
280151,4,0,-1,4,2854,11,0
280152,4,1,-1,7,52117,8,0
280153,4,1,-1,7,13524,8,0
280154,4,1,-1,7,28080,8,0
280155,4,0,-1,4,18397,11,0
280156,4,0,-1,4,34491,2,0
280157,2,19,-1,0,40156,26,0
280158,4,1,-1,7,26063,5,0
280159,4,1,-1,7,38441,10,0
280160,2,19,-1,0,20903,26,0
280161,4,0,-1,4,9086,2,0
280162,2,10,-1,0,20269,17,2
280163,4,1,-1,7,16809,8,0
280164,4,1,-1,7,19710,7,0
280165,4,1,-1,7,18334,1,0
280166,4,1,-1,7,16826,1,0
280167,4,1,-1,7,23101,16,0
280168,4,1,-1,7,56573,3,0
280169,4,0,-1,4,24569,11,0
280170,4,0,-1,4,26537,11,0
280171,4,1,-1,7,16830,6,0
280172,4,0,-1,4,40518,11,0
280173,4,1,-1,7,34793,9,0
280174,4,1,-1,7,27753,10,0
280175,4,1,-1,7,12389,20,0
280176,4,0,-1,4,18397,11,0
280177,4,1,-1,7,2486,8,0
280178,4,1,-1,7,52529,1,0
280179,4,1,-1,7,51218,7,0
280180,4,1,-1,7,16901,9,0
280181,4,1,-1,7,20476,10,0
280182,4,0,-1,4,48508,2,0
280183,4,1,-1,7,11946,3,0
280184,4,0,-1,4,36755,2,0
280185,4,1,-1,7,21839,1,0
280186,4,1,-1,7,14739,5,0
280187,4,1,-1,7,12395,7,0
280188,4,1,-1,7,16846,7,0
280189,4,1,-1,7,52491,1,0
280190,4,1,-1,7,44372,16,0
280191,4,1,-1,7,16592,10,0
280192,4,1,-1,7,29975,7,0
280193,4,1,-1,7,38102,8,0
280194,4,1,-1,7,8666,5,0
280195,4,1,-1,7,38442,7,0
280196,2,10,-1,0,51938,17,2
280197,4,0,-1,4,4284,11,0
280198,4,0,-1,4,57689,12,0
280199,4,1,-1,7,28155,6,0
280200,4,1,-1,7,16716,6,0
280201,4,1,-1,7,26275,10,0
280202,4,1,-1,7,4869,3,0
280203,4,1,-1,7,52126,6,0
280204,4,1,-1,7,27857,9,0
280205,4,1,-1,7,56924,1,0
280206,4,0,-1,4,19785,12,0
280207,2,4,-1,0,50205,13,3
280208,4,1,-1,7,18866,3,0
280209,4,1,-1,7,27525,16,0
280210,4,1,-1,7,52004,16,0
280211,4,1,-1,7,31625,10,0
280212,4,0,-1,4,31655,11,0
280213,4,1,-1,7,12439,8,0
280214,4,1,-1,7,19812,7,0
280215,2,10,-1,0,53255,17,2
280216,4,1,-1,7,17234,3,0
280217,4,1,-1,7,46431,5,0
280218,4,1,-1,7,28182,7,0
280219,2,10,-1,0,28231,17,2
280220,4,1,-1,7,28057,9,0
280221,4,1,-1,7,16671,20,0
280222,4,1,-1,7,16561,7,0
280223,4,0,-1,4,23727,12,0
280224,4,1,-1,7,40545,1,0
280225,4,1,-1,7,28642,6,0
280226,4,1,-1,7,23732,10,0
280227,2,19,-1,0,47699,26,0
280228,4,0,-1,4,33288,2,0
280229,4,1,-1,7,25915,6,0
280230,4,0,-1,4,22293,12,0
280231,4,0,-1,4,7570,2,0
280232,4,0,-1,4,51276,11,0
280233,4,1,-1,7,39886,7,0
280234,2,4,-1,0,59367,13,3
280235,4,0,-1,4,35358,2,0
280236,4,1,-1,7,46062,6,0
280237,4,1,-1,7,43737,8,0
280238,4,1,-1,7,56924,1,0
280239,4,1,-1,7,29979,10,0
280240,2,4,-1,0,35643,13,3
280241,4,1,-1,7,30697,6,0
280242,4,1,-1,7,28165,20,0
280243,4,1,-1,7,29951,20,0
280244,4,1,-1,7,18337,9,0
280245,4,0,-1,4,48507,2,0
280246,4,1,-1,7,43821,8,0
280247,4,1,-1,7,31602,6,0
280248,4,1,-1,7,28013,9,0
280249,4,1,-1,7,43182,7,0
280250,4,1,-1,7,52361,20,0
280251,4,0,-1,4,6502,2,0
280252,4,0,-1,4,6502,2,0
280253,4,1,-1,7,56572,3,0
280254,4,1,-1,7,51208,3,0
280255,4,1,-1,7,43076,7,0
280256,4,1,-1,7,42645,9,0
280257,2,10,-1,0,20377,17,2
280258,4,0,-1,4,41936,12,0
280259,4,1,-1,7,30474,10,0
280260,4,1,-1,7,28477,6,0
280261,4,1,-1,7,45400,9,0
280262,4,1,-1,7,27633,8,0
280263,4,0,-1,4,40040,2,0
280264,2,4,-1,0,28075,13,3
280265,4,1,-1,7,28645,8,0
280266,4,1,-1,7,43005,10,0
280267,2,10,-1,0,42091,17,2
280268,4,1,-1,7,65275,20,0
280269,4,1,-1,7,56056,7,0
280270,4,1,-1,7,41223,7,0
280271,4,1,-1,7,26061,7,0
280272,4,0,-1,4,33262,2,0
280273,4,1,-1,7,44159,5,0
280274,2,19,-1,0,28267,26,0
280275,4,1,-1,7,48719,1,0
280276,4,1,-1,7,26619,1,0
280277,4,0,-1,4,31603,12,0
280278,2,10,-1,0,20391,17,2
280279,2,19,-1,0,40816,26,0
280280,4,1,-1,7,12388,7,0
280281,4,1,-1,7,48354,6,0
280282,4,1,-1,7,19932,6,0
280283,4,1,-1,7,13023,6,0
280284,2,19,-1,0,28248,26,0
280285,4,1,-1,7,39780,7,0
280286,2,19,-1,0,28159,26,0
280287,4,1,-1,7,56034,9,0
280288,4,1,-1,7,28063,8,0
280289,2,10,-1,0,9122,17,2
280290,4,1,-1,7,35380,8,0
280291,4,1,-1,7,27479,20,0
280292,4,1,-1,7,44717,1,0
280293,4,1,-1,7,16821,8,0
280294,4,1,-1,7,14615,7,0
280295,4,1,-1,7,51783,6,0
280296,4,1,-1,7,16915,9,0
280297,4,1,-1,7,30768,10,0
280298,4,1,-1,7,11997,6,0
280299,4,1,-1,7,42977,6,0
280300,4,1,-1,7,9555,10,0
280301,4,0,-1,4,7371,12,0
280302,4,1,-1,7,51388,10,0
280303,4,1,-1,7,24767,9,0
280304,2,10,-1,0,20382,17,2
280305,4,1,-1,7,9077,3,0
280306,4,1,-1,7,28074,20,0
280307,4,1,-1,7,19918,7,0
280308,4,1,-1,7,47413,9,0
280309,4,1,-1,7,16544,1,0
280310,4,1,-1,7,25998,6,0
280311,4,0,-1,4,22293,12,0
280312,4,1,-1,7,16601,10,0
280313,4,0,-1,4,31604,2,0
280314,4,0,-1,4,23521,12,0
280315,4,0,-1,4,31603,12,0
280316,4,1,-1,7,55368,8,0
280317,4,1,-1,7,14735,6,0
280318,4,1,-1,7,51194,20,0
280319,4,0,-1,4,43120,11,0
280320,4,0,-1,4,17776,12,0
280321,4,0,-1,4,20625,12,0
280322,4,1,-1,7,39335,10,0
280323,4,0,-1,4,33534,11,0
280324,4,1,-1,7,52106,7,0
280325,4,1,-1,7,43972,7,0
280326,4,0,-1,4,52454,2,0
280327,4,1,-1,7,4301,8,0
280328,4,1,-1,7,14645,8,0
280329,4,1,-1,7,30424,7,0
280330,4,1,-1,7,53660,8,0
280331,4,1,-1,7,16852,7,0
280332,4,1,-1,7,14552,8,0
280333,4,1,-1,7,14617,8,0
280334,4,1,-1,7,6291,10,0
280335,4,1,-1,7,18999,10,0
280336,2,10,-1,0,20362,17,2
280337,2,10,-1,0,35242,17,2
280338,2,19,-1,0,44799,26,0
280339,4,1,-1,7,26005,6,0
280340,4,1,-1,7,23098,16,0
280341,4,1,-1,7,52493,1,0
280342,4,1,-1,7,21114,20,0
280343,4,1,-1,7,40918,16,0
280344,4,1,-1,7,56131,7,0
280345,4,1,-1,7,27927,5,0
280346,4,0,-1,4,32678,11,0
280347,4,0,-1,4,51515,11,0
280348,4,0,-1,4,56103,11,0
280349,4,0,-1,4,34491,2,0
280350,4,1,-1,7,28648,7,0
280351,4,1,-1,7,26050,10,0
280352,4,1,-1,7,20476,10,0
280353,4,0,-1,4,26537,11,0
280354,2,10,-1,0,20432,17,2
280355,2,19,-1,0,39743,26,0
280356,4,1,-1,7,16716,6,0
280357,4,1,-1,7,51531,16,0
280358,4,1,-1,7,38548,16,0
280359,4,1,-1,7,11060,8,0
280360,4,1,-1,7,56788,20,0
280361,4,0,-1,4,53194,2,0
280362,2,19,-1,0,20825,26,0
280363,4,1,-1,7,40130,16,0
280364,4,1,-1,7,5116,3,0
280365,4,1,-1,7,13236,1,0
280366,4,0,-1,4,33262,2,0
280367,2,19,-1,0,20821,26,0
280368,4,1,-1,7,32924,7,0
280369,4,1,-1,7,23012,16,0
280370,4,1,-1,7,16790,9,0
280371,4,1,-1,7,52068,3,0
280372,4,0,-1,4,56339,11,0
280373,4,1,-1,7,27293,1,0
280374,4,1,-1,7,25255,7,0
280375,4,1,-1,7,51224,10,0
280376,4,1,-1,7,13664,6,0
280377,4,1,-1,7,23127,16,0
280378,4,1,-1,7,55549,3,0
280379,4,1,-1,7,13236,1,0
280380,4,1,-1,7,56527,1,0
280381,4,1,-1,7,6297,7,0
280382,4,1,-1,7,25858,6,0
280383,4,1,-1,7,44630,16,0
280384,4,1,-1,7,28109,3,0
280385,4,1,-1,7,25235,6,0
280386,4,0,-1,4,9865,11,0
280387,4,1,-1,7,12393,20,0
280388,4,1,-1,7,17123,20,0
280389,4,1,-1,7,25975,16,0
280390,4,1,-1,7,43150,6,0
280391,4,1,-1,7,28741,10,0
280392,4,1,-1,7,15042,16,0
280393,4,1,-1,7,16906,9,0
280394,4,1,-1,7,16929,9,0
280395,4,1,-1,7,26131,20,0
280396,4,1,-1,7,27910,10,0
280397,4,1,-1,7,37537,20,0
280398,4,1,-1,7,14644,7,0
280399,4,1,-1,7,26225,8,0
280400,2,10,-1,0,22252,17,2
280401,4,1,-1,7,16918,9,0
280402,4,1,-1,7,31228,1,0
280403,4,1,-1,7,53094,10,0
280404,4,0,-1,4,15421,2,0
280405,4,1,-1,7,24943,7,0
280406,4,0,-1,4,34491,2,0
280407,4,1,-1,7,26102,10,0
280408,2,19,-1,0,50364,26,0
280409,2,4,-1,0,8565,13,3
280410,4,1,-1,7,55889,7,0
280411,4,1,-1,7,17120,8,0
280412,4,1,-1,7,50974,16,0
280413,4,1,-1,7,28168,9,0
280414,4,1,-1,7,14685,7,0
280415,4,1,-1,7,18347,5,0
280416,4,1,-1,7,15906,1,0
280417,4,1,-1,7,11999,8,0
280418,4,1,-1,7,52231,20,0
280419,4,1,-1,7,26214,1,0
280420,4,1,-1,7,30772,10,0
280421,4,1,-1,7,52225,10,0
280422,4,1,-1,7,55654,8,0
280423,2,10,-1,0,39987,17,2
280424,4,1,-1,7,16946,10,0
280425,4,1,-1,7,58328,20,0
280426,2,4,-1,0,45345,13,3
280427,4,0,-1,4,52818,12,0
280428,4,0,-1,4,38555,2,0
280429,4,0,-1,4,9849,11,0
280430,4,1,-1,7,19915,9,0
280431,4,1,-1,7,46514,1,0
280432,4,1,-1,7,31632,16,0
280433,4,1,-1,7,26225,8,0
280434,4,1,-1,7,29273,7,0
280435,4,1,-1,7,27479,20,0
280436,4,1,-1,7,39396,8,0
280437,4,1,-1,7,14749,8,0
280438,4,1,-1,7,16821,8,0
280439,4,0,-1,4,7544,11,0
280440,4,0,-1,4,43706,11,0
280441,2,10,-1,0,28699,17,2
280442,2,4,-1,0,19801,13,3
280443,2,19,-1,0,39743,26,0
280444,2,10,-1,0,50536,17,2
280445,4,1,-1,7,18376,1,0
280446,4,1,-1,7,51187,8,0
280447,2,10,-1,0,28345,17,2
280448,2,10,-1,0,20316,17,2
280449,4,1,-1,7,52458,20,0
280450,4,1,-1,7,59298,9,0
280451,4,1,-1,7,37436,6,0
280452,4,1,-1,7,4869,3,0
280453,2,19,-1,0,18356,26,0
280454,4,1,-1,7,56131,7,0
280455,4,1,-1,7,23091,16,0
280456,4,1,-1,7,52073,8,0
280457,4,0,-1,4,39129,11,0
280458,4,1,-1,7,4615,8,0
280459,4,1,-1,7,52234,3,0
280460,4,1,-1,7,13357,7,0
280461,4,1,-1,7,28741,10,0
280462,4,1,-1,7,52340,6,0
280463,4,0,-1,4,39927,12,0
280464,4,1,-1,7,19056,10,0
280465,4,1,-1,7,38441,10,0
280466,4,0,-1,4,32678,11,0
280467,2,10,-1,0,28580,17,2
280468,4,1,-1,7,14750,9,0
280469,4,1,-1,7,39884,10,0
280470,4,1,-1,7,16848,7,0
280471,4,1,-1,7,23000,16,0
280472,4,0,-1,4,6502,12,0
280473,2,4,-1,0,33120,13,3
280474,4,1,-1,7,26136,6,0
280475,4,1,-1,7,25858,6,0
280476,4,1,-1,7,55549,3,0
280477,4,1,-1,7,16950,10,0
280478,4,0,-1,4,7143,12,0
280479,4,1,-1,7,53087,6,0
280480,4,1,-1,7,59517,5,0
280481,4,1,-1,7,54840,6,0
280482,4,0,-1,4,224,11,0
280483,4,1,-1,7,12980,3,0
280484,4,1,-1,7,51849,6,0
280485,4,1,-1,7,51783,6,0
280486,4,0,-1,4,38674,11,0
280487,4,1,-1,7,28079,6,0
280488,4,1,-1,7,12345,7,0
280489,4,1,-1,7,61892,1,0
280490,4,1,-1,7,26053,20,0
280491,4,1,-1,7,40708,5,0
280492,4,1,-1,7,18415,1,0
280493,4,1,-1,7,16892,9,0
280494,4,0,-1,4,24646,11,0
280495,4,1,-1,7,19055,10,0
280496,4,1,-1,7,16667,20,0
280497,4,1,-1,7,52444,8,0
280498,4,0,-1,4,48508,2,0
280499,4,0,-1,4,23521,12,0
280500,4,1,-1,7,18998,10,0
280501,2,10,-1,0,44339,17,2
280502,4,1,-1,7,15911,1,0
280503,4,1,-1,7,15267,16,0
280504,2,19,-1,0,13084,26,0
280505,4,1,-1,7,26287,9,0
280506,2,19,-1,0,25076,26,0
280507,4,0,-1,4,26391,11,0
280508,4,0,-1,4,14437,2,0
280509,4,1,-1,7,61480,9,0
280510,4,1,-1,7,10169,3,0
280511,4,1,-1,7,11166,7,0
280512,4,0,-1,4,38541,11,0
280513,4,0,-1,4,30799,2,0
280514,4,0,-1,4,52439,11,0
280515,2,19,-1,0,28218,26,0
280516,4,1,-1,7,23014,16,0
280517,4,1,-1,7,42576,10,0
280518,4,1,-1,7,15156,16,0
280519,4,1,-1,7,14737,10,0
280520,4,0,-1,4,23629,11,0
280521,4,1,-1,7,26275,10,0
280522,4,1,-1,7,12973,7,0
280523,4,1,-1,7,48721,7,0
280524,2,10,-1,0,20424,17,2
280525,4,1,-1,7,19796,10,0
280526,4,0,-1,4,15422,11,0
280527,4,1,-1,7,28617,8,0
280528,4,1,-1,7,51161,6,0
280529,4,1,-1,7,28251,16,0
280530,4,1,-1,7,25880,5,0
280531,4,1,-1,7,16852,7,0
280532,4,0,-1,4,32678,11,0
280533,4,0,-1,4,9842,11,0
280534,4,1,-1,7,16607,20,0
280535,4,1,-1,7,16694,20,0
280536,4,1,-1,7,44451,9,0
280537,4,1,-1,7,43732,6,0
280538,4,1,-1,7,56527,1,0
280539,2,10,-1,0,20356,17,2
280540,4,1,-1,7,6295,10,0
280541,4,1,-1,7,18428,20,0
280542,4,1,-1,7,37537,20,0
280543,4,0,-1,4,6012,11,0
280544,4,1,-1,7,56056,7,0
280545,2,10,-1,0,20363,17,2
280546,4,1,-1,7,27857,9,0
280547,4,1,-1,7,29593,10,0
280548,4,1,-1,7,28871,20,0
280549,4,1,-1,7,16822,8,0
280550,4,1,-1,7,55943,16,0
280551,4,1,-1,7,13357,7,0
280552,4,0,-1,4,31633,2,0
280553,4,0,-1,4,9854,2,0
280554,4,1,-1,7,19810,5,0
280555,4,1,-1,7,54508,10,0
280556,4,1,-1,7,40777,16,0
280557,4,1,-1,7,39883,8,0
280558,4,0,-1,4,39920,12,0
280559,4,1,-1,7,14737,10,0
280560,4,1,-1,7,12973,7,0
280561,4,1,-1,7,29800,10,0
280562,4,0,-1,4,9845,11,0
280563,2,10,-1,0,51713,17,2
280564,4,1,-1,7,58997,16,0
280565,2,10,-1,0,37290,17,2
280566,4,1,-1,7,49957,10,0
280567,4,1,-1,7,12696,20,0
280568,4,1,-1,7,6295,10,0
280569,4,1,-1,7,26619,1,0
280570,4,1,-1,7,51413,6,0
280571,4,1,-1,7,24616,10,0
280572,4,0,-1,4,9857,2,0
280573,4,1,-1,7,16591,7,0
280574,4,0,-1,4,9854,2,0
280575,4,1,-1,7,25952,5,0
280576,4,0,-1,4,52419,2,0
280577,4,1,-1,7,28646,7,0
280578,2,10,-1,0,20275,17,2
280579,2,19,-1,0,39743,26,0
280580,4,1,-1,7,28991,20,0
280581,4,1,-1,7,34808,16,0
280582,4,1,-1,7,40539,10,0
280583,4,1,-1,7,23031,16,0
280584,4,0,-1,4,7570,2,0
280585,4,0,-1,4,9658,2,0
280586,4,0,-1,4,21632,12,0
280587,4,1,-1,7,26282,7,0
280588,4,1,-1,7,37459,8,0
280589,4,1,-1,7,15399,6,0
280590,4,1,-1,7,16670,20,0
280591,4,1,-1,7,15912,1,0
280592,2,19,-1,0,28697,26,0
280593,4,0,-1,4,39914,12,0
280594,4,1,-1,7,26029,10,0
280595,4,1,-1,7,43087,8,0
280596,4,0,-1,4,41951,11,0
280597,4,1,-1,7,21457,3,0
280598,4,1,-1,7,56737,16,0
280599,4,0,-1,4,9838,11,0
280600,4,1,-1,7,51413,6,0
280601,4,1,-1,7,26007,10,0
280602,4,1,-1,7,52005,16,0
280603,2,4,-1,0,5221,13,3
280604,4,1,-1,7,14750,9,0
280605,2,4,-1,0,19743,13,3
280606,4,1,-1,7,39337,5,0
280607,4,1,-1,7,29929,6,0
280608,4,1,-1,7,14680,9,0
280609,4,0,-1,4,18397,11,0
280610,4,1,-1,7,16864,10,0
280611,4,1,-1,7,42714,9,0
280612,4,1,-1,7,52071,9,0
280613,4,1,-1,7,44167,6,0
280614,4,1,-1,7,59720,7,0
280615,4,0,-1,4,21115,12,0
280616,4,0,-1,4,18365,11,0
280617,4,1,-1,7,55691,6,0
280618,4,1,-1,7,45743,9,0
280619,4,1,-1,7,28098,20,0
280620,4,1,-1,7,52222,8,0
280621,4,1,-1,7,52071,9,0
280622,4,1,-1,7,52464,8,0
280623,4,1,-1,7,27477,20,0
280624,4,1,-1,7,28617,8,0
280625,4,1,-1,7,16636,9,0
280626,4,0,-1,4,48512,2,0
280627,4,1,-1,7,20476,10,0
280628,4,1,-1,7,16831,6,0
280629,4,1,-1,7,16826,1,0
280630,4,1,-1,7,59035,16,0
280631,2,10,-1,0,20432,17,2
280632,4,1,-1,7,35975,20,0
280633,4,1,-1,7,15322,1,0
280634,4,1,-1,7,12387,5,0
280635,4,1,-1,7,26061,7,0
280636,4,1,-1,7,16544,1,0
280637,4,1,-1,7,40700,8,0
280638,4,1,-1,7,14640,9,0
280639,4,1,-1,7,28990,20,0
280640,4,0,-1,4,9843,11,0
280641,4,1,-1,7,43191,20,0
280642,4,1,-1,7,10508,10,0
280643,4,1,-1,7,15407,9,0
280644,4,1,-1,7,55989,9,0
280645,4,1,-1,7,28736,7,0
280646,4,1,-1,7,26134,8,0
280647,4,1,-1,7,37798,8,0
280648,4,1,-1,7,25947,6,0
280649,4,1,-1,7,47422,9,0
280650,4,1,-1,7,26151,9,0
280651,4,1,-1,7,14617,8,0
280652,4,0,-1,4,7570,2,0
280653,4,0,-1,4,14437,2,0
280654,4,1,-1,7,59517,5,0
280655,4,1,-1,7,57267,8,0
280656,4,0,-1,4,23521,12,0
280657,4,1,-1,7,14511,7,0
280658,2,4,-1,0,19699,13,3
280659,4,1,-1,7,11638,3,0
280660,4,1,-1,7,23010,16,0
280661,4,1,-1,7,50051,16,0
280662,4,0,-1,4,40413,2,0
280663,4,1,-1,7,12439,8,0
280664,4,1,-1,7,52337,20,0
280665,2,10,-1,0,28467,17,2
280666,4,1,-1,7,30639,8,0
280667,4,0,-1,4,24569,11,0
280668,4,1,-1,7,15008,10,0
280669,4,1,-1,7,30474,10,0
280670,4,1,-1,7,14511,7,0
280671,2,10,-1,0,20293,17,2
280672,4,1,-1,7,44716,1,0
280673,2,4,-1,0,5218,13,3
280674,4,1,-1,7,56573,3,0
280675,4,0,-1,4,24646,11,0
280676,4,1,-1,7,23141,16,0
280677,4,0,-1,4,23715,2,0
280678,2,10,-1,0,51691,17,2
280679,4,1,-1,7,14529,7,0
280680,4,1,-1,7,19932,6,0
280681,4,1,-1,7,56538,16,0
280682,4,1,-1,7,15800,3,0
280683,4,1,-1,7,55364,7,0
280684,4,0,-1,4,18059,12,0
280685,4,1,-1,7,33873,8,0
280686,4,1,-1,7,7533,7,0
280687,4,0,-1,4,24220,12,0
280688,4,1,-1,7,43893,1,0
280689,4,1,-1,7,39010,7,0
280690,4,1,-1,7,13679,7,0
280691,4,1,-1,7,18914,7,0
280692,4,1,-1,7,55364,7,0
280693,4,1,-1,7,15410,9,0
280694,4,1,-1,7,39882,6,0
280695,2,19,-1,0,41671,26,0
280696,4,1,-1,7,47422,9,0
280697,4,0,-1,4,29697,11,0
280698,2,10,-1,0,52446,17,2
280699,4,1,-1,7,52073,8,0
280700,4,1,-1,7,27870,9,0
280701,4,1,-1,7,51312,6,0
280702,2,19,-1,0,28633,26,0
280703,4,1,-1,7,30806,9,0
280704,4,1,-1,7,55370,6,0
280705,4,1,-1,7,56527,1,0
280706,4,1,-1,7,51154,5,0
280707,2,4,-1,0,8803,13,3
280708,4,1,-1,7,48686,6,0
280709,2,4,-1,0,32262,13,3
280710,2,19,-1,0,26412,26,0
280711,4,1,-1,7,28617,8,0
280712,4,1,-1,7,62108,8,0
280713,4,1,-1,7,6295,10,0
280714,4,0,-1,4,15150,12,0
280715,4,1,-1,7,28421,6,0
280716,4,1,-1,7,24616,10,0
280717,4,1,-1,7,61422,20,0
280718,4,1,-1,7,60169,3,0
280719,4,1,-1,7,9077,3,0
280720,4,1,-1,7,25971,10,0
280721,4,0,-1,4,224,11,0
280722,4,1,-1,7,18415,1,0
280723,2,19,-1,0,28633,26,0
280724,4,1,-1,7,50974,16,0
280725,4,1,-1,7,34634,8,0
280726,4,0,-1,4,41936,12,0
280727,2,10,-1,0,20373,17,2
280728,4,1,-1,7,7533,7,0
280729,4,1,-1,7,56011,3,0
280730,4,1,-1,7,15401,7,0
280731,4,1,-1,7,32069,16,0
280732,4,1,-1,7,56429,1,0
280733,2,19,-1,0,40156,26,0
280734,4,1,-1,7,24943,7,0
280735,2,10,-1,0,21723,17,2
280736,4,0,-1,4,35358,2,0
280737,4,1,-1,7,13215,1,0
280738,2,19,-1,0,56617,26,0
280739,4,0,-1,4,9854,2,0
280740,4,1,-1,7,17462,5,0
280741,4,1,-1,7,14613,7,0
280742,2,10,-1,0,20424,17,2
280743,2,10,-1,0,20424,17,2
280744,4,1,-1,7,18914,7,0
280745,2,4,-1,0,19741,13,3
280746,4,1,-1,7,42386,1,0
280747,4,1,-1,7,53097,20,0
280748,4,1,-1,7,12420,10,0
280749,4,1,-1,7,14513,5,0
280750,4,0,-1,4,31576,11,0
280751,4,0,-1,4,38837,12,0
280752,4,1,-1,7,16787,6,0
280753,4,1,-1,7,4511,6,0
280754,4,1,-1,7,27858,16,0
280755,4,1,-1,7,19796,10,0
280756,4,1,-1,7,29594,8,0
280757,4,1,-1,7,14613,7,0
280758,4,1,-1,7,19910,6,0
280759,4,1,-1,7,64374,6,0
280760,4,0,-1,4,29697,11,0
280761,4,1,-1,7,16599,5,0
280762,4,0,-1,4,6012,11,0
280763,4,0,-1,4,23435,11,0
280764,4,1,-1,7,18337,9,0
280765,4,1,-1,7,16829,6,0
280766,4,0,-1,4,9846,11,0
280767,4,1,-1,7,31602,6,0
280768,4,1,-1,7,28294,20,0
280769,4,0,-1,4,7271,2,0
280770,4,1,-1,7,16600,7,0
280771,4,1,-1,7,58418,6,0
280772,4,1,-1,7,52398,9,0
280773,4,1,-1,7,56072,3,0
280774,4,1,-1,7,28993,20,0
280775,4,0,-1,4,31906,11,0
280776,4,1,-1,7,29929,6,0
280777,4,0,-1,4,7248,12,0
280778,4,0,-1,4,24569,11,0
280779,4,0,-1,4,56873,11,0
280780,2,10,-1,0,28592,17,2
280781,4,1,-1,7,16224,1,0
280782,4,0,-1,4,30690,12,0
280783,4,1,-1,7,18579,1,0
280784,4,1,-1,7,21755,9,0
280785,4,1,-1,7,44255,3,0
280786,2,19,-1,0,28787,26,0
280787,4,1,-1,7,14765,10,0
280788,4,1,-1,7,25971,10,0
280789,4,0,-1,4,64173,11,0
280790,4,1,-1,7,40539,10,0
280791,4,1,-1,7,52545,1,0
280792,4,1,-1,7,26214,1,0
280793,4,1,-1,7,41548,3,0
280794,4,1,-1,7,12388,7,0
280795,4,1,-1,7,27986,16,0
280796,4,1,-1,7,59735,8,0
280797,4,1,-1,7,52227,7,0
280798,4,1,-1,7,43073,10,0
280799,4,1,-1,7,40708,5,0
280800,4,1,-1,7,14737,10,0
280801,4,1,-1,7,55476,10,0
280802,4,1,-1,7,34792,8,0
280803,4,1,-1,7,30667,8,0
280804,2,10,-1,0,28467,17,2
280805,4,0,-1,4,7841,12,0
280806,4,1,-1,7,29597,9,0
280807,4,1,-1,7,9997,3,0
280808,4,1,-1,7,53381,1,0
280809,4,1,-1,7,51051,1,0
280810,4,1,-1,7,52351,7,0
280811,4,0,-1,4,38674,11,0
280812,4,1,-1,7,28614,16,0
280813,4,1,-1,7,27647,6,0
280814,2,4,-1,0,37049,13,3
280815,4,1,-1,7,7533,7,0
280816,4,0,-1,4,9850,11,0
280817,4,1,-1,7,28788,3,0
280818,4,1,-1,7,16723,6,0
280819,4,1,-1,7,30425,6,0
280820,4,1,-1,7,27853,7,0
280821,2,10,-1,0,5120,17,2
280822,4,0,-1,4,23766,2,0
280823,4,1,-1,7,15014,3,0
280824,4,1,-1,7,40042,10,0
280825,4,1,-1,7,56522,6,0
280826,2,10,-1,0,50604,17,2
280827,4,0,-1,4,22293,12,0
280828,4,1,-1,7,53087,6,0
280829,4,1,-1,7,16601,10,0
280830,4,1,-1,7,29974,20,0
280831,4,1,-1,7,43082,8,0
280832,4,0,-1,4,8025,12,0
280833,4,0,-1,4,9823,11,0
280834,2,4,-1,0,28203,13,3
280835,4,1,-1,7,56434,20,0
280836,4,1,-1,7,25961,10,0
280837,4,1,-1,7,16848,7,0
280838,4,1,-1,7,51361,9,0
280839,4,1,-1,7,16864,10,0
280840,4,1,-1,7,29929,6,0
280841,4,1,-1,7,60523,9,0
280842,2,10,-1,0,42180,17,2
280843,4,1,-1,7,11999,8,0
280844,4,0,-1,4,6540,12,0
280845,4,0,-1,4,52459,11,0
280846,4,1,-1,7,17120,8,0
280847,4,0,-1,4,31800,11,0
280848,4,1,-1,7,27867,3,0
280849,4,1,-1,7,59027,9,0
280850,4,1,-1,7,4869,3,0
280851,4,1,-1,7,14617,8,0
280852,2,4,-1,0,28689,13,3
280853,4,1,-1,7,15909,1,0
280854,4,0,-1,4,14432,11,0
280855,4,1,-1,7,9997,3,0
280856,4,1,-1,7,17136,6,0
280857,2,10,-1,0,20340,17,2
280858,4,1,-1,7,8089,9,0
280859,4,1,-1,7,54508,10,0
280860,2,10,-1,0,20382,17,2
280861,2,19,-1,0,56898,26,0
280862,4,1,-1,7,26015,16,0
280863,4,1,-1,7,37451,20,0
280864,4,1,-1,7,16599,5,0
280865,4,1,-1,7,27856,20,0
280866,4,1,-1,7,43724,1,0
280867,4,1,-1,7,23125,16,0
280868,4,1,-1,7,15014,3,0
280869,4,1,-1,7,38787,7,0
280870,4,0,-1,4,30696,2,0
280871,4,1,-1,7,39368,8,0
280872,4,1,-1,7,28602,16,0
280873,4,0,-1,4,51243,11,0
280874,2,10,-1,0,28345,17,2
280875,4,0,-1,4,30690,12,0
280876,4,1,-1,7,27842,6,0
280877,4,1,-1,7,55364,7,0
280878,2,19,-1,0,50360,26,0
280879,4,1,-1,7,16824,1,0
280880,4,1,-1,7,16826,1,0
280881,4,1,-1,7,35922,1,0
280882,4,1,-1,7,19932,6,0
280883,4,1,-1,7,14498,7,0
280884,4,1,-1,7,25954,5,0
280885,4,0,-1,4,22415,11,0
280886,2,10,-1,0,20424,17,2
280887,4,1,-1,7,14750,9,0
280888,4,1,-1,7,14661,10,0
280889,4,1,-1,7,62580,5,0
280890,4,1,-1,7,14552,8,0
280891,4,0,-1,4,34188,12,0
280892,4,0,-1,4,29842,2,0
280893,4,1,-1,7,8089,9,0
280894,4,1,-1,7,43191,20,0
280895,4,1,-1,7,25245,20,0
280896,4,1,-1,7,52351,7,0
280897,4,1,-1,7,44718,1,0
280898,2,10,-1,0,20300,17,2
280899,4,1,-1,7,16523,20,0
280900,4,0,-1,4,28831,11,0
280901,4,1,-1,7,55363,20,0
280902,4,0,-1,4,9849,11,0
280903,4,1,-1,7,28013,9,0
280904,4,1,-1,7,25961,10,0
280905,4,1,-1,7,19009,7,0
280906,4,1,-1,7,42980,7,0
280907,4,0,-1,4,7899,2,0
280908,4,1,-1,7,19399,1,0
280909,4,1,-1,7,37436,6,0
280910,4,0,-1,4,9845,11,0
280911,4,1,-1,7,14152,10,0
280912,4,1,-1,7,18968,16,0
280913,4,0,-1,4,53242,11,0
280914,2,19,-1,0,6140,26,0
280915,2,10,-1,0,28236,17,2
280916,4,1,-1,7,26131,20,0
280917,2,19,-1,0,6097,26,0
280918,4,1,-1,7,15909,1,0
280919,4,1,-1,7,15314,1,0
280920,4,1,-1,7,51845,20,0
280921,4,1,-1,7,19920,1,0
280922,4,1,-1,7,46065,6,0
280923,4,1,-1,7,31644,20,0
280924,4,1,-1,7,4869,3,0
280925,2,19,-1,0,41671,26,0
280926,4,1,-1,7,40692,7,0
280927,4,1,-1,7,39286,5,0
280928,4,1,-1,7,51531,16,0
280929,4,1,-1,7,25233,8,0
280930,4,1,-1,7,52618,7,0
280931,2,10,-1,0,23837,17,2
280932,4,1,-1,7,13677,3,0
280933,4,1,-1,7,57267,8,0
280934,4,1,-1,7,15906,1,0
280935,4,1,-1,7,15267,16,0
280936,4,1,-1,7,28013,9,0
280937,4,1,-1,7,15293,1,0
280938,4,1,-1,7,23014,16,0
280939,4,1,-1,7,19812,7,0
280940,4,1,-1,7,56509,1,0
280941,4,1,-1,7,23025,16,0
280942,4,0,-1,4,18308,2,0
280943,4,1,-1,7,25929,8,0
280944,4,1,-1,7,15003,5,0
280945,2,19,-1,0,43007,26,0
280946,4,1,-1,7,25916,16,0
280947,2,4,-1,0,6795,13,3
280948,4,1,-1,7,18933,8,0
280949,4,1,-1,7,16966,10,0
280950,4,1,-1,7,16572,3,0
280951,4,1,-1,7,60169,3,0
280952,4,1,-1,7,9996,5,0
280953,4,1,-1,7,13236,1,0
280954,2,19,-1,0,40144,26,0
280955,4,1,-1,7,42714,9,0
280956,4,1,-1,7,14552,8,0
280957,4,1,-1,7,28204,7,0
280958,4,0,-1,4,9850,11,0
280959,4,1,-1,7,24935,8,0
280960,4,1,-1,7,61866,20,0
280961,4,1,-1,7,56131,7,0
280962,4,1,-1,7,39335,10,0
280963,4,1,-1,7,16766,8,0
280964,4,1,-1,7,18423,10,0
280965,4,1,-1,7,25881,6,0
280966,2,4,-1,0,59082,13,3
280967,4,0,-1,4,6338,12,0
280968,4,1,-1,7,38064,6,0
280969,4,1,-1,7,59000,16,0
280970,4,1,-1,7,28013,9,0
280971,4,1,-1,7,23711,7,0
280972,2,19,-1,0,45159,26,0
280973,4,0,-1,4,32008,2,0
280974,4,1,-1,7,30425,6,0
280975,2,10,-1,0,50347,17,2
280976,4,0,-1,4,34491,2,0
280977,4,1,-1,7,43219,7,0
280978,4,1,-1,7,18976,1,0
280979,4,1,-1,7,14566,9,0
280980,4,0,-1,4,31499,12,0
280981,4,1,-1,7,39882,6,0
280982,4,1,-1,7,14711,7,0
280983,4,1,-1,7,21796,6,0
280984,4,1,-1,7,21457,3,0
280985,4,1,-1,7,15823,7,0
280986,4,1,-1,7,28088,8,0
280987,4,1,-1,7,19932,6,0
280988,4,1,-1,7,28814,20,0
280989,4,1,-1,7,4272,8,0
280990,4,1,-1,7,19128,10,0
280991,4,0,-1,4,56782,12,0
280992,4,1,-1,7,16572,3,0
280993,4,1,-1,7,23106,16,0
280994,4,1,-1,7,28013,9,0
280995,4,0,-1,4,20625,12,0
280996,4,1,-1,7,50018,1,0
280997,4,0,-1,4,7093,2,0
280998,4,1,-1,7,9889,5,0
280999,4,0,-1,4,31906,11,0
300000,4,4,-1,6,56518,9,0
300001,4,0,-1,4,40034,11,0
300002,4,4,-1,6,50991,5,0
300003,4,4,-1,6,55803,1,0
300004,4,4,-1,6,56392,6,0
300005,4,4,-1,6,38784,8,0
300006,2,7,-1,0,40794,13,3
300007,4,4,-1,6,42995,1,0
300008,4,1,-1,7,51004,16,0
300009,4,4,-1,6,61535,9,0
300010,4,0,-1,4,40044,11,0
300011,4,4,-1,6,55696,3,0
300012,4,4,-1,6,50615,1,0
300013,4,1,-1,7,50974,16,0
300014,4,4,-1,6,56216,6,0
300015,4,1,-1,7,55663,16,0
300016,4,4,-1,6,40769,5,0
300017,4,4,-1,6,55312,1,0
300018,4,4,-1,6,43344,3,0
300019,4,4,-1,6,51207,1,0
300020,2,1,-1,0,55927,17,1
300021,2,5,-1,0,50321,17,1
300022,4,4,-1,6,61473,8,0
300023,4,4,-1,6,43740,7,0
300024,4,4,-1,6,43730,6,0
300025,4,4,-1,6,52931,5,0
300026,4,4,-1,6,64627,10,0
300027,4,4,-1,6,47023,9,0
300028,4,4,-1,6,43274,7,0
300029,4,1,-1,7,43867,16,0
300030,4,4,-1,6,55306,3,0
300031,4,4,-1,6,46205,1,0
300032,4,0,-1,4,43706,11,0
300033,4,4,-1,6,43272,5,0
300034,4,4,-1,6,39867,3,0
300035,4,4,-1,6,39646,8,0
300036,4,4,-1,6,56391,6,0
300037,4,0,-1,4,40036,2,0
300038,4,4,-1,6,62047,5,0
300039,4,4,-1,6,39617,7,0
300040,4,0,-1,4,45362,11,0
300041,2,1,-1,0,39958,17,1
300042,4,0,-1,4,56766,11,0
300043,4,4,-1,6,45843,1,0
300044,4,4,-1,6,56316,8,0
300045,4,0,-1,4,52439,11,0
300046,2,0,-1,0,40805,13,3
300047,2,1,-1,0,50339,17,1
300048,4,0,-1,4,44086,11,0
300049,4,4,-1,6,61499,5,0
300050,4,1,-1,7,23119,16,0
300051,4,0,-1,4,36902,2,0
300052,4,0,-1,4,59313,12,0
300053,4,4,-1,6,49685,1,0
300054,4,4,-1,6,54818,5,0
300055,4,0,-1,4,40051,2,0
300056,4,4,-1,6,51905,9,0
300057,2,8,-1,0,60682,17,1
300058,4,4,-1,6,64857,8,0
300059,4,4,-1,6,56196,8,0
300060,4,4,-1,6,51704,6,0
300061,4,4,-1,6,55311,1,0
300062,4,4,-1,6,37533,1,0
300063,4,4,-1,6,51700,8,0
300064,4,4,-1,6,51084,8,0
300065,4,4,-1,6,41836,6,0
300066,4,4,-1,6,23485,7,0
300067,4,4,-1,6,51710,9,0
300068,4,0,-1,4,38571,12,0
300069,4,4,-1,6,54813,1,0
300070,4,1,-1,7,55336,16,0
300071,4,4,-1,6,38360,10,0
300072,4,4,-1,6,51653,6,0
300073,4,4,-1,6,42836,3,0
300074,4,1,-1,7,30703,16,0
300075,4,4,-1,6,42390,1,0
300076,4,4,-1,6,51901,5,0
300077,2,8,-1,0,42069,17,1
300078,4,4,-1,6,54828,7,0
300079,4,4,-1,6,50770,8,0
300080,4,4,-1,6,41248,10,0
300081,4,4,-1,6,42873,5,0
300082,4,4,-1,6,56183,7,0
300083,2,0,-1,0,50076,13,3
300084,4,4,-1,6,42863,5,0
300085,4,4,-1,6,50753,6,0
300086,4,4,-1,6,50770,8,0
300087,4,0,-1,4,17776,12,0
300088,2,7,-1,0,50271,13,3
300089,4,4,-1,6,51707,5,0
300090,4,4,-1,6,41616,5,0
300091,4,0,-1,4,39127,11,0
300092,4,4,-1,6,51658,7,0
300093,4,4,-1,6,19843,7,0
300094,4,4,-1,6,38360,10,0
300095,4,4,-1,6,51098,5,0
300096,4,1,-1,7,37429,16,0
300097,4,4,-1,6,55300,10,0
300098,4,4,-1,6,39651,3,0
300099,4,1,-1,7,55000,16,0
300100,4,0,-1,4,51458,11,0
300101,4,4,-1,6,64857,8,0
300102,4,4,-1,6,40773,3,0
300103,4,4,-1,6,44220,9,0
300104,4,4,-1,6,52213,9,0
300105,4,0,-1,4,59308,2,0
300106,4,4,-1,6,24179,8,0
300107,4,4,-1,6,40303,3,0
300108,4,0,-1,4,1317,12,0
300109,4,4,-1,6,59712,7,0
300110,2,8,-1,0,57463,17,1
300111,4,4,-1,6,49767,8,0
300112,4,0,-1,4,59307,2,0
300113,4,4,-1,6,51712,10,0
300114,4,0,-1,4,56514,12,0
300115,4,4,-1,6,54830,9,0
300116,4,4,-1,6,40767,6,0
300117,4,1,-1,7,28210,16,0
300118,4,1,-1,7,43110,16,0
300119,2,8,-1,0,59595,17,1
300120,4,4,-1,6,27427,5,0
300121,2,1,-1,0,54521,17,1
300122,4,4,-1,6,62012,3,0
300123,4,4,-1,6,39618,9,0
300124,4,0,-1,4,39129,11,0
300125,4,0,-1,4,56766,11,0
300126,4,4,-1,6,39866,10,0
300127,4,4,-1,6,40756,7,0
300128,2,8,-1,0,41789,17,1
300129,4,0,-1,4,64174,11,0
300130,4,4,-1,6,51707,5,0
300131,4,4,-1,6,59533,8,0
300132,2,1,-1,0,55712,17,1
300133,4,0,-1,4,56765,11,0
300134,4,0,-1,4,38348,2,0
300135,4,4,-1,6,40772,7,0
300136,4,10,-1,0,51913,28,0
300137,4,4,-1,6,40758,8,0
300138,2,5,-1,0,39311,17,1
300139,4,0,-1,4,51279,11,0
300140,4,4,-1,6,62020,7,0
300141,4,4,-1,6,43740,7,0
300142,4,0,-1,4,39000,2,0
300143,4,4,-1,6,57533,1,0
300144,4,4,-1,6,53003,7,0
300145,2,1,-1,0,43799,17,1
300146,4,10,-1,0,51913,28,0
300147,4,4,-1,6,53004,8,0
300148,4,4,-1,6,51302,3,0
300149,4,4,-1,6,55817,5,0
300150,4,4,-1,6,26893,1,0
300151,2,0,-1,0,31870,13,3
300152,4,1,-1,7,53264,16,0
300153,2,7,-1,0,51377,13,3
300154,4,4,-1,6,46865,3,0
300155,4,10,-1,0,64615,28,0
300156,4,4,-1,6,51932,10,0
300157,4,4,-1,6,43676,5,0
300158,4,4,-1,6,50016,3,0
300159,4,4,-1,6,48905,10,0
300160,4,4,-1,6,35419,1,0
300161,4,4,-1,6,55758,10,0
300162,4,0,-1,4,51277,11,0
300163,4,4,-1,6,38286,6,0
300164,4,4,-1,6,57264,6,0
300165,4,4,-1,6,57271,8,0
300166,2,0,-1,0,23243,13,3
300167,2,7,-1,0,59511,13,3
300168,4,4,-1,6,64664,8,0
300169,4,4,-1,6,44340,8,0
300170,4,4,-1,6,56789,5,0
300171,4,0,-1,4,52632,11,0
300172,4,0,-1,4,64205,2,0
300173,4,4,-1,6,51675,6,0
300174,4,4,-1,6,37301,7,0
300175,4,4,-1,6,62003,9,0
300176,4,4,-1,6,50002,7,0
300177,4,0,-1,4,44237,12,0
300178,4,4,-1,6,55505,3,0
300179,4,0,-1,4,51458,11,0
300180,4,4,-1,6,42215,1,0
300181,4,1,-1,7,32339,16,0
300182,4,4,-1,6,59233,5,0
300183,4,0,-1,4,38130,12,0
300184,4,4,-1,6,55505,3,0
300185,4,4,-1,6,53235,5,0
300186,4,4,-1,6,51096,10,0
300187,4,4,-1,6,52500,1,0
300188,4,0,-1,4,56514,12,0
300189,4,4,-1,6,35044,9,0
300190,4,4,-1,6,54507,6,0
300191,4,10,-1,0,64573,28,0
300192,4,4,-1,6,38700,5,0
300193,4,4,-1,6,55500,5,0
300194,4,4,-1,6,46998,5,0
300195,4,4,-1,6,40769,5,0
300196,4,0,-1,4,38556,12,0
300197,4,4,-1,6,51497,6,0
300198,4,4,-1,6,38319,6,0
300199,4,4,-1,6,27413,7,0
300200,4,4,-1,6,40688,5,0
300201,4,4,-1,6,55772,10,0
300202,4,4,-1,6,53577,7,0
300203,4,4,-1,6,44327,1,0
300204,4,1,-1,7,56488,16,0
300205,4,4,-1,6,60908,3,0
300206,4,4,-1,6,59612,7,0
300207,4,4,-1,6,42874,5,0
300208,4,4,-1,6,51772,10,0
300209,4,4,-1,6,64857,8,0
300210,4,4,-1,6,57271,8,0
300211,4,0,-1,4,38348,2,0
300212,4,4,-1,6,44275,10,0
300213,4,4,-1,6,44349,8,0
300214,4,4,-1,6,45299,6,0
300215,4,4,-1,6,61831,3,0
300216,2,8,-1,0,49223,17,1
300217,4,4,-1,6,47415,6,0
300218,4,1,-1,7,61405,16,0
300219,4,4,-1,6,51661,10,0
300220,4,4,-1,6,55484,5,0
300221,4,4,-1,6,50002,7,0
300222,4,4,-1,6,39651,3,0
300223,4,4,-1,6,53110,10,0
300224,4,4,-1,6,45782,1,0
300225,4,4,-1,6,51770,3,0
300226,4,4,-1,6,42833,6,0
300227,4,0,-1,4,28784,2,0
300228,2,8,-1,0,44893,17,1
300229,2,0,-1,0,49152,13,3
300230,2,4,-1,0,48029,13,3
300231,4,4,-1,6,59233,5,0
300232,4,4,-1,6,57271,8,0
300233,4,4,-1,6,52049,5,0
300234,4,4,-1,6,51712,10,0
300235,4,0,-1,4,1103,12,0
300236,4,0,-1,4,37552,12,0
300237,4,4,-1,6,41920,8,0
300238,4,4,-1,6,61368,6,0
300239,4,10,-1,0,51913,28,0
300240,4,4,-1,6,45299,6,0
300241,2,5,-1,0,50322,17,1
300242,4,4,-1,6,55804,7,0
300243,4,4,-1,6,64622,3,0
300244,4,10,-1,0,51913,28,0
300245,4,4,-1,6,51604,3,0
300246,4,4,-1,6,56097,3,0
300247,4,4,-1,6,51633,5,0
300248,2,0,-1,0,50065,13,3
300249,4,10,-1,0,64573,28,0
300250,4,4,-1,6,57264,6,0
300251,4,0,-1,4,48511,2,0
300252,4,4,-1,6,40537,1,0
300253,4,0,-1,4,28784,2,0
300254,4,4,-1,6,45722,1,0
300255,4,4,-1,6,57264,6,0
300256,4,4,-1,6,55044,8,0
300257,4,4,-1,6,61876,9,0
300258,4,4,-1,6,19843,7,0
300259,4,0,-1,4,56513,12,0
300260,4,4,-1,6,45179,1,0
300261,4,4,-1,6,48471,5,0
300262,2,1,-1,0,53056,17,1
300263,4,4,-1,6,55003,10,0
300264,4,4,-1,6,52995,1,0
300265,4,4,-1,6,52567,7,0
300266,4,4,-1,6,56532,1,0
300267,4,4,-1,6,43906,1,0
300268,4,0,-1,4,32087,2,0
300269,4,0,-1,4,17776,12,0
300270,4,4,-1,6,40769,5,0
300271,2,1,-1,0,54521,17,1
300272,4,0,-1,4,64225,11,0
300273,4,4,-1,6,52045,8,0
300274,4,4,-1,6,49734,8,0
300275,4,4,-1,6,59233,5,0
300276,2,8,-1,0,51512,17,1
300277,2,4,-1,0,55984,13,3
300278,4,4,-1,6,42994,1,0
300279,4,4,-1,6,56326,5,0
300280,4,4,-1,6,43692,1,0
300281,2,5,-1,0,58962,17,1
300282,4,4,-1,6,54829,3,0
300283,4,4,-1,6,44335,3,0
300284,4,0,-1,4,7570,2,0
300285,4,4,-1,6,54405,10,0
300286,4,4,-1,6,53004,8,0
300287,4,4,-1,6,59336,3,0
300288,4,4,-1,6,52304,1,0
300289,4,4,-1,6,52995,1,0
300290,4,4,-1,6,56609,5,0
300291,4,4,-1,6,55801,5,0
300292,4,4,-1,6,56532,1,0
300293,4,4,-1,6,54299,3,0
300294,4,4,-1,6,44218,3,0
300295,4,4,-1,6,62136,6,0
300296,4,4,-1,6,51662,6,0
300297,4,4,-1,6,59605,7,0
300298,4,0,-1,4,4006,2,0
300299,4,10,-1,0,64573,28,0
300300,4,4,-1,6,39410,6,0
300301,4,4,-1,6,54507,6,0
300302,4,4,-1,6,51773,1,0
300303,4,0,-1,4,40044,11,0
300304,4,4,-1,6,47949,5,0
300305,4,0,-1,4,64213,2,0
300306,4,10,-1,0,51913,28,0
300307,4,4,-1,6,52500,1,0
300308,4,1,-1,7,58977,16,0
300309,4,4,-1,6,44413,10,0
300310,4,4,-1,6,42865,9,0
300311,4,4,-1,6,51712,10,0
300312,4,4,-1,6,55733,3,0
300313,4,1,-1,7,51925,16,0
300314,4,4,-1,6,24110,9,0
300315,2,5,-1,0,63834,17,1
300316,4,4,-1,6,51572,7,0
300317,4,4,-1,6,50752,9,0
300318,2,8,-1,0,50334,17,1
300319,4,4,-1,6,51615,7,0
300320,4,4,-1,6,48640,10,0
300321,2,0,-1,0,50068,13,3
300322,4,4,-1,6,41861,5,0
300323,4,4,-1,6,60898,7,0
300324,4,4,-1,6,54507,6,0
300325,4,4,-1,6,51636,9,0
300326,4,4,-1,6,46324,3,0
300327,4,1,-1,7,64328,16,0
300328,4,4,-1,6,65271,5,0
300329,4,1,-1,7,23119,16,0
300330,4,4,-1,6,62024,7,0
300331,4,4,-1,6,54818,5,0
300332,4,4,-1,6,52053,5,0
300333,2,5,-1,0,41558,17,1
300334,4,1,-1,7,51534,16,0
300335,4,0,-1,4,59321,12,0
300336,4,0,-1,4,38571,12,0
300337,4,0,-1,4,48510,2,0
300338,4,4,-1,6,62026,7,0
300339,4,4,-1,6,54827,5,0
300340,4,4,-1,6,36430,6,0
300341,4,4,-1,6,56033,7,0
300342,4,4,-1,6,55301,6,0
300343,2,4,-1,0,43195,13,3
300344,4,4,-1,6,51774,7,0
300345,4,4,-1,6,39802,3,0
300346,4,1,-1,7,52004,16,0
300347,4,4,-1,6,54829,3,0
300348,2,1,-1,0,55927,17,1
300349,4,4,-1,6,41962,6,0
300350,4,4,-1,6,51704,6,0
300351,4,4,-1,6,43672,10,0
300352,4,4,-1,6,39386,1,0
300353,4,1,-1,7,56738,16,0
300354,4,4,-1,6,40766,9,0
300355,4,4,-1,6,51645,10,0
300356,4,4,-1,6,64630,1,0
300357,4,4,-1,6,55369,5,0
300358,4,4,-1,6,49876,3,0
300359,4,10,-1,0,64615,28,0
300360,4,4,-1,6,64570,1,0
300361,4,4,-1,6,43272,5,0
300362,4,4,-1,6,42362,1,0
300363,4,4,-1,6,56138,6,0
300364,4,4,-1,6,43719,1,0
300365,4,4,-1,6,39709,8,0
300366,4,0,-1,4,38809,2,0
300367,4,4,-1,6,42390,1,0
300368,4,4,-1,6,45660,7,0
300369,2,4,-1,0,55984,13,3
300370,4,4,-1,6,47991,7,0
300371,4,4,-1,6,48347,9,0
300372,4,4,-1,6,43136,6,0
300373,4,0,-1,4,59327,11,0
300374,4,4,-1,6,42873,5,0
300375,4,10,-1,0,64573,28,0
300376,4,0,-1,4,53291,12,0
300377,4,4,-1,6,54822,6,0
300378,2,5,-1,0,39255,17,1
300379,4,4,-1,6,53241,5,0
300380,4,4,-1,6,55772,10,0
300381,4,4,-1,6,39612,6,0
300382,2,4,-1,0,64508,13,3
300383,4,4,-1,6,55179,7,0
300384,4,0,-1,4,23713,2,0
300385,4,4,-1,6,55834,7,0
300386,4,4,-1,6,41232,3,0
300387,4,4,-1,6,50752,9,0
300388,4,4,-1,6,34521,8,0
300389,4,4,-1,6,55821,5,0
300390,4,4,-1,6,51571,7,0
300391,4,4,-1,6,55019,10,0
300392,2,7,-1,0,50514,13,3
300393,4,4,-1,6,38286,6,0
300394,4,0,-1,4,56766,11,0
300395,4,4,-1,6,51672,9,0
300396,4,4,-1,6,49510,1,0
300397,4,4,-1,6,29865,1,0
300398,4,0,-1,4,51719,2,0
300399,2,0,-1,0,60649,13,3
300400,2,1,-1,0,42083,17,1
300401,4,4,-1,6,40352,8,0
300402,4,4,-1,6,56387,10,0
300403,4,0,-1,4,39681,11,0
300404,4,0,-1,4,48510,2,0
300405,4,0,-1,4,43548,12,0
300406,4,4,-1,6,51094,5,0
300407,4,4,-1,6,45683,5,0
300408,4,4,-1,6,43138,7,0
300409,4,4,-1,6,62026,7,0
300410,4,4,-1,6,57271,8,0
300411,4,0,-1,4,40038,2,0
300412,4,4,-1,6,56532,1,0
300413,4,4,-1,6,51657,8,0
300414,4,4,-1,6,28669,8,0
300415,4,1,-1,7,50061,16,0
300416,4,4,-1,6,52998,9,0
300417,4,4,-1,6,29958,5,0
300418,4,0,-1,4,38572,12,0
300419,4,0,-1,4,54488,11,0
300420,4,10,-1,0,64573,28,0
300421,4,4,-1,6,52302,1,0
300422,4,4,-1,6,62027,1,0
300423,4,4,-1,6,27389,5,0
300424,4,4,-1,6,61853,7,0
300425,4,4,-1,6,51498,10,0
300426,2,8,-1,0,58947,17,1
300427,4,4,-1,6,43138,7,0
300428,4,4,-1,6,51907,10,0
300429,2,4,-1,0,57332,13,3
300430,4,4,-1,6,24777,3,0
300431,4,4,-1,6,42860,1,0
300432,4,10,-1,0,64615,28,0
300433,2,1,-1,0,40940,17,1
300434,4,4,-1,6,55696,3,0
300435,4,4,-1,6,44684,1,0
300436,4,4,-1,6,50991,5,0
300437,4,4,-1,6,27423,1,0
300438,4,4,-1,6,51577,3,0
300439,4,4,-1,6,43283,9,0
300440,4,4,-1,6,50015,3,0
300441,4,1,-1,7,61260,16,0
300442,4,0,-1,4,43599,2,0
300443,4,4,-1,6,46487,10,0
300444,4,0,-1,4,43120,11,0
300445,4,4,-1,6,54829,3,0
300446,4,4,-1,6,64580,5,0
300447,2,8,-1,0,50332,17,1
300448,4,4,-1,6,37300,1,0
300449,4,4,-1,6,43199,3,0
300450,4,4,-1,6,51520,5,0
300451,4,4,-1,6,51662,6,0
300452,4,4,-1,6,51207,1,0
300453,4,0,-1,4,39129,11,0
300454,4,0,-1,4,56664,11,0
300455,4,4,-1,6,39807,7,0
300456,4,4,-1,6,43287,8,0
300457,4,4,-1,6,61471,6,0
300458,4,0,-1,4,51280,2,0
300459,4,4,-1,6,51663,7,0
300460,4,4,-1,6,49725,3,0
300461,4,4,-1,6,44327,1,0
300462,4,10,-1,0,51913,28,0
300463,4,4,-1,6,62198,10,0
300464,4,4,-1,6,56018,6,0
300465,4,4,-1,6,55771,7,0
300466,4,4,-1,6,40768,9,0
300467,4,4,-1,6,44345,10,0
300468,4,4,-1,6,38285,7,0
300469,4,0,-1,4,24220,12,0
300470,4,4,-1,6,54823,8,0
300471,4,4,-1,6,50994,9,0
300472,2,0,-1,0,40313,13,3
300473,4,4,-1,6,53004,8,0
300474,4,0,-1,4,19785,12,0
300475,4,4,-1,6,60502,3,0
300476,2,0,-1,0,35258,13,3
300477,4,4,-1,6,33853,7,0
300478,4,0,-1,4,38674,11,0
300479,4,4,-1,6,64856,6,0
300480,4,4,-1,6,41800,5,0
300481,2,8,-1,0,50599,17,1
300482,4,4,-1,6,54050,6,0
300483,4,4,-1,6,62113,10,0
300484,4,0,-1,4,53042,11,0
300485,2,0,-1,0,50066,13,3
300486,4,4,-1,6,51144,9,0
300487,4,4,-1,6,54510,8,0
300488,4,4,-1,6,43138,7,0
300489,4,4,-1,6,55811,5,0
300490,4,0,-1,4,53630,12,0
300491,4,0,-1,4,39128,11,0
300492,4,4,-1,6,39618,9,0
300493,4,4,-1,6,60895,5,0
300494,4,4,-1,6,56106,5,0
300495,4,4,-1,6,26158,6,0
300496,4,4,-1,6,39647,7,0
300497,2,4,-1,0,48065,13,3
300498,4,4,-1,6,62127,7,0
300499,4,4,-1,6,56598,8,0
300500,4,4,-1,6,52568,8,0
300501,4,4,-1,6,56214,3,0
300502,4,4,-1,6,62023,7,0
300503,4,4,-1,6,56196,8,0
300504,4,0,-1,4,2854,11,0
300505,4,0,-1,4,56874,11,0
300506,4,4,-1,6,52213,9,0
300507,4,0,-1,4,39682,2,0
300508,4,4,-1,6,56381,5,0
300509,4,0,-1,4,64272,2,0
300510,4,0,-1,4,49267,2,0
300511,4,4,-1,6,56883,10,0
300512,4,4,-1,6,30737,7,0
300513,4,4,-1,6,64592,5,0
300514,4,4,-1,6,42848,6,0
300515,2,8,-1,0,40691,17,1
300516,4,4,-1,6,39868,6,0
300517,2,8,-1,0,41789,17,1
300518,4,4,-1,6,50507,8,0
300519,4,4,-1,6,44340,8,0
300520,4,0,-1,4,33534,11,0
300521,4,0,-1,4,38809,2,0
300522,2,8,-1,0,40798,17,1
300523,4,4,-1,6,54829,3,0
300524,4,4,-1,6,51665,5,0
300525,4,4,-1,6,54828,7,0
300526,4,0,-1,4,6490,2,0
300527,4,4,-1,6,63410,8,0
300528,4,4,-1,6,52371,5,0
300529,4,4,-1,6,64577,1,0
300530,4,4,-1,6,50506,7,0
300531,2,1,-1,0,22218,17,1
300532,4,1,-1,7,44458,16,0
300533,4,4,-1,6,38319,6,0
300534,4,1,-1,7,47252,16,0
300535,2,5,-1,0,53478,17,1
300536,4,4,-1,6,39801,9,0
300537,4,4,-1,6,50507,8,0
300538,4,4,-1,6,56445,5,0
300539,4,0,-1,4,51719,2,0
300540,4,4,-1,6,41616,5,0
300541,4,4,-1,6,57533,1,0
300542,4,4,-1,6,43713,7,0
300543,4,4,-1,6,55491,3,0
300544,4,4,-1,6,53829,5,0
300545,4,4,-1,6,43676,5,0
300546,4,1,-1,7,56070,16,0
300547,4,4,-1,6,43725,9,0
300548,4,4,-1,6,53008,10,0
300549,4,0,-1,4,17776,12,0
300550,2,8,-1,0,51606,17,1
300551,2,8,-1,0,50330,17,1
300552,4,0,-1,4,53560,11,0
300553,4,4,-1,6,51108,5,0
300554,4,0,-1,4,40044,11,0
300555,4,4,-1,6,34202,6,0
300556,4,4,-1,6,39802,3,0
300557,4,4,-1,6,48043,7,0
300558,4,4,-1,6,48015,5,0
300559,4,1,-1,7,50051,16,0
300560,4,4,-1,6,44336,10,0
300561,2,0,-1,0,40804,13,3
300562,4,0,-1,4,51458,11,0
300563,4,4,-1,6,56375,10,0
300564,4,4,-1,6,51771,6,0
300565,4,10,-1,0,51913,28,0
300566,2,5,-1,0,52460,17,1
300567,4,0,-1,4,56558,11,0
300568,2,4,-1,0,28835,13,3
300569,4,4,-1,6,55723,1,0
300570,4,4,-1,6,24513,8,0
300571,4,4,-1,6,52998,9,0
300572,4,4,-1,6,51661,10,0
300573,4,4,-1,6,48795,7,0
300574,4,4,-1,6,22951,7,0
300575,4,4,-1,6,49767,8,0
300576,2,8,-1,0,33123,17,1
300577,4,4,-1,6,48033,1,0
300578,2,7,-1,0,39025,13,3
300579,4,1,-1,7,40777,16,0
300580,4,4,-1,6,61541,9,0
300581,4,4,-1,6,49353,5,0
300582,4,4,-1,6,42217,1,0
300583,2,7,-1,0,48061,13,3
300584,4,4,-1,6,53884,5,0
300585,4,4,-1,6,48016,5,0
300586,2,0,-1,0,58877,13,3
300587,4,4,-1,6,64830,10,0
300588,4,4,-1,6,55753,9,0
300589,4,4,-1,6,56371,5,0
300590,4,4,-1,6,55634,9,0
300591,4,10,-1,0,64615,28,0
300592,4,4,-1,6,43740,7,0
300593,4,4,-1,6,54510,8,0
300594,2,8,-1,0,60665,17,1
300595,4,4,-1,6,51893,7,0
300596,4,4,-1,6,54072,9,0
300597,4,4,-1,6,39708,6,0
300598,4,0,-1,4,61410,12,0
300599,4,4,-1,6,59677,1,0
300600,4,0,-1,4,44703,2,0
300601,4,4,-1,6,55394,8,0
300602,4,0,-1,4,39689,2,0
300603,4,0,-1,4,51518,12,0
300604,4,4,-1,6,39615,8,0
300605,4,0,-1,4,23435,11,0
300606,4,4,-1,6,19844,5,0
300607,4,4,-1,6,56777,5,0
300608,4,4,-1,6,51633,5,0
300609,4,0,-1,4,52417,2,0
300610,4,0,-1,4,59308,2,0
300611,2,4,-1,0,53476,13,3
300612,4,4,-1,6,27422,3,0
300613,4,4,-1,6,51010,10,0
300614,4,4,-1,6,52039,9,0
300615,4,4,-1,6,62131,3,0
300616,4,10,-1,0,51913,28,0
300617,4,4,-1,6,58749,10,0
300618,4,1,-1,7,55000,16,0
300619,4,4,-1,6,55728,8,0
300620,4,4,-1,6,56445,5,0
300621,4,4,-1,6,51615,7,0
300622,4,4,-1,6,26885,3,0
300623,4,4,-1,6,55845,7,0
300624,4,4,-1,6,51503,5,0
300625,4,4,-1,6,38690,7,0
300626,4,4,-1,6,44274,6,0
300627,4,0,-1,4,48510,2,0
300628,4,0,-1,4,44086,11,0
300629,4,4,-1,6,51773,1,0
300630,4,4,-1,6,56373,5,0
300631,4,4,-1,6,61472,6,0
300632,4,4,-1,6,51094,5,0
300633,4,4,-1,6,48033,1,0
300634,4,4,-1,6,43713,7,0
300635,4,4,-1,6,51601,6,0
300636,4,4,-1,6,38295,7,0
300637,4,0,-1,4,19785,12,0
300638,4,4,-1,6,51612,7,0
300639,4,0,-1,4,2854,11,0
300640,4,4,-1,6,26362,9,0
300641,4,1,-1,7,47249,16,0
300642,4,4,-1,6,53004,8,0
300643,4,4,-1,6,45782,1,0
300644,4,4,-1,6,54828,7,0
300645,4,0,-1,4,31603,12,0
300646,4,4,-1,6,60866,3,0
300647,4,4,-1,6,56316,8,0
300648,4,4,-1,6,51659,9,0
300649,4,0,-1,4,1399,2,0
300650,2,0,-1,0,60811,13,3
300651,4,4,-1,6,26341,8,0
300652,4,4,-1,6,52512,10,0
300653,4,1,-1,7,48871,16,0
300654,4,0,-1,4,56786,12,0
300655,4,0,-1,4,48510,2,0
300656,4,4,-1,6,43715,8,0
300657,4,0,-1,4,51458,11,0
300658,4,4,-1,6,51640,7,0
300659,4,4,-1,6,30821,1,0
300660,4,10,-1,0,51913,28,0
300661,4,1,-1,7,27743,16,0
300662,4,0,-1,4,40047,2,0
300663,4,4,-1,6,56600,10,0
300664,4,4,-1,6,38285,7,0
300665,2,4,-1,0,39427,13,3
300666,4,4,-1,6,61307,1,0
300667,4,4,-1,6,43988,8,0
300668,4,4,-1,6,55493,1,0
300669,4,4,-1,6,45505,8,0
300670,4,4,-1,6,56787,5,0
300671,4,4,-1,6,41964,10,0
300672,4,4,-1,6,64692,1,0
300673,2,5,-1,0,38423,17,1
300674,4,4,-1,6,49478,7,0
300675,4,0,-1,4,11990,11,0
300676,4,4,-1,6,52056,7,0
300677,4,4,-1,6,64576,7,0
300678,4,4,-1,6,50770,8,0
300679,2,8,-1,0,49137,17,1
300680,4,4,-1,6,44280,6,0
300681,4,4,-1,6,56563,10,0
300682,4,4,-1,6,43490,3,0
300683,4,4,-1,6,53005,6,0
300684,4,1,-1,7,43597,16,0
300685,4,4,-1,6,39613,5,0
300686,4,4,-1,6,52997,7,0
300687,4,4,-1,6,52512,10,0
300688,2,7,-1,0,41787,13,3
300689,4,4,-1,6,55771,7,0
300690,4,1,-1,7,40777,16,0
300691,4,4,-1,6,53002,9,0
300692,4,4,-1,6,62134,3,0
300693,4,0,-1,4,51719,2,0
300694,4,4,-1,6,51298,3,0
300695,4,0,-1,4,19785,12,0
300696,4,0,-1,4,51458,11,0
300697,4,4,-1,6,50752,9,0
300698,4,4,-1,6,50991,5,0
300699,4,4,-1,6,42651,6,0
300700,4,1,-1,7,52002,16,0
300701,4,4,-1,6,42352,5,0
300702,4,4,-1,6,57533,1,0
300703,4,0,-1,4,52438,11,0
300704,4,4,-1,6,54220,6,0
300705,4,1,-1,7,40648,16,0
300706,4,4,-1,6,39539,5,0
300707,4,4,-1,6,49684,1,0
300708,4,4,-1,6,42860,1,0
300709,4,4,-1,6,53001,8,0
300710,4,4,-1,6,44111,6,0
300711,4,1,-1,7,44458,16,0
300712,4,4,-1,6,41249,7,0
300713,4,4,-1,6,56930,6,0
300714,4,10,-1,0,64615,28,0
300715,4,4,-1,6,53842,3,0
300716,4,4,-1,6,51671,7,0
300717,4,4,-1,6,40757,3,0
300718,4,4,-1,6,64847,6,0
300719,4,4,-1,6,53005,6,0
300720,4,4,-1,6,56189,6,0
300721,4,4,-1,6,51894,5,0
300722,4,4,-1,6,44334,6,0
300723,4,1,-1,7,56114,16,0
300724,4,4,-1,6,42352,5,0
300725,4,4,-1,6,55004,6,0
300726,4,4,-1,6,59702,7,0
300727,4,4,-1,6,53810,7,0
300728,4,4,-1,6,49996,7,0
300729,4,4,-1,6,56542,8,0
300730,4,4,-1,6,61889,10,0
300731,4,4,-1,6,29972,7,0
300732,4,4,-1,6,51686,6,0
300733,4,4,-1,6,50994,9,0
300734,4,4,-1,6,27413,7,0
300735,4,4,-1,6,62005,9,0
300736,2,7,-1,0,39025,13,3
300737,4,4,-1,6,58308,5,0
300738,4,0,-1,4,53242,11,0
300739,4,4,-1,6,45222,5,0
300740,4,4,-1,6,52428,9,0
300741,4,4,-1,6,44273,5,0
300742,4,4,-1,6,64658,5,0
300743,2,5,-1,0,58911,17,1
300744,4,4,-1,6,64706,3,0
300745,4,0,-1,4,49225,11,0
300746,4,4,-1,6,43672,10,0
300747,4,4,-1,6,49764,5,0
300748,4,4,-1,6,51652,5,0
300749,2,5,-1,0,49993,17,1
300750,4,4,-1,6,24162,7,0
300751,4,0,-1,4,22415,11,0
300752,4,4,-1,6,46357,10,0
300753,4,4,-1,6,23704,3,0
300754,4,0,-1,4,43360,12,0
300755,4,4,-1,6,51932,10,0
300756,4,4,-1,6,55369,5,0
300757,4,4,-1,6,54220,6,0
300758,4,4,-1,6,44279,7,0
300759,4,4,-1,6,60575,9,0
300760,4,0,-1,4,63959,11,0
300761,4,1,-1,7,42907,16,0
300762,4,4,-1,6,38359,5,0
300763,4,4,-1,6,51907,10,0
300764,4,4,-1,6,38784,8,0
300765,2,1,-1,0,50340,17,1
300766,4,4,-1,6,48372,8,0
300767,4,4,-1,6,58857,1,0
300768,4,4,-1,6,56759,10,0
300769,4,4,-1,6,55500,5,0
300770,2,8,-1,0,49137,17,1
300771,4,1,-1,7,52005,16,0
300772,4,0,-1,4,43104,11,0
300773,4,4,-1,6,51288,1,0
300774,4,4,-1,6,51459,7,0
300775,4,0,-1,4,64229,11,0
300776,4,4,-1,6,55505,3,0
300777,4,4,-1,6,26360,9,0
300778,4,4,-1,6,40765,8,0
300779,4,4,-1,6,56883,10,0
300780,4,4,-1,6,62064,10,0
300781,4,0,-1,4,48512,2,0
300782,4,4,-1,6,56326,5,0
300783,4,4,-1,6,39871,9,0
300784,4,4,-1,6,58265,10,0
300785,4,4,-1,6,56180,7,0
300786,4,4,-1,6,39648,9,0
300787,4,0,-1,4,50376,11,0
300788,4,4,-1,6,55505,3,0
300789,4,1,-1,7,51925,16,0
300790,4,4,-1,6,39617,7,0
300791,4,4,-1,6,42217,1,0
300792,4,4,-1,6,40756,7,0
300793,2,8,-1,0,57464,17,1
300794,4,4,-1,6,48660,6,0
300795,4,4,-1,6,64775,5,0
300796,4,4,-1,6,55376,7,0
300797,4,4,-1,6,44334,6,0
300798,4,4,-1,6,51636,9,0
300799,4,4,-1,6,51949,3,0
300800,4,10,-1,0,64573,28,0
300801,4,4,-1,6,64705,3,0
300802,4,4,-1,6,43283,9,0
300803,4,0,-1,4,53042,11,0
300804,4,4,-1,6,55491,3,0
300805,4,0,-1,4,51276,11,0
300806,4,4,-1,6,61540,8,0
300807,4,0,-1,4,51719,2,0
300808,4,4,-1,6,52050,10,0
300809,4,4,-1,6,51207,1,0
300810,4,4,-1,6,52509,6,0
300811,4,0,-1,4,19764,12,0
300812,4,4,-1,6,40761,6,0
300813,4,10,-1,0,64615,28,0
300814,4,4,-1,6,59712,7,0
300815,4,0,-1,4,57689,12,0
300816,4,4,-1,6,46075,6,0
300817,4,4,-1,6,39386,1,0
300818,4,4,-1,6,62025,7,0
300819,4,4,-1,6,46205,1,0
300820,4,4,-1,6,51601,6,0
300821,4,4,-1,6,52995,1,0
300822,4,4,-1,6,44274,6,0
300823,4,4,-1,6,44346,6,0
300824,2,5,-1,0,39584,17,1
300825,2,1,-1,0,40940,17,1
300826,4,4,-1,6,26542,9,0
300827,4,4,-1,6,56872,7,0
300828,4,4,-1,6,45782,1,0
300829,4,4,-1,6,54829,3,0
300830,4,4,-1,6,40352,8,0
300831,4,4,-1,6,29958,5,0
300832,4,4,-1,6,51652,5,0
300833,2,4,-1,0,43204,13,3
300834,2,8,-1,0,50331,17,1
300835,2,1,-1,0,50336,17,1
300836,4,0,-1,4,56786,12,0
300837,4,4,-1,6,39174,6,0
300838,4,4,-1,6,43740,7,0
300839,4,4,-1,6,50917,9,0
300840,4,4,-1,6,44335,3,0
300841,4,4,-1,6,54816,1,0
300842,4,4,-1,6,51771,6,0
300843,4,0,-1,4,57687,12,0
300844,2,1,-1,0,44470,17,1
300845,4,4,-1,6,42847,9,0
300846,4,4,-1,6,56609,5,0
300847,4,4,-1,6,64576,7,0
300848,4,4,-1,6,60574,10,0
300849,4,4,-1,6,53004,8,0
300850,4,4,-1,6,50770,8,0
300851,4,4,-1,6,45782,1,0
300852,4,4,-1,6,53001,8,0
300853,4,0,-1,4,39390,2,0
300854,4,4,-1,6,53808,7,0
300855,4,4,-1,6,54719,5,0
300856,4,4,-1,6,39866,10,0
300857,4,4,-1,6,26158,6,0
300858,4,1,-1,7,51250,16,0
300859,4,4,-1,6,44684,1,0
300860,4,4,-1,6,42835,8,0
300861,4,4,-1,6,53004,8,0
300862,4,4,-1,6,56183,7,0
300863,2,7,-1,0,64153,13,3
300864,4,4,-1,6,55695,3,0
300865,4,4,-1,6,59754,8,0
300866,4,4,-1,6,48347,9,0
300867,4,4,-1,6,42864,8,0
300868,4,4,-1,6,48794,1,0
300869,4,4,-1,6,54881,10,0
300870,4,10,-1,0,64615,28,0
300871,4,4,-1,6,39867,3,0
300872,4,0,-1,4,48505,12,0
300873,2,4,-1,0,55984,13,3
300874,4,4,-1,6,54821,3,0
300875,4,0,-1,4,39210,2,0
300876,4,4,-1,6,48257,1,0
300877,4,4,-1,6,40768,9,0
300878,4,0,-1,4,48504,12,0
300879,4,4,-1,6,38318,10,0
300880,4,1,-1,7,51531,16,0
300881,4,4,-1,6,53008,10,0
300882,4,4,-1,6,26373,5,0
300883,4,0,-1,4,56339,11,0
300884,4,0,-1,4,52459,11,0
300885,4,4,-1,6,54510,8,0
300886,4,0,-1,4,59324,12,0
300887,4,4,-1,6,58853,5,0
300888,4,4,-1,6,51645,10,0
300889,2,0,-1,0,56240,13,3
300890,4,4,-1,6,56183,7,0
300891,2,7,-1,0,50509,13,3
300892,4,1,-1,7,56070,16,0
300893,4,4,-1,6,64689,9,0
300894,4,4,-1,6,55772,10,0
300895,4,0,-1,4,41916,12,0
300896,4,0,-1,4,39212,2,0
300897,4,4,-1,6,52233,5,0
300898,4,4,-1,6,56542,8,0
300899,4,0,-1,4,51243,11,0
300900,4,4,-1,6,50905,1,0
300901,4,4,-1,6,55807,10,0
300902,4,1,-1,7,26681,16,0
300903,4,4,-1,6,51604,3,0
300904,4,0,-1,4,39432,2,0
300905,2,7,-1,0,47226,13,3
300906,4,4,-1,6,29971,3,0
300907,4,4,-1,6,48801,3,0
300908,4,0,-1,4,53560,11,0
300909,4,4,-1,6,54507,6,0
300910,4,4,-1,6,51085,6,0
300911,2,7,-1,0,43736,13,3
300912,4,4,-1,6,44348,9,0
300913,4,4,-1,6,56518,9,0
300914,4,4,-1,6,62136,6,0
300915,4,0,-1,4,7570,2,0
300916,4,4,-1,6,56787,5,0
300917,4,4,-1,6,52302,1,0
300918,4,4,-1,6,39803,6,0
300919,4,4,-1,6,43140,5,0
300920,4,4,-1,6,44348,9,0
300921,4,4,-1,6,40688,5,0
300922,4,4,-1,6,61554,1,0
300923,4,4,-1,6,54708,3,0
300924,4,4,-1,6,55805,3,0
300925,4,4,-1,6,39869,8,0
300926,4,4,-1,6,43143,6,0
300927,2,4,-1,0,56241,13,3
300928,2,0,-1,0,59510,13,3
300929,4,4,-1,6,62015,3,0
300930,4,4,-1,6,46042,6,0
300931,4,4,-1,6,56563,10,0
300932,2,1,-1,0,40938,17,1
300933,4,4,-1,6,52483,7,0
300934,4,4,-1,6,43141,9,0
300935,4,4,-1,6,27407,5,0
300936,4,0,-1,4,40047,2,0
300937,4,0,-1,4,52419,2,0
300938,4,4,-1,6,44349,8,0
300939,2,7,-1,0,58966,13,3
300940,2,0,-1,0,50070,13,3
300941,4,0,-1,4,53133,2,0
300942,4,4,-1,6,37801,10,0
300943,4,4,-1,6,55384,9,0
300944,4,4,-1,6,50982,6,0
300945,4,0,-1,4,43104,11,0
300946,4,4,-1,6,37441,10,0
300947,2,7,-1,0,57299,13,3
300948,4,0,-1,4,38674,11,0
300949,4,1,-1,7,57171,16,0
300950,4,4,-1,6,53629,8,0
300951,4,4,-1,6,44422,3,0
300952,4,4,-1,6,58756,6,0
300953,4,4,-1,6,45008,10,0
300954,2,5,-1,0,45350,17,1
300955,4,4,-1,6,51008,7,0
300956,4,0,-1,4,39210,2,0
300957,2,4,-1,0,40823,13,3
300958,4,0,-1,4,19785,12,0
300959,4,4,-1,6,43274,7,0
300960,2,1,-1,0,58876,17,1
300961,4,4,-1,6,39648,9,0
300962,2,8,-1,0,51606,17,1
300963,4,4,-1,6,49478,7,0
300964,4,1,-1,7,50062,16,0
300965,2,0,-1,0,57334,13,3
300966,4,4,-1,6,58272,3,0
300967,4,0,-1,4,59325,12,0
300968,2,5,-1,0,43830,17,1
300969,4,4,-1,6,44347,7,0
300970,4,0,-1,4,43837,11,0
300971,4,4,-1,6,43743,3,0
300972,4,4,-1,6,48253,9,0
300973,4,4,-1,6,55500,5,0
300974,4,4,-1,6,51950,3,0
300975,4,4,-1,6,40768,9,0
300976,4,4,-1,6,51615,7,0
300977,4,4,-1,6,43140,5,0
300978,4,4,-1,6,52393,1,0
300979,4,4,-1,6,51773,1,0
300980,4,4,-1,6,49996,7,0
300981,4,0,-1,4,59324,12,0
300982,4,4,-1,6,42835,8,0
300983,4,4,-1,6,55493,1,0
300984,4,0,-1,4,53560,2,0
300985,2,1,-1,0,55926,17,1
300986,4,4,-1,6,39873,1,0
300987,4,4,-1,6,51096,10,0
300988,4,4,-1,6,49353,5,0
300989,4,4,-1,6,50015,3,0
300990,4,4,-1,6,47759,1,0
300991,4,4,-1,6,51773,1,0
300992,4,0,-1,4,64213,2,0
300993,4,4,-1,6,58720,1,0
300994,4,4,-1,6,56106,5,0
300995,4,4,-1,6,53007,10,0
300996,4,4,-1,6,51665,5,0
300997,4,4,-1,6,31213,9,0
300998,4,0,-1,4,52459,11,0
300999,4,1,-1,7,39391,16,0
320000,4,0,-1,4,24569,11,0
320001,4,0,-1,4,53133,2,0
320002,4,2,-1,8,28077,10,0
320003,4,3,-1,5,27307,9,0
320004,4,3,-1,5,37647,9,0
320005,2,4,-1,0,32262,13,3
320006,4,3,-1,5,39790,10,0
320007,4,1,-1,7,48868,16,0
320008,2,5,-1,0,50254,17,1
320009,2,4,-1,0,28521,13,3
320010,2,15,-1,0,20425,13,3
320011,4,2,-1,8,17189,10,0
320012,4,0,-1,4,15421,2,0
320013,4,2,-1,8,28808,5,0
320014,4,0,-1,4,30690,12,0
320015,4,3,-1,5,26108,6,0
320016,4,2,-1,8,25864,9,0
320017,4,2,-1,8,46626,7,0
320018,4,2,-1,8,28008,7,0
320019,4,2,-1,8,35381,8,0
320020,4,0,-1,4,39914,12,0
320021,4,2,-1,8,29134,1,0
320022,4,1,-1,7,27088,16,0
320023,4,2,-1,8,27975,7,0
320024,4,3,-1,5,46048,6,0
320025,4,2,-1,8,6738,9,0
320026,4,3,-1,5,27159,6,0
320027,4,3,-1,5,43665,5,0
320028,4,2,-1,8,27996,5,0
320029,4,0,-1,4,52439,11,0
320030,4,1,-1,7,38813,16,0
320031,4,3,-1,5,26310,8,0
320032,4,3,-1,5,43703,6,0
320033,4,0,-1,4,7371,12,0
320034,4,3,-1,5,40183,8,0
320035,4,2,-1,8,14999,6,0
320036,2,0,-1,0,28469,13,3
320037,4,3,-1,5,59649,8,0
320038,4,2,-1,8,14276,8,0
320039,4,3,-1,5,43695,1,0
320040,4,3,-1,5,39705,6,0
320041,4,3,-1,5,27293,1,0
320042,4,3,-1,5,28234,7,0
320043,4,0,-1,4,23521,12,0
320044,4,2,-1,8,21294,1,0
320045,4,2,-1,8,34248,8,0
320046,2,4,-1,0,19652,13,3
320047,4,0,-1,4,16283,12,0
320048,4,2,-1,8,21900,5,0
320049,4,3,-1,5,56576,5,0
320050,4,3,-1,5,56673,7,0
320051,4,3,-1,5,27185,6,0
320052,4,3,-1,5,38703,10,0
320053,4,2,-1,8,33273,7,0
320054,4,3,-1,5,19898,8,0
320055,2,15,-1,0,48026,13,3
320056,4,2,-1,8,17160,7,0
320057,4,2,-1,8,9529,10,0
320058,4,2,-1,8,27520,6,0
320059,4,3,-1,5,43260,7,0
320060,4,3,-1,5,28196,1,0
320061,4,3,-1,5,43700,9,0
320062,4,3,-1,5,41757,10,0
320063,4,2,-1,8,17098,5,0
320064,4,3,-1,5,46053,8,0
320065,4,2,-1,8,30171,5,0
320066,4,3,-1,5,56589,6,0
320067,4,3,-1,5,32089,9,0
320068,4,2,-1,8,14444,8,0
320069,4,3,-1,5,11598,5,0
320070,4,3,-1,5,30702,10,0
320071,4,2,-1,8,8905,6,0
320072,4,3,-1,5,56590,8,0
320073,4,2,-1,8,28372,6,0
320074,4,2,-1,8,14599,3,0
320075,4,0,-1,4,24569,11,0
320076,4,3,-1,5,25741,8,0
320077,4,0,-1,4,34491,2,0
320078,2,4,-1,0,20953,13,3
320079,4,3,-1,5,57620,9,0
320080,4,3,-1,5,51299,3,0
320081,2,0,-1,0,8485,13,3
320082,4,0,-1,4,224,11,0
320083,4,3,-1,5,56517,9,0
320084,4,2,-1,8,17121,6,0
320085,4,2,-1,8,16983,8,0
320086,2,4,-1,0,19624,13,3
320087,4,2,-1,8,14316,3,0
320088,4,3,-1,5,52333,3,0
320089,4,3,-1,5,25673,7,0
320090,4,1,-1,7,26082,16,0
320091,4,2,-1,8,7560,7,0
320092,4,3,-1,5,15431,1,0
320093,4,3,-1,5,55847,5,0
320094,4,2,-1,8,27710,8,0
320095,4,3,-1,5,56360,8,0
320096,4,0,-1,4,31633,2,0
320097,4,2,-1,8,48750,20,0
320098,4,3,-1,5,52163,8,0
320099,4,0,-1,4,29697,11,0
320100,4,3,-1,5,65278,5,0
320101,4,3,-1,5,52226,1,0
320102,4,0,-1,4,6494,2,0
320103,4,3,-1,5,42583,3,0
320104,2,10,-1,0,20415,17,2
320105,4,2,-1,8,19030,7,0
320106,4,2,-1,8,6762,8,0
320107,4,2,-1,8,17169,9,0
320108,4,3,-1,5,48604,5,0
320109,4,2,-1,8,41379,10,0
320110,4,1,-1,7,44458,16,0
320111,4,3,-1,5,16492,1,0
320112,4,0,-1,4,56874,11,0
320113,4,2,-1,8,46443,6,0
320114,4,0,-1,4,22293,12,0
320115,4,0,-1,4,34491,2,0
320116,4,0,-1,4,6546,2,0
320117,4,3,-1,5,38872,3,0
320118,4,3,-1,5,52353,5,0
320119,4,2,-1,8,9503,10,0
320120,4,0,-1,4,9834,11,0
320121,2,0,-1,0,23236,13,3
320122,4,0,-1,4,31800,11,0
320123,4,3,-1,5,42109,3,0
320124,4,9,-1,0,62300,28,0
320125,4,2,-1,8,22656,8,0
320126,4,2,-1,8,28284,6,0
320127,4,2,-1,8,15020,7,0
320128,4,2,-1,8,14599,3,0
320129,4,2,-1,8,36771,5,0
320130,4,2,-1,8,28802,6,0
320131,4,2,-1,8,17230,10,0
320132,4,3,-1,5,48037,10,0
320133,4,2,-1,8,9513,6,0
320134,4,0,-1,4,23713,2,0
320135,2,4,-1,0,28194,13,3
320136,4,2,-1,8,14728,9,0
320137,4,3,-1,5,38279,7,0
320138,4,0,-1,4,31905,11,0
320139,4,1,-1,7,50974,16,0
320140,4,2,-1,8,27983,6,0
320141,4,2,-1,8,16971,7,0
320142,4,2,-1,8,27807,7,0
320143,4,3,-1,5,40732,10,0
320144,2,13,-1,0,61678,13,3
320145,4,3,-1,5,44130,5,0
320146,4,3,-1,5,21577,5,0
320147,4,0,-1,4,51276,11,0
320148,2,10,-1,0,18289,17,2
320149,2,4,-1,0,11453,13,3
320150,4,2,-1,8,27723,7,0
320151,4,3,-1,5,51299,3,0
320152,4,2,-1,8,27888,9,0
320153,4,2,-1,8,12830,3,0
320154,4,3,-1,5,48757,10,0
320155,4,2,-1,8,16508,20,0
320156,4,3,-1,5,43700,9,0
320157,4,2,-1,8,16949,6,0
320158,4,3,-1,5,25741,8,0
320159,4,2,-1,8,18929,10,0
320160,4,0,-1,4,53042,11,0
320161,4,2,-1,8,17233,5,0
320162,4,3,-1,5,28726,10,0
320163,4,2,-1,8,14728,9,0
320164,4,0,-1,4,224,11,0
320165,4,0,-1,4,50376,11,0
320166,4,3,-1,5,37490,5,0
320167,4,0,-1,4,31604,2,0
320168,4,2,-1,8,17095,5,0
320169,4,1,-1,7,56538,16,0
320170,4,2,-1,8,17163,8,0
320171,4,3,-1,5,52399,10,0
320172,4,3,-1,5,27289,7,0
320173,4,0,-1,4,6522,2,0
320174,4,2,-1,8,28372,6,0
320175,4,0,-1,4,15421,2,0
320176,4,1,-1,7,23125,16,0
320177,4,6,-1,1,20873,14,4
320178,4,2,-1,8,46437,5,0
320179,4,3,-1,5,52342,8,0
320180,4,0,-1,4,6539,2,0
320181,4,2,-1,8,27713,3,0
320182,4,2,-1,8,21310,1,0
320183,4,2,-1,8,12403,3,0
320184,4,3,-1,5,39065,3,0
320185,4,2,-1,8,18361,8,0
320186,2,0,-1,0,50070,13,3
320187,4,2,-1,8,28384,6,0
320188,4,2,-1,8,49990,8,0
320189,4,3,-1,5,43252,8,0
320190,4,3,-1,5,44127,10,0
320191,4,3,-1,5,31408,8,0
320192,4,2,-1,8,17199,1,0
320193,4,3,-1,5,56378,5,0
320194,4,2,-1,8,25864,9,0
320195,4,3,-1,5,59543,1,0
320196,2,10,-1,0,56080,17,2
320197,4,0,-1,4,15150,12,0
320198,4,3,-1,5,54260,5,0
320199,4,1,-1,7,55943,16,0
320200,4,3,-1,5,34558,3,0
320201,4,2,-1,8,35381,8,0
320202,4,1,-1,7,26215,16,0
320203,2,15,-1,0,22977,13,3
320204,4,1,-1,7,35444,16,0
320205,4,2,-1,8,7560,7,0
320206,4,2,-1,8,14444,8,0
320207,4,3,-1,5,42916,5,0
320208,4,3,-1,5,34558,3,0
320209,4,2,-1,8,1981,8,0
320210,4,3,-1,5,23861,8,0
320211,2,15,-1,0,50122,13,3
320212,4,2,-1,8,17230,10,0
320213,4,3,-1,5,27157,7,0
320214,4,3,-1,5,44110,6,0
320215,4,3,-1,5,44003,6,0
320216,4,2,-1,8,19911,3,0
320217,4,3,-1,5,56731,7,0
320218,4,0,-1,4,53566,2,0
320219,4,3,-1,5,38626,10,0
320220,4,0,-1,4,20769,11,0
320221,4,3,-1,5,57612,6,0
320222,2,0,-1,0,43356,13,3
320223,4,3,-1,5,15811,1,0
320224,4,3,-1,5,45239,8,0
320225,4,2,-1,8,28522,10,0
320226,4,3,-1,5,40183,8,0
320227,4,6,-1,1,52179,14,4
320228,4,3,-1,5,51414,9,0
320229,4,3,-1,5,57542,1,0
320230,4,0,-1,4,39128,11,0
320231,4,3,-1,5,27117,6,0
320232,4,2,-1,8,28002,3,0
320233,4,1,-1,7,57171,16,0
320234,4,3,-1,5,53371,1,0
320235,4,0,-1,4,22293,12,0
320236,4,2,-1,8,27881,10,0
320237,4,0,-1,4,12984,11,0
320238,4,2,-1,8,16508,20,0
320239,4,2,-1,8,16566,9,0
320240,4,1,-1,7,27176,16,0
320241,4,3,-1,5,57051,5,0
320242,2,15,-1,0,39357,13,3
320243,4,3,-1,5,41813,8,0
320244,4,1,-1,7,26080,16,0
320245,4,2,-1,8,19184,8,0
320246,4,1,-1,7,50050,16,0
320247,4,0,-1,4,2854,11,0
320248,4,0,-1,4,35358,2,0
320249,4,3,-1,5,43154,5,0
320250,4,2,-1,8,27886,1,0
320251,2,0,-1,0,39608,13,3
320252,4,2,-1,8,8098,3,0
320253,4,2,-1,8,34393,8,0
320254,4,2,-1,8,27954,9,0
320255,4,2,-1,8,17137,7,0
320256,4,3,-1,5,53236,9,0
320257,4,3,-1,5,28135,1,0
320258,4,3,-1,5,39706,8,0
320259,4,2,-1,8,21302,1,0
320260,4,1,-1,7,51925,16,0
320261,4,0,-1,4,18707,2,0
320262,4,1,-1,7,28616,16,0
320263,2,10,-1,0,34939,17,2
320264,4,3,-1,5,27211,6,0
320265,4,1,-1,7,50053,16,0
320266,4,3,-1,5,40255,1,0
320267,4,3,-1,5,16520,1,0
320268,4,3,-1,5,16487,7,0
320269,4,3,-1,5,28667,8,0
320270,4,2,-1,8,41379,10,0
320271,4,0,-1,4,52417,2,0
320272,2,4,-1,0,39045,13,3
320273,2,15,-1,0,38683,13,3
320274,4,3,-1,5,26321,3,0
320275,2,10,-1,0,51938,17,2
320276,4,1,-1,7,29916,16,0
320277,4,3,-1,5,52473,6,0
320278,4,3,-1,5,6976,9,0
320279,4,1,-1,7,27721,16,0
320280,4,3,-1,5,56869,7,0
320281,4,0,-1,4,28831,11,0
320282,4,2,-1,8,42456,20,0
320283,4,3,-1,5,32877,10,0
320284,4,3,-1,5,60192,5,0
320285,4,2,-1,8,46440,7,0
320286,4,2,-1,8,13259,1,0
320287,4,2,-1,8,34244,6,0
320288,2,5,-1,0,19546,17,1
320289,4,0,-1,4,31905,11,0
320290,4,3,-1,5,26310,8,0
320291,4,2,-1,8,21302,1,0
320292,4,3,-1,5,9894,9,0
320293,4,0,-1,4,22293,12,0
320294,4,1,-1,7,26064,16,0
320295,4,0,-1,4,6486,11,0
320296,4,3,-1,5,26329,3,0
320297,4,1,-1,7,52453,16,0
320298,4,1,-1,7,56697,16,0
320299,4,2,-1,8,34244,6,0
320300,4,0,-1,4,53142,12,0
320301,4,2,-1,8,27766,10,0
320302,4,0,-1,4,6338,12,0
320303,4,2,-1,8,17190,3,0
320304,4,2,-1,8,9550,9,0
320305,4,1,-1,7,25975,16,0
320306,4,2,-1,8,27681,7,0
320307,4,3,-1,5,39308,3,0
320308,4,3,-1,5,45278,8,0
320309,2,0,-1,0,50069,13,3
320310,4,2,-1,8,13864,8,0
320311,4,3,-1,5,27123,3,0
320312,4,2,-1,8,17199,1,0
320313,4,0,-1,4,45351,2,0
320314,4,2,-1,8,19030,7,0
320315,4,2,-1,8,8753,1,0
320316,4,2,-1,8,27523,3,0
320317,4,2,-1,8,16508,20,0
320318,4,2,-1,8,9529,10,0
320319,4,3,-1,5,29934,7,0
320320,4,2,-1,8,25674,5,0
320321,4,1,-1,7,23026,16,0
320322,4,3,-1,5,43247,6,0
320323,4,3,-1,5,56733,8,0
320324,4,2,-1,8,1978,7,0
320325,4,2,-1,8,27522,7,0
320326,4,3,-1,5,40734,8,0
320327,4,2,-1,8,12788,8,0
320328,2,10,-1,0,28610,17,2
320329,4,2,-1,8,34247,8,0
320330,4,1,-1,7,27033,16,0
320331,4,3,-1,5,54306,3,0
320332,4,2,-1,8,16932,6,0
320333,4,2,-1,8,28370,9,0
320334,2,4,-1,0,49201,13,3
320335,4,0,-1,4,64205,2,0
320336,4,3,-1,5,56541,8,0
320337,2,1,-1,0,8533,17,1
320338,4,2,-1,8,21297,1,0
320339,4,3,-1,5,39704,7,0
320340,4,3,-1,5,51181,10,0
320341,4,2,-1,8,27959,1,0
320342,4,2,-1,8,28283,10,0
320343,4,3,-1,5,26272,7,0
320344,4,0,-1,4,23715,2,0
320345,2,10,-1,0,44339,17,2
320346,4,1,-1,7,27549,16,0
320347,2,13,-1,0,26592,13,3
320348,4,2,-1,8,27963,6,0
320349,4,1,-1,7,56538,16,0
320350,4,3,-1,5,52350,7,0
320351,4,6,-1,1,38728,14,4
320352,4,0,-1,4,59327,11,0
320353,2,4,-1,0,41613,13,3
320354,4,0,-1,4,6564,12,0
320355,4,2,-1,8,44432,5,0
320356,4,3,-1,5,59266,9,0
320357,4,6,-1,1,40781,14,4
320358,4,3,-1,5,38988,10,0
320359,4,2,-1,8,14831,9,0
320360,4,2,-1,8,28173,1,0
320361,4,2,-1,8,16996,8,0
320362,4,2,-1,8,9513,6,0
320363,4,3,-1,5,40252,8,0
320364,4,2,-1,8,17141,7,0
320365,4,2,-1,8,14728,9,0
320366,4,3,-1,5,50680,1,0
320367,4,0,-1,4,37430,11,0
320368,4,3,-1,5,25754,5,0
320369,4,3,-1,5,49362,3,0
320370,4,2,-1,8,28008,7,0
320371,4,3,-1,5,51885,3,0
320372,4,3,-1,5,19838,1,0
320373,4,3,-1,5,54195,7,0
320374,4,2,-1,8,27976,6,0
320375,4,1,-1,7,23057,16,0
320376,4,1,-1,7,15040,16,0
320377,2,13,-1,0,40169,13,3
320378,4,3,-1,5,56690,8,0
320379,2,0,-1,0,23243,13,3
320380,4,3,-1,5,61939,6,0
320381,4,3,-1,5,28300,6,0
320382,4,2,-1,8,31385,9,0
320383,4,0,-1,4,64218,2,0
320384,4,3,-1,5,56378,5,0
320385,4,3,-1,5,54937,5,0
320386,4,3,-1,5,28234,7,0
320387,4,3,-1,5,51414,9,0
320388,4,3,-1,5,49362,3,0
320389,4,3,-1,5,45175,1,0
320390,4,1,-1,7,64640,16,0
320391,4,3,-1,5,31382,10,0
320392,2,15,-1,0,23791,13,3
320393,4,3,-1,5,56608,5,0
320394,4,3,-1,5,28437,7,0
320395,4,1,-1,7,37556,16,0
320396,4,1,-1,7,28297,16,0
320397,4,0,-1,4,9850,11,0
320398,4,2,-1,8,27988,3,0
320399,4,0,-1,4,15420,2,0
320400,4,1,-1,7,23030,16,0
320401,4,2,-1,8,46446,9,0
320402,4,3,-1,5,52442,3,0
320403,4,3,-1,5,53627,8,0
320404,4,3,-1,5,56135,3,0
320405,4,2,-1,8,38267,5,0
320406,4,3,-1,5,54890,7,0
320407,4,2,-1,8,17134,6,0
320408,2,10,-1,0,20424,17,2
320409,4,2,-1,8,6729,3,0
320410,4,3,-1,5,26467,5,0
320411,4,2,-1,8,9380,7,0
320412,4,2,-1,8,27958,6,0
320413,4,3,-1,5,27293,1,0
320414,4,3,-1,5,32762,10,0
320415,4,0,-1,4,6490,2,0
320416,4,3,-1,5,57541,1,0
320417,4,2,-1,8,14444,8,0
320418,4,3,-1,5,27322,5,0
320419,4,3,-1,5,43052,10,0
320420,4,2,-1,8,5243,5,0
320421,4,3,-1,5,53627,8,0
320422,4,2,-1,8,14522,7,0
320423,4,3,-1,5,52484,3,0
320424,4,3,-1,5,54052,6,0
320425,4,3,-1,5,27297,5,0
320426,4,3,-1,5,48370,8,0
320427,2,10,-1,0,20357,17,2
320428,2,4,-1,0,21051,13,3
320429,4,2,-1,8,34392,6,0
320430,4,2,-1,8,28688,10,0
320431,4,0,-1,4,2854,11,0
320432,4,3,-1,5,28721,3,0
320433,4,2,-1,8,17142,7,0
320434,4,2,-1,8,18361,8,0
320435,4,3,-1,5,28435,6,0
320436,4,6,-1,1,44369,14,4
320437,4,3,-1,5,25744,10,0
320438,2,10,-1,0,20272,17,2
320439,4,3,-1,5,34594,6,0
320440,4,3,-1,5,64824,9,0
320441,2,5,-1,0,5533,17,1
320442,4,3,-1,5,43726,9,0
320443,4,2,-1,8,27711,1,0
320444,4,2,-1,8,18903,5,0
320445,4,3,-1,5,44267,8,0
320446,4,3,-1,5,28662,1,0
320447,4,3,-1,5,37619,1,0
320448,2,10,-1,0,30870,17,2
320449,4,2,-1,8,21302,1,0
320450,4,3,-1,5,56725,8,0
320451,4,1,-1,7,23049,16,0
320452,4,3,-1,5,41596,8,0
320453,4,3,-1,5,54053,6,0
320454,4,3,-1,5,43164,10,0
320455,4,3,-1,5,28196,1,0
320456,4,3,-1,5,44200,8,0
320457,4,3,-1,5,21805,10,0
320458,4,0,-1,4,43339,11,0
320459,4,3,-1,5,52335,7,0
320460,2,0,-1,0,50063,13,3
320461,4,3,-1,5,52496,1,0
320462,4,3,-1,5,26312,6,0
320463,4,3,-1,5,43162,3,0
320464,4,3,-1,5,15501,1,0
320465,4,3,-1,5,27171,5,0
320466,4,2,-1,8,5243,5,0
320467,4,3,-1,5,58223,1,0
320468,4,2,-1,8,6775,3,0
320469,4,3,-1,5,39436,6,0
320470,2,1,-1,0,60850,17,1
320471,4,2,-1,8,17091,5,0
320472,4,2,-1,8,28195,7,0
320473,4,3,-1,5,32164,10,0
320474,4,3,-1,5,53236,9,0
320475,4,1,-1,7,32070,16,0
320476,4,3,-1,5,28132,1,0
320477,4,3,-1,5,54889,7,0
320478,4,3,-1,5,3193,7,0
320479,4,3,-1,5,51887,5,0
320480,4,2,-1,8,14995,5,0
320481,2,15,-1,0,20491,13,3
320482,2,10,-1,0,20289,17,2
320483,4,0,-1,4,51277,11,0
320484,4,1,-1,7,24065,16,0
320485,4,2,-1,8,21295,1,0
320486,4,0,-1,4,52459,11,0
320487,4,3,-1,5,53118,6,0
320488,2,15,-1,0,20435,13,3
320489,4,3,-1,5,39792,7,0
320490,2,10,-1,0,48030,17,2
320491,4,3,-1,5,43517,1,0
320492,4,2,-1,8,33276,10,0
320493,4,0,-1,4,14434,11,0
320494,4,2,-1,8,22656,8,0
320495,4,2,-1,8,46442,1,0
320496,4,2,-1,8,13864,8,0
320497,4,3,-1,5,58256,7,0
320498,4,3,-1,5,48674,6,0
320499,4,2,-1,8,27975,7,0
320500,4,2,-1,8,9526,10,0
320501,4,2,-1,8,26550,1,0
320502,4,2,-1,8,13249,1,0
320503,4,3,-1,5,52425,5,0
320504,4,3,-1,5,23490,3,0
320505,2,4,-1,0,19778,13,3
320506,4,3,-1,5,29934,7,0
320507,4,2,-1,8,28370,9,0
320508,4,0,-1,4,52438,11,0
320509,4,3,-1,5,26270,6,0
320510,4,3,-1,5,28447,7,0
320511,4,0,-1,4,54999,2,0
320512,2,15,-1,0,43207,13,3
320513,4,2,-1,8,25864,9,0
320514,2,4,-1,0,19699,13,3
320515,4,2,-1,8,27678,8,0
320516,4,3,-1,5,48764,7,0
320517,2,0,-1,0,28679,13,3
320518,4,1,-1,7,23020,16,0
320519,4,3,-1,5,31194,3,0
320520,4,3,-1,5,44200,8,0
320521,4,2,-1,8,703,8,0
320522,4,3,-1,5,39985,3,0
320523,4,2,-1,8,9514,7,0
320524,4,3,-1,5,56014,10,0
320525,4,2,-1,8,15016,6,0
320526,4,2,-1,8,2368,10,0
320527,4,2,-1,8,28385,7,0
320528,4,2,-1,8,14755,10,0
320529,4,2,-1,8,14389,6,0
320530,4,0,-1,4,64170,11,0
320531,4,1,-1,7,50055,16,0
320532,4,3,-1,5,27154,9,0
320533,4,1,-1,7,27673,16,0
320534,4,2,-1,8,17011,9,0
320535,4,2,-1,8,17102,5,0
320536,4,3,-1,5,26270,6,0
320537,4,0,-1,4,36444,12,0
320538,4,6,-1,1,18657,14,4
320539,4,2,-1,8,27990,10,0
320540,4,3,-1,5,26185,10,0
320541,4,2,-1,8,14002,9,0
320542,4,2,-1,8,17159,8,0
320543,4,3,-1,5,28336,6,0
320544,4,3,-1,5,28662,1,0
320545,4,1,-1,7,49231,16,0
320546,4,0,-1,4,11990,11,0
320547,4,3,-1,5,51071,5,0
320548,4,3,-1,5,56261,3,0
320549,2,10,-1,0,51602,17,2
320550,4,3,-1,5,27318,8,0
320551,4,2,-1,8,19184,8,0
320552,4,0,-1,4,38555,2,0
320553,4,0,-1,4,38129,12,0
320554,4,3,-1,5,51078,8,0
320555,4,0,-1,4,9843,11,0
320556,4,2,-1,8,14755,10,0
320557,4,3,-1,5,51223,8,0
320558,2,15,-1,0,20292,13,3
320559,4,0,-1,4,9658,2,0
320560,4,0,-1,4,31576,11,0
320561,4,2,-1,8,13253,1,0
320562,4,2,-1,8,46439,7,0
320563,4,0,-1,4,33534,11,0
320564,4,3,-1,5,26073,9,0
320565,4,2,-1,8,27882,5,0
320566,4,3,-1,5,44113,9,0
320567,2,4,-1,0,39045,13,3
320568,4,2,-1,8,16974,7,0
320569,4,2,-1,8,18322,1,0
320570,4,3,-1,5,50611,1,0
320571,4,2,-1,8,17122,6,0
320572,2,10,-1,0,20410,17,2
320573,4,0,-1,4,43360,12,0
320574,4,3,-1,5,28722,7,0
320575,4,2,-1,8,9380,7,0
320576,2,10,-1,0,39753,17,2
320577,4,2,-1,8,27884,7,0
320578,4,2,-1,8,16508,20,0
320579,4,2,-1,8,17100,5,0
320580,4,2,-1,8,28683,10,0
320581,4,2,-1,8,17215,8,0
320582,4,3,-1,5,49703,6,0
320583,4,1,-1,7,28609,16,0
320584,4,3,-1,5,59632,10,0
320585,4,3,-1,5,46092,7,0
320586,4,3,-1,5,42919,7,0
320587,4,2,-1,8,28430,5,0
320588,4,3,-1,5,31194,3,0
320589,4,1,-1,7,23024,16,0
320590,4,3,-1,5,31241,5,0
320591,4,2,-1,8,29134,1,0
320592,4,3,-1,5,59776,3,0
320593,4,2,-1,8,18386,5,0
320594,4,0,-1,4,14436,11,0
320595,2,10,-1,0,39392,17,2
320596,4,1,-1,7,45480,16,0
320597,4,3,-1,5,56575,1,0
320598,4,3,-1,5,25826,1,0
320599,4,0,-1,4,56875,11,0
320600,4,2,-1,8,17178,10,0
320601,4,3,-1,5,26172,1,0
320602,4,1,-1,7,25884,16,0
320603,4,3,-1,5,30663,5,0
320604,4,2,-1,8,5243,5,0
320605,4,0,-1,4,9854,2,0
320606,4,1,-1,7,50054,16,0
320607,4,2,-1,8,36771,5,0
320608,4,2,-1,8,17197,3,0
320609,4,3,-1,5,16110,1,0
320610,4,6,-1,1,28583,14,4
320611,4,3,-1,5,44018,7,0
320612,4,2,-1,8,27983,6,0
320613,4,0,-1,4,31616,11,0
320614,4,0,-1,4,31476,12,0
320615,4,3,-1,5,26328,10,0
320616,4,2,-1,8,41379,10,0
320617,4,3,-1,5,42106,10,0
320618,4,2,-1,8,9536,5,0
320619,4,2,-1,8,17173,9,0
320620,4,3,-1,5,43162,3,0
320621,4,6,-1,1,25138,14,4
320622,4,2,-1,8,22393,5,0
320623,4,3,-1,5,52232,9,0
320624,4,3,-1,5,39980,8,0
320625,4,3,-1,5,49521,3,0
320626,4,9,-1,0,39639,28,0
320627,4,2,-1,8,17093,5,0
320628,4,2,-1,8,21310,1,0
320629,4,3,-1,5,51311,5,0
320630,4,2,-1,8,16931,6,0
320631,4,3,-1,5,27134,3,0
320632,4,3,-1,5,51322,6,0
320633,4,3,-1,5,51141,10,0
320634,4,2,-1,8,18929,10,0
320635,4,3,-1,5,43241,5,0
320636,4,2,-1,8,17127,6,0
320637,4,3,-1,5,43626,5,0
320638,4,2,-1,8,27684,6,0
320639,4,0,-1,4,39212,2,0
320640,2,13,-1,0,15720,13,3
320641,4,3,-1,5,54219,6,0
320642,4,3,-1,5,55962,6,0
320643,4,2,-1,8,27975,7,0
320644,4,2,-1,8,19030,7,0
320645,4,0,-1,4,28831,11,0
320646,4,3,-1,5,26107,10,0
320647,4,9,-1,0,50537,28,0
320648,4,0,-1,4,38560,2,0
320649,4,3,-1,5,49362,3,0
320650,4,3,-1,5,27827,8,0
320651,4,3,-1,5,52327,5,0
320652,4,6,-1,1,26959,14,4
320653,4,3,-1,5,28132,1,0
320654,4,2,-1,8,28286,9,0
320655,4,3,-1,5,51195,8,0
320656,4,3,-1,5,44206,3,0
320657,4,0,-1,4,43360,12,0
320658,4,2,-1,8,9531,5,0
320659,4,3,-1,5,26269,10,0
320660,4,0,-1,4,28733,11,0
320661,4,1,-1,7,44633,16,0
320662,4,0,-1,4,23608,11,0
320663,4,3,-1,5,51888,6,0
320664,4,3,-1,5,25676,5,0
320665,4,2,-1,8,9503,10,0
320666,4,2,-1,8,21291,1,0
320667,4,0,-1,4,56781,2,0
320668,4,3,-1,5,26114,3,0
320669,4,3,-1,5,54375,1,0
320670,4,0,-1,4,9865,11,0
320671,2,10,-1,0,20424,17,2
320672,4,3,-1,5,27306,1,0
320673,4,3,-1,5,45680,1,0
320674,4,0,-1,4,18397,11,0
320675,4,3,-1,5,42106,10,0
320676,4,3,-1,5,24070,7,0
320677,4,1,-1,7,28693,16,0
320678,4,3,-1,5,27293,1,0
320679,4,3,-1,5,42915,8,0
320680,4,2,-1,8,28241,8,0
320681,4,2,-1,8,17102,5,0
320682,4,3,-1,5,39787,9,0
320683,4,3,-1,5,31382,10,0
320684,4,2,-1,8,8732,5,0
320685,4,2,-1,8,27975,7,0
320686,4,2,-1,8,14774,6,0
320687,4,2,-1,8,28375,5,0
320688,4,3,-1,5,52476,6,0
320689,4,0,-1,4,31631,12,0
320690,4,2,-1,8,21404,7,0
320691,4,3,-1,5,19725,9,0
320692,4,2,-1,8,17152,7,0
320693,4,3,-1,5,16487,7,0
320694,4,2,-1,8,14316,3,0
320695,4,3,-1,5,51260,9,0
320696,2,10,-1,0,56259,17,2
320697,4,3,-1,5,41202,3,0
320698,4,3,-1,5,51873,1,0
320699,4,2,-1,8,9503,10,0
320700,4,1,-1,7,15089,16,0
320701,4,2,-1,8,2368,10,0
320702,4,2,-1,8,27688,3,0
320703,4,2,-1,8,18322,1,0
320704,2,4,-1,0,52455,13,3
320705,4,3,-1,5,29934,7,0
320706,4,3,-1,5,27277,9,0
320707,4,3,-1,5,46883,10,0
320708,4,0,-1,4,34491,2,0
320709,4,2,-1,8,12977,6,0
320710,2,10,-1,0,49148,17,2
320711,4,2,-1,8,16910,6,0
320712,4,0,-1,4,28784,2,0
320713,4,2,-1,8,2644,5,0
320714,4,2,-1,8,3169,3,0
320715,4,2,-1,8,21302,1,0
320716,4,2,-1,8,1978,7,0
320717,4,3,-1,5,40254,10,0
320718,4,2,-1,8,28730,6,0
320719,4,2,-1,8,17113,6,0
320720,4,2,-1,8,27670,7,0
320721,4,2,-1,8,27680,1,0
320722,4,2,-1,8,35381,8,0
320723,4,0,-1,4,14434,11,0
320724,4,2,-1,8,28173,1,0
320725,4,1,-1,7,39271,16,0
320726,4,2,-1,8,28368,5,0
320727,4,0,-1,4,39214,2,0
320728,4,6,-1,1,4400,14,4
320729,4,3,-1,5,52378,6,0
320730,2,4,-1,0,30440,13,3
320731,4,0,-1,4,54513,11,0
320732,4,1,-1,7,64300,16,0
320733,4,2,-1,8,28247,9,0
320734,4,1,-1,7,56737,16,0
320735,4,3,-1,5,57023,5,0
320736,4,2,-1,8,28149,6,0
320737,4,3,-1,5,43008,8,0
320738,4,3,-1,5,30663,5,0
320739,4,3,-1,5,46094,10,0
320740,4,3,-1,5,45965,1,0
320741,2,10,-1,0,39429,17,2
320742,4,0,-1,4,51280,2,0
320743,4,3,-1,5,37618,1,0
320744,2,4,-1,0,43195,13,3
320745,4,2,-1,8,27523,3,0
320746,4,2,-1,8,17160,7,0
320747,4,3,-1,5,21805,10,0
320748,4,3,-1,5,43749,10,0
320749,4,2,-1,8,14546,10,0
320750,4,3,-1,5,46090,6,0
320751,4,0,-1,4,9843,11,0
320752,4,2,-1,8,28045,9,0
320753,4,3,-1,5,24045,1,0
320754,4,1,-1,7,55663,16,0
320755,4,2,-1,8,16971,7,0
320756,4,3,-1,5,45175,1,0
320757,4,3,-1,5,59145,6,0
320758,4,2,-1,8,28047,5,0
320759,4,0,-1,4,17776,12,0
320760,4,2,-1,8,28008,7,0
320761,4,2,-1,8,17137,7,0
320762,4,3,-1,5,56716,6,0
320763,4,0,-1,4,9854,2,0
320764,4,0,-1,4,64173,11,0
320765,4,1,-1,7,15040,16,0
320766,4,0,-1,4,24569,11,0
320767,4,0,-1,4,24569,11,0
320768,4,2,-1,8,28149,6,0
320769,4,2,-1,8,14004,10,0
320770,2,0,-1,0,8466,13,3
320771,4,3,-1,5,51310,5,0
320772,4,3,-1,5,60537,9,0
320773,4,2,-1,8,27523,3,0
320774,4,2,-1,8,15890,3,0
320775,4,2,-1,8,25864,9,0
320776,4,0,-1,4,31387,12,0
320777,4,1,-1,7,28661,16,0
320778,4,1,-1,7,23023,16,0
320779,4,3,-1,5,28760,8,0
320780,4,3,-1,5,41919,3,0
320781,4,3,-1,5,57062,7,0
320782,4,2,-1,8,8732,5,0
320783,4,2,-1,8,4532,6,0
320784,4,3,-1,5,52232,9,0
320785,4,2,-1,8,27708,6,0
320786,4,0,-1,4,45362,11,0
320787,4,3,-1,5,61457,10,0
320788,4,0,-1,4,7899,2,0
320789,4,2,-1,8,12368,5,0
320790,4,0,-1,4,31655,11,0
320791,4,0,-1,4,39432,2,0
320792,4,0,-1,4,34491,2,0
320793,4,3,-1,5,43011,5,0
320794,4,3,-1,5,38625,9,0
320795,4,2,-1,8,11956,6,0
320796,4,2,-1,8,11274,3,0
320797,4,3,-1,5,27945,3,0
320798,4,2,-1,8,17214,5,0
320799,4,0,-1,4,14433,11,0
320800,4,2,-1,8,13864,8,0
320801,4,3,-1,5,54865,3,0
320802,4,3,-1,5,52615,6,0
320803,4,3,-1,5,51411,6,0
320804,4,3,-1,5,52473,6,0
320805,4,2,-1,8,21302,1,0
320806,4,2,-1,8,27520,6,0
320807,4,2,-1,8,14002,9,0
320808,4,3,-1,5,32876,5,0
320809,4,3,-1,5,25223,7,0
320810,4,0,-1,4,22293,12,0
320811,4,3,-1,5,61219,5,0
320812,4,0,-1,4,32008,2,0
320813,4,0,-1,4,9840,11,0
320814,4,2,-1,8,27668,6,0
320815,4,2,-1,8,4532,6,0
320816,4,3,-1,5,43750,1,0
320817,4,0,-1,4,22753,12,0
320818,4,3,-1,5,29912,10,0
320819,4,3,-1,5,26316,10,0
320820,2,15,-1,0,51711,13,3
320821,4,2,-1,8,14260,5,0
320822,4,2,-1,8,11368,5,0
320823,4,1,-1,7,28298,16,0
320824,4,2,-1,8,16949,6,0
320825,2,10,-1,0,20418,17,2
320826,4,1,-1,7,15217,16,0
320827,4,3,-1,5,26291,5,0
320828,4,3,-1,5,41961,10,0
320829,4,2,-1,8,28241,8,0
320830,4,2,-1,8,27955,10,0
320831,4,3,-1,5,38629,7,0
320832,4,2,-1,8,16999,8,0
320833,4,3,-1,5,27157,7,0
320834,4,3,-1,5,38845,8,0
320835,4,2,-1,8,17017,9,0
320836,4,3,-1,5,46099,5,0
320837,4,2,-1,8,21302,1,0
320838,4,0,-1,4,52405,11,0
320839,4,3,-1,5,56729,10,0
320840,4,0,-1,4,9852,2,0
320841,4,2,-1,8,27949,8,0
320842,4,2,-1,8,18371,9,0
320843,4,2,-1,8,15413,9,0
320844,4,3,-1,5,52214,9,0
320845,2,10,-1,0,28578,17,2
320846,4,3,-1,5,41919,3,0
320847,2,13,-1,0,56662,13,3
320848,4,3,-1,5,52226,1,0
320849,4,3,-1,5,25713,3,0
320850,4,0,-1,4,9838,11,0
320851,4,0,-1,4,39914,12,0
320852,2,15,-1,0,23262,13,3
320853,4,3,-1,5,25676,5,0
320854,4,3,-1,5,62102,7,0
320855,4,0,-1,4,26391,11,0
320856,4,2,-1,8,28375,5,0
320857,2,15,-1,0,43649,13,3
320858,4,2,-1,8,21404,7,0
320859,4,2,-1,8,9505,7,0
320860,4,2,-1,8,9530,8,0
320861,4,2,-1,8,28368,5,0
320862,4,3,-1,5,40258,9,0
320863,4,2,-1,8,27680,1,0
320864,4,0,-1,4,18155,12,0
320865,4,3,-1,5,52363,8,0
320866,4,1,-1,7,23020,16,0
320867,4,0,-1,4,44086,11,0
320868,4,0,-1,4,9836,11,0
320869,4,3,-1,5,29938,1,0
320870,4,9,-1,0,43198,28,0
320871,4,2,-1,8,29134,1,0
320872,4,0,-1,4,6504,12,0
320873,4,2,-1,8,27668,6,0
320874,4,1,-1,7,44458,16,0
320875,4,3,-1,5,54932,10,0
320876,4,2,-1,8,18284,5,0
320877,4,0,-1,4,6539,2,0
320878,4,1,-1,7,23012,16,0
320879,2,4,-1,0,19735,13,3
320880,4,3,-1,5,27944,7,0
320881,4,2,-1,8,27518,5,0
320882,2,10,-1,0,50139,17,2
320883,4,6,-1,1,26046,14,4
320884,4,2,-1,8,28243,9,0
320885,2,0,-1,0,22885,13,3
320886,4,3,-1,5,56716,6,0
320887,4,2,-1,8,17067,10,0
320888,4,2,-1,8,49925,6,0
320889,4,2,-1,8,18489,7,0
320890,4,0,-1,4,38560,2,0
320891,4,2,-1,8,8098,3,0
320892,4,3,-1,5,52408,10,0
320893,4,2,-1,8,14995,5,0
320894,4,3,-1,5,28435,6,0
320895,4,0,-1,4,64252,12,0
320896,4,0,-1,4,26551,12,0
320897,4,0,-1,4,32678,11,0
320898,4,0,-1,4,32073,2,0
320899,4,2,-1,8,27913,10,0
320900,4,0,-1,4,31480,12,0
320901,4,3,-1,5,56512,5,0
320902,4,0,-1,4,52417,2,0
320903,4,3,-1,5,25222,5,0
320904,2,15,-1,0,16130,13,3
320905,4,0,-1,4,54999,2,0
320906,4,3,-1,5,15811,1,0
320907,4,2,-1,8,11960,6,0
320908,4,3,-1,5,28315,5,0
320909,4,3,-1,5,25934,7,0
320910,4,0,-1,4,34491,2,0
320911,4,3,-1,5,56344,1,0
320912,2,10,-1,0,38995,17,2
320913,4,0,-1,4,6546,2,0
320914,4,3,-1,5,27148,10,0
320915,4,0,-1,4,52268,11,0
320916,4,0,-1,4,28831,11,0
320917,4,2,-1,8,27522,7,0
320918,4,0,-1,4,31905,11,0
320919,4,2,-1,8,46443,6,0
320920,4,3,-1,5,52425,5,0
320921,4,2,-1,8,25864,9,0
320922,4,2,-1,8,10216,9,0
320923,4,3,-1,5,40736,3,0
320924,2,4,-1,0,28508,13,3
320925,2,0,-1,0,50071,13,3
320926,4,2,-1,8,27886,1,0
320927,4,3,-1,5,53668,5,0
320928,4,3,-1,5,52224,6,0
320929,4,3,-1,5,57051,5,0
320930,4,3,-1,5,28435,6,0
320931,4,2,-1,8,28008,7,0
320932,4,3,-1,5,56350,1,0
320933,4,0,-1,4,29697,11,0
320934,4,3,-1,5,59545,1,0
320935,4,3,-1,5,40744,3,0
320936,4,3,-1,5,52343,6,0
320937,4,3,-1,5,52333,3,0
320938,4,2,-1,8,19184,8,0
320939,4,3,-1,5,26289,9,0
320940,4,2,-1,8,8703,5,0
320941,4,3,-1,5,61465,8,0
320942,4,3,-1,5,45670,10,0
320943,4,3,-1,5,56684,6,0
320944,4,2,-1,8,9503,10,0
320945,4,3,-1,5,42106,10,0
320946,2,4,-1,0,8572,13,3
320947,4,3,-1,5,27174,7,0
320948,4,2,-1,8,2358,10,0
320949,4,2,-1,8,27520,6,0
320950,4,0,-1,4,43340,11,0
320951,4,2,-1,8,27699,9,0
320952,4,3,-1,5,27140,7,0
320953,4,2,-1,8,12830,3,0
320954,4,3,-1,5,54852,10,0
320955,4,3,-1,5,42889,1,0
320956,4,2,-1,8,17179,10,0
320957,2,0,-1,0,40960,13,3
320958,4,3,-1,5,37454,5,0
320959,4,0,-1,4,13806,12,0
320960,4,1,-1,7,51374,16,0
320961,4,0,-1,4,14433,11,0
320962,4,3,-1,5,31414,10,0
320963,4,1,-1,7,43197,16,0
320964,4,3,-1,5,54996,6,0
320965,4,3,-1,5,43057,1,0
320966,4,3,-1,5,29934,7,0
320967,4,0,-1,4,33262,2,0
320968,4,2,-1,8,15330,1,0
320969,4,3,-1,5,27106,3,0
320970,4,3,-1,5,52484,3,0
320971,4,2,-1,8,28014,7,0
320972,4,2,-1,8,14781,5,0
320973,4,3,-1,5,48759,20,0
320974,4,3,-1,5,56135,3,0
320975,4,3,-1,5,28186,10,0
320976,4,0,-1,4,30661,11,0
320977,4,2,-1,8,15298,1,0
320978,4,1,-1,7,26323,16,0
320979,2,10,-1,0,59626,17,2
320980,4,2,-1,8,28002,3,0
320981,4,1,-1,7,26080,16,0
320982,2,5,-1,0,28468,17,1
320983,4,3,-1,5,48060,10,0
320984,4,3,-1,5,56608,5,0
320985,4,2,-1,8,17218,6,0
320986,4,2,-1,8,14002,9,0
320987,4,0,-1,4,9854,2,0
320988,4,2,-1,8,15020,7,0
320989,4,3,-1,5,28721,3,0
320990,4,3,-1,5,21694,7,0
320991,4,1,-1,7,28652,16,0
320992,4,3,-1,5,27328,8,0
320993,4,2,-1,8,27877,5,0
320994,4,6,-1,1,3304,14,4
320995,4,2,-1,8,14602,5,0
320996,4,2,-1,8,27668,6,0
320997,4,0,-1,4,9846,11,0
320998,2,10,-1,0,20386,17,2
320999,4,1,-1,7,61405,16,0
340000,4,1,-1,7,42101,8,0
340001,4,1,-1,7,56527,1,0
340002,4,1,-1,7,25884,16,0
340003,4,1,-1,7,29908,3,0
340004,4,0,-1,4,7122,12,0
340005,4,1,-1,7,23711,7,0
340006,4,1,-1,7,54189,7,0
340007,4,1,-1,7,25869,20,0
340008,4,1,-1,7,31625,10,0
340009,4,1,-1,7,52618,7,0
340010,4,0,-1,4,35358,2,0
340011,4,1,-1,7,23019,16,0
340012,4,1,-1,7,25952,5,0
340013,4,0,-1,4,33288,2,0
340014,4,1,-1,7,26174,20,0
340015,4,0,-1,4,39212,2,0
340016,4,1,-1,7,14555,6,0
340017,4,1,-1,7,13656,10,0
340018,4,1,-1,7,19011,20,0
340019,4,1,-1,7,26137,16,0
340020,4,1,-1,7,15298,1,0
340021,4,1,-1,7,12687,20,0
340022,4,1,-1,7,24932,20,0
340023,4,1,-1,7,38064,6,0
340024,4,1,-1,7,16813,20,0
340025,4,0,-1,4,21632,12,0
340026,4,1,-1,7,18999,10,0
340027,2,15,-1,0,55818,13,3
340028,2,10,-1,0,40322,17,2
340029,2,7,-1,0,20029,13,3
340030,2,10,-1,0,39987,17,2
340031,4,1,-1,7,6295,10,0
340032,2,10,-1,0,20424,17,2
340033,4,1,-1,7,14711,7,0
340034,4,1,-1,7,10079,7,0
340035,4,1,-1,7,26228,16,0
340036,2,10,-1,0,28467,17,2
340037,4,1,-1,7,39068,10,0
340038,4,1,-1,7,52626,7,0
340039,2,10,-1,0,20329,17,2
340040,4,1,-1,7,16544,1,0
340041,2,10,-1,0,40359,17,2
340042,4,1,-1,7,31032,7,0
340043,4,1,-1,7,14511,7,0
340044,4,1,-1,7,51368,20,0
340045,4,1,-1,7,17123,20,0
340046,4,0,-1,4,33262,2,0
340047,4,1,-1,7,38266,5,0
340048,4,1,-1,7,36935,9,0
340049,4,1,-1,7,16826,1,0
340050,4,1,-1,7,25997,16,0
340051,2,10,-1,0,44339,17,2
340052,4,1,-1,7,14566,9,0
340053,4,1,-1,7,64284,10,0
340054,4,1,-1,7,59517,5,0
340055,4,0,-1,4,52454,2,0
340056,4,0,-1,4,9859,2,0
340057,4,1,-1,7,31602,6,0
340058,4,1,-1,7,48691,8,0
340059,4,1,-1,7,43054,5,0
340060,4,0,-1,4,48503,12,0
340061,4,1,-1,7,28730,6,0
340062,4,1,-1,7,12395,7,0
340063,4,1,-1,7,61420,20,0
340064,4,0,-1,4,7570,2,0
340065,4,1,-1,7,25873,5,0
340066,2,10,-1,0,39296,17,2
340067,4,1,-1,7,19932,6,0
340068,4,0,-1,4,38098,2,0
340069,4,1,-1,7,56260,10,0
340070,2,7,-1,0,7311,13,3
340071,4,1,-1,7,52234,3,0
340072,2,7,-1,0,20221,13,3
340073,4,1,-1,7,14498,7,0
340074,4,1,-1,7,46032,7,0
340075,4,1,-1,7,26052,7,0
340076,4,1,-1,7,48171,20,0
340077,4,0,-1,4,14437,2,0
340078,4,1,-1,7,27304,16,0
340079,4,0,-1,4,9657,2,0
340080,4,1,-1,7,55653,8,0
340081,4,1,-1,7,25974,7,0
340082,4,0,-1,4,224,11,0
340083,4,0,-1,4,52454,2,0
340084,4,1,-1,7,4301,8,0
340085,4,1,-1,7,15824,7,0
340086,4,1,-1,7,18271,10,0
340087,2,10,-1,0,28228,17,2
340088,4,1,-1,7,26277,1,0
340089,2,15,-1,0,35961,13,3
340090,4,1,-1,7,64243,3,0
340091,4,1,-1,7,16698,20,0
340092,2,15,-1,0,20451,13,3
340093,4,1,-1,7,42519,8,0
340094,4,1,-1,7,14680,9,0
340095,4,1,-1,7,29894,1,0
340096,4,1,-1,7,55943,16,0
340097,2,19,-1,0,53117,26,0
340098,4,1,-1,7,55691,6,0
340099,4,0,-1,4,33520,12,0
340100,4,0,-1,4,34491,2,0
340101,4,0,-1,4,3026,12,0
340102,4,1,-1,7,27860,5,0
340103,4,1,-1,7,52387,9,0
340104,4,1,-1,7,14749,8,0
340105,4,1,-1,7,25986,3,0
340106,4,1,-1,7,27910,10,0
340107,4,0,-1,4,3258,11,0
340108,4,0,-1,4,18308,2,0
340109,4,1,-1,7,24895,7,0
340110,4,0,-1,4,54999,2,0
340111,4,1,-1,7,26154,10,0
340112,4,1,-1,7,17120,8,0
340113,4,1,-1,7,43182,7,0
340114,4,1,-1,7,64647,16,0
340115,4,1,-1,7,23777,1,0
340116,4,0,-1,4,6522,2,0
340117,4,0,-1,4,24569,11,0
340118,4,1,-1,7,14566,9,0
340119,4,0,-1,4,33808,11,0
340120,4,0,-1,4,23766,2,0
340121,4,1,-1,7,27547,8,0
340122,4,1,-1,7,37970,6,0
340123,4,0,-1,4,52818,12,0
340124,4,1,-1,7,4446,6,0
340125,4,1,-1,7,28715,7,0
340126,4,1,-1,7,42942,9,0
340127,4,0,-1,4,43535,2,0
340128,4,1,-1,7,19313,6,0
340129,4,1,-1,7,14613,7,0
340130,4,0,-1,4,56513,12,0
340131,4,1,-1,7,10891,5,0
340132,4,1,-1,7,26084,5,0
340133,4,1,-1,7,51153,10,0
340134,4,1,-1,7,14765,10,0
340135,4,1,-1,7,48722,3,0
340136,4,1,-1,7,52217,7,0
340137,4,0,-1,4,48510,2,0
340138,2,15,-1,0,38601,13,3
340139,4,1,-1,7,24352,5,0
340140,4,1,-1,7,25944,20,0
340141,4,1,-1,7,16864,10,0
340142,4,1,-1,7,13679,7,0
340143,4,1,-1,7,24933,1,0
340144,4,1,-1,7,24935,8,0
340145,2,7,-1,0,50514,13,3
340146,4,1,-1,7,28042,16,0
340147,4,1,-1,7,37537,20,0
340148,4,1,-1,7,57267,8,0
340149,4,1,-1,7,56005,20,0
340150,4,1,-1,7,43895,1,0
340151,4,1,-1,7,30693,9,0
340152,4,0,-1,4,18155,12,0
340153,4,1,-1,7,15148,16,0
340154,4,1,-1,7,38794,16,0
340155,4,1,-1,7,27554,20,0
340156,4,1,-1,7,26170,1,0
340157,4,1,-1,7,42977,6,0
340158,4,1,-1,7,22426,7,0
340159,4,1,-1,7,51287,1,0
340160,4,0,-1,4,49225,11,0
340161,4,1,-1,7,28614,16,0
340162,4,1,-1,7,37310,7,0
340163,4,1,-1,7,27873,20,0
340164,4,1,-1,7,37556,16,0
340165,4,1,-1,7,22422,1,0
340166,4,1,-1,7,39623,8,0
340167,4,1,-1,7,26266,9,0
340168,4,1,-1,7,30774,10,0
340169,4,0,-1,4,34491,2,0
340170,4,0,-1,4,31604,2,0
340171,2,19,-1,0,28633,26,0
340172,4,1,-1,7,4301,8,0
340173,4,1,-1,7,14529,7,0
340174,4,1,-1,7,50497,8,0
340175,4,0,-1,4,9854,2,0
340176,4,0,-1,4,2854,11,0
340177,4,1,-1,7,56017,10,0
340178,4,1,-1,7,16591,7,0
340179,4,1,-1,7,44458,16,0
340180,4,1,-1,7,28617,8,0
340181,4,1,-1,7,55370,6,0
340182,4,1,-1,7,14511,7,0
340183,4,0,-1,4,52438,11,0
340184,4,1,-1,7,37437,6,0
340185,4,1,-1,7,55001,7,0
340186,2,10,-1,0,18438,17,2
340187,4,1,-1,7,13236,1,0
340188,4,1,-1,7,23026,16,0
340189,4,1,-1,7,16787,6,0
340190,4,1,-1,7,16821,8,0
340191,4,1,-1,7,41716,3,0
340192,4,1,-1,7,53087,6,0
340193,4,1,-1,7,43057,1,0
340194,4,1,-1,7,47454,3,0
340195,2,7,-1,0,50271,13,3
340196,4,1,-1,7,13365,7,0
340197,2,19,-1,0,21096,26,0
340198,4,0,-1,4,64264,12,0
340199,4,1,-1,7,28609,16,0
340200,4,1,-1,7,16787,6,0
340201,4,1,-1,7,6322,8,0
340202,4,1,-1,7,28294,20,0
340203,4,1,-1,7,25873,5,0
340204,4,0,-1,4,12643,11,0
340205,2,19,-1,0,28538,26,0
340206,4,0,-1,4,38129,12,0
340207,4,1,-1,7,7533,7,0
340208,4,1,-1,7,51040,5,0
340209,2,10,-1,0,20316,17,2
340210,4,1,-1,7,53270,10,0
340211,4,1,-1,7,29929,6,0
340212,4,1,-1,7,30802,20,0
340213,4,0,-1,4,23629,11,0
340214,4,0,-1,4,17918,2,0
340215,4,1,-1,7,26112,16,0
340216,4,1,-1,7,18428,20,0
340217,4,1,-1,7,52122,9,0
340218,4,1,-1,7,12777,7,0
340219,4,1,-1,7,24951,20,0
340220,4,1,-1,7,31030,1,0
340221,4,1,-1,7,13357,7,0
340222,4,0,-1,4,9838,11,0
340223,4,1,-1,7,27830,6,0
340224,4,1,-1,7,25873,5,0
340225,4,1,-1,7,26280,6,0
340226,4,0,-1,4,38555,2,0
340227,4,1,-1,7,14679,8,0
340228,4,1,-1,7,16561,7,0
340229,4,1,-1,7,24945,20,0
340230,4,1,-1,7,56521,9,0
340231,4,1,-1,7,14323,10,0
340232,4,0,-1,4,33262,2,0
340233,4,1,-1,7,16809,8,0
340234,2,19,-1,0,6101,26,0
340235,4,1,-1,7,26190,6,0
340236,4,1,-1,7,53250,1,0
340237,4,1,-1,7,15246,16,0
340238,4,1,-1,7,41463,1,0
340239,4,1,-1,7,33328,9,0
340240,4,1,-1,7,27609,20,0
340241,4,0,-1,4,23608,11,0
340242,4,0,-1,4,22415,11,0
340243,4,1,-1,7,41805,9,0
340244,4,1,-1,7,62092,3,0
340245,4,1,-1,7,53925,1,0
340246,4,0,-1,4,64236,12,0
340247,4,1,-1,7,28871,20,0
340248,4,1,-1,7,44718,1,0
340249,4,1,-1,7,15248,16,0
340250,4,1,-1,7,56509,1,0
340251,4,1,-1,7,26058,6,0
340252,4,1,-1,7,25198,7,0
340253,4,1,-1,7,52109,3,0
340254,4,1,-1,7,52337,20,0
340255,4,1,-1,7,35380,8,0
340256,4,1,-1,7,12422,20,0
340257,4,1,-1,7,37311,1,0
340258,2,10,-1,0,30870,17,2
340259,4,1,-1,7,52464,8,0
340260,4,1,-1,7,17130,10,0
340261,4,0,-1,4,22415,11,0
340262,4,1,-1,7,4488,3,0
340263,4,1,-1,7,26170,1,0
340264,4,0,-1,4,6539,2,0
340265,4,1,-1,7,39395,6,0
340266,4,1,-1,7,38437,8,0
340267,4,0,-1,4,33262,2,0
340268,4,1,-1,7,14498,7,0
340269,4,1,-1,7,26261,8,0
340270,4,1,-1,7,48482,7,0
340271,4,0,-1,4,53560,11,0
340272,4,0,-1,4,12987,11,0
340273,4,1,-1,7,25959,9,0
340274,4,1,-1,7,11473,3,0
340275,4,1,-1,7,16966,10,0
340276,4,0,-1,4,14437,2,0
340277,4,0,-1,4,33808,11,0
340278,4,1,-1,7,43186,3,0
340279,4,1,-1,7,28660,8,0
340280,4,1,-1,7,61404,16,0
340281,4,1,-1,7,64300,16,0
340282,4,1,-1,7,16592,10,0
340283,4,1,-1,7,52225,10,0
340284,4,1,-1,7,16642,10,0
340285,4,1,-1,7,22426,7,0
340286,4,1,-1,7,52123,7,0
340287,4,1,-1,7,18376,1,0
340288,4,1,-1,7,52407,3,0
340289,4,1,-1,7,41811,1,0
340290,2,10,-1,0,40371,17,2
340291,4,1,-1,7,28619,9,0
340292,4,1,-1,7,48717,10,0
340293,4,1,-1,7,15912,1,0
340294,4,1,-1,7,32071,16,0
340295,4,1,-1,7,16818,10,0
340296,4,1,-1,7,55364,7,0
340297,4,1,-1,7,42367,20,0
340298,4,1,-1,7,19313,6,0
340299,4,0,-1,4,51719,2,0
340300,4,1,-1,7,28255,9,0
340301,4,1,-1,7,41396,16,0
340302,4,1,-1,7,26182,3,0
340303,4,1,-1,7,28242,6,0
340304,4,0,-1,4,39120,11,0
340305,4,0,-1,4,52373,11,0
340306,4,1,-1,7,47002,6,0
340307,4,0,-1,4,53285,12,0
340308,4,0,-1,4,39914,12,0
340309,4,1,-1,7,13236,1,0
340310,2,7,-1,0,20215,13,3
340311,4,1,-1,7,15398,5,0
340312,4,1,-1,7,43026,6,0
340313,4,1,-1,7,27600,8,0
340314,4,1,-1,7,27472,20,0
340315,4,0,-1,4,22293,12,0
340316,4,1,-1,7,41548,3,0
340317,4,1,-1,7,58418,6,0
340318,2,15,-1,0,52445,13,3
340319,4,0,-1,4,6486,11,0
340320,4,1,-1,7,12673,20,0
340321,4,1,-1,7,26113,10,0
340322,4,1,-1,7,30774,10,0
340323,4,1,-1,7,19113,3,0
340324,4,1,-1,7,30425,6,0
340325,4,1,-1,7,51941,7,0
340326,4,0,-1,4,43360,12,0
340327,4,1,-1,7,16866,6,0
340328,4,1,-1,7,28414,1,0
340329,4,1,-1,7,30430,8,0
340330,4,1,-1,7,56573,3,0
340331,4,1,-1,7,59033,10,0
340332,4,1,-1,7,18887,7,0
340333,4,0,-1,4,3258,11,0
340334,4,1,-1,7,26304,16,0
340335,4,1,-1,7,27693,16,0
340336,4,1,-1,7,37537,20,0
340337,4,1,-1,7,56439,7,0
340338,4,1,-1,7,14127,10,0
340339,4,1,-1,7,30774,10,0
340340,4,1,-1,7,52351,7,0
340341,4,1,-1,7,7533,7,0
340342,4,0,-1,4,38541,11,0
340343,4,1,-1,7,43044,3,0
340344,4,1,-1,7,19665,8,0
340345,4,0,-1,4,9854,2,0
340346,2,15,-1,0,46458,13,3
340347,4,1,-1,7,56607,6,0
340348,4,1,-1,7,56953,9,0
340349,4,1,-1,7,45706,8,0
340350,4,1,-1,7,18999,10,0
340351,4,1,-1,7,40312,7,0
340352,4,1,-1,7,11060,8,0
340353,2,10,-1,0,43951,17,2
340354,4,1,-1,7,11571,8,0
340355,4,1,-1,7,28648,7,0
340356,4,1,-1,7,60568,8,0
340357,4,0,-1,4,44358,11,0
340358,2,19,-1,0,28633,26,0
340359,4,1,-1,7,26159,7,0
340360,4,1,-1,7,32071,16,0
340361,4,1,-1,7,43096,16,0
340362,4,1,-1,7,26052,7,0
340363,4,1,-1,7,25051,8,0
340364,4,1,-1,7,5434,9,0
340365,4,1,-1,7,49959,7,0
340366,4,1,-1,7,10508,10,0
340367,4,1,-1,7,14711,7,0
340368,4,0,-1,4,32008,2,0
340369,4,1,-1,7,45449,1,0
340370,4,1,-1,7,19056,10,0
340371,4,1,-1,7,19128,10,0
340372,4,1,-1,7,8089,9,0
340373,4,1,-1,7,28649,6,0
340374,4,1,-1,7,43597,16,0
340375,4,1,-1,7,43188,9,0
340376,4,1,-1,7,25949,5,0
340377,4,1,-1,7,56537,16,0
340378,2,15,-1,0,20472,13,3
340379,4,1,-1,7,19910,6,0
340380,4,1,-1,7,28204,7,0
340381,4,1,-1,7,55370,6,0
340382,4,1,-1,7,23000,16,0
340383,4,1,-1,7,42643,7,0
340384,4,0,-1,4,33728,11,0
340385,4,1,-1,7,27754,3,0
340386,4,1,-1,7,9559,9,0
340387,4,1,-1,7,38973,16,0
340388,4,1,-1,7,4615,8,0
340389,4,1,-1,7,14549,20,0
340390,4,1,-1,7,16825,1,0
340391,4,1,-1,7,38740,5,0
340392,4,1,-1,7,56260,10,0
340393,4,0,-1,4,7544,11,0
340394,4,0,-1,4,43339,11,0
340395,4,1,-1,7,13524,8,0
340396,4,1,-1,7,9917,6,0
340397,4,1,-1,7,14589,3,0
340398,4,0,-1,4,7841,12,0
340399,4,0,-1,4,35437,2,0
340400,4,1,-1,7,28182,7,0
340401,4,1,-1,7,52234,3,0
340402,4,1,-1,7,61878,10,0
340403,4,1,-1,7,53238,20,0
340404,4,1,-1,7,26302,1,0
340405,4,1,-1,7,13357,7,0
340406,4,1,-1,7,61482,8,0
340407,4,1,-1,7,9912,6,0
340408,4,0,-1,4,35358,2,0
340409,4,1,-1,7,37199,20,0
340410,4,1,-1,7,52516,1,0
340411,4,1,-1,7,15206,16,0
340412,4,1,-1,7,5116,3,0
340413,4,1,-1,7,23091,16,0
340414,4,1,-1,7,51045,20,0
340415,4,1,-1,7,31625,10,0
340416,4,1,-1,7,48226,10,0
340417,4,1,-1,7,46435,10,0
340418,4,1,-1,7,43099,16,0
340419,4,1,-1,7,57267,8,0
340420,4,1,-1,7,28078,5,0
340421,4,1,-1,7,43193,7,0
340422,2,19,-1,0,64358,26,0
340423,4,1,-1,7,19796,10,0
340424,4,1,-1,7,32924,7,0
340425,4,1,-1,7,16918,9,0
340426,4,0,-1,4,32713,2,0
340427,4,1,-1,7,38101,16,0
340428,4,1,-1,7,23109,16,0
340429,4,1,-1,7,37474,3,0
340430,4,1,-1,7,28432,8,0
340431,4,1,-1,7,16551,5,0
340432,4,1,-1,7,25834,20,0
340433,4,0,-1,4,8025,12,0
340434,4,1,-1,7,43213,1,0
340435,4,1,-1,7,19918,7,0
340436,4,1,-1,7,55606,20,0
340437,4,1,-1,7,44430,20,0
340438,4,1,-1,7,48736,20,0
340439,4,1,-1,7,24893,5,0
340440,4,1,-1,7,16592,10,0
340441,4,1,-1,7,16915,9,0
340442,4,1,-1,7,26235,9,0
340443,4,0,-1,4,51001,12,0
340444,2,15,-1,0,46457,13,3
340445,4,1,-1,7,19932,6,0
340446,4,0,-1,4,15150,12,0
340447,4,1,-1,7,46432,7,0
340448,4,1,-1,7,51042,6,0
340449,4,1,-1,7,43003,8,0
340450,4,1,-1,7,19109,20,0
340451,4,1,-1,7,28050,9,0
340452,4,1,-1,7,39011,3,0
340453,2,10,-1,0,50145,17,2
340454,4,1,-1,7,18872,1,0
340455,4,1,-1,7,43191,20,0
340456,4,1,-1,7,43183,20,0
340457,4,1,-1,7,44977,10,0
340458,4,0,-1,4,31616,11,0
340459,4,1,-1,7,14606,20,0
340460,4,1,-1,7,14657,5,0
340461,4,1,-1,7,17229,9,0
340462,4,0,-1,4,6484,12,0
340463,4,1,-1,7,53233,10,0
340464,4,1,-1,7,16812,20,0
340465,4,1,-1,7,16716,6,0
340466,4,1,-1,7,12388,7,0
340467,4,1,-1,7,61188,1,0
340468,4,0,-1,4,6011,11,0
340469,4,0,-1,4,23727,12,0
340470,4,1,-1,7,17130,10,0
340471,4,1,-1,7,55001,7,0
340472,2,10,-1,0,20275,17,2
340473,2,10,-1,0,40357,17,2
340474,4,0,-1,4,40051,12,0
340475,4,1,-1,7,13365,7,0
340476,4,1,-1,7,51154,5,0
340477,2,10,-1,0,18438,17,2
340478,4,1,-1,7,17120,8,0
340479,4,1,-1,7,38739,7,0
340480,4,0,-1,4,22293,12,0
340481,4,1,-1,7,26302,1,0
340482,4,1,-1,7,43319,3,0
340483,4,1,-1,7,48729,3,0
340484,4,0,-1,4,6486,11,0
340485,4,1,-1,7,44372,16,0
340486,4,1,-1,7,26062,10,0
340487,4,1,-1,7,18991,10,0
340488,4,1,-1,7,16567,20,0
340489,4,1,-1,7,51040,5,0
340490,4,1,-1,7,14640,9,0
340491,4,1,-1,7,30833,9,0
340492,4,1,-1,7,16561,7,0
340493,4,1,-1,7,55539,7,0
340494,4,1,-1,7,16666,20,0
340495,4,0,-1,4,49229,11,0
340496,4,0,-1,4,23435,11,0
340497,4,1,-1,7,22422,1,0
340498,2,10,-1,0,44331,17,2
340499,4,1,-1,7,14152,10,0
340500,4,1,-1,7,16944,10,0
340501,2,15,-1,0,44593,13,3
340502,4,1,-1,7,13524,8,0
340503,4,1,-1,7,19910,6,0
340504,4,1,-1,7,51334,7,0
340505,4,1,-1,7,50009,3,0
340506,4,1,-1,7,65286,3,0
340507,4,1,-1,7,17130,10,0
340508,2,10,-1,0,28610,17,2
340509,4,1,-1,7,26240,5,0
340510,4,0,-1,4,20625,12,0
340511,4,1,-1,7,43424,7,0
340512,4,1,-1,7,13679,7,0
340513,4,0,-1,4,6539,2,0
340514,4,1,-1,7,14644,7,0
340515,4,1,-1,7,5434,9,0
340516,4,1,-1,7,28643,3,0
340517,4,1,-1,7,25957,6,0
340518,2,15,-1,0,46986,13,3
340519,4,1,-1,7,16567,20,0
340520,4,1,-1,7,54876,9,0
340521,4,1,-1,7,28010,8,0
340522,4,1,-1,7,14659,7,0
340523,4,1,-1,7,24985,16,0
340524,4,1,-1,7,56011,3,0
340525,4,0,-1,4,52459,11,0
340526,4,1,-1,7,16821,8,0
340527,4,1,-1,7,56784,20,0
340528,4,1,-1,7,16826,1,0
340529,4,1,-1,7,23012,16,0
340530,4,1,-1,7,13679,7,0
340531,4,1,-1,7,14750,9,0
340532,4,1,-1,7,16642,10,0
340533,4,1,-1,7,23109,16,0
340534,4,1,-1,7,55691,6,0
340535,4,1,-1,7,45911,8,0
340536,4,1,-1,7,14684,10,0
340537,4,1,-1,7,17236,20,0
340538,4,1,-1,7,54512,16,0
340539,4,1,-1,7,19903,1,0
340540,4,1,-1,7,16848,7,0
340541,4,1,-1,7,53233,10,0
340542,4,1,-1,7,15248,16,0
340543,4,1,-1,7,40706,8,0
340544,4,0,-1,4,6001,12,0
340545,4,1,-1,7,16698,20,0
340546,4,1,-1,7,12673,20,0
340547,4,1,-1,7,16832,6,0
340548,4,0,-1,4,6502,12,0
340549,4,1,-1,7,16694,20,0
340550,4,1,-1,7,34183,10,0
340551,4,1,-1,7,59028,16,0
340552,4,1,-1,7,3750,8,0
340553,2,10,-1,0,22252,17,2
340554,4,1,-1,7,30385,7,0
340555,4,1,-1,7,49230,16,0
340556,4,1,-1,7,54029,7,0
340557,4,1,-1,7,44107,7,0
340558,4,0,-1,4,17918,2,0
340559,4,1,-1,7,50020,1,0
340560,4,1,-1,7,6297,7,0
340561,4,1,-1,7,54189,7,0
340562,4,1,-1,7,35144,9,0
340563,4,1,-1,7,14735,6,0
340564,4,1,-1,7,29927,8,0
340565,4,1,-1,7,26136,6,0
340566,4,1,-1,7,55654,8,0
340567,4,1,-1,7,23059,16,0
340568,4,1,-1,7,21459,6,0
340569,2,10,-1,0,20432,17,2
340570,4,1,-1,7,25915,6,0
340571,4,1,-1,7,25834,20,0
340572,4,1,-1,7,16846,7,0
340573,4,1,-1,7,18133,16,0
340574,4,1,-1,7,9184,8,0
340575,2,10,-1,0,9122,17,2
340576,4,1,-1,7,28381,16,0
340577,4,1,-1,7,15314,1,0
340578,4,1,-1,7,53251,8,0
340579,2,7,-1,0,20009,13,3
340580,2,15,-1,0,20472,13,3
340581,4,1,-1,7,27753,10,0
340582,2,10,-1,0,30711,17,2
340583,4,1,-1,7,23012,16,0
340584,4,1,-1,7,26066,8,0
340585,4,1,-1,7,58258,10,0
340586,4,1,-1,7,25885,10,0
340587,4,1,-1,7,32071,16,0
340588,4,1,-1,7,26230,6,0
340589,4,1,-1,7,16838,6,0
340590,4,1,-1,7,56522,6,0
340591,4,1,-1,7,39511,1,0
340592,4,0,-1,4,6539,2,0
340593,4,1,-1,7,11533,6,0
340594,2,19,-1,0,50365,26,0
340595,4,0,-1,4,23629,11,0
340596,4,0,-1,4,31616,11,0
340597,4,1,-1,7,35076,16,0
340598,4,1,-1,7,38794,16,0
340599,4,1,-1,7,43972,7,0
340600,4,1,-1,7,25857,8,0
340601,4,1,-1,7,13219,1,0
340602,4,1,-1,7,56571,6,0
340603,2,10,-1,0,51691,17,2
340604,4,1,-1,7,27633,8,0
340605,2,7,-1,0,3855,13,3
340606,4,1,-1,7,31602,6,0
340607,4,1,-1,7,14511,7,0
340608,4,0,-1,4,32073,2,0
340609,4,1,-1,7,56388,16,0
340610,4,1,-1,7,42702,6,0
340611,4,0,-1,4,31906,11,0
340612,4,0,-1,4,39211,2,0
340613,4,1,-1,7,51375,16,0
340614,4,1,-1,7,52216,20,0
340615,4,1,-1,7,28140,7,0
340616,2,15,-1,0,28568,13,3
340617,4,1,-1,7,26138,6,0
340618,4,1,-1,7,50973,9,0
340619,4,1,-1,7,4511,6,0
340620,4,1,-1,7,28646,7,0
340621,4,1,-1,7,48871,16,0
340622,4,0,-1,4,9847,11,0
340623,4,1,-1,7,42897,6,0
340624,4,1,-1,7,41817,8,0
340625,4,0,-1,4,39129,11,0
340626,4,1,-1,7,52625,10,0
340627,4,1,-1,7,55734,3,0
340628,2,7,-1,0,57299,13,3
340629,4,1,-1,7,16901,9,0
340630,4,1,-1,7,19991,3,0
340631,4,1,-1,7,24985,16,0
340632,4,1,-1,7,44458,16,0
340633,4,1,-1,7,5434,9,0
340634,4,1,-1,7,26138,6,0
340635,4,1,-1,7,16830,6,0
340636,4,1,-1,7,28432,8,0
340637,2,19,-1,0,50362,26,0
340638,2,15,-1,0,48031,13,3
340639,4,1,-1,7,17227,8,0
340640,4,1,-1,7,16592,10,0
340641,4,1,-1,7,3528,10,0
340642,4,1,-1,7,27082,16,0
340643,4,1,-1,7,51851,9,0
340644,4,1,-1,7,18334,1,0
340645,4,1,-1,7,39779,10,0
340646,2,7,-1,0,45232,13,3
340647,4,1,-1,7,18914,7,0
340648,4,1,-1,7,28645,8,0
340649,4,1,-1,7,33129,3,0
340650,4,1,-1,7,51574,7,0
340651,4,1,-1,7,26059,1,0
340652,4,0,-1,4,15150,12,0
340653,4,0,-1,4,24087,11,0
340654,4,1,-1,7,43724,1,0
340655,4,1,-1,7,35378,16,0
340656,4,1,-1,7,50061,16,0
340657,4,1,-1,7,52312,9,0
340658,4,1,-1,7,23119,16,0
340659,4,1,-1,7,49538,3,0
340660,4,1,-1,7,15824,7,0
340661,4,1,-1,7,43115,16,0
340662,4,1,-1,7,25881,6,0
340663,4,1,-1,7,51783,6,0
340664,4,1,-1,7,31180,10,0
340665,4,1,-1,7,23129,16,0
340666,4,1,-1,7,14736,9,0
340667,2,19,-1,0,6097,26,0
340668,4,1,-1,7,48868,16,0
340669,4,1,-1,7,16863,7,0
340670,4,1,-1,7,64565,20,0
340671,4,1,-1,7,16607,20,0
340672,4,1,-1,7,43150,6,0
340673,4,1,-1,7,26005,6,0
340674,4,1,-1,7,53381,1,0
340675,4,1,-1,7,30774,10,0
340676,2,10,-1,0,20418,17,2
340677,4,0,-1,4,33287,2,0
340678,4,0,-1,4,41858,12,0
340679,4,1,-1,7,38942,7,0
340680,4,1,-1,7,23098,16,0
340681,4,0,-1,4,224,11,0
340682,2,19,-1,0,28159,26,0
340683,4,1,-1,7,49959,7,0
340684,4,0,-1,4,43535,2,0
340685,4,1,-1,7,28088,8,0
340686,4,0,-1,4,9838,11,0
340687,4,1,-1,7,28734,8,0
340688,4,1,-1,7,7533,7,0
340689,4,1,-1,7,52220,20,0
340690,4,1,-1,7,16821,8,0
340691,4,0,-1,4,52459,11,0
340692,4,0,-1,4,7570,2,0
340693,4,1,-1,7,39780,7,0
340694,4,1,-1,7,28646,7,0
340695,4,1,-1,7,52218,20,0
340696,4,1,-1,7,28305,9,0
340697,4,1,-1,7,19903,1,0
340698,4,1,-1,7,52448,3,0
340699,2,10,-1,0,44339,17,2
340700,4,1,-1,7,26119,20,0
340701,4,1,-1,7,35422,9,0
340702,4,1,-1,7,28612,3,0
340703,4,1,-1,7,43052,10,0
340704,4,1,-1,7,19949,10,0
340705,4,1,-1,7,7533,7,0
340706,4,1,-1,7,14749,8,0
340707,4,0,-1,4,30738,2,0
340708,4,0,-1,4,56765,11,0
340709,4,1,-1,7,14552,8,0
340710,4,1,-1,7,26005,6,0
340711,4,1,-1,7,24354,7,0
340712,2,10,-1,0,41598,17,2
340713,4,0,-1,4,9843,11,0
340714,4,1,-1,7,56573,3,0
340715,4,1,-1,7,36539,6,0
340716,2,10,-1,0,7524,17,2
340717,4,1,-1,7,39091,1,0
340718,4,1,-1,7,18366,9,0
340719,4,1,-1,7,52113,9,0
340720,4,1,-1,7,56056,7,0
340721,4,1,-1,7,50014,3,0
340722,4,1,-1,7,41805,9,0
340723,2,7,-1,0,31400,13,3
340724,4,1,-1,7,50974,16,0
340725,4,1,-1,7,56474,20,0
340726,4,1,-1,7,43346,3,0
340727,4,0,-1,4,9849,11,0
340728,4,1,-1,7,27477,20,0
340729,4,1,-1,7,14711,7,0
340730,4,1,-1,7,28013,9,0
340731,4,1,-1,7,26195,3,0
340732,2,19,-1,0,18356,26,0
340733,4,1,-1,7,50497,8,0
340734,2,15,-1,0,25609,13,3
340735,4,1,-1,7,40042,10,0
340736,4,1,-1,7,19932,6,0
340737,4,0,-1,4,14436,11,0
340738,4,1,-1,7,28657,6,0
340739,2,10,-1,0,20382,17,2
340740,4,0,-1,4,15422,11,0
340741,4,1,-1,7,28690,16,0
340742,4,1,-1,7,39398,10,0
340743,4,1,-1,7,26619,1,0
340744,4,1,-1,7,27751,5,0
340745,4,1,-1,7,27658,16,0
340746,4,1,-1,7,55370,6,0
340747,4,1,-1,7,16605,8,0
340748,4,1,-1,7,26175,16,0
340749,4,1,-1,7,28188,10,0
340750,4,1,-1,7,16590,5,0
340751,4,1,-1,7,28651,3,0
340752,4,1,-1,7,14685,7,0
340753,4,1,-1,7,15820,20,0
340754,4,1,-1,7,16799,6,0
340755,4,1,-1,7,35380,8,0
340756,4,1,-1,7,14589,3,0
340757,2,15,-1,0,20435,13,3
340758,4,1,-1,7,43894,1,0
340759,2,19,-1,0,41668,26,0
340760,4,1,-1,7,24612,20,0
340761,4,1,-1,7,26211,20,0
340762,2,10,-1,0,20335,17,2
340763,4,0,-1,4,52439,11,0
340764,2,10,-1,0,20415,17,2
340765,2,10,-1,0,28592,17,2
340766,4,1,-1,7,11548,8,0
340767,4,1,-1,7,28656,9,0
340768,4,1,-1,7,28651,3,0
340769,4,1,-1,7,42369,7,0
340770,4,1,-1,7,19918,7,0
340771,4,1,-1,7,24943,7,0
340772,4,1,-1,7,14566,9,0
340773,4,1,-1,7,55370,6,0
340774,4,1,-1,7,12439,8,0
340775,4,1,-1,7,58848,10,0
340776,4,1,-1,7,59734,10,0
340777,2,15,-1,0,20569,13,3
340778,4,1,-1,7,64181,6,0
340779,4,0,-1,4,15422,11,0
340780,4,1,-1,7,19128,10,0
340781,2,10,-1,0,28610,17,2
340782,4,1,-1,7,15399,6,0
340783,4,0,-1,4,31480,12,0
340784,4,1,-1,7,42997,20,0
340785,4,1,-1,7,40870,20,0
340786,4,1,-1,7,18834,20,0
340787,4,1,-1,7,51050,8,0
340788,4,1,-1,7,52529,1,0
340789,4,1,-1,7,43055,7,0
340790,2,15,-1,0,39006,13,3
340791,4,1,-1,7,24181,8,0
340792,2,19,-1,0,21020,26,0
340793,4,1,-1,7,16787,6,0
340794,4,1,-1,7,9917,6,0
340795,4,1,-1,7,15148,16,0
340796,4,1,-1,7,18835,10,0
340797,2,10,-1,0,28470,17,2
340798,4,0,-1,4,52438,11,0
340799,2,15,-1,0,20574,13,3
340800,4,1,-1,7,39090,10,0
340801,4,0,-1,4,31576,11,0
340802,4,0,-1,4,23715,2,0
340803,4,1,-1,7,16789,10,0
340804,4,1,-1,7,18832,8,0
340805,4,1,-1,7,33841,3,0
340806,4,1,-1,7,16918,9,0
340807,4,1,-1,7,20814,1,0
340808,4,1,-1,7,39882,6,0
340809,4,0,-1,4,56514,12,0
340810,4,1,-1,7,26061,7,0
340811,4,1,-1,7,10079,7,0
340812,4,0,-1,4,53133,2,0
340813,4,1,-1,7,60518,3,0
340814,4,0,-1,4,9851,11,0
340815,4,1,-1,7,16966,10,0
340816,4,1,-1,7,14601,9,0
340817,4,1,-1,7,26136,6,0
340818,4,1,-1,7,25966,8,0
340819,2,10,-1,0,20357,17,2
340820,4,1,-1,7,16551,5,0
340821,4,1,-1,7,19710,7,0
340822,4,0,-1,4,33534,11,0
340823,4,0,-1,4,59327,11,0
340824,4,1,-1,7,64386,10,0
340825,4,1,-1,7,16652,3,0
340826,4,0,-1,4,22293,12,0
340827,2,7,-1,0,26577,13,3
340828,2,10,-1,0,51691,17,2
340829,4,1,-1,7,55370,6,0
340830,4,1,-1,7,55549,3,0
340831,4,1,-1,7,33999,1,0
340832,2,10,-1,0,28231,17,2
340833,4,1,-1,7,43184,1,0
340834,4,1,-1,7,54769,1,0
340835,4,1,-1,7,26300,7,0
340836,4,1,-1,7,49957,10,0
340837,2,19,-1,0,40155,26,0
340838,4,1,-1,7,13357,7,0
340839,4,0,-1,4,14433,11,0
340840,4,1,-1,7,56153,1,0
340841,4,0,-1,4,32713,2,0
340842,4,0,-1,4,64222,2,0
340843,2,10,-1,0,28345,17,2
340844,2,19,-1,0,39743,26,0
340845,4,1,-1,7,30697,6,0
340846,4,1,-1,7,17462,5,0
340847,4,1,-1,7,54189,7,0
340848,4,1,-1,7,33998,1,0
340849,4,0,-1,4,7570,2,0
340850,4,1,-1,7,18444,8,0
340851,4,1,-1,7,17120,8,0
340852,4,1,-1,7,27753,10,0
340853,4,1,-1,7,16643,20,0
340854,4,1,-1,7,13365,7,0
340855,4,1,-1,7,38542,6,0
340856,4,1,-1,7,15223,20,0
340857,4,1,-1,7,51040,5,0
340858,4,1,-1,7,26991,16,0
340859,4,1,-1,7,12865,10,0
340860,4,0,-1,4,9823,11,0
340861,4,1,-1,7,12693,20,0
340862,4,1,-1,7,18133,16,0
340863,4,1,-1,7,51208,3,0
340864,2,19,-1,0,40136,26,0
340865,4,1,-1,7,44322,8,0
340866,4,1,-1,7,50973,9,0
340867,4,1,-1,7,21964,7,0
340868,4,1,-1,7,28013,9,0
340869,4,1,-1,7,48387,10,0
340870,4,1,-1,7,31644,20,0
340871,4,1,-1,7,64258,1,0
340872,4,1,-1,7,28693,16,0
340873,4,1,-1,7,50008,1,0
340874,4,1,-1,7,56924,1,0
340875,4,1,-1,7,20476,10,0
340876,4,1,-1,7,15911,1,0
340877,4,1,-1,7,17133,20,0
340878,4,1,-1,7,49955,7,0
340879,4,1,-1,7,43213,1,0
340880,2,15,-1,0,64746,13,3
340881,4,0,-1,4,21632,12,0
340882,4,1,-1,7,16592,10,0
340883,4,1,-1,7,61481,6,0
340884,4,1,-1,7,42900,3,0
340885,4,1,-1,7,4511,6,0
340886,4,0,-1,4,9842,11,0
340887,4,1,-1,7,53098,3,0
340888,4,1,-1,7,31634,10,0
340889,4,1,-1,7,28413,10,0
340890,4,0,-1,4,40035,2,0
340891,4,1,-1,7,19918,7,0
340892,4,1,-1,7,44124,10,0
340893,4,1,-1,7,28648,7,0
340894,4,0,-1,4,36540,12,0
340895,2,10,-1,0,28345,17,2
340896,4,0,-1,4,56664,11,0
340897,4,1,-1,7,52073,8,0
340898,4,1,-1,7,16637,3,0
340899,4,1,-1,7,41828,20,0
340900,4,1,-1,7,16561,7,0
340901,4,1,-1,7,26008,8,0
340902,4,1,-1,7,17120,8,0
340903,4,0,-1,4,43105,2,0
340904,4,1,-1,7,11946,3,0
340905,4,1,-1,7,25208,7,0
340906,2,10,-1,0,42613,17,2
340907,4,1,-1,7,24615,7,0
340908,4,1,-1,7,53270,10,0
340909,4,1,-1,7,9184,8,0
340910,4,1,-1,7,29908,3,0
340911,4,1,-1,7,23084,16,0
340912,4,1,-1,7,19796,10,0
340913,4,1,-1,7,52458,20,0
340914,4,1,-1,7,19812,7,0
340915,4,1,-1,7,24988,20,0
340916,4,1,-1,7,15800,3,0
340917,4,1,-1,7,50055,16,0
340918,4,1,-1,7,19919,5,0
340919,4,1,-1,7,15156,16,0
340920,4,1,-1,7,53253,6,0
340921,4,1,-1,7,26187,9,0
340922,2,10,-1,0,30870,17,2
340923,4,1,-1,7,30588,1,0
340924,4,0,-1,4,45488,12,0
340925,4,1,-1,7,52068,3,0
340926,4,1,-1,7,47051,1,0
340927,4,1,-1,7,54227,8,0
340928,4,1,-1,7,28409,3,0
340929,4,1,-1,7,16821,8,0
340930,4,1,-1,7,16787,6,0
340931,4,1,-1,7,42907,16,0
340932,4,1,-1,7,27630,9,0
340933,4,1,-1,7,11182,20,0
340934,4,1,-1,7,13679,7,0
340935,4,1,-1,7,52351,7,0
340936,2,10,-1,0,41598,17,2
340937,4,1,-1,7,13236,1,0
340938,4,1,-1,7,37266,20,0
340939,4,1,-1,7,52071,9,0
340940,4,1,-1,7,28646,7,0
340941,4,0,-1,4,44703,11,0
340942,4,1,-1,7,23025,16,0
340943,2,7,-1,0,28527,13,3
340944,4,1,-1,7,28056,10,0
340945,4,1,-1,7,30768,10,0
340946,4,1,-1,7,58302,10,0
340947,4,1,-1,7,27861,8,0
340948,4,0,-1,4,57689,12,0
340949,4,1,-1,7,15076,16,0
340950,2,15,-1,0,28199,13,3
340951,2,19,-1,0,20920,26,0
340952,4,1,-1,7,16522,20,0
340953,4,1,-1,7,25857,8,0
340954,4,1,-1,7,19932,6,0
340955,4,0,-1,4,39129,11,0
340956,4,0,-1,4,6539,2,0
340957,4,1,-1,7,25890,7,0
340958,4,1,-1,7,51154,5,0
340959,4,1,-1,7,28140,7,0
340960,4,1,-1,7,25959,9,0
340961,4,1,-1,7,18428,20,0
340962,4,0,-1,4,30799,2,0
340963,4,1,-1,7,53622,20,0
340964,2,19,-1,0,6101,26,0
340965,4,1,-1,7,10891,5,0
340966,4,0,-1,4,40051,2,0
340967,4,0,-1,4,59307,2,0
340968,4,1,-1,7,25986,3,0
340969,2,19,-1,0,29924,26,0
340970,4,1,-1,7,52120,7,0
340971,2,15,-1,0,3175,13,3
340972,4,0,-1,4,6494,2,0
340973,4,1,-1,7,52227,7,0
340974,4,1,-1,7,21964,7,0
340975,4,1,-1,7,14524,5,0
340976,4,1,-1,7,42449,20,0
340977,4,1,-1,7,16823,1,0
340978,4,1,-1,7,26042,9,0
340979,4,1,-1,7,28425,20,0
340980,4,1,-1,7,55757,10,0
340981,2,10,-1,0,54504,17,2
340982,4,1,-1,7,16713,8,0
340983,4,1,-1,7,55545,1,0
340984,4,1,-1,7,16587,8,0
340985,4,0,-1,4,53142,12,0
340986,4,1,-1,7,31534,6,0
340987,4,1,-1,7,53088,3,0
340988,4,0,-1,4,64237,12,0
340989,4,1,-1,7,27258,1,0
340990,4,1,-1,7,14566,9,0
340991,4,1,-1,7,37451,20,0
340992,4,1,-1,7,19111,10,0
340993,4,1,-1,7,16224,1,0
340994,4,1,-1,7,26619,1,0
340995,4,1,-1,7,43997,6,0
340996,4,1,-1,7,16831,6,0
340997,4,0,-1,4,20625,12,0
340998,4,1,-1,7,39011,3,0
340999,4,1,-1,7,19918,7,0
360000,2,19,-1,0,28248,26,0
360001,4,1,-1,7,55335,16,0
360002,4,1,-1,7,16966,10,0
360003,4,1,-1,7,15267,16,0
360004,4,1,-1,7,15012,6,0
360005,4,1,-1,7,28643,3,0
360006,2,19,-1,0,20907,26,0
360007,4,1,-1,7,52347,6,0
360008,4,1,-1,7,14152,10,0
360009,4,0,-1,4,39877,2,0
360010,4,1,-1,7,17138,8,0
360011,4,0,-1,4,14434,11,0
360012,4,1,-1,7,14738,7,0
360013,4,1,-1,7,31139,8,0
360014,2,19,-1,0,47699,26,0
360015,4,1,-1,7,34244,6,0
360016,4,1,-1,7,7533,7,0
360017,4,1,-1,7,55364,7,0
360018,4,1,-1,7,55363,20,0
360019,4,1,-1,7,42999,6,0
360020,4,0,-1,4,9859,2,0
360021,4,1,-1,7,28645,8,0
360022,4,1,-1,7,26211,20,0
360023,4,1,-1,7,39783,1,0
360024,4,1,-1,7,56488,16,0
360025,2,15,-1,0,40817,13,3
360026,2,10,-1,0,38264,17,2
360027,2,10,-1,0,5111,17,2
360028,4,1,-1,7,13673,3,0
360029,4,0,-1,4,26391,11,0
360030,4,1,-1,7,28056,10,0
360031,4,1,-1,7,18877,1,0
360032,4,1,-1,7,14640,9,0
360033,4,1,-1,7,46432,7,0
360034,4,1,-1,7,52110,6,0
360035,4,1,-1,7,52068,3,0
360036,4,1,-1,7,4607,9,0
360037,4,1,-1,7,50010,3,0
360038,4,1,-1,7,54508,10,0
360039,4,1,-1,7,55897,20,0
360040,4,0,-1,4,9865,11,0
360041,4,1,-1,7,42904,7,0
360042,4,1,-1,7,13649,7,0
360043,4,1,-1,7,26171,8,0
360044,4,1,-1,7,28785,9,0
360045,4,0,-1,4,23435,11,0
360046,4,1,-1,7,4272,8,0
360047,2,10,-1,0,33087,17,2
360048,4,0,-1,4,34188,12,0
360049,4,1,-1,7,28851,1,0
360050,4,1,-1,7,58998,16,0
360051,4,1,-1,7,30385,7,0
360052,4,0,-1,4,44086,11,0
360053,2,7,-1,0,22733,13,3
360054,4,1,-1,7,13357,7,0
360055,4,1,-1,7,8089,9,0
360056,4,1,-1,7,15283,1,0
360057,4,1,-1,7,26619,1,0
360058,4,1,-1,7,23133,16,0
360059,2,10,-1,0,50146,17,2
360060,4,1,-1,7,39398,10,0
360061,4,1,-1,7,16544,1,0
360062,4,1,-1,7,52361,20,0
360063,4,0,-1,4,33288,2,0
360064,4,0,-1,4,22293,12,0
360065,4,1,-1,7,21457,3,0
360066,4,1,-1,7,18423,10,0
360067,4,1,-1,7,12388,7,0
360068,4,1,-1,7,53250,1,0
360069,4,0,-1,4,38348,2,0
360070,4,1,-1,7,30427,10,0
360071,4,1,-1,7,28645,8,0
360072,2,10,-1,0,21723,17,2
360073,4,1,-1,7,43096,16,0
360074,4,1,-1,7,15232,20,0
360075,4,1,-1,7,26253,9,0
360076,4,1,-1,7,16830,6,0
360077,4,1,-1,7,26192,5,0
360078,4,1,-1,7,12716,20,0
360079,2,15,-1,0,20345,13,3
360080,4,1,-1,7,26025,9,0
360081,4,1,-1,7,26284,6,0
360082,2,10,-1,0,28467,17,2
360083,4,1,-1,7,25881,6,0
360084,4,1,-1,7,19915,9,0
360085,4,1,-1,7,16915,9,0
360086,4,1,-1,7,5116,3,0
360087,4,1,-1,7,43213,1,0
360088,4,1,-1,7,40692,7,0
360089,4,1,-1,7,28061,7,0
360090,4,1,-1,7,14625,7,0
360091,4,1,-1,7,64953,6,0
360092,4,1,-1,7,26212,7,0
360093,4,1,-1,7,52114,7,0
360094,4,1,-1,7,20476,10,0
360095,4,0,-1,4,64229,11,0
360096,4,0,-1,4,31616,11,0
360097,4,1,-1,7,44167,6,0
360098,4,1,-1,7,28645,8,0
360099,4,1,-1,7,23012,16,0
360100,2,10,-1,0,20289,17,2
360101,4,1,-1,7,52073,8,0
360102,4,1,-1,7,30412,3,0
360103,4,1,-1,7,12858,20,0
360104,4,0,-1,4,43551,12,0
360105,4,1,-1,7,28124,9,0
360106,4,1,-1,7,50974,16,0
360107,4,1,-1,7,51783,6,0
360108,2,10,-1,0,20418,17,2
360109,2,7,-1,0,8272,13,3
360110,4,1,-1,7,21839,1,0
360111,4,1,-1,7,16828,3,0
360112,4,1,-1,7,15407,9,0
360113,4,0,-1,4,34491,2,0
360114,4,1,-1,7,25952,5,0
360115,4,1,-1,7,16829,6,0
360116,4,0,-1,4,9865,11,0
360117,4,1,-1,7,17138,8,0
360118,2,10,-1,0,20417,17,2
360119,4,1,-1,7,16813,20,0
360120,4,1,-1,7,28612,3,0
360121,4,1,-1,7,58418,6,0
360122,4,1,-1,7,14623,10,0
360123,4,0,-1,4,6502,12,0
360124,4,1,-1,7,64269,7,0
360125,4,1,-1,7,14711,7,0
360126,4,1,-1,7,64897,1,0
360127,4,1,-1,7,39405,1,0
360128,4,1,-1,7,26055,9,0
360129,2,10,-1,0,42091,17,2
360130,4,0,-1,4,12643,11,0
360131,4,1,-1,7,64294,9,0
360132,4,1,-1,7,56131,7,0
360133,4,0,-1,4,40051,2,0
360134,4,1,-1,7,26277,1,0
360135,4,1,-1,7,42578,7,0
360136,4,0,-1,4,45362,11,0
360137,4,1,-1,7,52117,8,0
360138,2,10,-1,0,55711,17,2
360139,4,1,-1,7,36676,20,0
360140,2,19,-1,0,21097,26,0
360141,4,1,-1,7,38542,6,0
360142,4,1,-1,7,30774,10,0
360143,4,1,-1,7,35380,8,0
360144,4,1,-1,7,52364,10,0
360145,4,0,-1,4,44703,2,0
360146,4,0,-1,4,8025,12,0
360147,4,1,-1,7,33150,20,0
360148,4,1,-1,7,56571,6,0
360149,4,1,-1,7,31135,10,0
360150,2,19,-1,0,28538,26,0
360151,4,1,-1,7,19563,1,0
360152,4,1,-1,7,26465,3,0
360153,4,1,-1,7,14499,5,0
360154,4,1,-1,7,19990,1,0
360155,4,1,-1,7,12858,20,0
360156,4,1,-1,7,14640,9,0
360157,4,1,-1,7,55366,9,0
360158,4,0,-1,4,52439,11,0
360159,4,1,-1,7,27640,3,0
360160,4,1,-1,7,59517,5,0
360161,4,1,-1,7,29951,20,0
360162,4,1,-1,7,10169,3,0
360163,4,1,-1,7,43867,16,0
360164,4,0,-1,4,3410,12,0
360165,4,0,-1,4,30797,2,0
360166,2,10,-1,0,28467,17,2
360167,4,1,-1,7,22426,7,0
360168,4,1,-1,7,45673,10,0
360169,4,1,-1,7,24893,5,0
360170,4,1,-1,7,17120,8,0
360171,4,1,-1,7,48321,9,0
360172,4,0,-1,4,24569,11,0
360173,2,10,-1,0,7524,17,2
360174,4,1,-1,7,43894,1,0
360175,4,1,-1,7,23031,16,0
360176,4,1,-1,7,32069,16,0
360177,2,10,-1,0,58926,17,2
360178,4,0,-1,4,224,11,0
360179,4,1,-1,7,12389,20,0
360180,4,1,-1,7,62092,3,0
360181,4,1,-1,7,28200,9,0
360182,4,1,-1,7,52234,3,0
360183,2,10,-1,0,28699,17,2
360184,4,1,-1,7,43087,8,0
360185,4,0,-1,4,59308,2,0
360186,4,1,-1,7,38942,7,0
360187,4,1,-1,7,4488,3,0
360188,4,1,-1,7,19920,1,0
360189,4,0,-1,4,53560,11,0
360190,4,1,-1,7,27796,3,0
360191,4,0,-1,4,59313,12,0
360192,4,1,-1,7,35569,10,0
360193,4,0,-1,4,224,11,0
360194,4,1,-1,7,27853,7,0
360195,4,1,-1,7,47422,9,0
360196,4,1,-1,7,14679,8,0
360197,2,19,-1,0,20824,26,0
360198,2,10,-1,0,40799,17,2
360199,4,1,-1,7,28013,9,0
360200,4,1,-1,7,12070,8,0
360201,2,10,-1,0,4995,17,2
360202,4,1,-1,7,23125,16,0
360203,4,1,-1,7,16560,5,0
360204,4,1,-1,7,26619,1,0
360205,4,1,-1,7,28871,20,0
360206,4,1,-1,7,56565,9,0
360207,4,1,-1,7,27927,5,0
360208,4,0,-1,4,14433,11,0
360209,4,1,-1,7,15910,1,0
360210,4,1,-1,7,12345,7,0
360211,4,1,-1,7,16787,6,0
360212,4,1,-1,7,40700,8,0
360213,4,1,-1,7,44076,1,0
360214,4,1,-1,7,19810,5,0
360215,4,1,-1,7,46930,10,0
360216,4,1,-1,7,40315,5,0
360217,4,1,-1,7,29927,8,0
360218,4,0,-1,4,41936,12,0
360219,4,1,-1,7,9077,3,0
360220,4,1,-1,7,19313,6,0
360221,4,0,-1,4,14433,11,0
360222,4,0,-1,4,52417,2,0
360223,4,1,-1,7,52464,8,0
360224,4,1,-1,7,26285,8,0
360225,4,1,-1,7,26050,10,0
360226,4,1,-1,7,40709,9,0
360227,4,1,-1,7,26021,7,0
360228,4,0,-1,4,39916,12,0
360229,4,1,-1,7,26619,1,0
360230,4,1,-1,7,43718,8,0
360231,4,1,-1,7,38736,6,0
360232,4,1,-1,7,21755,9,0
360233,4,1,-1,7,52103,1,0
360234,4,1,-1,7,56527,1,0
360235,4,1,-1,7,26196,7,0
360236,4,0,-1,4,31616,11,0
360237,4,1,-1,7,9077,3,0
360238,4,0,-1,4,37552,12,0
360239,4,1,-1,7,25965,3,0
360240,4,1,-1,7,56788,20,0
360241,4,0,-1,4,9849,11,0
360242,4,1,-1,7,15905,1,0
360243,4,0,-1,4,22415,11,0
360244,4,1,-1,7,16551,5,0
360245,4,1,-1,7,14552,8,0
360246,4,0,-1,4,56513,12,0
360247,4,1,-1,7,12387,5,0
360248,4,1,-1,7,28065,16,0
360249,4,1,-1,7,19667,1,0
360250,4,1,-1,7,26024,6,0
360251,4,1,-1,7,26196,7,0
360252,4,0,-1,4,23727,12,0
360253,4,0,-1,4,21725,2,0
360254,4,1,-1,7,54269,20,0
360255,4,1,-1,7,31632,16,0
360256,2,15,-1,0,50118,13,3
360257,4,0,-1,4,7899,2,0
360258,4,1,-1,7,51040,5,0
360259,4,1,-1,7,26097,16,0
360260,4,1,-1,7,28140,7,0
360261,2,10,-1,0,50536,17,2
360262,4,1,-1,7,23096,16,0
360263,4,1,-1,7,13524,8,0
360264,4,0,-1,4,17776,12,0
360265,4,1,-1,7,12865,10,0
360266,4,1,-1,7,13664,6,0
360267,4,0,-1,4,31603,2,0
360268,4,1,-1,7,43894,1,0
360269,4,1,-1,7,20476,10,0
360270,4,1,-1,7,52613,10,0
360271,4,1,-1,7,28602,16,0
360272,4,1,-1,7,27857,9,0
360273,4,1,-1,7,9552,6,0
360274,4,1,-1,7,26465,3,0
360275,4,1,-1,7,44458,16,0
360276,4,1,-1,7,26062,10,0
360277,4,1,-1,7,14752,6,0
360278,4,0,-1,4,52374,11,0
360279,4,1,-1,7,25876,7,0
360280,4,1,-1,7,28084,7,0
360281,4,1,-1,7,55993,6,0
360282,4,0,-1,4,31616,11,0
360283,4,1,-1,7,52472,7,0
360284,4,1,-1,7,11144,10,0
360285,4,1,-1,7,13649,7,0
360286,4,0,-1,4,39918,12,0
360287,4,1,-1,7,15402,3,0
360288,4,0,-1,4,53407,2,0
360289,4,1,-1,7,51154,5,0
360290,4,1,-1,7,38589,16,0
360291,4,1,-1,7,16643,20,0
360292,4,1,-1,7,20715,3,0
360293,4,1,-1,7,42904,7,0
360294,4,1,-1,7,12422,20,0
360295,4,1,-1,7,44579,1,0
360296,4,1,-1,7,12676,20,0
360297,4,1,-1,7,26092,20,0
360298,4,0,-1,4,9838,11,0
360299,4,1,-1,7,40489,9,0
360300,4,1,-1,7,54431,10,0
360301,4,1,-1,7,48735,10,0
360302,4,0,-1,4,52459,11,0
360303,4,1,-1,7,52110,6,0
360304,4,0,-1,4,31800,11,0
360305,4,1,-1,7,52361,20,0
360306,4,1,-1,7,19918,7,0
360307,4,1,-1,7,37312,3,0
360308,4,1,-1,7,12652,20,0
360309,4,1,-1,7,13236,1,0
360310,4,1,-1,7,16915,9,0
360311,4,1,-1,7,12395,7,0
360312,4,1,-1,7,52355,3,0
360313,2,7,-1,0,16538,13,3
360314,4,1,-1,7,48305,10,0
360315,4,1,-1,7,26012,3,0
360316,4,1,-1,7,58788,7,0
360317,4,1,-1,7,52123,7,0
360318,4,1,-1,7,56522,6,0
360319,4,1,-1,7,16638,1,0
360320,4,1,-1,7,38921,9,0
360321,4,1,-1,7,43932,7,0
360322,2,10,-1,0,20402,17,2
360323,4,1,-1,7,43029,20,0
360324,4,0,-1,4,31905,11,0
360325,4,1,-1,7,52310,8,0
360326,4,1,-1,7,26104,3,0
360327,4,1,-1,7,6315,6,0
360328,4,1,-1,7,29799,8,0
360329,4,0,-1,4,52417,2,0
360330,4,1,-1,7,14640,9,0
360331,4,0,-1,4,23629,11,0
360332,4,1,-1,7,51044,9,0
360333,4,1,-1,7,39884,10,0
360334,4,1,-1,7,43217,9,0
360335,4,0,-1,4,23435,11,0
360336,4,1,-1,7,43182,7,0
360337,4,1,-1,7,28741,10,0
360338,4,1,-1,7,12980,3,0
360339,4,1,-1,7,28413,10,0
360340,2,10,-1,0,48290,17,2
360341,4,1,-1,7,16604,9,0
360342,4,1,-1,7,45219,7,0
360343,4,0,-1,4,6546,2,0
360344,4,1,-1,7,27165,9,0
360345,4,1,-1,7,28013,9,0
360346,4,1,-1,7,25994,9,0
360347,4,1,-1,7,18883,20,0
360348,4,1,-1,7,19110,20,0
360349,4,0,-1,4,15422,11,0
360350,4,1,-1,7,29975,7,0
360351,2,10,-1,0,20424,17,2
360352,4,1,-1,7,16666,20,0
360353,4,1,-1,7,65291,8,0
360354,2,19,-1,0,59391,26,0
360355,4,1,-1,7,27830,6,0
360356,4,1,-1,7,16833,6,0
360357,4,1,-1,7,24945,20,0
360358,4,1,-1,7,14529,7,0
360359,2,10,-1,0,20419,17,2
360360,4,1,-1,7,11421,7,0
360361,4,1,-1,7,13524,8,0
360362,4,1,-1,7,15407,9,0
360363,2,10,-1,0,38713,17,2
360364,4,1,-1,7,16901,9,0
360365,4,1,-1,7,51256,16,0
360366,4,1,-1,7,12687,20,0
360367,4,0,-1,4,56339,11,0
360368,4,0,-1,4,6546,2,0
360369,4,1,-1,7,35380,8,0
360370,4,1,-1,7,6295,10,0
360371,4,1,-1,7,26023,5,0
360372,4,1,-1,7,16813,20,0
360373,4,1,-1,7,13051,8,0
360374,4,0,-1,4,34491,2,0
360375,4,0,-1,4,31906,11,0
360376,4,1,-1,7,15863,1,0
360377,4,1,-1,7,26300,7,0
360378,4,1,-1,7,22994,16,0
360379,4,0,-1,4,28831,11,0
360380,4,1,-1,7,55549,3,0
360381,2,19,-1,0,34636,26,0
360382,2,10,-1,0,21723,17,2
360383,4,0,-1,4,23608,11,0
360384,4,1,-1,7,48684,9,0
360385,4,1,-1,7,15166,16,0
360386,4,1,-1,7,23043,16,0
360387,2,10,-1,0,22144,17,2
360388,4,1,-1,7,16719,7,0
360389,4,1,-1,7,19051,8,0
360390,2,10,-1,0,39050,17,2
360391,4,1,-1,7,38441,10,0
360392,4,0,-1,4,28682,11,0
360393,4,1,-1,7,23028,16,0
360394,4,1,-1,7,43188,9,0
360395,4,0,-1,4,224,11,0
360396,4,1,-1,7,46926,3,0
360397,4,1,-1,7,48691,8,0
360398,4,0,-1,4,48504,12,0
360399,4,1,-1,7,64301,3,0
360400,4,1,-1,7,28182,7,0
360401,4,1,-1,7,18423,10,0
360402,4,0,-1,4,7841,12,0
360403,4,1,-1,7,17123,20,0
360404,2,10,-1,0,28578,17,2
360405,4,1,-1,7,56697,16,0
360406,4,0,-1,4,15853,12,0
360407,4,1,-1,7,52216,20,0
360408,4,1,-1,7,23051,16,0
360409,4,0,-1,4,18725,12,0
360410,4,1,-1,7,25969,6,0
360411,4,1,-1,7,67049,1,0
360412,4,1,-1,7,26096,3,0
360413,4,1,-1,7,18347,5,0
360414,4,1,-1,7,18579,1,0
360415,4,0,-1,4,3666,11,0
360416,4,1,-1,7,43190,10,0
360417,4,1,-1,7,51531,16,0
360418,4,0,-1,4,7570,2,0
360419,4,1,-1,7,55001,7,0
360420,4,1,-1,7,22420,1,0
360421,4,1,-1,7,53096,7,0
360422,4,1,-1,7,10169,3,0
360423,2,19,-1,0,28218,26,0
360424,4,1,-1,7,12345,7,0
360425,4,1,-1,7,14590,7,0
360426,4,1,-1,7,44255,3,0
360427,4,1,-1,7,33999,1,0
360428,4,1,-1,7,37436,6,0
360429,4,1,-1,7,17120,8,0
360430,4,0,-1,4,19764,12,0
360431,4,1,-1,7,18933,8,0
360432,4,1,-1,7,4511,6,0
360433,4,0,-1,4,52417,2,0
360434,4,1,-1,7,28637,9,0
360435,4,1,-1,7,16812,20,0
360436,4,1,-1,7,28617,8,0
360437,4,1,-1,7,15246,16,0
360438,4,1,-1,7,34244,6,0
360439,4,1,-1,7,52362,9,0
360440,4,1,-1,7,46514,1,0
360441,2,15,-1,0,20320,13,3
360442,4,1,-1,7,39068,10,0
360443,4,1,-1,7,25857,8,0
360444,4,1,-1,7,42294,3,0
360445,4,1,-1,7,17236,20,0
360446,4,1,-1,7,14552,8,0
360447,4,1,-1,7,26035,3,0
360448,4,1,-1,7,16918,9,0
360449,4,1,-1,7,52112,8,0
360450,4,1,-1,7,25857,8,0
360451,4,0,-1,4,48510,2,0
360452,4,1,-1,7,16787,6,0
360453,4,1,-1,7,28155,6,0
360454,4,1,-1,7,52545,1,0
360455,4,1,-1,7,63203,7,0
360456,4,0,-1,4,63949,11,0
360457,4,0,-1,4,23715,2,0
360458,4,1,-1,7,53233,10,0
360459,4,1,-1,7,59034,16,0
360460,4,1,-1,7,28298,16,0
360461,4,1,-1,7,56539,8,0
360462,4,1,-1,7,25894,20,0
360463,4,1,-1,7,25929,8,0
360464,4,1,-1,7,28651,3,0
360465,4,1,-1,7,52234,3,0
360466,4,1,-1,7,19918,7,0
360467,4,1,-1,7,25979,16,0
360468,4,1,-1,7,24945,20,0
360469,4,0,-1,4,2854,11,0
360470,4,0,-1,4,30797,2,0
360471,4,1,-1,7,27823,3,0
360472,4,1,-1,7,12650,20,0
360473,4,1,-1,7,27751,5,0
360474,4,1,-1,7,46434,1,0
360475,4,1,-1,7,58785,20,0
360476,4,1,-1,7,37537,20,0
360477,4,1,-1,7,19951,7,0
360478,4,1,-1,7,45782,1,0
360479,4,1,-1,7,32071,16,0
360480,4,1,-1,7,43084,8,0
360481,4,0,-1,4,6486,11,0
360482,4,1,-1,7,43705,16,0
360483,4,1,-1,7,16528,20,0
360484,4,1,-1,7,43894,1,0
360485,4,1,-1,7,53086,8,0
360486,4,1,-1,7,14498,7,0
360487,4,1,-1,7,52398,9,0
360488,4,1,-1,7,44066,9,0
360489,4,1,-1,7,46432,7,0
360490,4,1,-1,7,16815,10,0
360491,2,7,-1,0,20215,13,3
360492,4,1,-1,7,23082,16,0
360493,2,15,-1,0,56227,13,3
360494,4,1,-1,7,44255,3,0
360495,4,0,-1,4,21725,2,0
360496,2,19,-1,0,20790,26,0
360497,4,1,-1,7,23028,16,0
360498,4,1,-1,7,56784,20,0
360499,4,1,-1,7,28614,16,0
360500,4,0,-1,4,63949,11,0
360501,4,0,-1,4,26391,11,0
360502,2,7,-1,0,28458,13,3
360503,4,1,-1,7,56017,10,0
360504,4,1,-1,7,26260,7,0
360505,2,15,-1,0,43194,13,3
360506,4,1,-1,7,55366,9,0
360507,4,1,-1,7,12777,7,0
360508,4,1,-1,7,36676,20,0
360509,4,0,-1,4,6546,2,0
360510,4,1,-1,7,12389,20,0
360511,4,1,-1,7,12718,20,0
360512,4,0,-1,4,26391,11,0
360513,4,1,-1,7,25228,5,0
360514,4,1,-1,7,16821,8,0
360515,4,1,-1,7,16869,9,0
360516,4,1,-1,7,14647,9,0
360517,4,1,-1,7,56573,3,0
360518,4,1,-1,7,48925,20,0
360519,4,1,-1,7,34792,8,0
360520,4,1,-1,7,3528,10,0
360521,4,1,-1,7,28013,9,0
360522,4,1,-1,7,56788,20,0
360523,4,1,-1,7,64258,1,0
360524,4,1,-1,7,53270,10,0
360525,4,1,-1,7,27257,6,0
360526,4,1,-1,7,15399,6,0
360527,4,1,-1,7,30688,6,0
360528,4,1,-1,7,38739,7,0
360529,4,0,-1,4,31908,11,0
360530,4,1,-1,7,21796,6,0
360531,4,0,-1,4,51458,11,0
360532,4,1,-1,7,53270,10,0
360533,4,1,-1,7,14735,6,0
360534,4,1,-1,7,43075,20,0
360535,2,10,-1,0,28502,17,2
360536,4,0,-1,4,26950,2,0
360537,4,1,-1,7,14498,7,0
360538,4,1,-1,7,16838,6,0
360539,4,1,-1,7,14647,9,0
360540,2,10,-1,0,22252,17,2
360541,2,10,-1,0,50346,17,2
360542,4,1,-1,7,51301,3,0
360543,4,0,-1,4,3026,12,0
360544,4,1,-1,7,34240,8,0
360545,4,0,-1,4,51276,11,0
360546,4,1,-1,7,34240,8,0
360547,2,15,-1,0,42077,13,3
360548,2,19,-1,0,50363,26,0
360549,2,10,-1,0,50535,17,2
360550,4,1,-1,7,16925,9,0
360551,4,1,-1,7,28657,6,0
360552,4,1,-1,7,43972,7,0
360553,4,1,-1,7,16636,9,0
360554,4,0,-1,4,48510,2,0
360555,4,1,-1,7,27629,7,0
360556,4,1,-1,7,47062,9,0
360557,4,1,-1,7,26169,6,0
360558,4,1,-1,7,27751,5,0
360559,4,1,-1,7,55005,9,0
360560,4,1,-1,7,55895,20,0
360561,4,1,-1,7,27796,3,0
360562,4,1,-1,7,27799,1,0
360563,4,1,-1,7,48306,10,0
360564,4,1,-1,7,3750,8,0
360565,4,1,-1,7,26007,10,0
360566,4,1,-1,7,28419,7,0
360567,4,1,-1,7,16723,6,0
360568,4,1,-1,7,30688,6,0
360569,4,0,-1,4,12987,11,0
360570,2,10,-1,0,20432,17,2
360571,4,0,-1,4,6502,12,0
360572,4,1,-1,7,24985,16,0
360573,2,19,-1,0,40816,26,0
360574,2,19,-1,0,20786,26,0
360575,4,1,-1,7,38741,3,0
360576,4,1,-1,7,26308,1,0
360577,4,1,-1,7,45975,1,0
360578,4,1,-1,7,40777,16,0
360579,4,1,-1,7,42898,20,0
360580,4,0,-1,4,6497,2,0
360581,4,1,-1,7,31087,1,0
360582,4,1,-1,7,30693,9,0
360583,4,1,-1,7,53252,8,0
360584,4,1,-1,7,45782,1,0
360585,4,1,-1,7,35180,9,0
360586,4,1,-1,7,55757,10,0
360587,4,1,-1,7,6315,6,0
360588,4,1,-1,7,53250,1,0
360589,4,0,-1,4,9849,11,0
360590,2,10,-1,0,20275,17,2
360591,4,1,-1,7,59032,6,0
360592,4,1,-1,7,25208,7,0
360593,4,1,-1,7,41190,20,0
360594,4,1,-1,7,33062,5,0
360595,4,1,-1,7,37436,6,0
360596,4,1,-1,7,53270,10,0
360597,4,0,-1,4,9850,11,0
360598,4,1,-1,7,25961,10,0
360599,4,1,-1,7,37446,10,0
360600,4,0,-1,4,48512,2,0
360601,4,1,-1,7,38442,7,0
360602,4,0,-1,4,14433,11,0
360603,4,1,-1,7,61480,9,0
360604,4,1,-1,7,27557,20,0
360605,4,1,-1,7,52220,20,0
360606,4,1,-1,7,57001,8,0
360607,4,0,-1,4,15422,11,0
360608,4,1,-1,7,15248,16,0
360609,4,0,-1,4,57687,12,0
360610,4,0,-1,4,38098,2,0
360611,4,1,-1,7,9184,8,0
360612,4,1,-1,7,14511,7,0
360613,4,1,-1,7,13679,7,0
360614,4,1,-1,7,8089,9,0
360615,4,1,-1,7,14511,7,0
360616,4,1,-1,7,13219,1,0
360617,4,1,-1,7,56056,7,0
360618,2,10,-1,0,20419,17,2
360619,4,1,-1,7,38740,5,0
360620,4,1,-1,7,12865,10,0
360621,4,0,-1,4,31478,12,0
360622,4,1,-1,7,19055,10,0
360623,4,1,-1,7,42588,8,0
360624,4,0,-1,4,37430,11,0
360625,4,1,-1,7,26124,7,0
360626,4,1,-1,7,14615,7,0
360627,4,1,-1,7,10454,8,0
360628,4,1,-1,7,27830,6,0
360629,4,1,-1,7,14566,9,0
360630,2,7,-1,0,45360,13,3
360631,4,1,-1,7,13215,1,0
360632,2,19,-1,0,55296,26,0
360633,4,1,-1,7,52398,9,0
360634,4,1,-1,7,13236,1,0
360635,4,1,-1,7,22988,16,0
360636,4,1,-1,7,12687,20,0
360637,2,19,-1,0,51806,26,0
360638,4,1,-1,7,52068,3,0
360639,4,1,-1,7,52351,7,0
360640,4,1,-1,7,15079,16,0
360641,4,1,-1,7,27673,16,0
360642,4,1,-1,7,24985,16,0
360643,4,1,-1,7,51556,8,0
360644,4,0,-1,4,43332,11,0
360645,4,1,-1,7,15398,5,0
360646,4,1,-1,7,52071,9,0
360647,4,1,-1,7,48683,6,0
360648,4,1,-1,7,26057,16,0
360649,4,1,-1,7,48733,3,0
360650,4,1,-1,7,42446,10,0
360651,2,10,-1,0,38264,17,2
360652,2,10,-1,0,53556,17,2
360653,4,1,-1,7,52625,10,0
360654,4,1,-1,7,9552,6,0
360655,4,1,-1,7,26011,20,0
360656,2,19,-1,0,30660,26,0
360657,4,1,-1,7,52392,6,0
360658,2,7,-1,0,26579,13,3
360659,4,1,-1,7,28652,16,0
360660,4,1,-1,7,10079,7,0
360661,4,1,-1,7,29979,10,0
360662,4,0,-1,4,6546,2,0
360663,4,1,-1,7,28042,16,0
360664,4,1,-1,7,52123,7,0
360665,4,1,-1,7,25989,20,0
360666,4,0,-1,4,14436,11,0
360667,4,0,-1,4,52459,11,0
360668,4,1,-1,7,39783,1,0
360669,4,0,-1,4,6522,2,0
360670,4,1,-1,7,16694,20,0
360671,4,1,-1,7,30802,20,0
360672,2,19,-1,0,32685,26,0
360673,4,1,-1,7,35184,7,0
360674,4,1,-1,7,52407,3,0
360675,4,1,-1,7,19915,9,0
360676,4,1,-1,7,25949,5,0
360677,2,10,-1,0,38264,17,2
360678,4,0,-1,4,29697,11,0
360679,4,1,-1,7,22426,7,0
360680,4,1,-1,7,52110,6,0
360681,4,0,-1,4,56035,11,0
360682,4,0,-1,4,56558,11,0
360683,4,1,-1,7,14752,6,0
360684,4,1,-1,7,43214,6,0
360685,4,1,-1,7,13684,5,0
360686,4,1,-1,7,28242,6,0
360687,4,1,-1,7,25098,6,0
360688,4,1,-1,7,12693,20,0
360689,4,1,-1,7,26177,7,0
360690,4,1,-1,7,61561,8,0
360691,4,1,-1,7,3528,10,0
360692,4,1,-1,7,20209,7,0
360693,4,1,-1,7,18122,20,0
360694,4,0,-1,4,28831,11,0
360695,4,0,-1,4,49267,2,0
360696,4,1,-1,7,19951,7,0
360697,4,1,-1,7,51850,9,0
360698,4,1,-1,7,25834,20,0
360699,4,0,-1,4,6338,12,0
360700,4,1,-1,7,42982,8,0
360701,4,1,-1,7,16952,10,0
360702,4,0,-1,4,22415,11,0
360703,4,1,-1,7,56737,16,0
360704,2,10,-1,0,20357,17,2
360705,4,1,-1,7,19918,7,0
360706,4,0,-1,4,31476,12,0
360707,4,1,-1,7,52113,9,0
360708,4,1,-1,7,28637,9,0
360709,4,1,-1,7,28013,9,0
360710,4,1,-1,7,12388,7,0
360711,4,1,-1,7,52312,9,0
360712,4,1,-1,7,55005,9,0
360713,4,1,-1,7,17135,3,0
360714,2,10,-1,0,20293,17,2
360715,2,15,-1,0,20297,13,3
360716,4,1,-1,7,19899,10,0
360717,4,1,-1,7,16838,6,0
360718,4,0,-1,4,31906,11,0
360719,4,1,-1,7,28645,8,0
360720,4,1,-1,7,47427,8,0
360721,4,1,-1,7,25858,6,0
360722,4,1,-1,7,27862,1,0
360723,4,1,-1,7,52217,7,0
360724,4,1,-1,7,52403,7,0
360725,4,1,-1,7,43189,6,0
360726,2,15,-1,0,20435,13,3
360727,4,1,-1,7,19992,6,0
360728,4,1,-1,7,19953,20,0
360729,4,1,-1,7,14736,9,0
360730,4,1,-1,7,39507,7,0
360731,4,1,-1,7,17228,6,0
360732,4,1,-1,7,12676,20,0
360733,4,1,-1,7,26061,7,0
360734,2,10,-1,0,53207,17,2
360735,4,0,-1,4,61410,12,0
360736,4,1,-1,7,6295,10,0
360737,4,1,-1,7,18337,9,0
360738,4,1,-1,7,28190,6,0
360739,4,0,-1,4,22293,12,0
360740,4,0,-1,4,22293,12,0
360741,4,1,-1,7,21114,20,0
360742,4,1,-1,7,9898,6,0
360743,4,1,-1,7,44634,16,0
360744,4,0,-1,4,23435,11,0
360745,4,1,-1,7,15201,20,0
360746,4,1,-1,7,9559,9,0
360747,4,1,-1,7,25888,5,0
360748,4,1,-1,7,22422,1,0
360749,2,19,-1,0,28807,26,0
360750,4,1,-1,7,21459,6,0
360751,4,1,-1,7,44451,9,0
360752,4,1,-1,7,17120,8,0
360753,4,1,-1,7,14323,10,0
360754,4,1,-1,7,26230,6,0
360755,4,1,-1,7,15005,20,0
360756,4,0,-1,4,18155,12,0
360757,4,0,-1,4,23727,12,0
360758,4,1,-1,7,14750,9,0
360759,4,1,-1,7,28612,3,0
360760,4,1,-1,7,57267,8,0
360761,4,1,-1,7,25857,8,0
360762,4,1,-1,7,14750,9,0
360763,4,1,-1,7,40707,7,0
360764,4,1,-1,7,19397,1,0
360765,4,1,-1,7,25959,9,0
360766,4,1,-1,7,12394,5,0
360767,4,0,-1,4,56875,11,0
360768,2,19,-1,0,30660,26,0
360769,4,1,-1,7,18334,1,0
360770,4,0,-1,4,23897,11,0
360771,4,1,-1,7,23002,16,0
360772,4,0,-1,4,19662,12,0
360773,4,1,-1,7,38441,10,0
360774,4,1,-1,7,43219,7,0
360775,4,1,-1,7,25857,8,0
360776,4,1,-1,7,27514,16,0
360777,2,10,-1,0,50604,17,2
360778,2,10,-1,0,57734,17,2
360779,4,1,-1,7,39507,7,0
360780,4,1,-1,7,17136,6,0
360781,4,1,-1,7,24985,16,0
360782,4,1,-1,7,52529,1,0
360783,4,1,-1,7,28649,6,0
360784,4,0,-1,4,31633,2,0
360785,4,1,-1,7,28013,9,0
360786,2,15,-1,0,18264,13,3
360787,4,1,-1,7,32034,3,0
360788,4,1,-1,7,43220,10,0
360789,2,10,-1,0,20424,17,2
360790,4,1,-1,7,35922,1,0
360791,4,0,-1,4,53133,2,0
360792,2,19,-1,0,51931,26,0
360793,2,7,-1,0,5153,13,3
360794,4,1,-1,7,18415,1,0
360795,4,1,-1,7,42980,7,0
360796,4,1,-1,7,39507,7,0
360797,4,1,-1,7,43075,20,0
360798,4,1,-1,7,56070,16,0
360799,2,10,-1,0,21968,17,2
360800,4,1,-1,7,15217,16,0
360801,4,1,-1,7,62074,7,0
360802,4,1,-1,7,27755,7,0
360803,4,1,-1,7,26141,16,0
360804,4,1,-1,7,26138,6,0
360805,4,1,-1,7,26208,10,0
360806,4,1,-1,7,30802,20,0
360807,4,1,-1,7,51040,5,0
360808,4,1,-1,7,26182,3,0
360809,4,1,-1,7,55606,20,0
360810,4,1,-1,7,37437,6,0
360811,4,1,-1,7,37798,8,0
360812,4,1,-1,7,55341,20,0
360813,4,0,-1,4,9849,11,0
360814,4,1,-1,7,15217,16,0
360815,4,1,-1,7,26189,16,0
360816,4,1,-1,7,44718,1,0
360817,4,1,-1,7,17120,8,0
360818,4,1,-1,7,39088,9,0
360819,4,1,-1,7,14590,7,0
360820,2,10,-1,0,33087,17,2
360821,4,1,-1,7,28415,6,0
360822,4,1,-1,7,16572,3,0
360823,4,1,-1,7,12399,7,0
360824,4,0,-1,4,54513,11,0
360825,4,0,-1,4,31204,12,0
360826,4,1,-1,7,54508,10,0
360827,4,0,-1,4,54999,2,0
360828,4,1,-1,7,3173,7,0
360829,4,1,-1,7,42904,7,0
360830,4,0,-1,4,6494,2,0
360831,4,1,-1,7,48728,10,0
360832,4,1,-1,7,56696,16,0
360833,4,1,-1,7,14749,8,0
360834,4,1,-1,7,28417,20,0
360835,4,0,-1,4,7570,2,0
360836,2,19,-1,0,20824,26,0
360837,4,0,-1,4,224,11,0
360838,4,1,-1,7,43192,8,0
360839,2,10,-1,0,22252,17,2
360840,4,0,-1,4,19785,12,0
360841,4,1,-1,7,40545,1,0
360842,4,0,-1,4,20625,12,0
360843,4,1,-1,7,31228,1,0
360844,4,0,-1,4,28830,11,0
360845,4,1,-1,7,57267,8,0
360846,2,15,-1,0,42060,13,3
360847,4,1,-1,7,62580,5,0
360848,4,1,-1,7,17276,20,0
360849,4,1,-1,7,19903,1,0
360850,4,1,-1,7,28155,6,0
360851,4,0,-1,4,23949,12,0
360852,4,1,-1,7,48684,9,0
360853,4,1,-1,7,16934,9,0
360854,4,1,-1,7,30697,6,0
360855,4,1,-1,7,19000,1,0
360856,2,10,-1,0,28345,17,2
360857,4,1,-1,7,26614,1,0
360858,4,1,-1,7,41548,3,0
360859,4,1,-1,7,25876,7,0
360860,4,1,-1,7,26011,20,0
360861,4,0,-1,4,53194,2,0
360862,4,1,-1,7,51849,6,0
360863,4,1,-1,7,43073,10,0
360864,2,10,-1,0,40799,17,2
360865,4,0,-1,4,6502,12,0
360866,4,1,-1,7,16544,1,0
360867,4,1,-1,7,56522,6,0
360868,2,10,-1,0,20258,17,2
360869,4,1,-1,7,29597,9,0
360870,4,1,-1,7,21771,3,0
360871,4,1,-1,7,29974,20,0
360872,4,1,-1,7,16764,7,0
360873,4,1,-1,7,42100,20,0
360874,4,0,-1,4,32678,11,0
360875,4,1,-1,7,27477,20,0
360876,4,1,-1,7,4835,8,0
360877,4,1,-1,7,33328,9,0
360878,4,1,-1,7,51208,3,0
360879,4,1,-1,7,12389,20,0
360880,4,1,-1,7,33073,1,0
360881,4,1,-1,7,4511,6,0
360882,4,1,-1,7,9898,6,0
360883,4,1,-1,7,6295,10,0
360884,4,1,-1,7,48359,6,0
360885,4,1,-1,7,59728,9,0
360886,4,1,-1,7,44108,9,0
360887,4,0,-1,4,39127,11,0
360888,4,0,-1,4,54999,2,0
360889,4,1,-1,7,26007,10,0
360890,4,1,-1,7,26280,6,0
360891,4,1,-1,7,55327,3,0
360892,4,1,-1,7,24983,9,0
360893,2,19,-1,0,50369,26,0
360894,4,1,-1,7,18423,10,0
360895,4,1,-1,7,26195,3,0
360896,4,1,-1,7,13236,1,0
360897,4,0,-1,4,15150,12,0
360898,4,1,-1,7,34626,8,0
360899,4,1,-1,7,28645,8,0
360900,4,0,-1,4,38560,2,0
360901,4,1,-1,7,52381,10,0
360902,4,1,-1,7,16826,1,0
360903,4,1,-1,7,48727,7,0
360904,4,1,-1,7,25961,10,0
360905,4,1,-1,7,12670,20,0
360906,4,1,-1,7,11999,8,0
360907,4,1,-1,7,55896,20,0
360908,4,1,-1,7,14644,7,0
360909,2,19,-1,0,46606,26,0
360910,4,1,-1,7,26138,6,0
360911,4,1,-1,7,39335,10,0
360912,4,1,-1,7,56434,20,0
360913,2,15,-1,0,20439,13,3
360914,4,1,-1,7,13673,3,0
360915,4,1,-1,7,14750,9,0
360916,4,1,-1,7,53093,8,0
360917,4,1,-1,7,19113,3,0
360918,4,1,-1,7,27647,6,0
360919,4,1,-1,7,56953,9,0
360920,2,19,-1,0,41671,26,0
360921,4,1,-1,7,34244,6,0
360922,4,1,-1,7,52613,10,0
360923,4,1,-1,7,16637,3,0
360924,4,1,-1,7,4511,6,0
360925,2,10,-1,0,35242,17,2
360926,4,1,-1,7,42977,6,0
360927,4,1,-1,7,8089,9,0
360928,4,1,-1,7,15405,10,0
360929,4,0,-1,4,28682,11,0
360930,4,0,-1,4,61410,12,0
360931,4,1,-1,7,32924,7,0
360932,4,0,-1,4,33808,11,0
360933,4,1,-1,7,39782,3,0
360934,4,1,-1,7,17120,8,0
360935,4,1,-1,7,45953,3,0
360936,4,1,-1,7,35380,8,0
360937,4,1,-1,7,28140,7,0
360938,4,0,-1,4,48512,2,0
360939,2,7,-1,0,57384,13,3
360940,4,0,-1,4,24569,11,0
360941,4,0,-1,4,64225,11,0
360942,4,1,-1,7,9898,6,0
360943,4,1,-1,7,14736,9,0
360944,4,0,-1,4,28830,11,0
360945,4,0,-1,4,37549,12,0
360946,4,0,-1,4,6497,2,0
360947,4,1,-1,7,55570,3,0
360948,2,7,-1,0,64763,13,3
360949,2,7,-1,0,41929,13,3
360950,4,1,-1,7,17120,8,0
360951,4,0,-1,4,38571,12,0
360952,4,1,-1,7,4272,8,0
360953,4,1,-1,7,52493,1,0
360954,4,1,-1,7,24985,16,0
360955,4,1,-1,7,7533,7,0
360956,4,0,-1,4,31604,2,0
360957,4,1,-1,7,26224,1,0
360958,4,1,-1,7,28294,20,0
360959,4,1,-1,7,14555,6,0
360960,4,1,-1,7,53381,1,0
360961,4,1,-1,7,12670,20,0
360962,4,1,-1,7,38542,6,0
360963,4,1,-1,7,26100,8,0
360964,4,0,-1,4,9846,11,0
360965,4,1,-1,7,31644,20,0
360966,4,0,-1,4,19785,12,0
360967,2,10,-1,0,51602,17,2
360968,4,1,-1,7,57269,6,0
360969,4,0,-1,4,13806,12,0
360970,4,1,-1,7,43189,6,0
360971,4,0,-1,4,39432,2,0
360972,4,1,-1,7,43298,8,0
360973,2,10,-1,0,28236,17,2
360974,4,1,-1,7,53257,8,0
360975,4,0,-1,4,6011,11,0
360976,4,1,-1,7,14749,8,0
360977,4,1,-1,7,38739,7,0
360978,4,1,-1,7,28013,9,0
360979,4,1,-1,7,12777,7,0
360980,4,1,-1,7,16790,9,0
360981,4,1,-1,7,52348,10,0
360982,4,0,-1,4,52439,11,0
360983,4,1,-1,7,62087,3,0
360984,2,10,-1,0,20363,17,2
360985,4,0,-1,4,9842,11,0
360986,4,1,-1,7,25968,7,0
360987,4,0,-1,4,32713,2,0
360988,4,1,-1,7,26169,6,0
360989,4,1,-1,7,17148,8,0
360990,4,1,-1,7,28645,8,0
360991,4,1,-1,7,12394,5,0
360992,4,1,-1,7,37429,16,0
360993,4,1,-1,7,52125,8,0
360994,4,1,-1,7,56131,7,0
360995,4,1,-1,7,19109,20,0
360996,4,1,-1,7,42110,7,0
360997,2,10,-1,0,28578,17,2
360998,4,1,-1,7,21796,6,0
360999,4,1,-1,7,51853,7,0
380000,4,2,-1,8,27662,7,0
380001,2,10,-1,0,20362,17,2
380002,4,1,-1,7,59034,16,0
380003,4,2,-1,8,18429,7,0
380004,4,2,-1,8,39701,6,0
380005,4,2,-1,8,53626,8,0
380006,4,2,-1,8,21404,7,0
380007,4,2,-1,8,49257,6,0
380008,2,10,-1,0,50145,17,2
380009,4,0,-1,4,6546,2,0
380010,4,2,-1,8,9503,10,0
380011,4,2,-1,8,17161,8,0
380012,4,2,-1,8,43222,5,0
380013,4,2,-1,8,17155,7,0
380014,4,2,-1,8,14276,8,0
380015,2,15,-1,0,35390,13,3
380016,4,1,-1,7,26977,16,0
380017,4,2,-1,8,703,8,0
380018,4,2,-1,8,43168,5,0
380019,4,1,-1,7,30850,16,0
380020,4,0,-1,4,17918,2,0
380021,4,2,-1,8,5406,10,0
380022,4,2,-1,8,14700,9,0
380023,4,0,-1,4,39125,11,0
380024,4,2,-1,8,15023,9,0
380025,4,2,-1,8,27991,7,0
380026,4,0,-1,4,33288,2,0
380027,4,2,-1,8,28019,7,0
380028,2,10,-1,0,45224,17,2
380029,4,2,-1,8,41379,10,0
380030,4,2,-1,8,17144,7,0
380031,4,2,-1,8,56540,8,0
380032,4,2,-1,8,17092,5,0
380033,4,2,-1,8,11382,5,0
380034,4,2,-1,8,9503,10,0
380035,2,4,-1,0,19743,13,3
380036,4,2,-1,8,54223,8,0
380037,2,10,-1,0,28236,17,2
380038,4,2,-1,8,8098,3,0
380039,4,2,-1,8,27668,6,0
380040,4,2,-1,8,16988,8,0
380041,4,2,-1,8,43689,10,0
380042,4,1,-1,7,27087,16,0
380043,4,2,-1,8,27662,7,0
380044,4,0,-1,4,6502,12,0
380045,4,0,-1,4,31908,11,0
380046,4,2,-1,8,15023,9,0
380047,4,2,-1,8,703,8,0
380048,4,2,-1,8,39897,10,0
380049,4,2,-1,8,8753,1,0
380050,4,2,-1,8,18434,7,0
380051,4,2,-1,8,9502,5,0
380052,4,0,-1,4,4284,11,0
380053,4,0,-1,4,39917,12,0
380054,4,2,-1,8,51715,3,0
380055,4,0,-1,4,63958,11,0
380056,4,2,-1,8,25726,9,0
380057,2,5,-1,0,15466,17,1
380058,4,0,-1,4,33262,2,0
380059,4,2,-1,8,51316,6,0
380060,4,2,-1,8,27635,10,0
380061,4,1,-1,7,52004,16,0
380062,4,2,-1,8,28427,9,0
380063,2,10,-1,0,20373,17,2
380064,4,0,-1,4,22037,12,0
380065,4,2,-1,8,44319,5,0
380066,4,2,-1,8,30685,1,0
380067,4,1,-1,7,50051,16,0
380068,4,2,-1,8,16984,8,0
380069,4,2,-1,8,27523,3,0
380070,2,5,-1,0,5228,17,1
380071,4,2,-1,8,43222,5,0
380072,4,2,-1,8,31385,9,0
380073,4,2,-1,8,13864,8,0
380074,4,1,-1,7,23111,16,0
380075,4,2,-1,8,43673,10,0
380076,4,0,-1,4,43120,11,0
380077,4,2,-1,8,27657,10,0
380078,4,2,-1,8,16942,6,0
380079,4,2,-1,8,55608,5,0
380080,4,2,-1,8,61198,1,0
380081,4,2,-1,8,52519,1,0
380082,4,1,-1,7,25884,16,0
380083,4,2,-1,8,30172,8,0
380084,4,2,-1,8,34715,1,0
380085,4,2,-1,8,43173,8,0
380086,4,2,-1,8,50025,5,0
380087,4,0,-1,4,2516,12,0
380088,2,10,-1,0,20362,17,2
380089,4,2,-1,8,16706,3,0
380090,4,0,-1,4,36444,12,0
380091,4,2,-1,8,18962,7,0
380092,4,2,-1,8,59746,5,0
380093,4,2,-1,8,18284,5,0
380094,4,2,-1,8,14383,10,0
380095,4,0,-1,4,9840,11,0
380096,4,0,-1,4,31198,12,0
380097,4,2,-1,8,27689,5,0
380098,4,2,-1,8,57302,1,0
380099,4,2,-1,8,6756,9,0
380100,4,0,-1,4,29922,12,0
380101,2,5,-1,0,39861,17,1
380102,4,2,-1,8,14411,10,0
380103,2,10,-1,0,50535,17,2
380104,4,2,-1,8,19995,3,0
380105,4,2,-1,8,13266,1,0
380106,4,2,-1,8,56706,3,0
380107,4,0,-1,4,3258,11,0
380108,2,4,-1,0,28521,13,3
380109,4,2,-1,8,11368,5,0
380110,4,0,-1,4,6539,2,0
380111,4,2,-1,8,40149,1,0
380112,4,2,-1,8,42948,9,0
380113,4,2,-1,8,16982,8,0
380114,4,2,-1,8,37447,6,0
380115,4,2,-1,8,9123,5,0
380116,4,1,-1,7,23087,16,0
380117,4,2,-1,8,27733,3,0
380118,4,2,-1,8,17160,7,0
380119,4,2,-1,8,16604,9,0
380120,2,15,-1,0,3175,13,3
380121,4,2,-1,8,62212,1,0
380122,4,2,-1,8,42967,6,0
380123,2,5,-1,0,50253,17,1
380124,4,2,-1,8,29928,3,0
380125,4,2,-1,8,26071,7,0
380126,4,8,-1,0,40048,28,0
380127,4,0,-1,4,15420,2,0
380128,4,2,-1,8,14383,10,0
380129,4,2,-1,8,18367,8,0
380130,2,4,-1,0,19637,13,3
380131,4,0,-1,4,34491,2,0
380132,4,2,-1,8,34247,8,0
380133,4,2,-1,8,49985,10,0
380134,4,2,-1,8,27886,1,0
380135,4,2,-1,8,19184,8,0
380136,2,10,-1,0,44331,17,2
380137,4,0,-1,4,31633,2,0
380138,4,0,-1,4,56664,11,0
380139,4,2,-1,8,51528,7,0
380140,4,2,-1,8,1978,7,0
380141,2,5,-1,0,19610,17,1
380142,4,0,-1,4,31655,11,0
380143,4,2,-1,8,28763,6,0
380144,4,0,-1,4,28830,11,0
380145,4,2,-1,8,59043,6,0
380146,4,2,-1,8,27578,7,0
380147,4,2,-1,8,17102,5,0
380148,4,2,-1,8,41553,8,0
380149,4,2,-1,8,19012,5,0
380150,4,2,-1,8,41839,3,0
380151,4,2,-1,8,17127,6,0
380152,2,5,-1,0,50315,17,1
380153,4,2,-1,8,14316,3,0
380154,2,10,-1,0,20362,17,2
380155,4,2,-1,8,16678,10,0
380156,4,2,-1,8,16876,5,0
380157,4,0,-1,4,32713,2,0
380158,4,2,-1,8,17144,7,0
380159,4,2,-1,8,19806,9,0
380160,4,2,-1,8,27668,6,0
380161,2,5,-1,0,53478,17,1
380162,4,1,-1,7,28616,16,0
380163,4,1,-1,7,31351,16,0
380164,4,2,-1,8,28735,9,0
380165,4,2,-1,8,6755,6,0
380166,4,0,-1,4,33808,11,0
380167,4,2,-1,8,49982,9,0
380168,4,2,-1,8,15415,10,0
380169,4,0,-1,4,14437,11,0
380170,4,2,-1,8,28728,7,0
380171,4,1,-1,7,28297,16,0
380172,4,2,-1,8,46155,8,0
380173,2,10,-1,0,20272,17,2
380174,4,0,-1,4,6502,2,0
380175,4,2,-1,8,5406,10,0
380176,4,2,-1,8,14673,9,0
380177,4,0,-1,4,31477,12,0
380178,4,2,-1,8,27996,5,0
380179,4,2,-1,8,27715,10,0
380180,4,0,-1,4,35358,2,0
380181,4,2,-1,8,42858,6,0
380182,2,5,-1,0,25079,17,1
380183,4,0,-1,4,14437,2,0
380184,4,2,-1,8,28047,5,0
380185,4,0,-1,4,39124,11,0
380186,4,2,-1,8,54685,9,0
380187,4,1,-1,7,49738,16,0
380188,2,10,-1,0,43313,17,2
380189,4,2,-1,8,28179,3,0
380190,4,0,-1,4,12987,11,0
380191,4,2,-1,8,27760,9,0
380192,4,0,-1,4,39390,2,0
380193,4,2,-1,8,17277,1,0
380194,4,0,-1,4,3666,11,0
380195,4,2,-1,8,34609,1,0
380196,4,2,-1,8,55224,7,0
380197,4,2,-1,8,14702,6,0
380198,2,10,-1,0,28578,17,2
380199,4,2,-1,8,14676,10,0
380200,4,2,-1,8,27656,5,0
380201,4,1,-1,7,23020,16,0
380202,4,2,-1,8,18935,7,0
380203,4,2,-1,8,51608,10,0
380204,2,10,-1,0,30472,17,2
380205,4,2,-1,8,38351,8,0
380206,4,2,-1,8,46439,7,0
380207,4,2,-1,8,17155,7,0
380208,4,0,-1,4,39000,2,0
380209,4,2,-1,8,35381,8,0
380210,4,2,-1,8,27971,5,0
380211,2,5,-1,0,58962,17,1
380212,4,2,-1,8,43404,7,0
380213,4,2,-1,8,43669,3,0
380214,4,2,-1,8,65199,9,0
380215,4,2,-1,8,14389,6,0
380216,4,1,-1,7,23039,16,0
380217,4,0,-1,4,31906,11,0
380218,2,4,-1,0,6795,13,3
380219,4,2,-1,8,14260,5,0
380220,4,2,-1,8,36996,5,0
380221,4,2,-1,8,30171,5,0
380222,4,2,-1,8,17237,6,0
380223,4,2,-1,8,14674,5,0
380224,4,0,-1,4,35358,2,0
380225,2,10,-1,0,50535,17,2
380226,4,2,-1,8,27668,6,0
380227,4,2,-1,8,56702,9,0
380228,4,2,-1,8,17224,6,0
380229,4,2,-1,8,51573,7,0
380230,4,2,-1,8,13864,8,0
380231,4,2,-1,8,4713,8,0
380232,2,10,-1,0,28345,17,2
380233,4,1,-1,7,51531,16,0
380234,4,2,-1,8,52513,9,0
380235,2,10,-1,0,20348,17,2
380236,4,2,-1,8,38658,6,0
380237,4,2,-1,8,36771,5,0
380238,4,0,-1,4,40049,12,0
380239,4,0,-1,4,7570,2,0
380240,4,2,-1,8,28430,5,0
380241,4,2,-1,8,59046,3,0
380242,4,2,-1,8,14002,9,0
380243,4,0,-1,4,15150,12,0
380244,4,2,-1,8,34244,6,0
380245,4,2,-1,8,39671,1,0
380246,2,4,-1,0,42080,13,3
380247,4,2,-1,8,27996,5,0
380248,4,0,-1,4,56875,11,0
380249,4,2,-1,8,49852,7,0
380250,4,2,-1,8,45327,5,0
380251,4,2,-1,8,56791,1,0
380252,4,1,-1,7,23125,16,0
380253,4,2,-1,8,39493,10,0
380254,2,5,-1,0,8585,17,1
380255,4,2,-1,8,38654,9,0
380256,4,1,-1,7,26101,16,0
380257,4,0,-1,4,6546,2,0
380258,2,15,-1,0,26602,13,3
380259,4,0,-1,4,2516,12,0
380260,4,0,-1,4,33808,11,0
380261,4,2,-1,8,25702,10,0
380262,4,2,-1,8,2362,10,0
380263,4,2,-1,8,28744,3,0
380264,4,2,-1,8,18284,5,0
380265,4,2,-1,8,9374,10,0
380266,4,0,-1,4,52632,11,0
380267,4,2,-1,8,53124,8,0
380268,4,2,-1,8,41379,10,0
380269,4,2,-1,8,18943,5,0
380270,4,1,-1,7,52783,16,0
380271,4,1,-1,7,26202,16,0
380272,4,2,-1,8,28045,9,0
380273,4,0,-1,4,32008,2,0
380274,4,0,-1,4,23629,11,0
380275,4,2,-1,8,17100,5,0
380276,2,10,-1,0,50137,17,2
380277,4,0,-1,4,64169,11,0
380278,4,2,-1,8,34714,5,0
380279,4,2,-1,8,7545,6,0
380280,4,0,-1,4,33287,2,0
380281,2,4,-1,0,28776,13,3
380282,4,2,-1,8,45663,1,0
380283,4,2,-1,8,54950,3,0
380284,4,0,-1,4,56035,11,0
380285,4,0,-1,4,68106,12,0
380286,4,2,-1,8,40149,1,0
380287,4,2,-1,8,56376,6,0
380288,4,0,-1,4,24569,11,0
380289,4,2,-1,8,28808,5,0
380290,4,2,-1,8,28428,10,0
380291,4,2,-1,8,4389,8,0
380292,2,5,-1,0,6808,17,1
380293,4,2,-1,8,39471,1,0
380294,4,2,-1,8,27807,7,0
380295,4,2,-1,8,7545,6,0
380296,4,2,-1,8,52519,1,0
380297,4,8,-1,0,34955,28,0
380298,4,0,-1,4,9854,2,0
380299,4,2,-1,8,56400,5,0
380300,2,4,-1,0,19721,13,3
380301,4,2,-1,8,47975,7,0
380302,4,2,-1,8,64550,10,0
380303,2,15,-1,0,20320,13,3
380304,4,0,-1,4,15421,2,0
380305,4,2,-1,8,27886,1,0
380306,4,2,-1,8,49241,7,0
380307,4,0,-1,4,24646,11,0
380308,4,2,-1,8,28031,8,0
380309,2,10,-1,0,7524,17,2
380310,4,2,-1,8,38416,8,0
380311,4,2,-1,8,28195,7,0
380312,2,10,-1,0,20357,17,2
380313,4,0,-1,4,28733,11,0
380314,4,2,-1,8,32193,1,0
380315,4,2,-1,8,28368,5,0
380316,4,2,-1,8,27706,9,0
380317,4,2,-1,8,56117,5,0
380318,2,10,-1,0,22252,17,2
380319,4,2,-1,8,14832,6,0
380320,4,0,-1,4,34282,12,0
380321,4,0,-1,4,34491,2,0
380322,4,0,-1,4,56664,11,0
380323,4,2,-1,8,27969,8,0
380324,4,2,-1,8,27809,1,0
380325,4,2,-1,8,16921,6,0
380326,4,2,-1,8,17186,10,0
380327,4,2,-1,8,38830,3,0
380328,4,2,-1,8,16890,5,0
380329,4,0,-1,4,24220,12,0
380330,4,2,-1,8,4382,9,0
380331,4,2,-1,8,3652,9,0
380332,4,2,-1,8,16136,8,0
380333,4,1,-1,7,27986,16,0
380334,4,1,-1,7,23125,16,0
380335,4,0,-1,4,41858,12,0
380336,4,2,-1,8,11369,7,0
380337,4,2,-1,8,27745,10,0
380338,4,0,-1,4,9843,11,0
380339,4,2,-1,8,28688,10,0
380340,4,2,-1,8,31639,5,0
380341,4,2,-1,8,27758,5,0
380342,4,2,-1,8,17001,9,0
380343,4,1,-1,7,28951,16,0
380344,4,2,-1,8,49913,10,0
380345,4,0,-1,4,9854,2,0
380346,4,2,-1,8,54506,10,0
380347,4,2,-1,8,14546,10,0
380348,4,0,-1,4,28784,2,0
380349,2,5,-1,0,40981,17,1
380350,2,4,-1,0,28869,13,3
380351,4,0,-1,4,39212,2,0
380352,4,0,-1,4,14432,11,0
380353,4,2,-1,8,13266,1,0
380354,4,2,-1,8,28590,1,0
380355,4,0,-1,4,9853,2,0
380356,4,2,-1,8,49369,3,0
380357,4,2,-1,8,31109,8,0
380358,4,2,-1,8,30801,9,0
380359,4,2,-1,8,28737,5,0
380360,4,0,-1,4,18308,2,0
380361,4,2,-1,8,3248,7,0
380362,4,2,-1,8,55282,8,0
380363,2,4,-1,0,61659,13,3
380364,2,10,-1,0,20346,17,2
380365,4,0,-1,4,6521,12,0
380366,4,2,-1,8,56695,5,0
380367,4,2,-1,8,56678,7,0
380368,4,2,-1,8,16922,6,0
380369,2,4,-1,0,43195,13,3
380370,4,2,-1,8,28683,10,0
380371,4,2,-1,8,18962,7,0
380372,4,1,-1,7,27986,16,0
380373,4,2,-1,8,26550,1,0
380374,4,2,-1,8,43463,5,0
380375,4,2,-1,8,28014,7,0
380376,2,10,-1,0,50344,17,2
380377,2,10,-1,0,50345,17,2
380378,4,1,-1,7,30703,16,0
380379,4,2,-1,8,48755,5,0
380380,4,2,-1,8,16678,10,0
380381,4,2,-1,8,43727,9,0
380382,4,2,-1,8,61447,3,0
380383,4,1,-1,7,26215,16,0
380384,4,2,-1,8,14002,9,0
380385,4,2,-1,8,6775,3,0
380386,4,2,-1,8,31675,1,0
380387,4,2,-1,8,28330,3,0
380388,4,0,-1,4,7418,12,0
380389,4,1,-1,7,25958,16,0
380390,4,2,-1,8,3658,9,0
380391,4,2,-1,8,54194,7,0
380392,4,2,-1,8,25703,8,0
380393,4,2,-1,8,48450,5,0
380394,4,1,-1,7,27152,16,0
380395,4,2,-1,8,17199,1,0
380396,4,2,-1,8,56943,3,0
380397,4,2,-1,8,46445,8,0
380398,2,6,-1,0,57482,17,1
380399,2,10,-1,0,28345,17,2
380400,4,2,-1,8,15298,1,0
380401,4,2,-1,8,55282,8,0
380402,4,2,-1,8,25687,3,0
380403,4,2,-1,8,27741,8,0
380404,2,4,-1,0,8576,13,3
380405,2,4,-1,0,38418,13,3
380406,4,0,-1,4,28831,11,0
380407,2,10,-1,0,43817,17,2
380408,4,2,-1,8,38856,5,0
380409,4,2,-1,8,27682,3,0
380410,2,15,-1,0,20603,13,3
380411,4,2,-1,8,28735,9,0
380412,2,4,-1,0,19624,13,3
380413,4,2,-1,8,28039,8,0
380414,4,0,-1,4,32087,2,0
380415,4,2,-1,8,9380,7,0
380416,4,2,-1,8,44482,3,0
380417,4,2,-1,8,25689,5,0
380418,4,2,-1,8,56081,8,0
380419,4,2,-1,8,41960,3,0
380420,4,2,-1,8,28045,9,0
380421,4,2,-1,8,14728,9,0
380422,4,2,-1,8,27968,1,0
380423,4,2,-1,8,13206,7,0
380424,4,2,-1,8,56012,3,0
380425,4,2,-1,8,31630,10,0
380426,4,1,-1,7,23084,16,0
380427,4,2,-1,8,19019,6,0
380428,4,0,-1,4,24569,11,0
380429,4,2,-1,8,3657,9,0
380430,4,0,-1,4,40044,11,0
380431,4,2,-1,8,56333,6,0
380432,4,1,-1,7,22994,16,0
380433,4,2,-1,8,62211,10,0
380434,2,5,-1,0,28468,17,1
380435,4,2,-1,8,48311,9,0
380436,4,2,-1,8,15890,3,0
380437,4,0,-1,4,9854,2,0
380438,4,2,-1,8,21304,1,0
380439,4,2,-1,8,15016,6,0
380440,4,2,-1,8,55282,8,0
380441,4,2,-1,8,13253,1,0
380442,4,2,-1,8,53852,3,0
380443,4,2,-1,8,17103,5,0
380444,2,4,-1,0,48029,13,3
380445,4,8,-1,0,39645,28,0
380446,4,2,-1,8,28287,7,0
380447,2,10,-1,0,28836,17,2
380448,4,2,-1,8,28802,6,0
380449,4,2,-1,8,42974,3,0
380450,2,15,-1,0,48957,13,3
380451,4,2,-1,8,32816,7,0
380452,4,0,-1,4,39914,12,0
380453,4,0,-1,4,53566,2,0
380454,4,8,-1,0,40048,28,0
380455,4,2,-1,8,56337,6,0
380456,4,2,-1,8,25724,10,0
380457,4,0,-1,4,56873,11,0
380458,4,2,-1,8,27972,9,0
380459,4,2,-1,8,17265,7,0
380460,4,2,-1,8,28283,10,0
380461,4,0,-1,4,23629,11,0
380462,4,2,-1,8,1978,7,0
380463,4,2,-1,8,27680,1,0
380464,4,2,-1,8,28735,9,0
380465,4,2,-1,8,28704,3,0
380466,4,2,-1,8,27766,10,0
380467,4,2,-1,8,4382,9,0
380468,4,0,-1,4,9852,2,0
380469,4,2,-1,8,21295,1,0
380470,4,2,-1,8,16704,6,0
380471,4,2,-1,8,35395,7,0
380472,4,2,-1,8,28247,9,0
380473,2,10,-1,0,50146,17,2
380474,4,0,-1,4,39120,11,0
380475,4,2,-1,8,54523,7,0
380476,4,8,-1,0,40160,28,0
380477,4,2,-1,8,8419,6,0
380478,4,0,-1,4,35358,2,0
380479,4,2,-1,8,31159,9,0
380480,4,2,-1,8,3036,8,0
380481,4,2,-1,8,28033,9,0
380482,4,2,-1,8,30819,5,0
380483,2,10,-1,0,43313,17,2
380484,2,10,-1,0,20384,17,2
380485,4,2,-1,8,14068,5,0
380486,2,10,-1,0,39987,17,2
380487,2,5,-1,0,28096,17,1
380488,4,2,-1,8,19019,6,0
380489,4,2,-1,8,44432,5,0
380490,2,10,-1,0,20432,17,2
380491,4,2,-1,8,28431,7,0
380492,4,2,-1,8,27979,5,0
380493,4,2,-1,8,17277,1,0
380494,4,1,-1,7,32503,16,0
380495,4,0,-1,4,224,11,0
380496,4,1,-1,7,37556,16,0
380497,4,1,-1,7,26048,16,0
380498,4,2,-1,8,50025,5,0
380499,4,2,-1,8,43704,6,0
380500,2,10,-1,0,51691,17,2
380501,4,2,-1,8,18361,8,0
380502,4,2,-1,8,4382,9,0
380503,4,1,-1,7,28210,16,0
380504,4,2,-1,8,48746,1,0
380505,4,2,-1,8,28763,6,0
380506,4,2,-1,8,34393,8,0
380507,4,1,-1,7,50053,16,0
380508,4,2,-1,8,51598,7,0
380509,4,0,-1,4,59307,2,0
380510,4,2,-1,8,24182,7,0
380511,4,2,-1,8,51598,7,0
380512,4,2,-1,8,27657,10,0
380513,4,0,-1,4,38130,12,0
380514,4,2,-1,8,28700,5,0
380515,4,2,-1,8,21295,1,0
380516,4,2,-1,8,11387,9,0
380517,4,2,-1,8,27656,5,0
380518,4,2,-1,8,56988,10,0
380519,4,2,-1,8,28979,1,0
380520,2,4,-1,0,28671,13,3
380521,4,2,-1,8,35167,10,0
380522,4,2,-1,8,46440,7,0
380523,4,2,-1,8,41480,8,0
380524,4,2,-1,8,48450,5,0
380525,4,2,-1,8,28808,5,0
380526,2,10,-1,0,28236,17,2
380527,4,0,-1,4,38674,11,0
380528,4,1,-1,7,27986,16,0
380529,4,2,-1,8,59057,5,0
380530,4,2,-1,8,34187,9,0
380531,2,4,-1,0,8572,13,3
380532,4,2,-1,8,17318,6,0
380533,4,2,-1,8,8658,5,0
380534,4,2,-1,8,23844,6,0
380535,4,2,-1,8,19029,5,0
380536,4,2,-1,8,17232,7,0
380537,4,2,-1,8,52480,9,0
380538,4,2,-1,8,29009,10,0
380539,4,2,-1,8,43175,7,0
380540,4,2,-1,8,49848,3,0
380541,4,1,-1,7,30703,16,0
380542,4,2,-1,8,30171,5,0
380543,4,2,-1,8,53898,5,0
380544,2,4,-1,0,28571,13,3
380545,4,2,-1,8,50605,1,0
380546,2,10,-1,0,20360,17,2
380547,4,2,-1,8,56516,9,0
380548,4,1,-1,7,57171,16,0
380549,4,2,-1,8,17137,7,0
380550,4,2,-1,8,59303,9,0
380551,2,10,-1,0,20420,17,2
380552,2,5,-1,0,15468,17,1
380553,4,2,-1,8,57524,1,0
380554,4,2,-1,8,39671,1,0
380555,4,2,-1,8,16981,8,0
380556,4,0,-1,4,56766,11,0
380557,2,4,-1,0,28318,13,3
380558,4,2,-1,8,5243,5,0
380559,4,2,-1,8,28273,8,0
380560,4,2,-1,8,49979,8,0
380561,4,2,-1,8,43231,7,0
380562,4,2,-1,8,49809,5,0
380563,4,2,-1,8,19029,5,0
380564,2,4,-1,0,38346,13,3
380565,4,2,-1,8,15412,8,0
380566,4,2,-1,8,54256,5,0
380567,4,2,-1,8,28270,6,0
380568,4,8,-1,0,39640,28,0
380569,4,2,-1,8,49247,5,0
380570,4,2,-1,8,31529,5,0
380571,4,2,-1,8,37511,6,0
380572,4,2,-1,8,56523,6,0
380573,4,2,-1,8,39900,3,0
380574,4,2,-1,8,45018,1,0
380575,4,0,-1,4,6478,11,0
380576,4,2,-1,8,17258,8,0
380577,4,2,-1,8,52482,3,0
380578,4,2,-1,8,48369,8,0
380579,4,2,-1,8,17121,6,0
380580,4,2,-1,8,7560,7,0
380581,4,2,-1,8,43653,1,0
380582,4,2,-1,8,51701,3,0
380583,2,10,-1,0,20370,17,2
380584,4,1,-1,7,26468,16,0
380585,4,2,-1,8,15886,8,0
380586,4,1,-1,7,28412,16,0
380587,4,2,-1,8,49926,6,0
380588,2,5,-1,0,38823,17,1
380589,4,0,-1,4,7544,11,0
380590,4,0,-1,4,16452,12,0
380591,4,2,-1,8,25689,5,0
380592,4,2,-1,8,19013,8,0
380593,4,2,-1,8,49847,3,0
380594,4,1,-1,7,53264,16,0
380595,4,2,-1,8,17154,7,0
380596,4,2,-1,8,52488,7,0
380597,4,2,-1,8,17223,10,0
380598,4,8,-1,0,34954,28,0
380599,2,15,-1,0,51703,13,3
380600,4,2,-1,8,56329,10,0
380601,4,2,-1,8,27608,9,0
380602,4,2,-1,8,14769,8,0
380603,4,2,-1,8,28373,9,0
380604,4,2,-1,8,45506,5,0
380605,4,2,-1,8,17100,5,0
380606,4,2,-1,8,61932,3,0
380607,4,2,-1,8,14676,10,0
380608,4,2,-1,8,51860,1,0
380609,4,2,-1,8,4382,9,0
380610,4,2,-1,8,28430,5,0
380611,2,4,-1,0,8572,13,3
380612,4,2,-1,8,49985,10,0
380613,4,0,-1,4,14438,11,0
380614,4,2,-1,8,28591,7,0
380615,4,2,-1,8,45176,1,0
380616,2,4,-1,0,19624,13,3
380617,4,0,-1,4,9840,11,0
380618,4,2,-1,8,42948,9,0
380619,2,10,-1,0,38347,17,2
380620,4,2,-1,8,28591,7,0
380621,4,2,-1,8,27962,5,0
380622,2,4,-1,0,8565,13,3
380623,4,2,-1,8,43020,10,0
380624,2,5,-1,0,8585,17,1
380625,4,2,-1,8,56791,1,0
380626,4,2,-1,8,15417,3,0
380627,4,2,-1,8,49925,6,0
380628,4,2,-1,8,18982,7,0
380629,4,2,-1,8,15299,1,0
380630,2,15,-1,0,40342,13,3
380631,4,2,-1,8,35381,8,0
380632,2,15,-1,0,20354,13,3
380633,4,2,-1,8,35091,9,0
380634,4,0,-1,4,50376,11,0
380635,2,10,-1,0,20362,17,2
380636,4,2,-1,8,17160,7,0
380637,4,1,-1,7,59028,16,0
380638,4,2,-1,8,21753,9,0
380639,4,2,-1,8,42460,1,0
380640,4,2,-1,8,56705,7,0
380641,4,2,-1,8,22428,7,0
380642,4,2,-1,8,28039,8,0
380643,4,2,-1,8,42949,3,0
380644,4,0,-1,4,43105,2,0
380645,4,0,-1,4,31616,11,0
380646,4,2,-1,8,43231,7,0
380647,4,2,-1,8,28763,6,0
380648,4,2,-1,8,41551,7,0
380649,4,2,-1,8,16989,8,0
380650,2,10,-1,0,20415,17,2
380651,4,2,-1,8,44183,3,0
380652,4,2,-1,8,16136,8,0
380653,4,2,-1,8,16983,8,0
380654,4,2,-1,8,28837,5,0
380655,2,10,-1,0,50347,17,2
380656,4,2,-1,8,16888,5,0
380657,4,2,-1,8,49848,3,0
380658,4,2,-1,8,45155,9,0
380659,4,0,-1,4,9843,11,0
380660,4,2,-1,8,43681,5,0
380661,4,2,-1,8,38663,5,0
380662,4,0,-1,4,3258,11,0
380663,4,2,-1,8,52370,6,0
380664,4,0,-1,4,51276,11,0
380665,4,2,-1,8,28241,8,0
380666,4,2,-1,8,28601,1,0
380667,4,2,-1,8,31040,7,0
380668,2,5,-1,0,28311,17,1
380669,4,2,-1,8,27648,10,0
380670,4,2,-1,8,38352,5,0
380671,4,2,-1,8,18498,1,0
380672,4,8,-1,0,34955,28,0
380673,4,0,-1,4,48071,2,0
380674,4,2,-1,8,21302,1,0
380675,4,2,-1,8,41960,3,0
380676,4,2,-1,8,14730,7,0
380677,4,0,-1,4,31603,2,0
380678,4,2,-1,8,16931,6,0
380679,4,2,-1,8,49928,7,0
380680,4,1,-1,7,38101,16,0
380681,4,0,-1,4,54488,11,0
380682,4,2,-1,8,55608,5,0
380683,4,2,-1,8,17225,10,0
380684,4,2,-1,8,38861,3,0
380685,4,2,-1,8,28219,6,0
380686,4,2,-1,8,29981,8,0
380687,4,2,-1,8,17183,10,0
380688,2,10,-1,0,28699,17,2
380689,4,2,-1,8,54509,6,0
380690,4,2,-1,8,56708,8,0
380691,2,6,-1,0,20749,17,1
380692,4,2,-1,8,52520,6,0
380693,4,2,-1,8,18939,3,0
380694,4,2,-1,8,35395,7,0
380695,4,2,-1,8,49930,7,0
380696,4,0,-1,4,33287,2,0
380697,4,0,-1,4,31631,12,0
380698,4,2,-1,8,40729,3,0
380699,4,2,-1,8,18983,3,0
380700,4,2,-1,8,27911,3,0
380701,4,2,-1,8,5435,10,0
380702,4,2,-1,8,59136,3,0
380703,4,2,-1,8,28296,10,0
380704,4,2,-1,8,56702,9,0
380705,2,4,-1,0,19869,13,3
380706,4,0,-1,4,39211,2,0
380707,4,2,-1,8,17152,7,0
380708,2,10,-1,0,22252,17,2
380709,4,2,-1,8,21300,1,0
380710,4,2,-1,8,30171,5,0
380711,4,2,-1,8,45753,9,0
380712,4,2,-1,8,56355,9,0
380713,4,0,-1,4,9849,11,0
380714,4,2,-1,8,15304,1,0
380715,4,2,-1,8,31529,5,0
380716,4,2,-1,8,48262,1,0
380717,4,2,-1,8,17151,7,0
380718,4,2,-1,8,17127,6,0
380719,4,2,-1,8,17212,7,0
380720,4,2,-1,8,28522,10,0
380721,2,4,-1,0,43812,13,3
380722,4,2,-1,8,11373,8,0
380723,4,0,-1,4,9853,2,0
380724,4,1,-1,7,15156,16,0
380725,4,2,-1,8,18935,7,0
380726,4,2,-1,8,34244,6,0
380727,4,0,-1,4,35358,2,0
380728,4,2,-1,8,43018,7,0
380729,4,0,-1,4,43423,2,0
380730,4,2,-1,8,56791,1,0
380731,4,2,-1,8,42452,10,0
380732,4,2,-1,8,16999,8,0
380733,4,2,-1,8,40335,7,0
380734,4,2,-1,8,13253,1,0
380735,4,2,-1,8,55747,9,0
380736,4,2,-1,8,16910,6,0
380737,4,0,-1,4,32713,2,0
380738,4,1,-1,7,28054,16,0
380739,4,0,-1,4,21725,2,0
380740,4,2,-1,8,9502,5,0
380741,4,0,-1,4,64256,12,0
380742,4,2,-1,8,64114,10,0
380743,2,4,-1,0,38854,13,3
380744,2,15,-1,0,20425,13,3
380745,4,2,-1,8,41549,9,0
380746,4,2,-1,8,46626,7,0
380747,4,2,-1,8,53814,7,0
380748,4,2,-1,8,64735,5,0
380749,4,2,-1,8,28688,10,0
380750,4,2,-1,8,17233,5,0
380751,4,2,-1,8,14995,5,0
380752,4,2,-1,8,16916,6,0
380753,4,2,-1,8,37047,5,0
380754,4,2,-1,8,9380,7,0
380755,4,2,-1,8,14758,5,0
380756,4,0,-1,4,9845,11,0
380757,4,2,-1,8,49928,7,0
380758,4,2,-1,8,42956,9,0
380759,4,2,-1,8,18322,1,0
380760,4,2,-1,8,28595,10,0
380761,4,2,-1,8,7560,7,0
380762,4,2,-1,8,44183,3,0
380763,4,2,-1,8,27704,7,0
380764,2,5,-1,0,21252,17,1
380765,4,8,-1,0,34953,28,0
380766,4,2,-1,8,34086,5,0
380767,4,2,-1,8,17149,7,0
380768,4,2,-1,8,14411,10,0
380769,4,0,-1,4,11990,11,0
380770,4,0,-1,4,2854,11,0
380771,4,2,-1,8,51689,9,0
380772,4,2,-1,8,56963,7,0
380773,4,2,-1,8,18946,10,0
380774,4,2,-1,8,3992,10,0
380775,4,2,-1,8,56774,9,0
380776,2,10,-1,0,28610,17,2
380777,4,2,-1,8,19125,10,0
380778,4,2,-1,8,27684,6,0
380779,4,0,-1,4,23435,11,0
380780,4,2,-1,8,37460,7,0
380781,4,2,-1,8,45915,8,0
380782,4,0,-1,4,6504,12,0
380783,4,2,-1,8,44700,3,0
380784,4,2,-1,8,14995,5,0
380785,4,2,-1,8,5406,10,0
380786,4,2,-1,8,14776,7,0
380787,4,2,-1,8,27745,10,0
380788,4,2,-1,8,15020,7,0
380789,4,2,-1,8,28763,6,0
380790,2,10,-1,0,50345,17,2
380791,4,2,-1,8,17218,6,0
380792,4,2,-1,8,42398,1,0
380793,2,10,-1,0,20294,17,2
380794,4,2,-1,8,17160,7,0
380795,4,2,-1,8,16483,1,0
380796,4,0,-1,4,31905,11,0
380797,4,2,-1,8,15416,7,0
380798,2,4,-1,0,22051,13,3
380799,4,2,-1,8,37544,9,0
380800,4,0,-1,4,56558,11,0
380801,4,2,-1,8,12830,3,0
380802,4,2,-1,8,25729,1,0
380803,4,2,-1,8,39035,5,0
380804,4,0,-1,4,10530,11,0
380805,4,2,-1,8,18433,3,0
380806,4,2,-1,8,44609,1,0
380807,4,2,-1,8,28241,8,0
380808,4,0,-1,4,15422,11,0
380809,4,2,-1,8,43233,9,0
380810,4,2,-1,8,56591,3,0
380811,4,2,-1,8,17218,6,0
380812,4,2,-1,8,16988,8,0
380813,2,10,-1,0,20390,17,2
380814,4,2,-1,8,14539,5,0
380815,4,2,-1,8,64903,1,0
380816,4,1,-1,7,28563,16,0
380817,4,2,-1,8,39095,9,0
380818,4,2,-1,8,16899,5,0
380819,4,0,-1,4,33262,2,0
380820,4,2,-1,8,27971,5,0
380821,4,2,-1,8,39737,8,0
380822,4,2,-1,8,17185,10,0
380823,4,2,-1,8,26504,3,0
380824,4,0,-1,4,52374,11,0
380825,4,2,-1,8,28431,7,0
380826,4,0,-1,4,7248,12,0
380827,4,2,-1,8,27922,9,0
380828,4,1,-1,7,28209,16,0
380829,2,6,-1,0,22235,17,1
380830,4,2,-1,8,43653,1,0
380831,4,2,-1,8,50771,8,0
380832,4,2,-1,8,14536,10,0
380833,4,2,-1,8,27719,9,0
380834,4,2,-1,8,16534,7,0
380835,4,0,-1,4,15853,12,0
380836,4,0,-1,4,6338,12,0
380837,4,2,-1,8,49790,5,0
380838,2,5,-1,0,35010,17,1
380839,4,2,-1,8,16931,6,0
380840,4,0,-1,4,39121,11,0
380841,2,10,-1,0,20412,17,2
380842,4,2,-1,8,51585,10,0
380843,4,2,-1,8,27727,9,0
380844,4,2,-1,8,48603,7,0
380845,4,2,-1,8,46445,8,0
380846,4,2,-1,8,49968,5,0
380847,4,1,-1,7,44633,16,0
380848,4,2,-1,8,25701,7,0
380849,2,6,-1,0,5638,17,1
380850,4,2,-1,8,53052,5,0
380851,4,0,-1,4,15853,12,0
380852,4,2,-1,8,27712,7,0
380853,4,2,-1,8,56355,9,0
380854,4,2,-1,8,16131,6,0
380855,4,2,-1,8,28077,10,0
380856,4,2,-1,8,44192,6,0
380857,4,2,-1,8,52616,10,0
380858,2,15,-1,0,20411,13,3
380859,4,2,-1,8,17149,7,0
380860,4,0,-1,4,9847,11,0
380861,4,1,-1,7,27549,16,0
380862,4,0,-1,4,21632,12,0
380863,4,0,-1,4,6539,2,0
380864,4,2,-1,8,64423,5,0
380865,4,0,-1,4,35358,2,0
380866,4,8,-1,0,34955,28,0
380867,4,2,-1,8,43689,10,0
380868,4,2,-1,8,35381,8,0
380869,4,2,-1,8,49845,3,0
380870,4,1,-1,7,23002,16,0
380871,4,2,-1,8,14546,10,0
380872,2,10,-1,0,52446,17,2
380873,4,2,-1,8,9526,10,0
380874,4,2,-1,8,30819,5,0
380875,4,2,-1,8,17152,7,0
380876,4,2,-1,8,27570,7,0
380877,4,0,-1,4,38127,12,0
380878,4,2,-1,8,45665,7,0
380879,4,2,-1,8,14536,10,0
380880,4,2,-1,8,19184,8,0
380881,4,2,-1,8,63691,7,0
380882,4,2,-1,8,43167,6,0
380883,4,2,-1,8,50771,8,0
380884,4,2,-1,8,1963,7,0
380885,4,0,-1,4,39023,2,0
380886,4,2,-1,8,17187,10,0
380887,4,2,-1,8,9513,6,0
380888,4,0,-1,4,28830,11,0
380889,4,2,-1,8,22794,1,0
380890,4,2,-1,8,17277,1,0
380891,4,2,-1,8,55964,3,0
380892,4,2,-1,8,27635,10,0
380893,4,2,-1,8,14757,7,0
380894,4,2,-1,8,28591,7,0
380895,4,2,-1,8,21302,1,0
380896,4,2,-1,8,17141,7,0
380897,4,1,-1,7,25978,16,0
380898,4,2,-1,8,27576,5,0
380899,2,5,-1,0,25627,17,1
380900,4,2,-1,8,17318,6,0
380901,2,5,-1,0,28673,17,1
380902,4,2,-1,8,64735,5,0
380903,4,0,-1,4,32073,2,0
380904,4,2,-1,8,17118,6,0
380905,4,2,-1,8,28373,9,0
380906,4,2,-1,8,39898,7,0
380907,4,2,-1,8,28522,10,0
380908,4,2,-1,8,29976,6,0
380909,4,2,-1,8,37457,8,0
380910,4,2,-1,8,17160,7,0
380911,4,2,-1,8,16983,8,0
380912,4,2,-1,8,46214,1,0
380913,4,0,-1,4,28830,11,0
380914,4,2,-1,8,56324,8,0
380915,4,2,-1,8,21298,1,0
380916,4,1,-1,7,48868,16,0
380917,4,0,-1,4,40047,2,0
380918,4,2,-1,8,41549,9,0
380919,4,0,-1,4,6539,2,0
380920,4,2,-1,8,42209,1,0
380921,4,2,-1,8,27569,3,0
380922,4,0,-1,4,31204,12,0
380923,4,2,-1,8,14728,9,0
380924,4,2,-1,8,4440,8,0
380925,4,0,-1,4,31655,11,0
380926,4,0,-1,4,9835,11,0
380927,4,2,-1,8,59100,9,0
380928,4,2,-1,8,49354,5,0
380929,4,1,-1,7,15161,16,0
380930,2,10,-1,0,20382,17,2
380931,2,5,-1,0,28629,17,1
380932,4,2,-1,8,34714,5,0
380933,2,5,-1,0,19610,17,1
380934,2,5,-1,0,50254,17,1
380935,4,2,-1,8,2362,10,0
380936,4,2,-1,8,54923,7,0
380937,4,2,-1,8,14697,7,0
380938,4,2,-1,8,40727,5,0
380939,4,2,-1,8,57523,1,0
380940,4,2,-1,8,54506,10,0
380941,4,2,-1,8,13864,8,0
380942,4,2,-1,8,14776,7,0
380943,4,2,-1,8,64416,7,0
380944,4,2,-1,8,41551,7,0
380945,4,1,-1,7,15156,16,0
380946,4,2,-1,8,62213,7,0
380947,4,0,-1,4,56873,11,0
380948,4,2,-1,8,43727,9,0
380949,4,2,-1,8,19911,3,0
380950,4,2,-1,8,25688,5,0
380951,4,2,-1,8,28385,7,0
380952,4,2,-1,8,56605,5,0
380953,4,0,-1,4,39210,2,0
380954,4,2,-1,8,16942,6,0
380955,4,1,-1,7,36937,16,0
380956,4,2,-1,8,17232,7,0
380957,4,0,-1,4,9834,11,0
380958,4,2,-1,8,45961,3,0
380959,4,2,-1,8,17193,3,0
380960,4,2,-1,8,27657,10,0
380961,4,2,-1,8,17099,5,0
380962,4,2,-1,8,18422,1,0
380963,4,2,-1,8,33272,8,0
380964,4,0,-1,4,59307,2,0
380965,4,1,-1,7,23085,16,0
380966,4,2,-1,8,53124,8,0
380967,4,2,-1,8,28797,10,0
380968,4,1,-1,7,28181,16,0
380969,4,0,-1,4,9845,11,0
380970,4,2,-1,8,13551,1,0
380971,4,1,-1,7,37429,16,0
380972,4,2,-1,8,43071,8,0
380973,4,2,-1,8,17095,5,0
380974,4,2,-1,8,28002,3,0
380975,2,10,-1,0,28236,17,2
380976,4,2,-1,8,16136,8,0
380977,4,0,-1,4,31906,11,0
380978,2,4,-1,0,19615,13,3
380979,4,2,-1,8,28149,6,0
380980,4,2,-1,8,11953,6,0
380981,4,2,-1,8,9174,8,0
380982,4,2,-1,8,16508,20,0
380983,4,0,-1,4,19785,2,0
380984,4,2,-1,8,27706,9,0
380985,4,2,-1,8,16996,8,0
380986,4,2,-1,8,14603,10,0
380987,4,2,-1,8,27589,9,0
380988,4,2,-1,8,37450,5,0
380989,4,0,-1,4,56786,12,0
380990,4,2,-1,8,14757,7,0
380991,4,2,-1,8,64563,7,0
380992,4,2,-1,8,29928,3,0
380993,4,2,-1,8,5243,5,0
380994,4,2,-1,8,43017,8,0
380995,4,2,-1,8,27724,6,0
380996,4,2,-1,8,39496,8,0
380997,2,6,-1,0,25633,17,1
380998,4,2,-1,8,35161,7,0
380999,4,2,-1,8,5243,5,0
