reference_entry,displayid,item_level,quality
61,16953,5,1
79,16847,5,1
80,16854,5,1
195,16582,5,1
209,17140,5,1
210,14444,5,1
711,16581,5,1
714,14445,5,1
719,16970,5,1
720,2368,28,3
727,26577,10,2
744,18059,44,2
754,20218,47,3
756,6264,29,2
776,6452,31,3
789,19699,22,2
790,19401,23,2
791,20334,31,3
809,20033,50,4
812,20257,54,4
820,6470,17,2
821,17102,13,2
826,19271,15,2
827,3498,17,2
832,6847,15,2
833,22978,56,4
862,18397,50,3
863,19213,37,2
864,26579,38,2
865,5212,31,2
866,20357,42,2
867,17180,42,4
871,19235,47,4
872,19242,21,3
873,20298,40,4
880,20382,23,2
885,8494,24,2
886,20093,26,2
888,17182,27,3
890,20386,24,3
892,16950,22,2
897,17011,29,2
899,6459,19,2
911,28628,25,2
913,20170,29,2
914,2829,30,2
920,19703,25,2
934,19405,37,3
935,8274,20,3
936,5215,38,3
937,20329,38,3
943,20256,48,4
996,3453,2,1
1009,8583,13,2
1020,13552,1,1
1021,13551,1,1
1022,15299,1,1
1023,15297,1,1
1024,15304,1,1
1025,15302,1,1
1027,15294,1,1
1076,6012,25,2
1121,703,24,3
1155,20327,29,3
1156,9839,22,3
1162,13219,10,1
1163,13218,10,1
1168,30993,59,4
1173,6777,10,1
1182,6852,10,1
1190,15120,20,2
1203,2594,54,3
1207,5223,39,2
1211,14260,15,2
1214,19625,17,2
1215,16942,22,2
1216,9559,33,2
1219,20122,16,2
1220,19232,20,2
1264,5530,26,2
1265,20156,39,3
1273,12723,25,2
1280,15298,38,2
1282,15324,33,2
1296,5195,21,2
1297,19035,31,2
1299,16717,22,2
1300,20391,20,2
1302,17174,18,2
1304,16818,20,2
1306,11387,20,2
1310,16971,20,2
1314,17179,20,2
1315,6524,51,4
1317,20377,25,2
1318,19290,23,3
1319,14437,25,2
1351,16897,28,2
1355,23014,15,2
1360,7000,10,1
1383,8495,5,1
1388,20450,3,1
1391,20410,18,2
1405,5540,17,2
1406,5638,21,2
1436,17144,17,2
1440,8570,19,2
1444,6504,40,3
1446,6841,19,2
1447,14438,46,4
1448,6842,20,2
1454,8457,27,3
1455,22214,24,2
1457,19683,22,2
1458,8601,23,2
1459,19136,24,2
1460,20109,20,2
1461,19375,25,2
1462,9846,25,2
1465,20594,38,2
1469,20154,19,2
1473,20402,19,2
1480,9381,17,2
1481,25595,25,3
1482,20089,24,3
1483,9117,21,3
1484,9122,22,3
1486,9889,24,3
1489,8676,25,3
1493,5165,27,3
1521,19306,44,2
1522,22239,36,2
1523,5534,36,2
1539,20395,19,2
1560,16856,21,2
1561,12671,15,2
1566,20078,17,2
1602,8489,39,3
1604,63370,45,2
1607,20272,54,3
1608,19743,47,2
1613,28470,44,2
1624,15340,43,2
1625,26586,41,2
1640,8526,42,2
1659,1795,40,2
1677,8678,46,2
1678,11269,37,3
1679,5137,36,2
1680,19304,44,2
1713,23949,45,3
1716,16667,40,3
1717,12960,30,3
1718,17137,43,3
1720,21460,46,3
1721,8581,54,3
1722,15467,42,3
1726,20749,36,3
1727,5166,28,3
1728,19997,65,4
1832,16845,17,2
1835,14443,5,1
1836,14249,5,1
1893,19234,20,2
1917,20435,10,2
1925,20114,16,2
1927,19276,15,2
1928,20415,16,2
1929,16848,18,2
1930,23067,18,2
1933,20418,15,2
1934,6774,20,2
1935,20471,24,3
1936,20399,18,2
1937,5040,21,3
1938,8565,22,2
1944,17062,18,2
1945,17189,18,2
1955,6907,27,2
1958,1759,17,2
1959,14038,17,2
1973,6506,59,3
1974,16901,22,3
1975,20179,28,3
1976,8590,29,3
1978,12813,27,3
1979,18793,50,4
1981,8668,44,4
1982,20191,44,4
1986,20638,41,2
1988,25892,38,2
1990,5533,36,2
1991,18269,34,2
1993,14436,36,2
1994,19129,46,2
1997,16670,34,2
1998,20356,33,2
2000,20251,35,2
2011,20120,26,3
2013,20373,26,2
2015,19255,28,2
2016,1727,26,2
2017,6738,28,2
2018,20088,27,2
2020,20492,18,2
2021,18650,21,2
2032,16887,36,2
2033,10711,25,2
2034,12699,25,2
2035,5161,24,2
2036,17054,18,2
2037,11447,18,2
2041,8703,24,3
2042,20379,24,3
2044,19220,35,3
2046,22226,24,2
2047,8473,5,1
2055,8579,4,1
2057,20175,4,1
2059,22991,24,3
2072,20363,27,2
2073,19134,15,2
2074,20168,18,2
2075,5218,12,2
2077,28578,29,2
2078,20157,18,2
2079,19637,17,2
2080,19400,34,2
2084,20152,30,2
2087,17095,13,2
2088,6455,15,2
2089,20407,18,2
2117,16576,5,1
2119,16969,5,1
2122,14425,5,1
2123,14426,5,1
2124,14427,5,1
2125,17176,5,1
2132,22149,4,1
2137,6437,5,1
2139,22135,3,1
2140,6440,11,2
2166,685,20,2
2167,17178,20,2
2168,16713,21,2
2169,20347,21,3
2172,9895,5,1
2173,28227,5,1
2175,8534,23,2
2186,4545,5,1
2194,8567,25,3
2203,8506,19,2
2204,20038,17,2
2205,20153,25,3
2218,20451,13,2
2226,20372,27,2
2227,22219,27,2
2230,6930,24,2
2231,16671,40,2
2232,4272,25,2
2233,18489,27,2
2234,8677,30,2
2235,20598,19,2
2236,20345,25,3
2245,15506,59,4
2246,9841,58,4
2254,19612,12,2
2256,5221,24,3
2263,5170,25,2
2264,12830,30,3
2266,20427,13,2
2267,5208,15,2
2271,20346,23,3
2273,16114,15,2
2274,6883,17,2
2275,13279,20,3
2276,16996,37,3
2277,3173,35,3
2278,17190,31,3
2280,20370,27,3
2281,19297,11,2
2283,16831,15,2
2292,19037,25,3
2299,19389,33,3
2300,9502,12,2
2302,4713,8,1
2307,17163,18,2
2308,23028,15,2
2309,13864,15,2
2310,23025,13,2
2311,17233,13,2
2312,5406,15,2
2314,9531,24,3
2315,9530,20,2
2316,23021,22,2
2317,17214,20,2
2389,6952,5,1
2391,6954,5,1
2397,6955,10,1
2479,8512,4,1
2485,5219,3,1
2491,22112,8,1
2499,8511,9,1
2503,20436,8,1
2504,8106,2,1
2505,20723,4,1
2506,20722,8,1
2508,6606,2,1
2509,6607,9,1
2545,3043,26,2
2564,4485,50,3
2566,16666,27,2
2567,20590,23,3
2569,17120,13,2
2570,23122,6,1
2571,2486,7,1
2572,12687,10,2
2578,10891,14,2
2580,23133,12,2
2582,12394,17,2
2583,13524,19,2
2585,12669,21,2
2588,13253,20,1
2620,15284,39,2
2621,15295,36,2
2622,13244,37,2
2623,15336,41,2
2624,15547,42,2
2632,20473,14,2
2690,28201,5,1
2694,28250,17,2
2721,16826,32,3
2800,21114,26,3
2802,6484,43,3
2805,23084,34,2
2807,9118,23,3
2815,8465,45,3
2816,19669,33,3
2817,17103,12,2
2818,1963,15,2
2820,6540,50,2
2821,19633,18,2
2822,20091,18,2
2823,19236,19,2
2824,20554,53,4
2825,20552,42,4
2848,5198,22,2
2849,19929,23,2
2850,3855,24,2
2853,6966,7,1
2854,25851,19,2
2857,25852,18,2
2864,25848,18,2
2865,4333,21,2
2866,23530,23,2
2867,23532,23,2
2868,23533,25,2
2869,9403,26,2
2870,23540,29,3
2877,20151,33,3
2878,8469,30,3
2899,16949,15,2
2902,23099,30,2
2903,8107,15,2
2904,20732,16,2
2907,19227,20,2
2908,20605,20,2
2911,9898,23,3
2912,20320,32,3
2913,16828,28,2
2915,19664,52,4
2917,9850,33,2
2919,6526,30,1
2920,6556,10,1
2921,6485,15,1
2922,6564,20,1
2923,6550,25,1
2933,9845,31,3
2941,20359,26,3
2942,3007,26,3
2949,16989,25,2
2950,20378,25,2
2951,9851,36,3
2953,23077,33,2
2954,14615,33,2
2955,16545,40,2
2957,14499,11,2
2958,14498,10,2
2959,14525,9,1
2961,17093,11,2
2962,17160,10,2
2963,16980,9,1
2969,14524,17,2
2970,14529,16,2
2973,14539,17,2
2974,14537,16,2
2976,14536,15,2
2981,14549,21,2
2982,14554,20,2
2983,14552,17,2
2984,16789,18,2
2985,9739,21,2
2986,11369,20,2
2987,11373,18,2
2988,14411,19,2
2989,25769,21,2
2990,25768,21,2
2991,25765,21,2
2992,16731,20,2
3000,16888,10,2
3001,18087,20,1
3002,6338,30,1
3003,6492,10,1
3004,6551,15,1
3005,6553,20,1
3006,6521,25,1
3011,13259,36,2
3018,23027,23,2
3019,12682,18,2
3020,21294,33,3
3021,20673,25,3
3022,16534,23,2
3036,5392,15,2
3037,20653,34,2
3039,20672,23,2
3040,20740,19,2
3041,20729,31,2
3042,20734,33,2
3045,25778,27,2
3047,25782,27,2
3048,11525,26,2
3049,25780,27,2
3055,8665,26,2
3056,16954,26,2
3057,16984,24,2
3058,17055,25,2
3065,27547,23,2
3066,27550,24,2
3067,3217,26,2
3068,16824,32,2
3069,27554,27,2
3070,15149,5,1
3072,16694,26,2
3073,16846,26,2
3074,12420,24,2
3075,15322,55,4
3076,4873,23,2
3078,20669,26,3
3079,20738,12,2
3103,8588,12,2
3154,18340,18,2
3160,3304,15,2
3166,12965,15,2
3184,20396,20,2
3185,20362,34,2
3186,26576,30,2
3187,20573,44,2
3188,20072,15,2
3189,8525,8,1
3191,11165,26,3
3192,26590,12,2
3193,19545,21,2
3194,19622,21,3
3195,8499,18,2
3197,20184,35,2
3198,8585,23,2
3199,19372,22,2
3200,17004,8,1
3201,19283,28,2
3202,10216,24,2
3203,5228,28,3
3204,3606,26,2
3205,14410,17,2
3206,20186,28,2
3208,5232,48,2
3209,20250,32,2
3210,19275,30,2
3211,25766,19,2
3212,25779,26,2
3217,16787,15,2
3222,20607,19,2
3223,19624,11,2
3224,16926,10,1
3227,20381,23,2
3228,10402,26,3
3229,9917,23,2
3230,17166,26,3
3231,10166,25,2
3235,9840,20,2
3261,23143,5,1
3262,21052,3,1
3263,3432,3,1
3273,2967,5,1
3274,16587,5,1
3275,16586,5,1
3277,20444,5,1
3280,26928,9,1
3282,26932,12,2
3283,26933,13,2
3285,27994,10,1
3287,28591,12,2
3288,27996,13,2
3291,14511,13,2
3292,14513,13,2
3302,26944,15,2
3306,26949,18,2
3307,11060,15,2
3308,16592,15,2
3309,16591,16,2
3310,16590,18,2
3313,28047,18,2
3314,14546,15,2
3315,14547,17,2
3321,4016,9,1
3323,16906,8,1
3324,21457,28,2
3330,12971,13,2
3332,6987,9,1
3336,20341,29,2
3341,6920,32,2
3344,4511,15,2
3345,15912,37,2
3392,21310,30,2
3400,20110,25,2
3413,20589,25,3
3415,20339,24,3
3417,20174,26,3
3429,4532,24,2
3430,6612,44,2
3431,17092,25,2
3432,7437,1,0
3435,3708,8,1
3436,2539,8,1
3440,6806,13,2
3446,20419,13,2
3449,23127,15,2
3452,5120,22,2
3457,16850,18,2
3458,6982,18,2
3461,12672,24,2
3462,28607,24,2
3469,23528,9,1
3471,13090,10,2
3472,25850,12,2
3473,25849,13,2
3474,9390,15,2
3475,23421,65,4
3480,23531,22,2
3481,9407,25,2
3482,9404,26,2
3483,9406,27,2
3484,9412,29,2
3485,9414,30,2
3487,20196,19,2
3488,8516,13,2
3489,8496,17,2
3491,5211,25,2
3492,3780,30,2
3493,20664,30,2
3494,7430,1,0
3511,23020,15,2
3522,7421,1,1
3524,6834,1,1
3525,6835,1,1
3526,6836,1,1
3529,12906,1,1
3533,6762,1,1
3534,6765,1,1
3536,13564,1,1
3541,6720,1,1
3542,6741,1,1
3544,6744,1,1
3545,6721,1,1
3546,6742,1,1
3549,6785,1,1
3555,16615,25,2
3556,16544,30,2
3558,16528,25,2
3559,11626,21,2
3560,20715,35,2
3561,23135,26,2
3562,16910,27,2
3563,3179,20,2
3565,14127,20,2
3566,17101,29,2
3567,6601,19,2
3569,18122,26,2
3570,8100,16,2
3571,19546,21,2
3572,5151,17,2
3578,9380,15,2
3581,20414,18,2
3582,23085,18,2
3585,16876,22,2
3586,19231,16,2
3595,16583,5,1
3596,16584,5,1
3599,16832,5,1
3600,16929,5,1
3603,16930,10,1
3645,16915,17,2
3647,14566,23,2
3651,2052,15,2
3652,18488,14,2
3653,1673,15,2
3654,18657,14,2
3656,18702,27,2
3719,23040,30,2
3733,4085,23,2
3739,16132,25,2
3741,17164,24,2
3742,20667,28,2
3743,6275,28,2
3747,11167,30,2
3748,10169,26,3
3749,23118,30,2
3750,8732,30,2
3751,3083,30,2
3752,8666,22,2
3753,17129,34,2
3754,17186,33,2
3755,19228,32,2
3759,16944,33,2
3761,18769,32,2
3764,3750,40,2
3765,6971,40,2
3822,20180,32,2
3835,9417,33,2
3836,25658,34,2
3837,15333,38,2
3840,9422,32,2
3841,9424,35,2
3843,9242,34,2
3844,13088,36,3
3845,9425,40,2
3846,23537,37,2
3847,9426,40,2
3849,5153,32,2
3850,20215,35,2
3851,19647,31,2
3852,15468,34,2
3853,7324,36,2
3854,20252,40,2
3855,8528,37,2
3856,8533,40,2
3883,13228,22,1
3884,13249,22,1
3885,13278,22,1
3902,20412,18,2
3933,7312,23,3
3985,16829,40,2
4035,16643,31,2
4036,4607,27,2
4037,14989,30,2
4038,27557,37,2
4039,15298,35,2
4040,14623,34,2
4041,15287,39,2
4042,14661,39,2
4043,14652,38,2
4044,14659,40,2
4045,14680,42,2
4046,14685,45,2
4047,14679,43,2
4048,17199,31,2
4049,14601,28,2
4050,17141,31,2
4051,17161,30,2
4052,21304,35,2
4054,17149,35,2
4055,3036,34,2
4057,16890,36,2
4058,14674,41,2
4059,14673,37,2
4060,14675,40,2
4061,17008,42,2
4062,17147,45,2
4063,17181,43,2
4065,18699,36,2
4066,4403,35,2
4069,26085,47,2
4071,25801,31,2
4072,25802,30,2
4073,25804,31,2
4074,25809,36,2
4075,25811,34,2
4076,25810,35,2
4077,25825,35,2
4078,25904,39,2
4079,25896,40,2
4080,15290,45,2
4082,26074,47,2
4083,26075,44,2
4086,20736,37,2
4087,4426,41,2
4088,28520,47,2
4090,18496,46,3
4091,20380,47,3
4107,4438,37,2
4108,4439,40,2
4109,16983,41,2
4113,23123,45,2
4114,15246,42,2
4116,20223,41,2
4117,16830,44,2
4118,6976,50,2
4119,17100,43,2
4120,16695,40,3
4121,14323,35,2
4123,6919,37,2
4124,21293,40,2
4126,19217,34,2
4127,20662,40,2
4129,4458,44,2
4130,6562,50,2
4131,17115,44,2
4132,6884,37,2
4133,4462,37,2
4134,20294,46,3
4135,6486,35,2
4137,4835,42,2
4138,8638,45,2
4139,16822,37,2
4140,4869,34,2
4196,4483,30,3
4239,9503,13,2
4242,9505,15,2
4243,9511,17,2
4244,18458,20,2
4246,9513,16,2
4247,2362,29,2
4248,9526,26,2
4249,12464,25,2
4250,17237,25,2
4251,11274,26,2
4252,12403,28,2
4253,27881,27,3
4254,9543,30,2
4255,9532,31,2
4256,9545,35,2
4257,17224,32,2
4258,9538,34,2
4259,9546,36,2
4260,9550,39,2
4262,17218,37,3
4264,17111,40,2
4290,4400,18,2
4303,19615,12,2
4307,6295,10,2
4308,8089,12,2
4309,12395,14,2
4310,12865,17,2
4311,23117,21,2
4313,4615,20,2
4314,9997,22,2
4315,17135,24,2
4316,6297,22,2
4317,12399,25,2
4318,6291,26,2
4319,17130,29,2
4320,4301,24,3
4321,17138,28,2
4322,15314,33,2
4323,15319,34,2
4324,17128,30,2
4325,4631,35,2
4326,15076,37,2
4327,15273,40,3
4328,17136,36,2
4329,6315,40,2
4331,13195,25,2
4343,12388,10,2
4362,6600,10,2
4368,13236,20,2
4369,20743,21,2
4373,26619,24,2
4379,15835,26,2
4381,22293,28,2
4383,8257,29,2
4385,22422,30,2
4393,13215,37,2
4396,21632,40,2
4397,7841,40,2
4434,4365,20,2
4436,9912,21,2
4437,20390,20,2
4438,6977,30,3
4439,6795,22,2
4443,11327,36,2
4444,18694,24,2
4445,19398,23,2
4446,20369,26,3
4447,23019,26,2
4448,4723,27,2
4449,20439,27,2
4454,20592,26,3
4455,14261,33,2
4456,17231,33,2
4462,23098,31,2
4463,9916,31,2
4464,7002,32,2
4465,6844,32,2
4474,12883,32,2
4476,12650,34,2
4478,4744,45,2
4504,15183,31,2
4505,16791,31,2
4507,18653,42,3
4508,8639,42,3
4509,17185,40,2
4511,19783,40,2
4534,6996,29,2
4535,9838,31,2
4543,21313,40,2
4545,16892,40,2
4547,21016,40,2
4562,8531,10,2
4564,6813,13,2
4566,20420,13,2
4568,22478,21,2
4569,19778,14,2
4570,8586,15,2
4571,20430,17,2
4575,20401,19,2
4576,20674,21,2
4577,6592,13,2
4614,9859,35,2
4643,15079,33,2
4653,6944,45,2
4660,6322,18,2
4661,27551,26,2
4663,9907,9,1
4676,6991,17,2
4695,26048,18,2
4697,25767,20,2
4699,14555,18,2
4700,14232,21,1
4701,23044,16,2
4705,25783,27,2
4706,25979,24,2
4707,25781,26,2
4708,27545,24,2
4709,8098,25,2
4710,23029,22,2
4711,26047,28,2
4712,25803,29,2
4713,23140,26,2
4714,4557,27,2
4715,23024,27,2
4716,26016,32,2
4717,25813,34,2
4718,16652,35,2
4719,18131,32,2
4720,14624,33,2
4721,17193,35,2
4722,23045,32,2
4723,14332,29,2
4724,21302,30,2
4725,25897,40,2
4726,25900,36,2
4727,25895,38,2
4731,14677,39,2
4732,23031,37,2
4733,26078,46,2
4734,11638,43,2
4735,23125,41,2
4736,14686,42,2
4737,17192,44,2
4738,16921,42,2
4741,4912,37,2
4743,6546,50,3
4744,16925,39,2
4745,7005,40,2
4765,7313,14,2
4766,5154,13,2
4767,3528,15,2
4768,16946,15,2
4771,23012,15,2
4777,19538,18,2
4778,6808,19,2
4781,8702,20,2
4782,16812,18,2
4785,6277,24,2
4786,16833,20,2
4788,4024,20,2
4790,15165,25,2
4793,15247,24,2
4794,6787,25,2
4795,6756,25,2
4796,6758,25,2
4797,15161,25,2
4799,23087,23,2
4810,19911,37,2
4816,4978,24,2
4817,7319,22,2
4818,20155,24,2
4820,18511,25,2
4822,4983,23,2
4825,8461,29,2
4826,19224,26,2
4827,16865,28,2
4828,16792,27,2
4830,17153,28,2
4831,17154,26,2
4832,22428,29,2
4833,6929,28,2
4835,6912,30,2
4853,15330,5,1
4861,5243,10,2
4902,6098,1,1
4908,17169,5,1
4910,6969,5,1
4913,9920,5,1
4914,17075,5,1
4915,16802,5,1
4919,16799,5,1
4920,23007,5,1
4921,9671,5,1
4928,17017,8,1
4935,7007,8,1
4936,16880,8,1
4939,20112,11,2
4947,20603,11,2
4949,19214,21,2
4951,16938,7,1
4954,16932,5,1
4962,5418,8,1
4971,8572,12,2
4975,18491,39,3
4976,28287,40,2
4977,20009,41,2
4978,19741,36,2
4979,5434,42,2
4980,5435,37,2
4983,19596,42,2
4987,20083,45,2
4989,16673,50,2
4990,16934,50,2
5005,9658,35,2
5008,9843,36,2
5016,16849,35,2
5069,6097,12,2
5071,18356,14,2
5111,18133,15,2
5112,20491,15,2
5180,6494,34,2
5181,23142,33,2
5182,8000,20,2
5187,8600,20,3
5191,7311,24,3
5192,5144,22,3
5193,22998,25,3
5194,19296,23,3
5195,16966,22,3
5196,13913,22,3
5197,20953,21,3
5198,21011,22,3
5199,1978,21,3
5200,5949,22,3
5201,20340,23,3
5202,12803,24,3
5207,20903,20,2
5213,20907,35,2
5214,21020,32,2
5215,20815,41,2
5216,20790,45,2
5222,6001,28,1
5235,6081,7,1
5240,6101,21,2
5242,6093,16,2
5243,12601,20,3
5244,21024,30,2
5245,21019,34,2
5247,20828,39,2
5248,21023,37,2
5249,20793,40,2
5250,6140,28,2
5252,20825,21,2
5253,20801,40,2
5254,10179,20,3
5256,19673,35,2
5257,23000,37,3
5275,7545,15,2
5279,20411,20,2
5299,17223,20,2
5306,7524,20,2
5309,7531,20,2
5311,17159,21,2
5312,7540,20,2
5313,7544,25,2
5315,28200,18,2
5316,16870,25,2
5317,8658,25,2
5318,22225,20,2
5319,7553,20,1
5321,20014,20,2
5322,19611,26,2
5324,8576,16,2
5325,7559,16,2
5327,16958,18,2
5328,7563,15,2
5337,19899,16,2
5340,20417,15,2
5341,8717,15,2
5343,23088,18,2
5344,8485,14,2
5345,8602,14,2
5346,20719,14,2
5351,6011,20,2
5355,7662,28,2
5356,20834,27,2
5387,23108,20,2
5394,7823,5,1
5399,7835,5,1
5404,6729,23,3
5405,23105,5,1
5419,17002,7,1
5420,8635,14,2
5422,16974,20,2
5423,19221,20,3
5425,7932,20,3
5426,19396,20,3
5444,15089,19,3
5459,5014,13,2
5540,6439,23,2
5541,19801,28,2
5542,23131,19,2
5587,19648,13,2
5589,8292,10,1
5608,15278,40,2
5609,6755,22,2
5610,23115,15,2
5613,20384,23,2
5614,20182,31,2
5615,20121,20,2
5616,20376,47,3
5617,6718,13,2
5622,14432,22,2
5624,15905,38,2
5626,19246,20,2
5627,20354,20,2
5629,8450,20,2
5630,8449,20,2
5739,12368,38,2
5742,20569,40,2
5744,8279,12,2
5745,8745,1,0
5750,8749,23,2
5751,23078,25,2
5752,20596,26,2
5753,8753,31,2
5754,7093,31,2
5755,8719,35,2
5756,20591,37,3
5757,8803,20,2
5766,12397,27,2
5770,12695,30,2
5776,20449,5,1
5780,8905,18,2
5781,8908,19,2
5782,22393,34,2
5783,8912,38,2
5812,12694,25,2
5813,9055,32,2
5814,16899,30,2
5815,9057,31,2
5817,9060,30,2
5818,21026,30,2
5819,15810,33,3
5820,9077,32,2
5821,16982,24,2
5822,9082,24,2
5936,9365,8,1
5943,9378,25,3
5944,7554,15,2
5958,9514,21,2
5961,12402,23,2
5962,9535,32,2
5964,9544,35,2
5965,23033,37,2
5966,9549,38,2
5967,9552,18,2
5969,23059,23,2
5970,19128,23,3
5971,23026,26,2
5975,9584,23,2
6040,9634,37,2
6058,8419,5,1
6060,16588,5,1
6070,17173,5,1
6084,9738,13,2
6085,11368,13,2
6087,9742,24,3
6092,49990,18,2
6093,19646,27,2
6094,19390,18,2
6095,11548,24,2
6171,9374,5,1
6173,16809,5,1
6179,15166,19,2
6185,23008,5,1
6186,20119,18,2
6187,18658,17,2
6188,10434,15,2
6191,10454,23,2
6194,19404,32,2
6195,12944,15,2
6197,2644,22,2
6198,10529,30,2
6199,10530,24,2
6200,10532,29,2
6201,9510,10,1
6204,13266,32,2
6214,10642,16,2
6220,20536,29,3
6223,10721,35,2
6226,12652,23,3
6238,12389,10,2
6239,12400,12,2
6240,12387,12,2
6241,17123,10,2
6242,12386,14,2
6243,12393,18,2
6255,6590,19,2
6263,11182,20,2
6264,12716,23,2
6266,16560,13,2
6267,16561,12,2
6268,17098,13,2
6269,17152,12,2
6282,11166,32,2
6314,23082,27,3
6318,20335,26,3
6319,11253,26,3
6320,18700,28,3
6321,14433,26,3
6323,21051,25,3
6324,12696,29,3
6327,11271,37,3
6331,20333,36,3
6333,20604,22,2
6335,11330,29,2
6336,3057,13,2
6337,3058,12,2
6350,6885,18,2
6360,11453,25,2
6378,23139,17,2
6379,16922,17,2
6381,27549,23,2
6382,16916,23,2
6386,25805,30,2
6387,25800,29,2
6388,25806,30,2
6389,15517,31,2
6392,11533,29,3
6394,11571,27,2
6395,13677,29,2
6396,14602,32,2
6397,14603,29,2
6398,17118,29,2
6399,14599,30,2
6402,25812,36,2
6403,25808,33,2
6404,25815,35,2
6405,14625,36,2
6406,14617,34,2
6407,14618,33,2
6408,17061,34,2
6409,17121,34,2
6410,17009,33,2
6411,25882,41,2
6412,25883,39,2
6413,25886,37,2
6415,12653,41,2
6416,14651,38,2
6417,23091,37,2
6418,14656,37,2
6419,14676,38,2
6420,14672,39,2
6421,14671,38,2
6422,21297,39,2
6423,26077,45,2
6424,26082,42,2
6425,26076,44,2
6426,26073,43,2
6427,12676,46,2
6428,14684,43,2
6429,15910,44,2
6430,18471,46,2
6431,16986,43,2
6432,23039,41,2
6433,21291,43,2
6440,12643,48,3
6447,22805,20,3
6448,20349,22,3
6449,23001,22,3
6459,11935,23,3
6460,11945,24,3
6461,11946,27,3
6465,12693,22,3
6466,23010,18,2
6467,11952,21,2
6468,11960,23,3
6469,20652,24,3
6472,24741,24,3
6473,17091,23,3
6477,11997,20,2
6478,11999,23,2
6480,9541,20,2
6481,12068,23,2
6482,12070,24,2
6502,12282,22,2
6503,12670,22,2
6504,20116,24,3
6505,12286,24,3
6507,22679,10,1
6511,16698,11,2
6512,16813,13,2
6527,12422,13,2
6528,16567,17,2
6531,19110,18,2
6536,14739,19,2
6537,12439,15,2
6538,16522,19,2
6539,14735,16,2
6540,14738,18,2
6541,14737,16,2
6542,15267,15,2
6543,14736,15,2
6545,25755,18,2
6546,25759,17,2
6547,25756,17,2
6548,25757,16,2
6550,25758,15,2
6551,6931,17,2
6552,14731,19,2
6553,14730,18,2
6554,14729,17,2
6556,14728,15,2
6557,19184,16,2
6558,17113,15,2
6560,25955,17,2
6561,14551,21,2
6562,16881,21,2
6563,14750,20,2
6564,23109,21,2
6565,16793,22,2
6567,14748,25,2
6568,14746,24,2
6569,18120,25,2
6570,14752,22,2
6571,18493,22,2
6573,25760,23,2
6574,12456,22,2
6575,25967,20,2
6576,25762,22,2
6577,25761,23,2
6578,12453,23,2
6580,25763,23,2
6581,17127,21,2
6582,14759,22,2
6583,3657,21,2
6584,14758,25,2
6585,23053,20,2
6586,14755,23,2
6587,14757,24,2
6590,25793,29,2
6591,25797,27,2
6592,25798,29,2
6593,25993,26,2
6594,25795,28,2
6595,25794,28,2
6596,25796,28,2
6597,25799,28,2
6598,18449,28,2
6599,26014,29,2
6600,14774,27,2
6601,14769,28,2
6602,17167,27,2
6603,14773,30,2
6604,23022,26,2
6605,14775,28,2
6607,14776,30,2
6608,27542,27,2
6609,16862,32,2
6610,16878,32,2
6611,16866,29,2
6612,19921,28,2
6613,16869,28,2
6615,16864,29,2
6616,16863,32,2
6617,4904,30,2
6627,12595,28,3
6628,16952,22,2
6629,23141,23,3
6630,6274,25,3
6631,20336,25,3
6632,15156,20,3
6641,20167,26,3
6642,12632,25,3
6659,12777,20,2
6660,13001,55,3
6664,12782,26,2
6665,12783,26,2
6666,12784,22,2
6667,23110,27,2
6668,12788,27,2
6670,12794,27,2
6671,12795,27,2
6675,12804,27,2
6676,12805,27,2
6677,21018,26,2
6678,14434,28,2
6679,22241,29,3
6681,20593,32,3
6682,12858,31,3
6685,11473,30,3
6686,15492,33,3
6687,22217,34,3
6688,17277,32,3
6689,20325,32,3
6690,17142,34,3
6691,12880,35,3
6692,25597,36,3
6696,20650,32,3
6709,12924,18,2
6719,17134,30,2
6720,28984,37,2
6721,12934,24,2
6722,12935,30,2
6726,16716,41,2
6727,17067,41,2
6729,20821,38,2
6731,12945,20,2
6732,12943,38,2
6733,12948,28,2
6737,16852,35,2
6738,19126,35,2
6739,20666,29,2
6740,12977,29,2
6742,12981,36,3
6743,12984,25,2
6744,16956,33,2
6745,23069,33,2
6746,18507,40,2
6747,12986,40,2
6750,12987,31,2
6751,23126,30,2
6752,16988,30,2
6780,13023,36,2
6784,13026,36,2
6788,17122,42,2
6789,23096,42,2
6791,17227,40,2
6792,13052,40,2
6793,13053,40,2
6794,17187,40,2
6797,21014,37,2
6798,13060,37,2
6801,13077,40,2
6802,20010,44,3
6804,19707,34,3
6806,13084,40,3
6829,20075,44,3
6831,20292,44,3
6832,23097,42,2
6900,13337,38,3
6901,23002,29,3
6902,17001,27,3
6903,13357,28,3
6904,20575,28,3
6905,22222,27,3
6906,13361,28,3
6907,16903,25,3
6908,16723,25,3
6909,20185,31,3
6910,13365,31,3
6911,16931,31,3
6953,13466,31,3
6966,19135,15,2
6967,20162,15,2
6968,19771,15,2
6969,20400,15,2
6970,21475,20,2
6971,15327,31,2
6972,22480,30,3
6973,22481,29,2
6974,22482,31,2
6977,22731,40,3
6978,19133,15,2
6979,19274,15,2
6980,20601,15,2
6981,20606,15,2
6982,19652,15,2
6983,19773,15,2
6984,20159,15,2
6985,20163,15,2
6998,13500,25,2
7000,16919,25,2
7001,20824,29,3
7002,4743,29,3
7003,13508,27,2
7004,15042,27,2
7026,17119,9,1
7027,17148,28,2
7046,13649,28,2
7047,17146,29,2
7048,15283,29,2
7049,17143,30,2
7050,15863,32,2
7051,8721,34,2
7052,13664,35,2
7053,23092,35,2
7054,17133,38,3
7055,17112,35,2
7056,15243,36,2
7058,13671,35,2
7059,13672,38,2
7060,17132,38,2
7061,13678,39,2
7063,12675,41,2
7064,13681,42,2
7065,13684,33,2
7095,16810,9,1
7106,16959,33,2
7107,13758,33,2
7108,18661,11,2
7110,8720,31,2
7111,14986,37,2
7112,14657,41,2
7113,14678,46,2
7115,19204,15,2
7116,20602,15,2
7117,19776,15,2
7118,20161,15,2
7130,15288,31,2
7187,16999,20,3
7189,20622,45,2
7229,11563,13,2
7230,19610,23,3
7280,17232,11,2
7281,14002,14,2
7282,3248,19,2
7284,3992,24,2
7285,14004,24,2
7298,20425,13,2
7327,20398,15,2
7328,19649,15,2
7329,20160,15,2
7331,26046,34,2
7332,15003,45,2
7334,16523,28,2
7335,12482,28,2
7336,14069,24,2
7348,6735,25,3
7349,17230,27,2
7352,14316,27,2
7353,16599,35,2
7354,16605,33,2
7355,16604,31,2
7356,23100,30,2
7357,15906,34,2
7359,17225,29,2
7366,16601,32,2
7367,16606,33,2
7368,16600,34,2
7369,16607,35,2
7370,16603,31,2
7373,14777,33,2
7374,14781,35,2
7375,25674,35,2
7377,23030,36,2
7386,14831,38,2
7387,14832,39,2
7390,17215,40,2
7407,21900,35,2
7408,11270,33,2
7409,19043,33,2
7410,14803,31,2
7411,23043,31,2
7412,21902,32,2
7413,21298,33,2
7414,21901,34,2
7415,14950,29,2
7416,26032,31,2
7417,26030,34,2
7418,26034,35,2
7419,26043,30,2
7420,30091,33,2
7421,26036,33,2
7422,26037,32,2
7423,26039,34,2
7424,26040,33,2
7427,9853,31,2
7429,14646,40,2
7430,14990,40,2
7431,14644,39,2
7432,16825,38,2
7433,16651,37,2
7435,14589,38,2
7436,15175,35,2
7437,14647,36,2
7438,14648,36,2
7439,14995,40,2
7440,15001,39,2
7441,21311,38,2
7443,15000,37,2
7444,14996,37,2
7446,23062,36,2
7447,14997,36,2
7448,14999,36,2
7454,25862,39,2
7455,25868,39,2
7456,30092,38,2
7457,25865,37,2
7458,25860,37,2
7459,25872,38,2
7460,26064,34,2
7462,25866,37,2
7465,26065,39,2
7468,15005,45,2
7469,15015,44,2
7470,15911,42,2
7471,15008,42,2
7472,13051,41,2
7473,15014,42,2
7474,15178,40,2
7475,15410,41,2
7476,15012,40,2
7477,17099,45,2
7478,15020,43,2
7479,15307,42,2
7480,15018,41,2
7481,15017,42,2
7482,17194,42,2
7483,23057,40,2
7484,15023,41,2
7485,15016,41,2
7486,22559,44,2
7487,25820,43,2
7488,25824,42,2
7489,25819,41,2
7490,25817,42,2
7491,25822,43,2
7492,26018,39,2
7493,25818,40,2
7494,25821,41,2
7506,15150,25,2
7509,22958,20,2
7510,15201,20,2
7511,15223,31,2
7512,15232,31,2
7513,25078,40,3
7514,25076,40,3
7517,15398,50,2
7518,15400,50,2
7519,15401,47,2
7520,15909,47,2
7521,15405,46,2
7522,15409,45,2
7523,15402,46,2
7524,15406,44,2
7525,15407,45,2
7526,16838,46,2
7527,17094,50,2
7528,15416,48,2
7529,21292,47,2
7530,15415,46,2
7531,15412,46,2
7532,15417,47,2
7533,23016,44,2
7534,15413,45,2
7535,15411,46,2
7538,26087,48,2
7539,3193,48,2
7541,26089,46,2
7542,26090,46,2
7544,26097,44,2
7545,26088,45,2
7549,14437,47,2
7551,15421,47,2
7553,15422,48,2
7606,15721,22,2
7607,20920,22,2
7682,6555,34,3
7683,15720,34,3
7684,15800,35,3
7687,15726,35,3
7688,15731,35,3
7689,20172,35,3
7690,15753,35,3
7691,16823,35,3
7709,15824,35,3
7710,20360,36,3
7711,12673,38,3
7712,4488,38,3
7713,15806,39,3
7714,20318,39,3
7717,22221,42,3
7719,15811,42,3
7720,16224,44,3
7721,19735,44,3
7723,21252,44,3
7724,16223,44,3
7727,17197,32,3
7728,19109,34,3
7729,15821,33,3
7730,15466,34,3
7731,15420,35,3
7734,3410,51,3
7738,16815,18,2
7739,15866,18,2
7746,7899,41,2
7747,18792,41,2
7750,13673,33,2
7751,15886,30,2
7752,19670,33,3
7753,19371,32,3
7754,15889,30,3
7755,15890,38,3
7756,15894,34,3
7757,20316,37,3
7758,22238,39,3
7759,15897,38,3
7760,21404,39,3
7761,19210,38,3
7787,18455,31,3
7913,16081,32,2
7914,16080,32,2
7915,16084,35,2
7916,16086,36,2
7917,16087,37,2
7918,16089,45,2
7919,16091,45,2
7921,16092,45,2
7922,16093,43,3
7925,16102,44,2
7926,16103,45,2
7927,16105,45,2
7928,16106,45,2
7929,23538,42,2
7930,16109,46,2
7931,16110,46,2
7932,16111,47,2
7933,16113,47,2
7934,16115,47,2
7935,16117,48,2
7936,16118,49,2
7937,16119,49,2
7938,16124,45,3
7939,24393,49,3
7941,16126,42,2
7942,5639,44,2
7943,16128,45,2
7944,20221,48,2
7946,15887,49,2
7947,16130,51,2
7948,16131,30,2
7949,16133,30,2
7950,16134,30,2
7951,17183,30,2
7952,16136,30,2
7953,16137,42,2
7954,19748,47,3
7956,16146,25,2
7957,16147,26,2
7959,22234,50,3
7963,16184,40,2
7996,16548,20,1
8006,20326,39,3
8106,16631,51,2
8107,16634,47,2
8108,16636,47,2
8109,23107,46,2
8110,16633,47,2
8111,16637,48,2
8112,16632,49,2
8113,19901,51,2
8114,21459,47,2
8116,16920,47,2
8117,14701,47,2
8118,14700,46,2
8119,28737,51,2
8120,23038,45,2
8121,14698,47,2
8122,21300,48,2
8123,14697,49,2
8124,14696,48,2
8125,26103,48,2
8126,26105,51,2
8127,26118,47,2
8128,26107,49,2
8129,26108,49,2
8130,26109,49,2
8131,26115,50,2
8132,26110,51,2
8133,26114,50,2
8137,27329,43,2
8138,27330,47,2
8139,27331,44,2
8140,27332,43,2
8142,27338,44,2
8143,27335,46,2
8144,27336,45,2
8157,27340,42,2
8159,27342,40,2
8161,27347,40,2
8174,17213,40,3
8175,16482,41,2
8176,16483,41,2
8178,26591,10,2
8179,18343,6,1
8180,18350,11,2
8183,18355,27,2
8184,18346,29,2
8185,16487,47,2
8186,20851,26,2
8187,16488,41,2
8188,20735,37,2
8189,11598,42,2
8190,20081,55,3
8191,16492,46,2
8192,16497,42,2
8193,17151,46,2
8194,19721,43,2
8195,23049,46,2
8196,26572,43,2
8197,16505,47,2
8198,16506,42,2
8199,18342,47,2
8200,16508,43,2
8201,25711,44,2
8202,16510,47,2
8203,16513,44,2
8204,16515,45,2
8205,16516,44,2
8206,16517,49,2
8207,16519,48,2
8208,16520,50,2
8209,16521,47,2
8210,25691,44,2
8211,25689,45,2
8213,4389,49,2
8214,25693,45,2
8215,23081,50,2
8216,24297,48,2
8223,20073,37,3
8224,22232,36,2
8225,20076,36,3
8246,16766,52,2
8247,17229,51,2
8248,17238,50,2
8249,17216,52,2
8250,17234,52,2
8252,17236,56,2
8253,17228,51,2
8254,18728,53,2
8256,17258,52,2
8257,17259,50,2
8259,23063,50,2
8260,17263,52,2
8261,17321,54,2
8262,17265,54,2
8263,17267,53,2
8264,28451,52,2
8265,26204,56,2
8266,26228,51,2
8267,28726,54,2
8268,26210,54,2
8269,28667,55,2
8270,26220,55,2
8271,21694,56,2
8272,26217,54,2
8273,27373,46,2
8274,27372,51,2
8275,26232,56,2
8276,27374,47,2
8277,27375,46,2
8278,27376,47,2
8279,27379,48,2
8280,27377,49,2
8281,27378,48,2
8290,17276,61,2
8293,17318,56,2
8294,17317,57,2
8295,17316,56,2
8297,23066,55,2
8298,17314,57,2
8300,17313,60,2
8301,17319,59,2
8302,26313,58,2
8303,26314,62,2
8304,26323,57,2
8305,26316,59,2
8306,26312,59,2
8307,26310,60,2
8308,26315,60,2
8309,26317,61,2
8310,26321,60,2
8311,27394,53,2
8312,27389,57,2
8314,27390,53,2
8315,27391,52,2
8316,27392,53,2
8317,27395,54,2
8318,27393,56,2
8319,27396,55,2
8320,27571,57,2
8345,45176,45,3
8346,16678,46,3
8348,17226,50,3
8350,224,15,2
8367,16729,51,3
9149,8025,45,2
9240,57786,50,3
9243,17918,45,2
9285,27362,41,2
9286,27356,44,2
9287,27358,41,2
9288,27359,41,2
9289,27357,41,2
9290,25839,42,2
9291,27360,43,2
9292,27361,42,2
9359,19756,45,3
9366,18256,41,2
9375,21295,38,3
9378,18257,38,3
9379,20032,49,3
9380,20031,50,3
9381,21025,38,3
9383,18328,40,3
9384,18264,36,3
9385,20249,36,3
9386,18268,36,3
9387,18430,41,3
9388,18427,40,3
9389,18433,41,3
9390,19056,40,3
9392,18270,40,3
9394,21301,42,3
9395,18271,34,3
9396,18274,39,3
9397,22996,39,3
9398,18361,40,3
9402,21403,60,3
9403,18824,40,3
9404,18826,42,3
9405,18283,33,3
9406,18284,35,3
9407,12345,40,3
9408,20274,42,3
9409,18352,42,3
9410,29000,45,3
9413,19620,49,3
9414,18434,46,3
9415,18347,47,3
9416,22233,47,3
9417,18308,47,3
9418,20193,49,3
9419,18312,46,3
9420,18322,37,3
9422,20663,43,3
9423,18324,45,3
9424,18325,41,3
9425,22220,44,3
9426,20556,41,3
9427,22051,42,3
9428,18331,35,3
9429,18376,44,3
9430,18333,45,3
9431,18334,43,3
9432,18378,42,3
9433,18337,46,3
9434,18338,41,3
9445,18364,34,3
9446,16538,34,3
9447,18365,34,3
9448,18366,33,3
9449,19645,34,3
9450,18367,33,3
9452,20323,32,3
9453,20595,32,3
9454,14749,32,3
9455,18371,33,3
9456,18372,35,3
9457,18373,35,3
9459,19298,37,3
9461,3258,37,3
9465,18377,45,3
9467,20311,47,3
9469,18382,48,3
9470,18689,49,3
9473,18386,49,3
9474,18387,49,3
9475,22209,49,3
9476,18389,50,3
9478,25598,50,3
9479,18392,50,3
9480,22235,48,3
9482,20269,47,3
9483,20786,49,3
9484,22426,50,3
9485,18403,30,3
9487,18405,29,3
9488,18406,28,3
9489,18408,31,2
9491,14765,32,3
9492,18415,37,3
9508,18428,31,3
9509,18429,30,3
9510,18431,32,3
9511,20029,46,3
9512,22988,46,3
9513,18438,13,2
9514,20424,10,2
9515,32153,31,2
9516,18440,31,2
9517,20348,40,3
9518,18443,36,2
9519,18444,36,2
9520,20574,41,2
9521,19307,41,2
9522,18447,36,2
9527,20300,46,2
9531,18497,46,2
9534,18498,47,3
9535,28169,30,2
9536,18901,30,2
9598,19011,10,2
9599,26948,10,2
9602,20069,10,2
9603,20432,10,2
9604,18531,30,2
9605,23134,30,2
9608,7494,31,2
9609,18991,31,2
9624,28195,37,3
9625,28317,37,3
9626,19302,42,2
9630,4440,45,2
9631,28339,45,2
9632,28283,45,2
9633,28281,45,2
9634,18998,46,2
9635,18915,45,2
9636,4446,45,2
9637,28252,45,2
9638,28118,50,2
9639,28194,48,3
9640,18573,48,3
9643,18822,51,2
9645,18906,49,2
9646,28172,49,2
9647,18577,48,2
9648,28097,48,2
9649,28294,55,3
9650,28279,55,3
9651,18578,53,3
9652,17150,53,3
9653,18579,50,2
9654,28307,50,2
9656,18580,49,2
9657,28426,49,2
9658,19913,43,2
9660,28299,43,2
9663,28315,45,2
9664,18584,45,2
9665,18586,50,2
9666,28300,50,2
9678,5233,43,2
9679,22223,43,2
9680,20475,43,2
9682,28284,44,2
9683,20289,51,3
9685,19311,51,2
9686,19746,51,3
9687,28328,33,2
9699,28326,33,2
9703,28297,43,2
9704,28296,43,2
9718,13488,38,3
9747,14711,14,2
9748,18883,15,2
9749,27529,15,2
9753,18469,12,2
9763,22687,14,2
9764,18823,13,2
9765,22688,15,2
9766,25947,22,2
9767,25946,23,2
9770,23106,20,2
9771,25941,25,2
9772,25942,27,2
9773,25944,27,2
9774,25949,27,2
9775,28177,19,2
9776,16981,20,2
9777,28427,19,2
9779,28433,18,2
9780,28428,20,2
9781,28431,22,2
9782,28430,23,2
9783,13011,20,2
9785,25776,17,2
9786,25978,16,2
9787,13484,19,2
9788,25775,18,2
9789,3541,19,2
9791,27751,29,2
9794,27752,25,2
9795,27753,26,2
9796,27754,27,2
9797,27755,28,2
9799,28477,26,2
9801,6760,25,2
9802,27761,26,2
9803,27760,26,2
9806,2358,27,2
9807,27759,27,2
9808,691,28,2
9809,27758,28,2
9811,25772,24,2
9812,25975,22,2
9813,25773,25,2
9814,25771,24,2
9816,26121,25,2
9817,25774,26,2
9819,27860,34,2
9820,27861,31,2
9821,27857,30,2
9822,27858,29,2
9823,10508,31,2
9824,27855,32,2
9825,27853,33,2
9826,27856,34,2
9827,14936,30,2
9828,11581,31,2
9829,28482,29,2
9831,27768,29,2
9832,27766,31,2
9833,6772,33,2
9834,27764,32,2
9835,11580,33,2
9836,27769,33,2
9837,27783,30,2
9838,27779,29,2
9840,27777,31,2
9841,27770,32,2
9842,27776,32,2
9843,26060,33,2
9844,28424,38,2
9845,50497,35,2
9846,28418,35,2
9847,15236,33,2
9848,28422,36,2
9849,16638,36,2
9850,12980,36,2
9851,28419,37,2
9852,28425,38,2
9853,28421,34,2
9854,14068,38,2
9855,11956,35,2
9857,18930,34,2
9859,26550,36,2
9860,23004,34,2
9861,18929,35,2
9862,14635,37,2
9864,25980,36,2
9865,25786,34,2
9866,25787,38,2
9867,26251,33,2
9868,25788,35,2
9869,25784,35,2
9870,25991,36,2
9871,26249,37,2
9872,25790,37,2
9873,25988,37,2
9874,28064,43,2
9875,26470,39,2
9876,28088,40,2
9877,28065,38,2
9878,28067,41,2
9879,28057,39,2
9880,28062,40,2
9881,28068,41,2
9883,28061,42,2
9884,28074,43,2
9885,18904,40,2
9887,18903,43,2
9888,20873,42,2
9889,18921,40,2
9890,23023,38,2
9892,18912,40,2
9893,27807,42,2
9894,3169,41,2
9895,27787,40,2
9896,27788,39,2
9897,27784,42,2
9898,27794,38,2
9900,27791,40,2
9901,27792,40,2
9902,27789,41,2
9903,26163,42,2
9904,27790,41,2
9905,28411,48,2
9906,28415,44,2
9908,28412,43,2
9909,28410,43,2
9910,28413,44,2
9911,28416,46,2
9912,28409,45,2
9913,28417,48,2
9915,28414,45,2
9917,18937,44,2
9918,25940,45,2
9919,23073,43,2
9920,18936,44,2
9921,19010,45,2
9922,18935,46,2
9923,18939,45,2
9924,18934,48,2
9925,18938,44,2
9926,25930,43,2
9927,25931,42,2
9928,25932,45,2
9929,25938,41,2
9930,25933,43,2
9931,25928,43,2
9932,25937,44,2
9933,25934,45,2
9934,25935,44,2
9935,18819,45,2
9936,28010,49,2
9938,15040,48,2
9940,27799,50,2
9941,27796,49,2
9942,14613,50,2
9943,27800,53,2
9946,28972,53,2
9949,18945,48,2
9950,18943,53,2
9952,18946,49,2
9953,11275,50,2
9954,18947,51,2
9955,18951,50,2
9956,26181,46,2
9957,26183,50,2
9958,26234,50,2
9960,26185,47,2
9961,26180,47,2
9962,26188,48,2
9963,26200,48,2
9964,26191,49,2
9965,26194,49,2
9966,27348,45,2
9967,27351,43,2
9968,27352,42,2
9969,27511,43,2
9970,27354,44,2
9971,27355,43,2
9972,27350,42,2
9998,24352,41,2
9999,24354,41,2
10001,19141,42,2
10002,19061,42,2
10003,18835,43,2
10004,24951,43,2
10007,19114,43,2
10008,41463,43,2
10009,16764,43,2
10011,18889,44,2
10018,19111,45,2
10019,18999,45,3
10020,18886,45,2
10021,18949,45,3
10023,19055,45,2
10024,18860,46,2
10025,41842,49,2
10026,21154,46,2
10027,18865,46,2
10028,18866,47,2
10029,19113,47,2
10030,18872,48,2
10031,19051,48,2
10032,18877,48,2
10033,18879,48,2
10038,18882,49,2
10041,19000,50,3
10042,14606,45,2
10043,20209,31,2
10044,18933,49,2
10047,19009,15,2
10048,18914,24,2
10049,20472,25,2
10058,28151,50,2
10059,28124,50,2
10060,28125,49,2
10061,44716,51,2
10062,29002,51,2
10063,28123,51,2
10064,28140,53,2
10065,28165,55,2
10066,28155,49,2
10067,19019,49,2
10068,19013,51,2
10069,19014,49,2
10070,19012,55,2
10071,23060,49,2
10072,19017,51,2
10073,21309,52,2
10074,19018,53,2
10075,19020,51,2
10076,19725,49,2
10077,26327,53,2
10079,26331,48,2
10080,26328,50,2
10081,19718,50,2
10082,26326,51,2
10083,26330,51,2
10084,19720,52,2
10085,26329,52,2
10086,27363,49,2
10087,27364,46,2
10088,27365,45,2
10089,27370,45,2
10090,27366,46,2
10091,27367,47,2
10092,27371,47,2
10093,27432,54,2
10094,27368,45,2
10095,27600,56,2
10096,27601,54,2
10097,27606,57,2
10098,27607,53,2
10099,27602,55,2
10100,27605,57,2
10101,27598,58,2
10102,27609,59,2
10103,27614,54,2
10104,27599,59,2
10105,27716,60,2
10106,27718,56,2
10107,27719,54,2
10108,27721,53,2
10109,27717,54,2
10110,27726,55,2
10111,28590,57,2
10112,27731,58,2
10113,27733,57,2
10118,26291,58,2
10119,26297,57,2
10120,26304,53,2
10121,26293,56,2
10122,26295,55,2
10123,26303,57,2
10124,19708,57,2
10125,26301,56,2
10126,26289,54,2
10127,27426,49,2
10128,27427,54,2
10129,27428,50,2
10130,27429,50,2
10131,27425,50,2
10132,19759,51,2
10133,27430,52,2
10134,27431,51,2
10135,27628,64,2
10136,27630,60,2
10137,27633,61,2
10138,27631,59,2
10139,28852,62,2
10140,27639,61,2
10141,27629,63,2
10142,27640,62,2
10144,27647,60,2
10145,18974,59,2
10146,27741,61,2
10147,27740,60,2
10148,27743,58,2
10149,27745,61,2
10150,27746,62,2
10151,27739,64,2
10152,18962,63,2
10154,26127,61,2
10155,26129,61,2
10156,26122,60,2
10157,26123,64,2
10160,26139,62,2
10161,26125,61,2
10162,26130,63,2
10164,27407,58,2
10165,29014,55,2
10166,27411,54,2
10167,27405,55,2
10168,27408,56,2
10169,27413,57,2
10170,27414,56,2
10171,27406,54,2
10172,28109,55,2
10173,28082,53,2
10174,23136,52,2
10175,44717,55,2
10176,28083,54,2
10177,28084,56,2
10178,28112,58,2
10179,28080,54,2
10180,28079,52,2
10181,28078,58,2
10184,4382,52,2
10185,23042,51,2
10186,19005,53,2
10187,27809,55,2
10190,19001,52,2
10191,26155,51,2
10192,26160,53,2
10193,26156,55,2
10194,26173,50,2
10195,26176,55,2
10196,26162,52,2
10197,26158,52,2
10198,26172,53,2
10200,26164,53,2
10201,27400,48,2
10202,27402,48,2
10203,27397,52,2
10205,27398,49,2
10206,27399,48,2
10207,27404,49,2
10208,27401,50,2
10209,27403,50,2
10210,27867,60,2
10211,24291,59,2
10212,15214,57,2
10213,27870,58,2
10214,27868,59,2
10215,28992,62,2
10216,27842,58,2
10217,25198,61,2
10218,27866,62,2
10219,28851,60,2
10220,18977,63,2
10223,18978,58,2
10225,18981,59,2
10226,18985,61,2
10227,18982,62,2
10228,18983,60,2
10229,26265,56,2
10230,26267,60,2
10232,26269,58,2
10233,26270,57,2
10234,26264,58,2
10235,26274,59,2
10236,26272,59,2
10237,26273,58,2
10238,27380,52,2
10239,27385,51,2
10240,27384,55,2
10241,27387,53,2
10242,27381,52,2
10243,27382,51,2
10244,27383,54,2
10245,27386,53,2
10246,27821,65,2
10249,26126,61,2
10250,27824,63,2
10252,27822,64,2
10253,27823,63,2
10254,28479,65,2
10255,27830,62,2
10256,27847,61,2
10257,27844,62,2
10258,27850,60,2
10259,27846,62,2
10260,27845,63,2
10261,29051,63,2
10262,27843,64,2
10265,26239,62,2
10266,26241,65,2
10268,26244,63,2
10269,26245,62,2
10270,26237,63,2
10273,26248,64,2
10274,27805,63,2
10275,27416,60,2
10276,27419,56,2
10277,29003,57,2
10278,27418,55,2
10279,27423,58,2
10280,13206,59,2
10281,27422,58,2
10282,27420,56,2
10288,18976,31,2
10289,27862,32,2
10328,19049,39,3
10331,15816,38,2
10332,28383,35,3
10333,28382,36,2
10358,28156,36,2
10359,19917,36,2
10362,20910,58,2
10364,27415,58,2
10365,27803,59,2
10368,26351,62,2
10369,26352,58,2
10370,26353,57,2
10371,26354,58,2
10372,26365,59,2
10373,26355,61,2
10374,26364,59,2
10375,26363,57,2
10376,26333,60,2
10377,26362,59,2
10378,26332,63,2
10379,27749,61,2
10380,26334,60,2
10381,26335,59,2
10382,26336,62,2
10383,26337,61,2
10384,19844,65,2
10385,26341,62,2
10386,26339,62,2
10387,26340,61,2
10390,26342,63,2
10391,26360,60,2
10399,9123,24,3
10400,27947,18,2
10401,27946,18,2
10402,21903,18,2
10403,14389,22,3
10404,27854,30,2
10406,28173,32,2
10408,27774,32,2
10409,27771,32,2
10410,28385,23,3
10411,27949,23,3
10412,28384,21,3
10413,19125,19,3
10423,19201,31,2
10461,19314,45,2
10462,19313,47,2
10499,19397,35,2
10500,19399,41,2
10501,19402,44,2
10502,19409,43,2
10504,19563,49,3
10506,23161,46,2
10508,18298,41,2
10510,20744,44,2
10518,23129,45,2
10542,20813,41,2
10543,20814,41,2
10545,22420,42,2
10549,19951,12,2
10553,19919,11,2
10554,19918,11,2
10555,6478,1,1
10567,20649,38,3
10571,19501,37,3
10572,28747,39,3
10573,20149,37,3
10574,19903,40,3
10576,60692,50,2
10577,7397,41,2
10578,19993,38,3
10581,19506,40,3
10582,28654,36,3
10583,28808,39,3
10584,28685,36,3
10588,67049,47,2
10623,18391,48,3
10624,25604,47,3
10625,20315,49,3
10626,19617,50,3
10627,20259,47,3
10628,20189,48,3
10630,22928,51,3
10631,28800,46,3
10632,28711,49,3
10633,19900,51,3
10635,28230,5,1
10636,12415,5,1
10637,14152,15,2
10638,28209,15,2
10652,22213,51,3
10653,9174,30,2
10654,19949,31,2
10655,20210,5,1
10657,19991,26,2
10658,28238,25,2
10659,2516,57,2
10696,22229,60,2
10697,20570,60,2
10698,20275,60,2
10700,18832,45,2
10701,28263,45,2
10702,28273,43,2
10703,20297,45,2
10704,28267,46,2
10705,19915,47,2
10706,28336,47,2
10707,19742,52,2
10716,20625,41,2
10720,19662,42,2
10724,19665,45,2
10726,19667,47,2
10740,28310,53,2
10741,42881,53,2
10742,19710,51,2
10743,28143,51,2
10744,19130,51,2
10745,28330,50,2
10746,28343,50,2
10747,19992,41,2
10748,4385,41,2
10749,19728,54,3
10751,19920,54,3
10758,19779,42,3
10760,28683,39,3
10761,20572,44,3
10762,19953,44,3
10763,28783,44,3
10764,28710,44,3
10765,28688,43,3
10766,21027,40,3
10767,20974,42,3
10768,28684,42,3
10769,19785,41,3
10771,19910,41,3
10774,28744,42,3
10775,28694,42,3
10777,28595,42,3
10778,1399,60,2
10779,16452,60,2
10781,18470,55,2
10782,19930,55,2
10783,19995,52,3
10784,19793,52,3
10786,19794,52,3
10787,19796,52,3
10788,19996,52,3
10797,20030,53,3
10798,28640,51,3
10799,22242,51,3
10800,19806,52,3
10801,19912,52,3
10802,18968,52,3
10803,20035,54,3
10804,19892,54,3
10805,19127,54,3
10806,19810,55,3
10807,19812,55,3
10808,19813,55,3
10820,19932,15,2
10821,28298,15,2
10823,20086,44,3
10826,20293,48,2
10827,28205,48,2
10828,20273,56,3
10833,19838,56,3
10835,19840,56,3
10836,20788,56,3
10837,19841,56,3
10838,19869,54,3
10842,22427,54,3
10843,22995,54,3
10844,20258,54,3
10845,19893,54,3
10846,19898,54,3
11118,20769,47,3
11120,28262,55,2
11121,20094,26,3
11122,21115,50,2
11123,14590,55,3
11124,28196,55,3
11187,25939,5,1
11190,28188,5,1
11193,19002,57,2
11194,28237,57,2
11195,28185,57,2
11229,28306,32,2
11263,25077,40,3
11265,28629,42,2
11287,21096,15,2
11288,21097,23,2
11289,21098,31,2
11290,21101,35,2
11303,8104,16,2
11305,21111,35,2
11306,20713,32,2
11307,21112,47,2
11308,21113,49,2
11311,28731,46,3
11344,21256,0,0
11469,14601,46,2
11475,28181,5,1
11502,28217,46,2
11505,21461,1,0
11506,21144,1,0
11508,22034,1,1
11603,23270,51,3
11604,21580,59,3
11605,21574,58,2
11606,21577,56,2
11607,22218,57,3
11608,25046,55,3
11624,28788,52,3
11626,26278,53,3
11627,28658,53,3
11628,28780,53,3
11629,28781,53,3
11631,21613,52,3
11632,28725,52,3
11633,21898,54,3
11634,28741,54,3
11635,28779,54,3
11662,28642,54,3
11675,18979,55,3
11677,28381,55,3
11679,28820,55,3
11685,28704,55,3
11686,28763,55,3
11703,28686,55,3
11722,28721,55,3
11729,28826,57,3
11730,28723,57,3
11731,28666,57,3
11743,21714,55,3
11744,21715,56,3
11745,28740,56,3
11746,21717,56,3
11747,21719,53,3
11748,28807,53,3
11749,28722,53,3
11750,21723,53,3
11755,21725,56,3
11764,21753,57,3
11765,28806,57,3
11766,21755,57,3
11767,21754,57,3
11768,28785,57,3
11782,21771,57,3
11783,28696,57,3
11784,21773,53,3
11786,21775,56,3
11787,28669,58,3
11802,19843,58,3
11803,21793,56,3
11805,28821,56,3
11807,28825,58,3
11811,21804,55,3
11812,22997,58,3
11814,21805,58,3
11817,21809,56,3
11819,18725,59,3
11820,28819,58,3
11821,28623,58,3
11822,28660,59,3
11823,28728,59,3
11832,19764,58,3
11839,21839,55,3
11841,28720,55,3
11842,28792,55,3
11847,28071,5,1
11848,28170,5,1
11849,9644,5,1
11850,23128,5,1
11852,19575,5,1
11853,28241,18,2
11854,28245,19,2
11856,28312,45,2
11857,28345,46,2
11858,28260,45,2
11860,28108,46,2
11861,28171,46,2
11863,21855,52,2
11864,25632,52,2
11866,28219,55,3
11867,28332,53,2
11871,28253,54,2
11872,28164,54,2
11873,28325,56,2
11874,28313,56,2
11875,28305,54,2
11876,28233,56,2
11884,14649,33,2
11888,28342,50,2
11889,28304,50,2
11902,22227,56,2
11905,22753,56,2
11906,28075,55,2
11907,28073,55,2
11908,28063,55,2
11910,28076,55,2
11911,28198,55,2
11913,28132,55,2
11916,28254,55,2
11917,28255,55,2
11918,28186,55,2
11919,28136,55,2
11921,25625,57,3
11922,25609,57,3
11923,21956,57,3
11924,28814,60,3
11925,28762,57,3
11926,28712,57,3
11929,28736,57,3
11930,21965,60,3
11931,28719,59,3
11932,21968,59,3
11933,28784,60,3
11936,28242,20,2
11963,28232,53,2
11964,28203,55,2
11967,9835,23,2
11981,3666,20,2
11986,9849,39,2
11993,9836,22,2
12000,28207,55,2
12018,28135,54,2
12021,23483,54,2
12028,9857,32,2
12041,28429,54,2
12049,28244,53,2
12051,28090,54,2
12061,28086,60,2
12062,25611,60,2
12063,22031,1,0
12064,22036,1,1
12065,22037,60,2
12066,28251,58,2
12082,28176,58,2
12104,28095,60,2
12105,28234,56,3
12106,28089,60,2
12107,28182,60,2
12108,28070,58,2
12110,28240,58,2
12111,28202,58,2
12112,28139,56,2
12113,28210,56,2
12114,28222,56,2
12115,28224,56,2
12185,35174,60,2
12247,22247,32,2
12248,22248,34,2
12249,22249,31,2
12250,22250,34,2
12251,22252,37,2
12252,28699,39,2
12253,28690,41,2
12254,23079,44,2
12255,4765,46,2
12257,28777,42,2
12258,22256,44,2
12259,4119,36,2
12260,22258,39,2
12282,22291,2,1
12295,28204,15,2
12296,28248,17,2
12338,22411,1,0
12344,22415,61,3
12405,25751,50,2
12406,22550,50,2
12408,25753,51,2
12409,25752,56,2
12410,25856,56,2
12414,22951,60,2
12415,25742,54,2
12416,25740,52,2
12417,25826,59,2
12418,25744,57,2
12419,25741,58,2
12420,25745,61,2
12422,25749,60,2
12424,24514,53,2
12425,24511,54,2
12426,24513,59,2
12427,24510,59,2
12428,24509,53,2
12429,24506,61,2
12448,28206,5,1
12449,28235,5,1
12462,28272,55,4
12463,20198,53,3
12464,28680,53,3
12465,22989,53,3
12466,28190,53,3
12470,22656,47,3
12522,28077,15,2
12527,21952,53,3
12528,28673,52,3
12531,22721,51,3
12532,22722,56,3
12546,28637,54,3
12547,28797,56,3
12549,15501,52,3
12550,28824,53,3
12551,28695,56,3
12552,23111,55,3
12553,28670,59,3
12554,28771,59,3
12555,27829,55,3
12556,22779,59,3
12557,28727,59,3
12582,28789,60,3
12583,22792,63,3
12584,31966,78,4
12587,22794,63,3
12588,22795,63,3
12589,21796,61,3
12603,8725,61,3
12604,22833,60,3
12605,24107,56,3
12606,22837,61,3
12608,28693,58,3
12609,22843,61,3
12610,23490,60,2
12611,23486,60,2
12612,23491,61,2
12613,19730,62,2
12614,23485,62,2
12615,22860,62,2
12617,22869,63,2
12618,25746,63,3
12619,22882,63,3
12620,22886,62,3
12621,22885,59,3
12624,25754,54,3
12625,25827,58,3
12628,22892,57,3
12631,25747,58,3
12632,25835,59,3
12633,22901,60,3
12634,22907,60,3
12636,22908,61,3
12637,22910,60,3
12639,25750,62,4
12653,28813,59,3
12709,22977,63,3
12756,23199,62,4
12764,23224,52,2
12769,25600,54,3
12772,23230,54,2
12773,23234,55,2
12774,23236,55,3
12775,23434,56,2
12776,23240,56,3
12777,23241,56,3
12779,23243,57,2
12781,23244,57,3
12790,24813,63,3
12791,23262,55,3
12792,23267,58,2
12793,23266,55,3
12795,23271,60,3
12802,23283,60,3
12805,23727,46,2
12895,28335,62,4
12904,23411,61,2
12905,28605,61,3
12927,28630,61,3
12930,8232,60,3
12935,28625,63,3
12936,22752,63,3
12952,23519,60,3
12962,23546,1,1
12963,23547,63,3
12964,23548,63,3
12965,23551,63,3
12966,23552,63,3
12970,26387,63,3
12974,28676,31,3
12975,28804,20,3
12976,8272,20,3
12977,16642,20,3
12978,28448,20,3
12979,28661,21,3
12982,28452,21,3
12983,28809,21,3
12984,28738,21,3
12987,28648,22,3
12988,28375,22,3
12989,28758,22,3
12990,28810,23,3
12994,27778,23,3
12996,24646,23,3
12997,28811,24,3
12998,28651,25,3
12999,28370,25,3
13000,28701,62,3
13004,28631,58,3
13005,28951,28,3
13006,28799,62,3
13007,28616,58,3
13008,28646,52,3
13009,28700,51,3
13010,28438,26,3
13011,28372,27,3
13012,28596,27,3
13013,28643,56,3
13014,25594,53,3
13016,28791,26,3
13019,28772,32,3
13020,25602,39,3
13021,28801,47,3
13022,28766,55,3
13024,28671,29,3
13025,28706,37,3
13026,28776,45,3
13027,28689,53,3
13028,28681,61,3
13032,25639,27,3
13033,28594,34,3
13034,28708,41,3
13035,25640,49,3
13036,25641,57,3
13038,25607,40,3
13039,25608,48,3
13041,28768,26,3
13042,28678,41,3
13043,28675,49,3
13044,28714,57,3
13045,25627,35,3
13046,28677,50,3
13047,25626,58,3
13048,25623,31,3
13049,28707,29,3
13051,28598,44,3
13052,28624,52,3
13053,28717,60,3
13054,28764,40,3
13055,18388,48,3
13056,12562,56,3
13057,25630,28,3
13058,28790,44,3
13059,25633,52,3
13060,28672,60,3
13063,28697,34,3
13064,28787,42,3
13065,28626,50,3
13066,28351,51,3
13067,28355,54,3
13068,28362,42,3
13070,28353,58,3
13071,28354,45,3
13072,28352,60,3
13073,28360,52,3
13074,21961,46,3
13075,28716,63,3
13076,28357,48,3
13077,28364,57,3
13079,28742,30,3
13081,18790,38,3
13083,25133,62,3
13084,6497,35,3
13099,28617,29,3
13100,28645,44,3
13101,28597,59,3
13102,28974,47,3
13103,28612,38,3
13105,28657,37,3
13106,28656,31,3
13107,28619,62,3
13108,28614,34,3
13109,28609,49,3
13110,28368,36,3
13111,28664,54,3
13112,28601,48,3
13113,28739,63,3
13114,17031,30,3
13115,28745,45,3
13116,28709,61,3
13117,28802,42,3
13118,28369,57,3
13119,28735,39,3
13120,28373,55,3
13121,28602,38,3
13122,28652,55,3
13123,28663,62,3
13124,28441,35,3
13125,28439,50,3
13126,28434,53,3
13127,28440,32,3
13128,28662,47,3
13129,28437,39,3
13130,28447,56,3
13131,28444,29,3
13132,28443,43,3
13133,28665,61,3
13134,28435,49,3
13135,28668,59,3
13136,21071,21,3
13138,28634,42,3
13139,28769,50,3
13142,23628,63,3
13144,28649,53,3
13145,28356,40,3
13146,28743,58,3
13148,25631,61,3
13161,23673,61,3
13162,23675,61,3
13163,23683,62,3
13164,6006,61,3
13166,23704,60,3
13168,23559,60,3
13169,23710,60,3
13170,28713,60,3
13171,24060,61,2
13175,25603,60,2
13179,23730,60,3
13181,23732,57,3
13182,23734,57,3
13183,24740,60,3
13184,23736,61,3
13185,23737,61,3
13198,23742,60,3
13199,28436,41,3
13203,23747,60,3
13204,25619,60,3
13206,23753,61,3
13208,23760,61,3
13209,23763,61,3
13210,23765,60,3
13211,23769,60,3
13212,23766,60,3
13213,16209,60,3
13216,23777,61,2
13218,23791,61,3
13242,23824,60,2
13244,23827,60,3
13249,23837,62,3
13252,23844,60,3
13253,23846,60,3
13255,23849,59,3
13257,23852,59,3
13258,23853,61,3
13259,23856,61,3
13260,23861,61,3
13282,18905,59,3
13283,23435,59,3
13284,23901,58,3
13285,23908,58,3
13286,23909,58,3
13314,24760,62,4
13340,24013,63,3
13344,29001,63,3
13368,25614,62,3
13369,24054,63,3
13372,24063,60,3
13373,1225,60,3
13374,24064,60,3
13376,24065,59,3
13378,24066,58,3
13379,2618,58,3
13381,24068,61,3
13382,7888,61,3
13383,24070,58,3
13384,24071,58,3
13386,24073,61,3
13388,25049,61,3
13389,25050,61,3
13390,24292,61,3
13391,25051,61,3
13394,24102,59,3
13395,29009,59,3
13396,24106,57,3
13397,24108,61,3
13399,24109,59,3
13400,24110,59,3
13402,33114,59,3
13404,41843,57,3
13405,24115,57,3
13409,24120,57,3
13473,23715,54,2
13498,24162,60,3
13502,24164,63,3
13515,1236,60,3
13525,24177,62,2
13526,24178,62,2
13527,24179,62,2
13528,24180,62,2
13529,4107,61,3
13530,24181,61,2
13531,24182,61,2
13532,24183,61,2
13533,24185,61,2
13534,24186,60,3
13535,24189,60,2
13538,24193,60,2
13539,24194,60,2
13544,24220,60,2
13631,19804,1,0
13632,24370,1,0
13732,24563,1,1
13790,24556,1,1
13793,24557,1,1
13811,6502,60,2
13812,24569,58,2
13856,25235,51,2
13857,25207,52,2
13858,24601,52,2
13860,25232,53,2
13863,25231,55,2
13864,25233,56,2
13865,25208,57,2
13866,25230,59,2
13867,25236,61,2
13868,24612,51,2
13869,24610,51,2
13870,24616,53,2
13871,24615,56,2
13936,25659,62,3
13937,45947,62,4
13938,24743,62,3
13944,28632,62,3
13950,24748,62,3
13951,24749,62,3
13952,28782,62,3
13953,24756,62,3
13955,24777,61,3
13957,24768,61,3
13958,24767,60,3
13959,30535,60,3
13961,24772,60,3
13962,30391,60,3
13963,29016,60,3
13964,24775,62,3
13965,24776,63,3
13966,24778,63,3
13967,28604,61,3
14025,25881,17,2
14042,24893,52,2
14043,24896,54,2
14044,23422,55,2
14045,24895,56,2
14087,25864,8,1
14090,7533,11,2
14091,25869,11,2
14093,25863,9,1
14094,25873,11,2
14096,25880,16,2
14097,25876,14,2
14100,15820,54,2
14103,24928,55,2
14104,24927,58,2
14106,24932,61,2
14108,24935,57,2
14109,25877,16,2
14111,24933,58,2
14112,24934,62,2
14113,25858,15,2
14114,25857,16,2
14117,14542,16,2
14119,11421,17,2
14120,16531,20,2
14121,17462,20,2
14123,25916,17,2
14128,24945,60,2
14129,25929,20,2
14130,24942,61,2
14131,25915,19,2
14132,24943,55,2
14133,25952,24,2
14134,24946,55,3
14136,25834,57,3
14138,25228,60,3
14139,24966,61,3
14141,25571,55,2
14142,24977,54,2
14143,24978,53,2
14145,24981,18,3
14147,24982,18,3
14148,24983,18,3
14149,24985,18,3
14150,24988,18,3
14151,24990,18,3
14153,25201,62,4
14154,25203,62,4
14158,9996,26,2
14159,25893,22,2
14161,23101,18,2
14162,11144,23,2
14163,25894,26,2
14165,25890,25,2
14166,28050,19,2
14167,28054,19,2
14171,13679,22,2
14172,28098,23,2
14173,28051,20,2
14175,28052,23,2
14176,9184,26,2
14177,25970,26,2
14178,26302,31,2
14180,26023,30,2
14181,25971,28,2
14183,25974,30,2
14184,25976,30,2
14185,25969,27,2
14186,25986,29,2
14187,14640,28,2
14188,23138,27,2
14190,25984,31,2
14191,25987,30,2
14192,25989,31,2
14193,18887,31,2
14194,28730,28,2
14195,14645,29,2
14196,26008,32,2
14197,26004,30,2
14198,26006,31,2
14199,26007,33,2
14200,15293,35,2
14202,26049,36,2
14203,16719,35,2
14204,26011,36,2
14205,26005,32,2
14207,26021,36,2
14208,26308,36,2
14209,26022,33,2
14210,26015,32,2
14211,26020,34,2
14212,28729,35,2
14213,26017,37,2
14215,25973,37,2
14216,26051,41,2
14217,24113,36,2
14219,26045,34,2
14220,26044,40,2
14221,26042,35,2
14222,26050,37,2
14223,26054,38,2
14224,26052,39,2
14225,26053,41,2
14226,26055,37,2
14228,26059,41,2
14229,26057,36,2
14230,26063,42,2
14231,26062,38,2
14232,26068,39,2
14233,26061,40,2
14234,26067,42,2
14235,26058,37,2
14236,26066,38,2
14238,26100,41,2
14239,26101,39,2
14241,26102,41,2
14243,26104,43,2
14244,28991,46,2
14245,24624,41,2
14246,26309,44,2
14247,26116,44,2
14250,26117,42,2
14251,26112,40,2
14252,18992,45,2
14253,26113,43,2
14254,26119,47,2
14255,26111,42,2
14258,26190,45,2
14259,26186,46,2
14260,26187,44,2
14261,26189,43,2
14262,26193,45,2
14263,41844,48,2
14264,26196,48,2
14265,26198,51,2
14266,26195,47,2
14267,26192,51,2
14269,26145,47,2
14271,26307,49,2
14272,26143,47,2
14273,26147,48,2
14274,26144,51,2
14275,26142,52,2
14276,26138,47,2
14277,26311,52,2
14278,27928,50,2
14280,26137,48,2
14281,26128,53,2
14282,26132,50,2
14283,26124,54,2
14284,26131,56,2
14285,26134,50,2
14286,26136,50,2
14287,27927,56,2
14288,26203,57,2
14289,25098,51,2
14290,26206,51,2
14291,26205,50,2
14292,26215,49,2
14293,26214,55,2
14294,26208,51,2
14295,26212,55,2
14296,26213,52,2
14297,26211,57,2
14298,26281,56,2
14299,26268,54,2
14300,26271,52,2
14301,26266,53,2
14302,26275,56,2
14303,18834,60,2
14304,26280,55,2
14305,26282,57,2
14306,26279,60,2
14307,26277,59,2
14308,26256,61,2
14309,26252,56,2
14310,26261,58,2
14311,26253,55,2
14312,26255,61,2
14313,26262,54,2
14314,26258,58,2
14315,26260,59,2
14316,26263,59,2
14317,26254,61,2
14318,26288,63,2
14319,26285,59,2
14320,26287,57,2
14321,26299,55,2
14322,26292,62,2
14323,26290,60,2
14324,26300,60,2
14325,26298,61,2
14326,28993,63,2
14327,26284,58,2
14328,26219,65,2
14329,26225,62,2
14330,26216,61,2
14331,26227,58,2
14333,26222,63,2
14334,26223,63,2
14335,26229,63,2
14336,26226,65,2
14337,26221,61,2
14340,25039,62,3
14365,25884,15,2
14367,25885,19,2
14369,25888,23,2
14370,10079,19,2
14371,25889,23,2
14372,25954,28,2
14373,25957,25,2
14374,25966,24,2
14375,25959,25,2
14376,25958,22,2
14377,25961,26,2
14378,25965,27,2
14379,25968,29,2
14380,25956,28,2
14382,17251,1,1
14383,17262,1,1
14384,17256,1,1
14386,17274,1,1
14387,17255,1,1
14388,17252,1,1
14390,17261,1,1
14394,20550,1,1
14397,27872,32,2
14398,26003,33,2
14399,25995,31,2
14400,25997,29,2
14401,25996,33,2
14402,25994,29,2
14403,25999,31,2
14404,12973,33,2
14405,27873,33,2
14406,25998,30,2
14407,26028,39,2
14409,26027,33,2
14410,26033,38,2
14411,26029,35,2
14412,26035,36,2
14413,26038,39,2
14414,26024,34,2
14416,26025,34,2
14417,26084,44,2
14419,26079,38,2
14420,26080,38,2
14421,26093,42,2
14422,26081,40,2
14423,26096,40,2
14424,26083,42,2
14425,26092,44,2
14426,16781,39,2
14427,26161,49,2
14428,26153,44,2
14429,26151,43,2
14430,26175,42,2
14431,26154,44,2
14433,26159,46,2
14434,26174,49,2
14435,26149,43,2
14436,26150,46,2
14440,26201,46,2
14441,41845,50,2
14447,26171,53,2
14449,26170,57,2
14450,26184,51,2
14451,18423,53,2
14452,26182,54,2
14453,26157,59,2
14454,26169,53,2
14455,26178,59,2
14456,26240,64,2
14457,26235,58,2
14458,26231,60,2
14459,26233,57,2
14460,26243,63,2
14461,26236,62,2
14462,26238,62,2
14463,26247,62,2
14464,27228,64,2
14465,26230,60,2
14487,25096,62,3
14502,28757,62,3
14503,25104,62,3
14522,25111,62,3
14525,25116,62,3
14528,25138,62,3
14531,25148,59,3
14536,25157,61,3
14537,25160,62,3
14538,28705,62,3
14539,25166,62,3
14541,25649,61,3
14543,28703,62,3
14545,25169,62,3
14548,28817,62,3
14551,28280,49,4
14552,28282,55,4
14553,28386,61,4
14554,25343,62,4
14559,27520,18,2
14560,27524,19,2
14562,27518,23,2
14563,27525,17,2
14564,27519,19,2
14565,27522,21,2
14566,27523,25,2
14569,13355,22,2
14570,27669,28,2
14571,27673,21,2
14572,27672,24,2
14574,27670,26,2
14577,28715,61,3
14578,27963,29,2
14579,27965,31,2
14580,27964,27,2
14581,27962,33,2
14582,27584,28,2
14583,27966,32,2
14584,27968,35,2
14585,27967,32,2
14588,27976,36,2
14589,9169,37,2
14590,14770,35,2
14592,27979,40,2
14593,27980,35,2
14594,27977,37,2
14595,27975,38,2
14596,27978,38,2
14598,27983,40,2
14599,27982,42,2
14600,27985,40,2
14602,27986,39,2
14603,27988,41,2
14604,27987,45,2
14605,27984,43,2
14607,27981,37,2
14614,25219,61,3
14616,25220,61,3
14620,25225,61,3
14621,25227,61,3
14622,25224,61,3
14626,25245,61,3
14632,25255,61,3
14633,25247,61,3
14636,25248,61,3
14637,25249,61,3
14638,26966,61,3
14640,25253,61,3
14641,11571,61,3
14652,27579,45,2
14653,18944,46,2
14654,27582,44,2
14655,27576,49,2
14657,27577,46,2
14658,27581,49,2
14659,27578,47,2
14660,27580,47,2
14661,27566,49,2
14662,27568,51,2
14663,27565,48,2
14664,27564,54,2
14665,27573,48,2
14666,27567,51,2
14667,27572,53,2
14668,27570,52,2
14669,27569,51,2
14670,27649,59,2
14673,27653,52,2
14675,27648,56,2
14676,21299,58,2
14677,27651,58,2
14678,27652,57,2
14722,26983,17,2
14723,26982,17,2
14725,26987,17,2
14726,26985,18,2
14727,26986,19,2
14730,26984,23,2
14742,27009,24,2
14743,27007,22,2
14744,27010,28,2
14745,27011,20,2
14746,27008,22,2
14747,27012,23,2
14748,27013,25,2
14749,27014,26,2
14751,27034,33,2
14752,27033,27,2
14753,27191,33,2
14754,27027,29,2
14756,27035,29,2
14757,27028,32,2
14758,27030,31,2
14759,27048,34,2
14760,27049,39,2
14761,27046,34,2
14762,27047,37,2
14763,27051,32,2
14764,27053,35,2
14765,27052,38,2
14766,27050,37,2
14767,27054,38,2
14768,27092,44,2
14769,27093,42,2
14770,27091,40,2
14771,26141,39,2
14772,29007,40,2
14773,27094,39,2
14774,28175,43,2
14775,27097,43,2
14776,27096,43,2
14777,27099,44,2
14778,21756,45,2
14779,27147,49,2
14780,20833,49,2
14781,27152,44,2
14782,27148,45,2
14783,27146,46,2
14784,27149,46,2
14785,27151,48,2
14786,27150,47,2
14787,16079,47,2
14788,27154,49,2
14789,27155,54,2
14790,27162,54,2
14791,27161,48,2
14792,27156,50,2
14793,27159,50,2
14794,27158,50,2
14796,27157,53,2
14797,27160,51,2
14798,27194,59,2
14799,27192,58,2
14801,27197,52,2
14802,27196,55,2
14803,27185,55,2
14804,29938,58,2
14805,27195,57,2
14806,23490,57,2
14807,27193,53,2
14809,27827,62,2
14810,27136,59,2
14811,27138,64,2
14813,27143,57,2
14814,28986,63,2
14815,27536,62,2
14816,27140,62,2
14817,27142,62,2
14821,26811,43,2
14825,25134,43,2
14827,26810,41,2
14828,26813,42,2
14829,26814,42,2
14831,27182,43,2
14833,29015,44,2
14834,26685,43,2
14835,26687,48,2
14838,26686,43,2
14840,26691,47,2
14841,26688,44,2
14842,26693,48,2
14843,26692,46,2
14844,26820,54,2
14846,27190,50,2
14847,26819,49,2
14848,26822,50,2
14849,27186,53,2
14850,26824,52,2
14851,26825,51,2
14853,26821,48,2
14854,26846,59,2
14855,26847,55,2
14856,26848,54,2
14857,26850,54,2
14858,28985,58,2
14859,26849,57,2
14860,27876,56,2
14861,19760,52,2
14862,26880,63,2
14863,26881,60,2
14864,26879,59,2
14865,26883,60,2
14866,27180,62,2
14867,26884,62,2
14868,26885,61,2
14869,26878,58,2
14886,25509,5,1
14895,26654,41,2
14900,26651,40,2
14901,26655,41,2
14904,27899,50,2
14905,27901,45,2
14906,27902,44,2
14907,27906,48,2
14908,27900,48,2
14909,27904,45,2
14910,27903,44,2
14911,27905,46,2
14912,11925,50,2
14913,26799,49,2
14914,26794,46,2
14915,26795,53,2
14917,26798,48,2
14918,26792,47,2
14919,27839,52,2
14920,26800,51,2
14921,26797,49,2
14922,26874,53,2
14923,26869,50,2
14924,26871,57,2
14925,28015,57,2
14926,26872,53,2
14927,26870,52,2
14928,26873,55,2
14929,26875,54,2
14931,27932,62,2
14933,27934,58,2
14934,27935,57,2
14935,27942,60,2
14936,27938,61,2
14937,27940,59,2
14938,27933,56,2
14939,26636,46,2
14940,26643,43,2
14941,26454,42,2
14942,26640,42,2
14944,27512,45,2
14945,26641,45,2
14946,26645,43,2
14948,26838,51,2
14949,28996,47,2
14950,26836,46,2
14951,26842,47,2
14952,26257,50,2
14953,26840,49,2
14954,26844,51,2
14955,26843,47,2
14956,26837,45,2
14957,26833,51,2
14958,26827,56,2
14959,26830,52,2
14960,26828,51,2
14961,27835,55,2
14962,26831,54,2
14963,26834,53,2
14965,26829,49,2
14966,26859,61,2
14967,27833,56,2
14968,26856,55,2
14969,28024,59,2
14970,26861,58,2
14971,26864,57,2
14972,26862,56,2
14974,26857,55,2
14975,26890,65,2
14976,26888,61,2
14977,26889,60,2
14978,27832,63,2
14979,26893,64,2
14980,26891,63,2
14981,26894,62,2
14983,26887,59,2
15003,28007,8,1
15004,7537,9,1
15009,28008,11,2
15010,9536,11,2
15011,27668,15,2
15012,14276,16,2
15014,28579,17,2
15016,27990,16,2
15017,27991,19,2
15018,3390,20,2
15045,25671,52,3
15046,25673,54,3
15047,25675,61,3
15048,25676,57,3
15049,25677,59,3
15050,27943,58,3
15051,27945,60,3
15052,27944,60,3
15053,25682,57,2
15054,25683,54,2
15055,25685,61,2
15056,8682,57,3
15057,25686,55,3
15058,25687,59,3
15059,25688,60,3
15060,25694,57,3
15061,25695,54,3
15062,26071,60,3
15063,26072,58,3
15066,25699,58,3
15069,25701,57,2
15070,25702,59,2
15071,25703,55,2
15072,25705,56,2
15073,25709,55,2
15074,25706,53,2
15075,25704,58,2
15077,25720,51,2
15078,25718,55,2
15079,25714,57,2
15080,28976,59,2
15081,25713,61,2
15082,25719,56,2
15083,25724,52,2
15084,25726,53,2
15085,25721,61,2
15086,25729,56,2
15087,25722,58,2
15088,25728,60,2
15090,25731,62,2
15091,25735,54,2
15092,25736,55,2
15093,25737,56,2
15094,25739,58,2
15095,25732,60,2
15096,25734,62,2
15104,28432,39,3
15105,28231,40,2
15106,28236,40,2
15109,28225,25,2
15110,27880,20,2
15111,1981,21,2
15112,27879,20,2
15113,2211,23,2
15114,27514,19,2
15115,27878,22,2
15118,27877,26,2
15119,26177,56,2
15120,27887,26,2
15121,1966,28,2
15122,27888,25,2
15124,27693,25,2
15126,27884,29,2
15127,6775,30,2
15128,27882,31,2
15129,27886,31,2
15130,9548,34,2
15131,27710,32,2
15132,27706,29,2
15133,27720,33,2
15134,27711,37,2
15135,28563,30,2
15136,27708,31,2
15137,27715,33,2
15138,25921,60,3
15139,27712,33,2
15140,27713,34,2
15142,27685,35,2
15143,3652,33,2
15144,27689,37,2
15146,27687,39,2
15147,27686,33,2
15148,27684,34,2
15150,27688,36,2
15152,27725,41,2
15153,23048,37,2
15154,27724,38,2
15155,27722,39,2
15156,27734,43,2
15157,27723,41,2
15158,27732,40,2
15159,27728,42,2
15160,27727,39,2
15161,18980,43,2
15162,27916,45,2
15163,27922,43,2
15164,27914,47,2
15165,22253,42,2
15166,27921,45,2
15167,28979,48,2
15169,27920,44,2
15170,27586,52,2
15171,11832,50,2
15172,27589,47,2
15173,27593,46,2
15174,27591,50,2
15175,27907,51,2
15177,27592,49,2
15178,27590,47,2
15179,27663,57,2
15180,27560,53,2
15181,27562,55,2
15182,28584,51,2
15183,24159,50,2
15184,27661,54,2
15185,56052,57,2
15186,27662,55,2
15187,27664,54,2
15188,27632,57,2
15189,27634,60,2
15190,23051,55,2
15192,27635,60,2
15193,28022,62,2
15194,28019,61,2
15195,28018,62,2
15200,30797,35,3
15203,28189,18,2
15205,28229,20,2
15210,28544,16,2
15211,28567,22,2
15212,28527,27,2
15213,28570,36,2
15214,28561,40,2
15215,28528,45,2
15216,28530,51,2
15217,28458,54,2
15218,28346,57,2
15219,13078,59,2
15220,28316,62,2
15221,28552,65,2
15222,28314,19,2
15223,28571,24,2
15224,28318,25,2
15225,28521,33,2
15226,28531,37,2
15227,28508,49,2
15228,28512,53,2
15230,28539,25,2
15231,28469,31,2
15232,28542,33,2
15233,28525,39,2
15234,5640,40,2
15235,28341,48,2
15236,28566,52,2
15237,28338,55,2
15238,28459,58,2
15239,28523,61,2
15240,28504,64,2
15242,28568,30,2
15243,28348,36,2
15244,3175,42,2
15246,20299,62,2
15247,28327,64,2
15248,28535,20,2
15249,20080,26,2
15250,28536,32,2
15251,28546,43,2
15252,28465,49,2
15253,28321,52,2
15254,28347,54,2
15255,28529,57,2
15256,28576,59,2
15257,26589,62,2
15258,28517,65,2
15259,28548,25,2
15260,28468,38,2
15261,28524,40,2
15262,28540,46,2
15263,28534,50,2
15264,28311,56,2
15265,28499,58,2
15266,28526,61,2
15267,28674,63,2
15268,28460,16,2
15269,28573,24,2
15270,28533,46,2
15271,28334,56,2
15272,28541,59,2
15274,22144,52,2
15275,28467,54,2
15276,28580,58,2
15278,28502,60,2
15279,28569,51,2
15280,28457,53,2
15281,28538,57,2
15282,28518,60,2
15283,28577,64,2
15284,28572,29,2
15285,28308,32,2
15286,28575,35,2
15287,28344,45,2
15288,28322,61,2
15289,28309,65,2
15291,28543,51,2
15294,28515,53,2
15295,28547,55,2
15296,28545,63,2
15298,28017,13,2
15303,28014,14,2
15304,12369,16,2
15305,28039,18,2
15309,28042,15,2
15311,11382,22,2
15312,14522,20,2
15322,6591,39,2
15323,28557,50,2
15324,28331,56,2
15329,27998,24,2
15330,27999,25,2
15331,28001,23,2
15333,28006,22,2
15334,28005,27,2
15335,28093,14,2
15336,28003,27,2
15337,27683,29,2
15338,28002,28,2
15339,27680,34,2
15340,27679,27,2
15341,27678,30,2
15342,28583,30,2
15343,27677,30,2
15344,27681,31,2
15345,27682,31,2
15347,27674,28,2
15348,27675,26,2
15349,11953,33,2
15350,27702,34,2
15351,27699,30,2
15353,29134,38,2
15354,27700,32,2
15355,27701,34,2
15357,27703,35,2
15358,27704,35,2
15359,27956,41,2
15360,27954,38,2
15361,27958,37,2
15362,27957,39,2
15363,27959,42,2
15364,27960,36,2
15365,27955,38,2
15370,27969,44,2
15371,27974,41,2
15372,27970,43,2
15373,27973,47,2
15375,19008,43,2
15376,27971,46,2
15377,27972,42,2
15378,14702,46,2
15382,23018,45,2
15384,23544,50,2
15385,27555,49,2
15386,27553,48,2
15387,27655,50,2
15388,27654,52,2
15389,13343,53,2
15390,27656,56,2
15391,27660,56,2
15392,27658,49,2
15393,27657,52,2
15394,32816,54,2
15396,26602,14,2
15399,28149,14,2
15403,28243,18,2
15405,9529,17,2
15406,28138,17,2
15418,27412,63,3
15425,28033,55,2
15426,28031,58,2
15428,28030,56,2
15429,28034,58,2
15430,28035,60,2
15431,28029,59,2
15432,28037,58,2
15433,28028,61,2
15434,27616,61,2
15436,27608,60,2
15438,29013,63,2
15439,28850,64,2
15440,27615,63,2
15441,27618,63,2
15442,27610,65,2
15443,28199,18,2
15444,28228,18,2
15445,28191,18,2
15450,28147,18,2
15451,2922,18,2
15452,28168,18,2
15453,28247,18,2
15455,28323,37,2
15456,17155,37,2
15457,26012,28,2
15458,28192,28,2
15459,28275,28,2
15461,26086,25,2
15462,28286,25,2
15463,28288,25,2
15464,28096,28,2
15465,28216,28,2
15468,28303,29,2
15469,28302,29,2
15470,28290,29,2
15471,28266,29,2
15472,26937,9,1
15473,26939,10,1
15474,26938,8,1
15476,28998,10,1
15477,26941,11,2
15479,26936,11,2
15485,26955,14,2
15486,26959,12,2
15487,26957,16,2
15488,27004,21,2
15489,27001,16,2
15491,27000,15,2
15492,27029,15,2
15493,26998,18,2
15495,27005,15,2
15497,27127,19,2
15498,27541,20,2
15499,26993,18,2
15500,26990,24,2
15501,26991,17,2
15502,26994,20,2
15503,26995,22,2
15504,26855,22,2
15506,26970,21,2
15507,26971,19,2
15508,26977,19,2
15509,26973,21,2
15510,26969,20,2
15511,26974,24,2
15512,26978,24,2
15513,26975,25,2
15514,26972,26,2
15515,26960,25,2
15516,26964,27,2
15517,24793,25,2
15518,26961,30,2
15519,26962,23,2
15520,26963,26,2
15521,26968,27,2
15523,26965,27,2
15524,27081,31,2
15525,27540,28,2
15526,27082,24,2
15527,27075,27,2
15528,27079,26,2
15529,27076,29,2
15530,27084,31,2
15531,27080,30,2
15532,27074,26,2
15533,27083,31,2
15534,27037,31,2
15535,27038,29,2
15536,27039,34,2
15537,27040,28,2
15538,27041,30,2
15539,27045,30,2
15540,27042,34,2
15541,27043,33,2
15542,27044,32,2
15544,27022,32,2
15545,27017,30,2
15546,27018,36,2
15547,26951,29,2
15548,27019,32,2
15549,27016,31,2
15551,27020,35,2
15552,27024,36,2
15553,27023,34,2
15554,27068,33,2
15555,27065,33,2
15556,27066,32,2
15557,27067,37,2
15558,27073,37,2
15559,27072,31,2
15560,27069,34,2
15561,27070,36,2
15562,27071,36,2
15563,20973,37,2
15565,27059,38,2
15566,27058,35,2
15567,27063,40,2
15568,27062,33,2
15570,27060,36,2
15571,27057,35,2
15573,27061,38,2
15575,27110,36,2
15576,27115,39,2
15577,27111,36,2
15578,27112,41,2
15579,25910,35,2
15581,27113,38,2
15582,27114,40,2
15583,27116,41,2
15584,25911,41,2
15585,28289,35,2
15587,28292,35,2
15588,28265,35,2
15589,27891,41,2
15590,27895,37,2
15591,27889,43,2
15593,27898,42,2
15594,27108,37,2
15595,27892,39,2
15596,27890,41,2
15597,27893,42,2
15598,27894,38,2
15599,27120,44,2
15600,27122,42,2
15601,27118,46,2
15602,27124,45,2
15604,27126,46,2
15605,27119,42,2
15606,27117,41,2
15607,27121,44,2
15608,27123,44,2
15609,27322,47,2
15610,27324,43,2
15611,27325,43,2
15612,27326,44,2
15613,27323,42,2
15614,27328,45,2
15615,26098,46,2
15616,27327,46,2
15617,26091,45,2
15618,26099,47,2
15620,27128,47,2
15621,27135,51,2
15622,27129,51,2
15623,28977,50,2
15624,28565,45,2
15625,31382,47,2
15626,27132,47,2
15627,27133,50,2
15628,27134,48,2
15629,27208,48,2
15630,27215,49,2
15631,27212,52,2
15632,27220,46,2
15633,27222,52,2
15635,27825,48,2
15636,27206,49,2
15637,27214,51,2
15638,27218,49,2
15639,27170,50,2
15640,27171,56,2
15641,27169,51,2
15642,27173,52,2
15643,27176,49,2
15644,29006,52,2
15645,27178,55,2
15646,27174,55,2
15647,27177,53,2
15648,27179,56,2
15649,27286,51,2
15650,27290,57,2
15651,27293,56,2
15652,27292,51,2
15653,27287,53,2
15654,27285,54,2
15655,27289,56,2
15656,27291,54,2
15658,27301,59,2
15659,27296,55,2
15660,27297,61,2
15661,27304,54,2
15662,27299,57,2
15663,27295,56,2
15664,27306,60,2
15665,27300,60,2
15666,27302,59,2
15667,27305,61,2
15668,27314,58,2
15669,27315,62,2
15670,41846,61,2
15672,27317,60,2
15673,27313,58,2
15674,27318,60,2
15676,27319,61,2
15677,27320,61,2
15678,27312,63,2
15679,27307,61,2
15680,27308,65,2
15681,26259,58,2
15683,27310,60,2
15685,27311,63,2
15689,26391,35,2
15691,26411,38,2
15692,26412,38,2
15693,28020,59,2
15694,27288,54,2
15697,26415,38,2
15698,26419,38,2
15703,26431,55,2
15705,26432,57,2
15706,26433,57,2
15707,26435,58,2
15708,26436,58,2
15709,26437,58,2
15782,26463,60,2
15783,26464,60,2
15784,26465,59,2
15786,26466,59,2
15787,26467,59,2
15789,26468,56,2
15792,26472,58,2
15795,26473,58,2
15796,26475,59,2
15797,26476,59,2
15800,26477,58,3
15801,26479,58,3
15806,26494,61,3
15809,28911,34,1
15810,26500,25,1
15811,5636,35,1
15812,26501,56,2
15813,26502,56,2
15814,26503,60,2
15822,26504,55,2
15823,26512,55,2
15824,26513,59,2
15825,26514,59,2
15827,26515,59,2
15853,26535,60,3
15854,26536,60,3
15858,26540,59,2
15859,26541,59,2
15860,26542,60,2
15861,26543,60,2
15862,26545,54,2
15863,5205,54,2
15864,3658,39,2
15867,26551,60,2
15873,18119,60,3
15889,18811,57,2
15891,23825,26,2
15903,26593,25,1
15904,26596,35,1
15905,26592,15,1
15907,26594,25,1
15909,26597,35,1
15990,27055,39,2
15995,26616,52,2
15999,26614,54,2
16004,26737,55,3
16008,26621,58,2
16022,60693,60,3
16064,25981,35,2
16065,28734,35,2
16066,14895,35,2
16126,28730,35,2
16127,16604,35,2
16134,13670,35,2
16135,28734,35,2
16142,25861,35,2
16143,25847,35,2
16161,19678,40,2
16309,26950,63,3
16315,27087,30,3
16367,27163,60,3
16369,31063,63,3
16370,27165,60,3
16392,31068,63,3
16394,27204,60,3
16396,31075,63,3
16397,31071,63,3
16398,27209,60,3
16400,27211,60,3
16401,31244,63,3
16402,27217,60,3
16403,31245,63,3
16406,31086,63,3
16407,27226,60,3
16410,30321,63,3
16413,31057,63,3
16414,27230,63,3
16416,27232,63,3
16417,31072,63,3
16418,31077,63,3
16419,31073,63,3
16420,31076,63,3
16421,31074,63,3
16422,27235,63,3
16423,27236,63,3
16424,27234,63,3
16426,31242,63,3
16428,31246,63,3
16429,28934,63,3
16430,31083,63,3
16433,30315,63,3
16434,30316,63,3
16435,31084,63,3
16436,31085,63,3
16438,30338,65,4
16439,30340,65,4
16487,31098,63,3
16488,27257,60,3
16489,31099,63,3
16491,31102,63,3
16492,31100,63,3
16494,27263,63,3
16495,27264,60,3
16498,31035,63,3
16501,28935,63,3
16503,28106,63,3
16504,31037,63,3
16506,30358,63,3
16507,31038,63,3
16508,31040,63,3
16509,31050,63,3
16510,31051,63,3
16511,27272,60,3
16514,30071,63,3
16515,31052,63,3
16516,31049,63,3
16518,31183,63,3
16520,27280,60,3
16521,30072,63,3
16522,31185,63,3
16523,31186,63,3
16524,30382,63,3
16525,31048,63,3
16526,31184,63,3
16528,31047,63,3
16530,31182,63,3
16537,30346,65,4
16538,30345,65,4
16552,32108,71,4
16604,27472,5,2
16605,27473,5,2
16606,27477,5,2
16607,27479,5,2
16622,27492,57,2
16659,28270,27,2
16661,27521,27,2
16675,31408,59,3
16676,31406,59,3
16677,31410,62,3
16678,31403,61,3
16679,31409,60,3
16680,31404,58,3
16681,31405,57,3
16690,30422,63,3
16691,30430,59,3
16692,30427,59,3
16693,31104,62,3
16694,30424,61,3
16695,31103,60,3
16696,30425,58,3
16697,30426,57,3
16702,29793,58,3
16706,29974,63,3
16707,28180,62,3
16709,28161,61,3
16710,24190,57,3
16712,28166,59,3
16714,29977,57,3
16715,29981,59,3
16716,29976,58,3
16717,29979,59,3
16718,30412,60,3
16719,29975,61,3
16720,31228,62,3
16722,29968,57,3
16723,29966,58,3
16724,29970,59,3
16725,29967,59,3
16726,29969,63,3
16727,31207,62,3
16728,29972,61,3
16729,29971,60,3
16730,29958,63,3
16731,42241,62,3
16732,29963,61,3
16734,29960,59,3
16735,29961,57,3
16736,29959,58,3
16737,29962,59,3
16738,27910,48,2
16739,27911,48,2
16740,27912,31,2
16741,27913,31,2
16788,28407,36,2
16789,28408,36,2
16791,26168,38,2
16793,28454,38,2
16794,23729,38,2
16796,30582,66,4
16802,30583,66,4
16810,31972,66,4
16828,31722,66,4
16833,31797,66,4
16835,31729,66,4
16836,32016,66,4
16841,31832,66,4
16844,31833,66,4
16848,32030,66,4
16851,32019,66,4
16852,32024,66,4
16853,31505,66,4
16856,31510,66,4
16857,31509,66,4
16858,31353,66,4
16862,31025,66,4
16873,28522,38,2
16886,28586,30,3
16889,28592,24,2
16890,28593,24,2
16891,28608,21,2
16894,28610,21,2
16933,34011,76,4
16975,28746,27,3
16977,28749,27,3
16978,28750,27,3
16979,28754,62,4
16980,28756,61,4
16984,28760,61,4
16985,26026,25,2
16987,28767,27,2
16988,28773,62,4
16990,28775,27,2
16993,28818,60,2
16994,28822,60,2
16995,28823,60,2
16996,28827,62,3
16997,28828,62,3
16998,28829,62,3
17002,28834,61,2
17003,28835,61,2
17004,28836,61,2
17005,28837,27,2
17007,28838,51,4
17039,28869,36,2
17042,28870,36,2
17043,28871,36,2
17044,23716,61,3
17046,28873,31,2
17047,12473,30,2
17050,28990,52,3
17054,28876,50,3
17061,28891,58,3
17113,29703,67,4
17191,57734,53,3
17523,29630,58,2
17562,31059,63,3
17566,30341,63,3
17567,30385,63,3
17568,31053,63,3
17570,27258,63,3
17572,27260,63,3
17573,30381,63,3
17576,31026,63,3
17577,27256,63,3
17596,31062,63,3
17598,31065,63,3
17601,31067,63,3
17610,31030,63,3
17613,31031,63,3
17616,31027,63,3
17686,20555,43,2
17687,8095,43,2
17688,29693,40,2
17690,31475,60,2
17691,31480,60,2
17692,4284,23,2
17695,16572,26,2
17704,29759,38,2
17705,29769,53,3
17707,29842,54,3
17710,29872,54,3
17711,29880,54,3
17714,29890,54,3
17715,29894,54,3
17717,4427,53,3
17718,29896,53,3
17719,29897,53,3
17721,29898,38,2
17728,30172,53,3
17730,29907,53,3
17732,29908,53,3
17733,29910,53,3
17734,29911,53,3
17736,29912,53,3
17738,29915,52,3
17739,29916,52,3
17740,29941,52,3
17741,29918,51,3
17742,29919,51,3
17744,29922,51,3
17745,29924,51,3
17746,29925,51,3
17748,29927,51,3
17749,29928,51,3
17750,29929,51,3
17751,29930,51,3
17752,29931,50,3
17753,29932,53,3
17754,29934,50,3
17759,23717,60,3
17766,29939,54,3
17767,29942,51,3
17769,29944,47,2
17770,30957,47,2
17774,29947,48,2
17775,29951,47,2
17776,29952,47,2
17777,29953,47,2
17778,29954,47,2
17779,29955,47,2
17780,29957,54,4
17901,31481,60,2
17902,31482,60,3
17903,31483,60,3
17904,31484,60,4
17906,31476,60,2
17907,31477,60,3
17908,31478,60,3
17922,30171,10,2
18023,4006,59,3
18043,2373,57,3
18044,30436,57,3
18047,30439,62,3
18048,30440,60,3
18082,30472,47,3
18083,30474,47,3
18104,30492,63,3
18263,27972,64,4
18295,30639,55,3
18296,30643,56,3
18298,30654,56,3
18301,30660,58,2
18304,30663,45,3
18305,30671,58,2
18306,30669,58,2
18307,30667,58,2
18308,30670,58,2
18309,30672,59,3
18310,30673,59,3
18311,28511,58,3
18312,30675,59,3
18313,41372,58,3
18318,30679,59,3
18319,30680,58,3
18320,30681,45,3
18321,30915,59,3
18322,6779,58,3
18323,30683,58,3
18324,13360,58,3
18325,30685,58,3
18326,30686,59,3
18327,30688,59,3
18328,30689,59,3
18337,30693,59,2
18339,30703,59,2
18340,30696,59,3
18341,30697,45,3
18346,30698,60,2
18347,30699,61,2
18349,30702,61,2
18350,15217,61,2
18353,30711,61,2
18354,1399,60,3
18355,15420,60,3
18366,30721,60,3
18367,30720,60,3
18368,30719,60,3
18371,30723,61,3
18374,18971,62,3
18377,30729,62,3
18378,30730,62,3
18379,30736,62,3
18380,30737,62,3
18381,30738,62,3
18382,30739,62,3
18383,30740,61,3
18384,30743,62,3
18385,30744,62,3
18386,21964,61,3
18387,13656,60,3
18388,30747,62,3
18393,30751,61,3
18394,30753,62,3
18396,30754,62,3
18405,30763,62,4
18408,30772,62,3
18410,30778,57,2
18411,31732,57,2
18413,30783,62,3
18420,30792,63,3
18421,42211,63,3
18424,30795,63,3
18435,30801,50,3
18436,27262,50,3
18437,27255,50,3
18438,23521,40,3
18442,30799,35,3
18449,31248,50,3
18450,30802,60,2
18451,30803,60,2
18455,30805,50,3
18457,30806,50,3
18459,30807,60,2
18460,30809,60,2
18462,30813,60,2
18463,30814,60,2
18475,15399,60,2
18476,30817,60,2
18478,30819,60,2
18479,30820,60,2
18480,30821,60,2
18484,30822,61,3
18486,30824,61,3
18490,33293,61,3
18491,30827,57,3
18493,30829,60,3
18494,30830,60,3
18495,30831,63,3
18496,30832,60,3
18497,30833,60,3
18502,30836,62,3
18503,30837,62,3
18505,30838,62,3
18508,30848,62,3
18509,30849,62,4
18510,30850,62,4
18511,30851,62,4
18521,30854,63,3
18522,23897,63,3
18524,30857,63,3
18526,30860,63,3
18527,30862,63,3
18528,30864,61,3
18529,30865,61,3
18530,30866,62,3
18531,30867,62,3
18532,30868,62,3
18533,30869,63,3
18535,30872,59,3
18538,30881,63,4
18612,6845,8,1
18634,31199,52,3
18637,31204,55,2
18638,31198,58,3
18639,31200,60,3
18671,31119,59,3
18673,31121,59,3
18676,31122,61,3
18677,15148,61,2
18680,30926,61,3
18681,10177,61,3
18682,10006,61,3
18683,31126,61,3
18686,31130,62,3
18689,31131,62,3
18692,31133,59,3
18693,31136,62,3
18697,31139,55,3
18698,21958,56,3
18699,31142,57,3
18700,27048,58,3
18701,28733,59,3
18702,31143,60,3
18709,36935,50,3
18710,31159,50,3
18711,31160,50,3
18712,31161,50,3
18716,31166,61,3
18717,23239,63,3
18718,31167,63,3
18721,31171,61,3
18722,31173,62,3
18725,31174,59,3
18726,31175,59,3
18727,31177,59,3
18729,31240,60,3
18730,31180,60,3
18734,31351,62,3
18735,31188,62,3
18737,31189,62,3
18738,31239,61,3
18739,31191,61,3
18740,31192,61,3
18741,31193,61,3
18742,31194,60,3
18743,15163,59,3
18744,31196,58,3
18745,2311,57,3
18754,31213,62,3
18756,31216,62,3
18757,31217,62,3
18759,31219,62,3
18761,31677,62,3
18763,31224,52,2
18764,31225,52,2
18765,31226,52,2
18807,37667,62,3
18820,31287,66,4
18831,31958,78,4
18836,31757,78,4
18837,31749,78,4
18838,31379,78,4
18843,32033,78,4
18844,31754,78,4
18861,31320,61,4
18868,31750,78,4
18870,31327,62,4
18872,31331,63,4
18875,31333,64,4
18948,31385,32,3
18951,31387,50,2
18957,31400,10,2
19024,31499,55,3
19037,31523,48,2
19039,31675,48,2
19040,31526,48,2
19041,31529,48,2
19042,31531,48,2
19043,31532,58,3
19044,34506,58,3
19047,31534,58,3
19048,31538,64,3
19049,34505,64,3
19051,31565,58,3
19052,34504,58,3
19056,31557,58,3
19059,31828,64,3
19085,31592,60,3
19087,31598,60,3
19088,31599,60,3
19089,30839,60,3
19091,31597,60,3
19092,31600,60,3
19093,31601,60,3
19094,31602,60,3
19101,31608,65,3
19102,31610,65,3
19103,31611,65,3
19104,31612,65,3
19106,31613,63,3
19107,32146,63,3
19108,15238,63,3
19112,31619,63,3
19113,31620,63,3
19114,31622,51,2
19116,31625,50,2
19117,31626,50,2
19118,31628,50,2
19119,31630,50,2
19120,31631,51,2
19121,31632,51,3
19123,31634,48,2
19124,31635,48,2
19125,27137,49,2
19126,31638,49,2
19127,31639,50,2
19128,31641,50,2
19129,31644,49,2
19140,31657,71,4
19141,7418,50,2
19159,31633,51,3
19165,31685,70,4
19289,31770,66,4
19360,31863,81,4
19363,31870,81,4
19375,31898,83,4
19379,31901,83,4
19380,31902,83,4
19381,31904,83,4
19427,31808,63,3
19507,32034,41,3
19508,32036,41,3
19509,32038,41,3
19526,32066,63,3
19527,32069,53,3
19528,32070,43,3
19530,32067,63,3
19531,32068,53,3
19532,32071,43,3
19574,32713,60,2
19575,32714,60,3
19577,32716,65,4
19581,32088,45,4
19584,32089,45,4
19590,32090,45,4
19597,32091,45,4
19682,32154,65,3
19690,32163,65,3
19693,32166,65,3
19694,32167,65,3
19695,32168,65,3
19742,32192,60,3
19743,32193,38,2
19808,32262,45,2
19810,31808,60,3
19812,20984,61,3
19823,32416,61,4
19824,32417,61,4
19826,32264,61,4
19827,32265,61,4
19828,32748,65,4
19829,32750,61,4
19830,32749,61,4
19835,32274,61,4
19842,32289,61,4
19843,32290,61,4
19845,32292,61,4
19856,32297,68,4
19857,32298,68,4
19869,32340,71,3
19870,32320,71,3
19876,32326,68,4
19878,32409,71,3
19886,32734,71,3
19888,32339,71,3
19889,32772,71,3
19892,32406,71,3
19894,32348,71,3
19895,32401,71,3
19898,32353,68,3
19903,32576,65,4
19905,32347,68,3
19908,32600,65,3
19912,32323,68,3
19913,32379,68,3
19920,32305,68,3
19923,32395,68,3
19927,32582,65,4
19964,32438,68,3
19965,32439,68,3
19969,32449,40,2
19982,32503,52,3
19986,21701,52,3
19990,9657,52,3
19991,1504,52,3
19992,13806,52,3
20006,32678,52,3
20035,32592,52,3
20036,7122,52,3
20037,18707,52,3
20057,34245,65,4
20061,32740,65,4
20082,32685,52,3
20090,34392,33,3
20092,34242,43,3
20093,34393,33,3
20096,34240,33,3
20099,34244,33,3
20102,34248,33,3
20105,34244,33,3
20111,32822,33,3
20114,34247,33,3
20126,34394,33,3
20129,34395,33,3
20149,39901,90,4
20217,32724,70,3
20218,32726,59,3
20219,32727,59,3
20255,32732,52,3
20258,32587,65,3
20281,29859,63,2
20285,31210,63,2
20295,32760,60,3
20296,32762,54,3
20316,23553,63,2
20323,28160,63,2
20362,30870,63,2
20369,32890,52,3
20406,33129,60,2
20407,32841,60,2
20408,33073,60,2
20412,32837,1,0
20425,20330,23,3
20426,30661,23,3
20428,32072,23,3
20434,18289,23,3
20437,32079,23,3
20438,32081,23,3
20440,32077,23,3
20441,32074,23,3
20442,32008,23,3
20443,32075,23,3
20476,32871,62,3
20477,32874,62,3
20478,32872,62,3
20479,32876,62,3
20480,32877,62,3
20481,32875,62,3
20502,32888,52,3
20503,7143,52,3
20504,33033,52,3
20505,31905,52,3
20512,24730,52,3
20517,32903,52,3
20521,32906,52,3
20524,32910,52,3
20525,32912,52,3
20530,33150,52,3
20534,30690,52,3
20536,33087,52,3
20539,38344,63,3
20549,57569,63,3
20550,32945,63,3
20551,33195,63,3
20575,32974,20,2
20599,33020,71,4
20640,34495,45,2
20641,18863,45,2
20642,33062,47,2
20643,35629,47,2
20646,33068,59,3
20647,33069,59,3
20648,33072,63,3
20650,33092,60,2
20652,33098,60,2
20653,33100,60,2
20654,18368,60,3
20655,33101,60,2
20656,33105,60,2
20657,33107,60,3
20658,33112,60,2
20659,33110,60,2
20660,33113,60,3
20661,33132,60,2
20665,33119,62,3
20667,33121,65,2
20669,33123,62,3
20671,33124,62,3
20672,33125,62,3
20673,33126,65,2
20674,33127,62,3
20675,33128,62,3
20683,33133,68,3
20685,33135,65,4
20687,33137,68,3
20693,33142,60,2
20697,33144,63,3
20698,33145,63,4
20699,33146,63,3
20701,33147,63,3
20703,33148,63,3
20705,33149,63,3
20710,33152,63,3
20712,33154,63,3
20720,21620,65,3
20723,33171,62,2
20724,33172,62,2
20821,24087,20,2
20832,43894,31,3
20837,33235,5,1
20853,33254,4,1
20906,9823,15,2
20909,33262,30,2
20914,33264,5,1
20915,33270,5,1
20916,33266,5,1
20917,33269,5,1
20920,33271,5,1
20921,33272,5,1
20922,33275,5,1
20923,33276,5,1
20950,33288,31,2
20956,33287,34,2
20961,28831,38,2
20969,43895,45,3
20978,33299,2,1
20993,36955,5,1
20994,33322,5,1
20995,33323,5,1
20996,33324,5,1
20997,33325,5,1
20998,33326,5,1
20999,33327,5,1
21000,33328,5,1
21119,6502,33,3
21134,33435,84,4
21178,33519,62,3
21187,33531,62,3
21196,33537,60,4
21272,34139,79,4
21273,34134,79,4
21278,4318,55,3
21311,33590,48,2
21312,33591,48,2
21316,33604,55,2
21317,42880,55,2
21319,33599,58,2
21320,33601,58,2
21322,33603,58,2
21326,33702,62,4
21329,34486,81,4
21331,33709,88,4
21334,34061,88,4
21336,33618,81,4
21338,33625,78,4
21343,37266,88,4
21346,33643,81,4
21351,34063,88,4
21352,33652,81,4
21356,33662,81,4
21362,33678,81,4
21364,34087,88,4
21366,34221,81,4
21367,34904,81,4
21368,33700,81,4
21370,33691,88,4
21372,34222,81,4
21375,33701,81,4
21387,34487,81,4
21388,33708,78,4
21390,33706,81,4
21393,33856,65,4
21400,33732,67,4
21406,33735,67,4
21455,33880,74,3
21458,33819,72,4
21459,33828,72,4
21468,33841,74,3
21469,33842,74,3
21473,33973,74,3
21474,33852,74,3
21475,33853,74,3
21480,29833,73,3
21481,22757,73,3
21483,33864,73,3
21488,33849,73,3
21489,33873,73,3
21491,33879,73,3
21495,33888,71,3
21496,33889,71,3
21497,33892,71,3
21500,14174,71,3
21502,33902,71,3
21503,33905,71,3
21504,33906,70,4
21524,33998,1,2
21525,33999,1,2
21568,7248,25,3
21581,34165,88,4
21582,34176,88,4
21583,34179,88,4
21585,34183,88,4
21586,34184,88,4
21587,34185,88,4
21594,34187,88,4
21596,34189,88,4
21600,34195,81,4
21603,34198,78,4
21604,34199,81,4
21606,34202,81,4
21609,34205,81,4
21612,34208,81,4
21613,34210,81,4
21614,34606,81,4
21618,34227,78,4
21619,34230,78,4
21624,34236,78,4
21671,34294,76,4
21678,34303,76,4
21690,34318,75,4
21707,33855,73,4
21710,34337,88,4
21748,39914,40,2
21753,31576,50,3
21756,39920,40,2
21760,39916,45,2
21763,39917,47,2
21764,31604,47,2
21769,39918,52,2
21774,43893,55,3
21779,31908,62,3
21780,43892,65,3
21789,61338,60,3
21792,39214,61,3
21793,39215,63,3
21847,43296,105,4
21848,44953,105,4
21859,38942,106,3
21860,38102,109,3
21861,38920,114,3
21862,38941,114,3
21863,42158,100,4
21864,42159,100,4
21866,42714,112,3
21868,38926,115,3
21869,43297,105,4
21870,43298,105,4
21874,43319,105,4
21875,43301,120,4
21933,34491,22,2
21934,9854,20,2
21994,34610,65,3
21995,34611,60,4
21996,34612,65,3
21999,42240,60,4
22004,34685,65,3
22005,34700,60,4
22006,34686,60,4
22011,34647,65,3
22016,34651,65,3
22063,34601,65,3
22065,34602,60,4
22066,34600,60,4
22069,34596,60,4
22070,34620,65,3
22074,34624,60,4
22076,34626,60,4
22079,34629,65,3
22080,34630,60,4
22081,34631,60,4
22084,34634,60,4
22086,34520,65,3
22087,34521,60,4
22089,34519,60,4
22090,34523,60,4
22091,34524,60,4
22095,34691,65,3
22096,34692,60,4
22097,34693,60,4
22100,34696,66,3
22107,34638,60,4
22109,34639,60,4
22110,34640,60,4
22113,34644,60,4
22197,36967,68,3
22204,34549,60,3
22205,34550,57,3
22207,34555,60,3
22208,34556,58,3
22210,34557,1,0
22212,34558,56,3
22223,34564,55,3
22225,35922,60,3
22231,34593,61,3
22232,34577,61,3
22234,34579,53,3
22240,34585,53,3
22241,34590,57,3
22242,34594,56,3
22245,34595,56,3
22247,34605,63,3
22254,34636,57,3
22256,30774,57,3
22257,31655,57,3
22267,34690,63,3
22268,23713,63,3
22271,34710,57,3
22272,34714,52,3
22273,34715,52,3
22274,34717,52,3
22301,34799,63,3
22302,34781,63,3
22303,34788,62,3
22304,34789,61,3
22305,34791,61,3
22306,34790,61,3
22311,34792,61,3
22313,34793,61,3
22314,34794,61,3
22315,6798,61,3
22316,34795,20,3
22318,34800,61,3
22322,5199,61,3
22330,34808,61,3
22332,34810,62,3
22337,34812,63,3
22385,34890,60,4
22394,34894,62,3
22395,34957,57,3
22397,34955,57,3
22398,34954,62,3
22400,34961,57,3
22404,34896,61,3
22405,34897,61,3
22407,42208,61,3
22409,34900,63,3
22410,34901,63,3
22411,34902,63,3
22416,35049,92,4
22417,35051,88,4
22418,36730,88,4
22419,35177,86,4
22421,35050,88,4
22422,35058,88,4
22424,35619,88,4
22426,35615,88,4
22427,35616,88,4
22429,35617,86,4
22431,35614,88,4
22438,35601,88,4
22439,35611,86,4
22440,35409,86,4
22442,35410,88,4
22443,35416,88,4
22465,35754,88,4
22467,35751,86,4
22468,35746,86,4
22469,35748,88,4
22470,35747,88,4
22471,35753,88,4
22472,9653,61,3
22477,35065,88,4
22478,41849,88,4
22479,35064,86,4
22480,36351,86,4
22481,35055,88,4
22482,36349,88,4
22489,35161,88,4
22490,35162,88,4
22491,35160,86,4
22493,35167,88,4
22494,35164,88,4
22495,35158,88,4
22496,35523,92,4
22498,36440,88,4
22499,35326,86,4
22500,35525,86,4
22504,35185,92,4
22505,35184,88,4
22506,35182,88,4
22507,35187,86,4
22508,35186,86,4
22509,35183,88,4
22510,35179,88,4
22511,35180,88,4
22515,35149,86,4
22516,35148,86,4
22517,35145,88,4
22518,35143,88,4
22519,35144,88,4
22652,35302,80,4
22662,35303,80,4
22664,36436,80,4
22671,35275,80,4
22673,35093,65,4
22690,35096,66,3
22691,35097,86,4
22716,35120,68,3
22730,35138,88,4
22753,35175,65,4
22763,35217,70,3
22799,35240,89,4
22801,35242,83,4
22811,35870,83,4
22812,35253,89,4
22816,35258,83,4
22819,35573,92,4
22820,35262,83,4
22821,35263,92,4
22935,19763,83,4
22936,35310,83,4
22940,35324,83,4
22941,35325,83,4
22942,35642,81,4
22947,35359,85,4
22954,35361,85,4
22960,35366,83,4
22961,35367,83,4
22967,36434,83,4
22968,35369,83,4
22971,28159,11,2
22980,44339,21,3
22981,35373,83,4
22983,36424,83,4
22984,35390,21,3
22986,12718,15,2
22987,36996,15,2
22990,35378,21,3
22991,35380,15,2
22992,35381,15,2
22993,35399,15,2
22995,35392,21,3
22996,41470,20,2
22998,35395,20,2
23000,35398,85,4
23014,36376,81,4
23017,35408,83,4
23019,35419,83,4
23020,35421,83,4
23021,35422,83,4
23027,35429,85,4
23034,35434,83,4
23036,35437,83,4
23037,35438,85,4
23042,35439,85,4
23044,35246,83,4
23045,35444,90,4
23050,35446,90,4
23054,36378,89,4
23056,35574,89,4
23059,35472,92,4
23068,35508,83,4
23069,36370,85,4
23070,35514,85,4
23071,36478,83,4
23072,36279,90,4
23081,36479,63,3
23082,35542,63,3
23084,35545,63,3
23085,35544,63,3
23124,35563,60,3
23126,35564,60,3
23127,35565,63,3
23128,35569,62,3
23132,35571,62,3
23168,35589,35,3
23170,18339,35,3
23177,35593,41,3
23178,22994,41,3
23200,34956,65,3
23206,35649,90,4
23220,36369,85,4
23226,35713,83,4
23238,35719,83,4
23242,35818,88,4
23279,35798,66,3
23297,36017,68,3
23303,36021,68,3
23309,35807,71,3
23310,36040,71,3
23311,36027,71,3
23312,36669,71,3
23313,36044,71,3
23314,35810,71,3
23315,35811,71,3
23317,36038,71,3
23323,41462,1,1
23363,35991,90,4
23368,8308,5,1
23371,3405,6,1
23402,35932,14,2
23410,36960,20,2
23423,35962,10,2
23429,35968,10,2
23430,5145,10,2
23431,35961,10,2
23433,35974,15,2
23434,35975,15,2
23457,36067,78,4
23482,38318,90,2
23484,38319,90,2
23487,39451,96,2
23488,38316,96,2
23489,38321,102,2
23490,38327,99,2
23491,38328,93,2
23493,44656,90,2
23494,39177,96,2
23497,39450,93,2
23498,39376,96,2
23499,39449,99,2
23502,38681,102,2
23503,38682,105,2
23506,38684,103,3
23507,36206,106,3
23508,38685,103,3
23509,38686,114,3
23510,38687,113,3
23511,38689,113,3
23512,38690,115,3
23513,42874,115,3
23514,42875,114,3
23515,42877,112,3
23516,42876,113,3
23517,38695,114,3
23518,38696,114,3
23519,38697,115,3
23520,38698,115,3
23521,38699,115,3
23522,38700,115,3
23523,36230,114,3
23524,38701,114,3
23525,38702,115,3
23526,38703,115,3
23527,44089,115,3
23532,38705,105,4
23533,38706,105,4
23535,44880,105,4
23536,44877,105,4
23537,36248,105,4
23538,36249,105,4
23539,36250,105,4
23541,36255,105,4
23555,36285,105,4
23558,36290,81,4
23563,45805,107,4
23565,45807,146,4
23577,35575,89,4
23587,39942,90,2
23664,36425,85,4
23665,36426,85,4
23666,36430,85,4
23667,36429,85,4
23668,22985,85,4
23714,34282,20,4
23716,36471,1,4
23742,43685,99,2
23746,43687,117,2
23747,43688,108,3
23748,43690,115,3
23758,43889,106,3
23761,40545,89,3
23762,43890,112,3
23763,43891,112,3
23824,46155,112,3
23825,36539,109,3
23828,43887,95,4
23829,43886,95,4
23839,20814,95,4
23931,36676,5,2
24020,39374,85,3
24021,43142,85,3
24022,43149,85,3
24023,43166,85,3
24024,43187,85,3
24044,36729,85,3
24046,43160,85,3
24063,43167,85,3
24064,43135,85,3
24069,39050,85,3
24078,39128,83,2
24079,39121,112,3
24082,39120,113,3
24083,43182,85,3
24087,39125,109,3
24088,39127,101,3
24090,43151,85,3
24091,43136,85,3
24094,38823,85,3
24096,38544,85,3
24103,36767,8,1
24107,36997,10,2
24111,36771,10,2
24113,28013,10,2
24118,9847,32,2
24137,36780,86,3
24138,11247,12,2
24141,36786,8,1
24144,36788,8,1
24150,38813,85,3
24155,40357,85,3
24222,30724,57,3
24227,36906,5,1
24241,37154,5,1
24249,38923,112,3
24250,38922,112,3
24251,38921,112,3
24253,38973,112,3
24254,36937,112,3
24255,36938,105,4
24257,38975,105,4
24259,38976,105,4
24260,38977,105,4
24261,43304,105,4
24262,38958,105,4
24264,43883,105,4
24267,43884,105,4
24334,18456,19,2
24342,28633,13,2
24346,37046,18,2
24347,37047,18,2
24348,37048,18,2
24349,23608,20,2
24351,37049,20,2
24352,37050,20,2
24354,37054,20,2
24356,43194,91,3
24357,43161,91,3
24359,42315,91,3
24360,43153,91,3
24361,43733,91,3
24362,43197,91,3
24364,43144,91,3
24365,43170,91,3
24366,43156,91,3
24376,39055,91,3
24378,43195,91,3
24379,38548,91,3
24380,39057,91,3
24381,39059,91,3
24384,38827,88,3
24386,36578,88,3
24387,43134,88,3
24388,43159,88,3
24389,41427,88,3
24390,38837,88,3
24391,43175,88,3
24392,43188,88,3
24393,40042,88,3
24394,40900,88,3
24395,43189,88,3
24396,43168,88,3
24397,43183,88,3
24398,43169,88,3
24413,43198,94,3
24423,37184,5,1
24424,37185,5,1
24433,37057,10,1
24435,37196,7,1
24437,37198,7,1
24438,37199,11,2
24440,37200,11,2
24441,37201,5,1
24450,43190,94,3
24451,43152,94,3
24452,43176,94,3
24453,39074,94,3
24454,39075,94,3
24455,43177,94,3
24456,43138,94,3
24457,43199,94,3
24458,43143,94,3
24459,39078,94,3
24460,38555,94,3
24461,43200,94,3
24463,43139,94,3
24464,39081,94,3
24465,43154,94,3
24466,43171,94,3
24481,43191,94,3
24544,39539,123,4
24545,44561,123,4
24546,39543,123,4
24547,45932,123,4
24550,41561,123,4
24575,37970,81,2
24582,39623,81,2
24583,40693,81,2
24586,40692,81,2
24590,40700,84,2
24591,40698,84,2
24592,40702,84,2
24593,40703,84,2
24594,40312,84,2
24596,40701,84,2
24597,38064,87,2
24598,40706,87,2
24599,40708,87,2
24600,40704,87,2
24601,19990,87,2
24602,40707,87,2
24604,40709,87,2
24606,38437,90,2
24607,38444,90,2
24608,38441,90,2
24610,38442,90,2
24611,9999,90,2
24612,16790,90,2
24613,38736,93,2
24614,38737,93,2
24615,38740,93,2
24616,9555,93,2
24617,44718,93,2
24618,38739,93,2
24619,38741,93,2
24622,39008,96,2
24623,39009,96,2
24625,42386,96,2
24626,39010,96,2
24627,39011,96,2
24629,39093,99,2
24630,39089,99,2
24631,39092,99,2
24632,39090,99,2
24633,39091,99,2
24635,39094,99,2
24636,39088,99,2
24638,39334,102,2
24639,39337,102,2
24640,39335,102,2
24642,39336,102,2
24643,39338,102,2
24645,39395,105,2
24646,39396,105,2
24647,39976,105,2
24648,39398,105,2
24649,39405,105,2
24650,39399,105,2
24651,39403,105,2
24652,39397,105,2
24655,39509,108,2
24656,14404,108,2
24657,39511,108,2
24658,39507,108,2
24659,39510,108,2
24660,39506,108,2
24661,39778,111,2
24662,39777,111,2
24663,39781,111,2
24664,39779,111,2
24665,39783,111,2
24666,39780,111,2
24667,39782,111,2
24669,39882,114,2
24670,39883,114,2
24671,39885,114,2
24672,39884,114,2
24673,39887,114,2
24679,39977,117,2
24681,44265,117,2
24693,40154,81,2
24694,40720,81,2
24695,40718,81,2
24696,40722,81,2
24697,41852,81,2
24698,40719,81,2
24699,38830,81,2
24700,40717,81,2
24701,40724,84,2
24702,40723,84,2
24703,40727,84,2
24704,40726,84,2
24705,42209,84,2
24706,40728,84,2
24707,40729,84,2
24710,38351,87,2
24711,38352,87,2
24712,38354,87,2
24713,39671,87,2
24714,38356,87,2
24715,38355,87,2
24716,38350,87,2
24717,38415,90,2
24718,38416,90,2
24720,14383,90,2
24721,44882,90,2
24724,38414,90,2
24725,38658,93,2
24726,38657,93,2
24727,38663,93,2
24728,38661,93,2
24729,44657,93,2
24732,38654,93,2
24733,38862,96,2
24734,38857,96,2
24735,38856,96,2
24736,38858,96,2
24737,41853,96,2
24738,38860,96,2
24739,38861,96,2
24741,39096,99,2
24742,39097,99,2
24744,14400,99,2
24745,39098,99,2
24746,43404,99,2
24748,39095,99,2
24749,39319,102,2
24751,39670,102,2
24752,39320,102,2
24754,39321,102,2
24755,39322,102,2
24757,39469,105,2
24758,39466,105,2
24759,39468,105,2
24760,14583,105,2
24761,39471,105,2
24762,39467,105,2
24763,39470,105,2
24766,39496,108,2
24767,39494,108,2
24768,39493,108,2
24769,45166,108,2
24770,39492,108,2
24771,39498,108,2
24774,39737,111,2
24775,39746,111,2
24776,39744,111,2
24778,39738,111,2
24779,26035,111,2
24781,39895,114,2
24783,39896,114,2
24785,39897,114,2
24786,40149,114,2
24787,39898,114,2
24788,39900,114,2
24802,42460,120,2
24806,40737,81,2
24807,40734,81,2
24808,40731,81,2
24809,40732,81,2
24810,40733,81,2
24811,40735,81,2
24812,40736,81,2
24813,40730,81,2
24814,40745,84,2
24815,40741,84,2
24816,40739,84,2
24817,40740,84,2
24818,40742,84,2
24819,40129,84,2
24820,40744,84,2
24821,40738,84,2
24822,42104,87,2
24823,42107,87,2
24824,42105,87,2
24825,42106,87,2
24826,42103,87,2
24827,42108,87,2
24828,42109,87,2
24829,39787,87,2
24831,38627,90,2
24832,38608,90,2
24833,38626,90,2
24834,38628,90,2
24835,38629,90,2
24836,38630,90,2
24837,38625,90,2
24838,38851,93,2
24839,38845,93,2
24840,16725,93,2
24841,38844,93,2
24842,42201,93,2
24844,38848,93,2
24845,38843,93,2
24846,38873,96,2
24847,38868,96,2
24848,38865,96,2
24849,38867,96,2
24850,41377,96,2
24851,38871,96,2
24852,38872,96,2
24853,38866,96,2
24855,40252,99,2
24857,40254,99,2
24858,40255,99,2
24859,40256,99,2
24860,40257,99,2
24861,40258,99,2
24862,39302,102,2
24863,39305,102,2
24864,39304,102,2
24865,39306,102,2
24866,44677,102,2
24867,39307,102,2
24868,39308,102,2
24869,39303,102,2
24870,39436,105,2
24871,39442,105,2
24872,11497,105,2
24873,39441,105,2
24874,25791,105,2
24875,39443,105,2
24876,39445,105,2
24878,39513,108,2
24879,41953,108,2
24880,39514,108,2
24881,39515,108,2
24882,42439,108,2
24883,39518,108,2
24884,39520,108,2
24886,39786,111,2
24887,39789,111,2
24888,39788,111,2
24889,39790,111,2
24890,39793,111,2
24891,39792,111,2
24892,39794,111,2
24894,39983,114,2
24895,39980,114,2
24896,39979,114,2
24897,39981,114,2
24898,39986,114,2
24899,39982,114,2
24900,39985,114,2
24901,39988,114,2
24902,39809,117,2
24903,39812,117,2
24904,39810,117,2
24905,39814,117,2
24906,42461,117,2
24907,39704,117,2
24908,39815,117,2
24909,39813,117,2
24911,40183,120,2
24914,42462,120,2
24915,39171,120,2
24918,40748,81,2
24919,40758,81,2
24920,40746,81,2
24921,40747,81,2
24922,42214,81,2
24923,40756,81,2
24924,40757,81,2
24925,40759,81,2
24926,40761,84,2
24927,40765,84,2
24928,40762,84,2
24929,40763,84,2
24930,44883,84,2
24931,40764,84,2
24933,40766,84,2
24934,40767,87,2
24935,40774,87,2
24936,40769,87,2
24937,40770,87,2
24938,40771,87,2
24939,40772,87,2
24940,40773,87,2
24941,40768,87,2
24942,38357,90,2
24943,40352,90,2
24945,38360,90,2
24946,45182,90,2
24947,38362,90,2
24948,40303,90,2
24949,38358,90,2
24950,39174,93,2
24951,49767,93,2
24952,49764,93,2
24953,49765,93,2
24954,44684,93,2
24955,49766,93,2
24957,44766,93,2
24958,44274,96,2
24959,44277,96,2
24960,44273,96,2
24961,44275,96,2
24962,44278,96,2
24963,44279,96,2
24965,44272,96,2
24966,39803,99,2
24967,39805,99,2
24968,39800,99,2
24969,39804,99,2
24970,42215,99,2
24971,39807,99,2
24972,39802,99,2
24973,39801,99,2
24974,44280,102,2
24975,39384,102,2
24976,39377,102,2
24977,39382,102,2
24978,39386,102,2
24979,39385,102,2
24980,39379,102,2
24981,39378,102,2
24982,39410,105,2
24983,39414,105,2
24984,39409,105,2
24986,45181,105,2
24988,39416,105,2
24989,39411,105,2
24990,39612,108,2
24991,39615,108,2
24992,39613,108,2
24993,39614,108,2
24994,44686,108,2
24995,39617,108,2
24996,39620,108,2
24997,39618,108,2
24998,39643,111,2
24999,39646,111,2
25000,39641,111,2
25001,39644,111,2
25002,45183,111,2
25003,39647,111,2
25004,39651,111,2
25005,39648,111,2
25006,39868,114,2
25007,39869,114,2
25008,39865,114,2
25009,39866,114,2
25010,39873,114,2
25011,39870,114,2
25012,39867,114,2
25013,39871,114,2
25014,44334,117,2
25015,44340,117,2
25016,40688,117,2
25017,44336,117,2
25018,48246,117,2
25020,44335,117,2
25021,39170,117,2
25022,44346,120,2
25023,44349,120,2
25024,44341,120,2
25025,44345,120,2
25026,42390,120,2
25027,44347,120,2
25029,44348,120,2
25030,40775,81,2
25031,40776,84,2
25032,40777,87,2
25033,38589,90,2
25034,38665,93,2
25037,39391,102,2
25060,38348,87,2
25062,38809,93,2
25063,39000,96,2
25064,39023,99,2
25065,39390,102,2
25069,39877,114,2
25073,40781,84,2
25074,40782,87,2
25076,38728,93,2
25100,40787,81,2
25101,40788,84,2
25102,40789,87,2
25103,38457,90,2
25105,38853,96,2
25106,39029,99,2
25108,39423,105,2
25109,39604,108,2
25110,40711,111,2
25111,39892,114,2
25112,40182,117,2
25113,41469,120,2
25114,39004,81,2
25116,40791,87,2
25117,38418,90,2
25119,38854,96,2
25120,39045,99,2
25123,39488,108,2
25124,39750,111,2
25125,39610,114,2
25127,40823,120,2
25128,40792,81,2
25130,44768,87,2
25131,38423,90,2
25132,38726,93,2
25133,39001,96,2
25134,39255,99,2
25135,39311,102,2
25136,39408,105,2
25137,39527,108,2
25138,39633,111,2
25139,39861,114,2
25140,40824,117,2
25141,41952,120,2
25142,40794,81,2
25144,40795,87,2
25146,38635,93,2
25147,38863,96,2
25148,39025,99,2
25151,39474,108,2
25152,39752,111,2
25153,39890,114,2
25154,41950,117,2
25155,40686,120,2
25156,40796,81,2
25157,44329,84,2
25158,40798,87,2
25160,38735,93,2
25161,38864,96,2
25162,39039,99,2
25163,39329,102,2
25164,39428,105,2
25165,39491,108,2
25166,39758,111,2
25167,39906,114,2
25168,40691,117,2
25169,44330,120,2
25170,40799,81,2
25171,39172,84,2
25172,38347,87,2
25174,38713,93,2
25175,38995,96,2
25176,39105,99,2
25178,4995,105,2
25179,5111,108,2
25180,39748,111,2
25181,39987,114,2
25184,40801,81,2
25185,40802,84,2
25186,40803,87,2
25187,40431,90,2
25189,30572,96,2
25190,40432,99,2
25191,40434,102,2
25192,40177,105,2
25194,40179,111,2
25196,40426,117,2
25197,40427,120,2
25198,40804,81,2
25199,40805,84,2
25200,40806,87,2
25202,38723,93,2
25203,38997,96,2
25204,39739,99,2
25206,39406,105,2
25207,39608,108,2
25208,39632,111,2
25209,39862,114,2
25210,40313,117,2
25211,44332,120,2
25213,40294,84,2
25214,40296,87,2
25215,40299,90,2
25216,40297,93,2
25218,40298,99,2
25219,40939,102,2
25220,39421,105,2
25221,39603,108,2
25222,39749,111,2
25223,40302,114,2
25224,40938,117,2
25225,40940,120,2
25227,40808,84,2
25228,40809,87,2
25229,38461,90,2
25230,38742,93,2
25231,39003,96,2
25232,39258,99,2
25233,39287,102,2
25234,39425,105,2
25235,39531,108,2
25236,39751,111,2
25237,39894,114,2
25238,40401,117,2
25239,40825,120,2
25240,44659,81,2
25242,44682,87,2
25243,38632,90,2
25245,39007,96,2
25246,39040,99,2
25247,39331,102,2
25248,39431,105,2
25249,39607,108,2
25250,39775,111,2
25251,39975,114,2
25255,42482,84,2
25257,38419,90,2
25259,39002,96,2
25261,39333,102,2
25262,39434,105,2
25264,39773,111,2
25265,39864,114,2
25268,44662,81,2
25270,41603,87,2
25271,44564,90,2
25272,44663,93,2
25273,39005,96,2
25274,48592,99,2
25275,44661,102,2
25276,44665,105,2
25281,36494,120,2
25282,40815,81,2
25283,40816,84,2
25284,40144,87,2
25286,40146,93,2
25287,40139,96,2
25288,40133,99,2
25289,40155,102,2
25290,40145,105,2
25291,40143,108,2
25292,40142,111,2
25293,40136,114,2
25294,40156,117,2
25295,44333,120,2
25296,40214,81,2
25298,40818,87,2
25299,38601,90,2
25300,38724,93,2
25301,39006,96,2
25302,39101,99,2
25304,39419,105,2
25305,39530,108,2
25306,39769,111,2
25308,41471,117,2
25309,40158,120,2
25310,6207,81,2
25311,39427,84,2
25312,38346,87,2
25314,16498,93,2
25316,39102,99,2
25317,39389,102,2
25318,39394,105,2
25319,39611,108,2
25320,39774,111,2
25321,39875,114,2
25322,40159,117,2
25323,41637,120,2
25326,38345,87,2
25328,38666,93,2
25329,34939,96,2
25330,39104,99,2
25331,39392,102,2
25332,39429,105,2
25333,22145,108,2
25334,39753,111,2
25335,39878,114,2
25337,44331,120,2
25438,6539,18,2
25464,37410,27,3
25478,37441,93,2
25479,37440,93,2
25480,37437,93,2
25481,37444,93,2
25482,37438,93,2
25483,37436,93,2
25484,39682,93,2
25485,39681,93,2
25486,37433,93,2
25488,37430,93,2
25489,37429,93,2
25502,37445,90,2
25503,37446,90,2
25504,37447,90,2
25506,37448,93,2
25507,37449,93,2
25508,37450,93,2
25510,37451,93,2
25512,37454,93,2
25513,41854,93,2
25515,37457,87,2
25516,37459,87,2
25518,37460,93,2
25523,37472,93,2
25524,37473,93,2
25525,37474,96,2
25530,44327,96,2
25534,37476,96,2
25540,40130,94,3
25556,37490,102,2
25557,37491,102,2
25558,37492,102,2
25559,37493,79,2
25560,37494,79,2
25561,45985,79,2
25565,37496,105,2
25566,37498,105,2
25567,37500,105,2
25570,39364,105,2
25574,23711,105,2
25575,37504,105,2
25576,37505,105,2
25579,41069,105,2
25580,37508,105,2
25581,37509,105,2
25582,37511,105,2
25583,39363,105,2
25589,37533,105,2
25591,37534,105,2
25592,37535,105,2
25593,37561,105,2
25595,37537,105,2
25597,37542,90,2
25598,37543,90,2
25599,37544,90,2
25605,37547,97,3
25610,37548,80,2
25622,39281,102,2
25627,37551,102,2
25628,37552,102,2
25630,37553,102,2
25634,3026,105,2
25636,37556,105,2
25639,37557,103,3
25653,39186,70,3
25654,38982,84,2
25655,38983,93,2
25656,38980,99,2
25657,38981,108,2
25659,40164,108,2
25660,38984,102,2
25661,38988,93,2
25662,38985,84,2
25667,40160,79,3
25669,15684,84,2
25670,41551,96,2
25673,37607,84,2
25674,37606,93,2
25675,37605,99,2
25676,37604,105,2
25680,37616,112,3
25681,37619,112,3
25682,37617,112,3
25683,37618,112,3
25685,38992,106,3
25687,38991,112,3
25689,37633,114,3
25690,37631,113,3
25691,37634,113,3
25692,44833,106,3
25693,45372,100,3
25694,45371,106,3
25695,37648,112,3
25696,37775,114,3
25697,37647,114,3
25759,44606,103,3
25761,39296,103,3
25762,41636,103,3
25763,48502,103,3
25772,39359,100,3
25773,43642,100,3
25779,41951,105,2
25780,52783,105,2
25783,39103,93,2
25793,37798,114,2
25794,37799,114,2
25796,37800,114,2
25797,37801,114,2
25806,44596,109,3
25808,37803,109,3
25810,37805,109,3
25819,39288,103,3
25822,39286,103,3
25829,23714,90,4
25831,41143,123,4
25857,40059,123,4
25916,42669,96,2
25919,38098,93,2
25920,38099,93,2
25923,27106,99,2
25924,44456,99,2
25925,44462,99,2
25927,38101,99,2
25939,39208,97,3
25941,43158,97,3
25942,43146,97,3
25944,47478,97,3
25945,43201,97,3
25946,43173,97,3
25947,43162,97,3
25950,39226,97,3
25952,39228,97,3
25953,43202,97,3
25954,38560,97,3
25955,45175,97,3
25956,43141,97,3
25957,43192,97,3
25959,39485,96,2
25962,33534,97,3
25964,41428,100,3
25965,44372,96,2
25974,45177,96,2
25976,45178,96,2
25977,45179,96,2
25985,42613,93,2
25994,38129,87,2
25995,38127,87,2
25996,38130,87,2
25997,41144,123,4
26001,41148,123,4
26004,16551,11,2
26005,38266,16,2
26010,16821,14,2
26018,19029,11,2
26019,38267,16,2
26020,19030,12,2
26021,7834,17,2
26022,41379,13,2
26028,25864,13,2
26029,16566,18,2
26030,38268,16,2
26039,6864,15,2
26051,5226,11,2
26052,38269,16,2
26054,38265,16,2
26055,32335,100,3
26779,22118,108,2
27390,38270,16,2
27400,18523,17,2
27401,38260,12,2
27402,22929,17,2
27403,39743,12,2
27404,28218,17,2
27408,44873,100,3
27409,43180,100,3
27410,43184,100,3
27411,43185,100,3
27412,43210,100,3
27414,44407,100,3
27415,45101,100,3
27416,39365,100,3
27417,43181,103,3
27418,43193,103,3
27420,43147,103,3
27423,38794,103,3
27424,38797,103,3
27426,43204,103,3
27427,43205,103,3
27428,43164,103,3
27430,43206,103,3
27431,43207,103,3
27433,43186,103,3
27434,43209,103,3
27447,42865,115,3
27450,43008,115,3
27451,43084,115,3
27452,42996,115,3
27454,42910,115,3
27455,44408,115,3
27456,42953,115,3
27457,43639,115,3
27458,42927,115,3
27459,42832,115,3
27460,40034,115,3
27461,43015,115,3
27462,42896,115,3
27463,41881,115,3
27466,49090,115,3
27467,43017,115,3
27468,42452,115,3
27474,42581,115,3
27475,40830,115,3
27476,41769,115,3
27483,42965,115,3
27484,5563,115,3
27487,42839,115,3
27488,44409,115,3
27489,42851,115,3
27490,39964,115,3
27493,42903,115,3
27494,42885,115,3
27495,43085,115,3
27497,43035,115,3
27505,42867,115,3
27506,42997,115,3
27507,41423,115,3
27508,42371,115,3
27510,42568,115,3
27512,41418,115,3
27514,42945,115,3
27517,42975,112,3
27518,39645,112,3
27519,43086,112,3
27520,42829,112,3
27521,43009,115,3
27522,42908,115,3
27524,44954,112,3
27525,43087,112,3
27526,40908,112,3
27528,43052,115,3
27529,40039,115,3
27531,43064,115,3
27533,41452,115,3
27536,42576,115,3
27537,42446,115,3
27538,44612,115,3
27539,42853,115,3
27540,43088,115,3
27541,42887,115,3
27542,42999,115,3
27543,42825,115,3
27544,39639,115,3
27545,43018,115,3
27546,40035,115,3
27547,42987,115,3
27548,42862,115,3
27549,42931,115,3
27550,43089,115,3
27551,40036,115,3
27637,38261,100,3
27639,38286,100,3
27640,38263,16,2
27641,38264,16,2
27647,38278,100,3
27648,38280,100,3
27649,38276,100,3
27650,33041,100,3
27652,38279,100,3
27653,38285,100,3
27672,42833,115,3
27673,43090,115,3
27704,41135,123,4
27705,41136,123,4
27713,43044,115,3
27715,42217,90,2
27725,44422,93,2
27737,42454,115,3
27738,42372,115,3
27739,42351,115,3
27741,41771,115,3
27742,43026,115,3
27743,42911,115,3
27744,39640,115,3
27745,42886,115,3
27746,43025,115,3
27748,42859,115,3
27755,42868,115,3
27757,40358,115,3
27759,44410,115,3
27763,44411,115,3
27765,42948,115,3
27766,40038,115,3
27768,42977,115,3
27769,41773,115,3
27770,43092,115,3
27771,43034,115,3
27772,42409,115,3
27773,43010,115,3
27775,42577,115,3
27776,42414,115,3
27778,42447,115,3
27779,32087,115,3
27781,45147,115,3
27783,42967,112,3
27787,42946,112,3
27789,43093,112,3
27790,42860,112,3
27791,40836,112,3
27792,40040,112,3
27793,42912,112,3
27794,41431,112,3
27795,42897,115,3
27796,42443,115,3
27797,43066,115,3
27798,42869,115,3
27799,42898,115,3
27800,42955,115,3
27801,42583,115,3
27802,42573,115,3
27803,42360,115,3
27804,43094,115,3
27813,42835,115,3
27814,41884,115,3
27815,40043,115,3
27816,43027,115,3
27818,42969,115,3
27821,42902,115,3
27822,40044,115,3
27824,42978,115,3
27825,43020,115,3
27826,42933,115,3
27827,42956,115,3
27828,40045,115,3
27829,41776,115,3
27831,42949,115,3
27835,42936,115,3
27837,43067,115,3
27838,42369,115,3
27839,42354,115,3
27842,40359,115,3
27843,43078,115,3
27844,42872,115,3
27845,42915,115,3
27847,42836,115,3
27848,43024,115,3
27865,43012,115,3
27866,44412,115,3
27867,42950,115,3
27868,42561,112,3
27870,43037,115,3
27871,40047,115,3
27872,39965,115,3
27873,42453,115,3
27874,42582,115,3
27875,42578,115,3
27876,41778,115,3
27877,40371,115,3
27878,43096,115,3
27884,42870,112,3
27885,41671,112,3
27886,40048,112,3
27887,43238,112,3
27888,42889,112,3
27889,42985,112,3
27890,43449,112,3
27891,40049,112,3
27893,42871,112,3
27896,40050,115,3
27897,42863,112,3
27898,41432,112,3
27899,41787,115,3
27900,40051,112,3
27901,41780,112,3
27902,42982,115,3
27903,40367,115,3
27905,41781,115,3
27906,42845,115,3
27907,43076,115,3
27908,42413,115,3
27909,42572,115,3
27911,43021,115,3
27912,42944,115,3
27914,42972,112,3
27915,42894,112,3
27919,43003,112,3
27920,38571,91,3
27921,38572,91,3
27922,31603,91,3
27926,38556,91,3
27936,43055,115,3
27937,39833,115,3
27939,44558,91,3
27944,31889,60,1
27946,43099,115,3
27948,42448,115,3
27977,42363,115,3
27980,41871,115,3
27985,43042,115,3
27986,39958,115,3
27987,41791,112,3
27988,43100,112,3
27992,32073,5,1
27993,44874,112,3
27994,42900,112,3
27995,43019,112,3
28026,44599,96,2
28027,39689,96,2
28030,39271,97,3
28031,39277,97,3
28032,39279,97,3
28033,40838,112,3
28034,43101,112,3
28044,38674,90,2
28055,38359,85,3
28062,40715,93,2
28064,39635,93,2
28069,38711,91,3
28108,15853,97,3
28121,40037,115,3
28130,41446,123,4
28134,43423,112,3
28144,20476,12,2
28146,16918,10,2
28147,28045,10,2
28148,22685,10,2
28149,7560,11,2
28150,15248,13,2
28153,18659,12,2
28156,28056,17,2
28159,28046,17,2
28164,20087,15,2
28168,39210,103,3
28169,41972,103,3
28173,39666,103,3
28179,31140,115,3
28181,42213,115,3
28184,41782,112,3
28185,42980,112,3
28186,43011,112,3
28188,37290,115,3
28190,43103,115,3
28191,43075,115,3
28192,43057,115,3
28193,43759,115,3
28194,42939,115,3
28202,42456,115,3
28203,42352,115,3
28204,42411,115,3
28205,42359,115,3
28206,44609,115,3
28207,42846,115,3
28210,42212,115,3
28211,43104,115,3
28212,43028,115,3
28214,42971,115,3
28216,41783,115,3
28217,43105,115,3
28218,43002,115,3
28219,42892,115,3
28220,64903,115,3
28221,42864,115,3
28222,41784,115,3
28223,43108,115,3
28224,47897,115,3
28225,43040,115,3
28226,42560,115,3
28228,42579,115,3
28229,42367,115,3
28230,42574,115,3
28231,42567,115,3
28232,42449,115,3
28248,43109,115,3
28249,43110,115,3
28250,43004,115,3
28251,42961,115,3
28252,43029,115,3
28253,41554,115,3
28255,42974,115,3
28257,41785,115,3
28262,42838,115,3
28263,41786,115,3
28264,43069,115,3
28265,41448,115,3
28268,42963,115,3
28269,41396,115,3
28275,48247,115,3
28278,42370,115,3
28285,42353,115,3
28286,41433,115,3
28288,41449,115,3
28293,42069,115,3
28295,42379,123,4
28296,39650,115,3
28299,41558,123,4
28300,41562,123,4
28302,39278,123,4
28303,28682,21,2
28304,43005,115,3
28306,43014,115,3
28311,40856,115,3
28315,42173,115,3
28316,43239,115,3
28317,42984,115,3
28320,46606,123,4
28321,33808,115,3
28322,43112,115,3
28325,40355,115,3
28328,43113,115,3
28332,40626,123,4
28337,42873,115,3
28338,42904,115,3
28339,43071,115,3
28340,42964,115,3
28341,41788,115,3
28344,42895,115,3
28345,43917,115,3
28347,43114,115,3
28348,44610,115,3
28349,42571,115,3
28367,41789,115,3
28370,40413,115,3
28371,43115,115,3
28372,43117,115,3
28373,23119,115,3
28374,42983,115,3
28383,39546,123,4
28384,43059,115,3
28385,39544,123,4
28386,44799,115,3
28390,42837,115,3
28391,42918,115,3
28393,39847,115,3
28396,42952,115,3
28397,41424,115,3
28398,42962,115,3
28400,41790,115,3
28401,43054,115,3
28403,43039,115,3
28404,41475,123,4
28405,41255,113,4
28406,43082,115,3
28410,47914,123,4
28411,41265,113,4
28413,42764,115,3
28414,42722,115,3
28415,44903,115,3
28416,43246,115,3
28418,43122,115,3
28425,41118,107,4
28429,39572,123,4
28430,39571,136,4
28432,41629,123,4
28433,41630,136,4
28434,39576,107,4
28436,39578,136,4
28439,39581,136,4
28442,39584,136,4
28443,41474,123,4
28444,41478,123,4
28445,41253,113,4
28451,41250,113,4
28453,40492,115,4
28484,39660,127,4
28485,39659,146,4
28491,39368,94,3
28492,39694,94,3
28493,39706,94,3
28494,39709,94,3
28495,39700,99,2
28496,39701,99,2
28497,39705,99,2
28498,39708,99,2
28502,40496,115,4
28504,41421,115,4
28505,45870,115,4
28511,40490,115,4
28512,40497,115,4
28517,42327,115,4
28518,45860,115,4
28521,43441,115,4
28528,43431,115,4
28545,43442,115,4
28561,37894,100,3
28565,40507,115,4
28566,40515,115,4
28567,40513,115,4
28569,42332,115,4
28572,42286,115,4
28573,39957,115,4
28585,39899,115,4
28586,45369,115,4
28588,43491,115,4
28589,45856,115,4
28590,43456,115,4
28591,43451,115,4
28594,43453,115,4
28597,45864,115,4
28600,43462,115,4
28608,45861,115,4
28612,45873,115,4
28621,45867,115,4
28630,41481,123,4
28633,40370,115,4
28642,41167,123,4
28647,43476,115,4
28649,33728,115,4
28654,40508,115,4
28655,40512,115,4
28658,40369,115,4
28660,24160,115,4
28662,45868,115,4
28663,40500,115,4
28666,45865,115,4
28671,43842,115,4
28672,43488,115,4
28726,45872,115,4
28729,41414,115,4
28733,40516,115,4
28735,45875,115,4
28740,45880,115,4
28741,43499,115,4
28742,43500,115,4
28743,45863,115,4
28746,42331,115,4
28747,42329,115,4
28752,47479,115,4
28755,43511,115,4
28756,45871,115,4
28759,37311,100,3
28767,40066,125,4
28768,40937,125,4
28772,40859,125,4
28775,44840,125,4
28776,43523,125,4
28777,43525,125,4
28779,43522,125,4
28780,43527,125,4
28782,41555,125,4
28783,43915,125,4
28794,45804,125,4
28795,43529,125,4
28799,42649,125,4
28800,43531,125,4
28802,43036,125,4
28804,44566,125,4
28811,43571,115,3
28812,39032,115,3
28813,39033,115,3
28814,39034,115,3
28815,39035,115,3
28817,37308,115,3
28819,41223,115,3
28820,37312,115,3
28821,37313,115,3
28822,43535,125,4
28823,31839,125,4
28827,43436,125,4
28828,43542,125,4
28830,1503,125,4
28831,41247,115,3
28832,41248,115,3
28833,42199,115,3
28834,41249,115,3
28835,41228,115,3
28836,37893,115,3
28838,37895,115,3
28839,37898,115,3
28840,37897,115,3
28851,37299,115,3
28853,37300,115,3
28854,37301,115,3
28855,37302,115,3
28858,37310,115,3
28861,41229,115,3
28862,41230,115,3
28863,41933,115,3
28864,41231,115,3
28865,41232,115,3
28870,41182,115,3
28917,42068,115,3
28918,39261,115,3
28919,40981,115,3
28920,42070,115,3
28922,42072,115,3
28923,42073,115,3
28926,42074,115,3
28929,42076,115,3
28931,42077,115,3
28933,42071,115,3
28935,42078,115,3
28942,42081,115,3
28944,42082,115,3
28945,42083,115,3
28946,40960,115,3
28947,42085,115,3
28948,40958,115,3
28949,42086,115,3
28950,42080,115,3
28952,42087,115,3
28953,42088,115,3
28954,42090,115,3
28959,42091,115,3
28960,42084,115,3
28963,40480,120,4
28966,40481,120,4
28981,41272,113,4
28996,41285,113,4
29002,41288,113,4
29044,45810,120,4
29047,45811,120,4
29049,45819,120,4
29054,40459,120,4
29055,40456,120,4
29061,40646,120,4
29062,40474,120,4
29065,40473,120,4
29087,40460,120,4
29088,40833,120,4
29089,40642,120,4
29117,40315,115,3
29127,44551,115,3
29129,40870,115,3
29130,40322,115,3
29134,44413,115,3
29135,40327,115,3
29136,40329,115,3
29137,42056,115,3
29138,40904,115,3
29139,40918,115,3
29140,40917,115,3
29141,40335,115,3
29142,41949,115,3
29148,40915,115,3
29149,40876,91,3
29150,40920,91,3
29153,42542,100,4
29156,41929,100,4
29157,38541,36,3
29158,28830,40,3
29171,41913,100,4
29174,42481,115,3
29179,40386,115,3
29180,40387,115,3
29181,36597,105,4
29184,40391,115,3
29185,40392,115,3
29237,42366,110,4
29238,42606,110,4
29240,42591,110,4
29242,42592,110,4
29243,42595,110,4
29245,42594,110,4
29246,46559,110,4
29249,42589,110,4
29251,42588,110,4
29253,42603,110,4
29257,42600,110,4
29258,42601,110,4
29259,42586,110,4
29261,42584,110,4
29262,42585,110,4
29265,42597,110,4
29277,40518,110,4
29312,40537,97,3
29315,40539,97,3
29316,39080,103,3
29317,39068,103,3
29318,39223,103,3
29319,38545,103,3
29325,38784,97,3
29326,39065,97,3
29327,39064,97,3
29328,38542,97,3
29329,40563,115,3
29332,42478,115,3
29337,40585,100,3
29339,38704,100,3
29345,38787,97,3
29347,43125,110,4
29351,42220,105,4
29354,43292,110,4
29355,42203,105,4
29359,43116,105,4
29362,36716,105,4
29375,42611,110,4
29380,40614,108,2
29382,40592,110,4
29383,42610,110,4
29389,42614,110,4
29391,44593,108,2
29399,40650,93,2
29400,40648,93,2
29456,39310,94,3
29457,40881,94,3
29489,40988,112,3
29490,40989,112,3
29491,40990,112,3
29492,44266,112,3
29493,44267,112,3
29494,44268,112,3
29496,40998,112,3
29497,40997,112,3
29498,42855,112,3
29499,42857,112,3
29500,42858,112,3
29502,45844,105,4
29506,41021,105,4
29509,41038,105,4
29510,41037,105,4
29512,41034,105,4
29514,44595,105,4
29516,43414,115,4
29517,43413,105,4
29523,45822,115,4
29524,45823,115,4
29526,45056,115,4
29527,45055,115,4
29583,41179,20,2
29605,41240,71,3
29773,38338,111,2
29915,39876,81,2
29916,42393,81,2
29918,42645,128,4
29921,46088,128,4
29924,42177,134,4
29925,46126,128,4
29926,43935,81,2
29927,44579,81,2
29928,43932,81,2
29929,43928,81,2
29930,43927,81,2
29931,42398,81,2
29932,43919,81,2
29933,43918,81,2
29934,43922,81,2
29935,41517,81,2
29936,41518,81,2
29937,43923,81,2
29938,42396,81,2
29939,43921,81,2
29941,41525,81,2
29942,43920,81,2
29943,44607,81,2
29944,41531,81,2
29945,41532,81,2
29946,19769,81,2
29947,43562,128,4
29949,42178,134,4
29950,46074,128,4
29951,45912,128,4
29954,41548,108,2
29955,41549,108,2
29959,41550,108,2
29962,42179,134,4
29964,41569,52,3
29965,42699,128,4
29967,41827,108,2
29969,42995,108,2
29970,41574,52,3
29971,41605,52,3
29972,46127,128,4
29973,41580,100,3
29974,44156,100,3
29975,41583,100,3
29976,46094,128,4
29977,46128,128,4
29978,41828,114,2
29981,42180,134,4
29982,42181,134,4
29983,46577,128,4
29984,46105,128,4
29985,46093,128,4
29987,46119,138,4
29988,47435,141,4
29989,46123,138,4
29990,46506,138,4
29992,46124,138,4
29993,42183,141,4
29994,46125,138,4
29995,46106,138,4
29999,41830,108,2
30001,41831,108,2
30002,41829,108,2
30004,41596,114,2
30009,43952,109,3
30010,41598,109,3
30011,41599,109,3
30012,41600,109,3
30013,44767,109,3
30014,41838,106,3
30016,42994,106,3
30021,42184,134,4
30023,39638,128,4
30024,46120,128,4
30026,46085,128,4
30027,44966,128,4
30029,46103,128,4
30031,45920,128,4
30032,46075,128,4
30033,45913,128,4
30034,46072,128,4
30035,45917,128,4
30036,46115,128,4
30037,46116,128,4
30042,46104,128,4
30043,45919,128,4
30044,46090,128,4
30045,46091,128,4
30046,46087,128,4
30048,46078,128,4
30053,46348,128,4
30054,46099,128,4
30055,46353,128,4
30057,42650,128,4
30060,45821,128,4
30062,43584,128,4
30065,46080,128,4
30067,45911,128,4
30068,46097,128,4
30069,41604,52,3
30070,41607,52,3
30071,41615,52,3
30073,41613,52,3
30074,41616,100,3
30075,43589,128,4
30076,41617,100,3
30077,41620,100,3
30079,46131,128,4
30080,41668,134,4
30082,42187,134,4
30084,46349,128,4
30085,46355,128,4
30086,44893,100,3
30087,42713,100,3
30088,41631,100,3
30089,41635,100,3
30091,46100,128,4
30092,45909,128,4
30093,41638,100,3
30095,42188,134,4
30097,46096,128,4
30098,43597,128,4
30099,43599,128,4
30100,45910,128,4
30101,47437,128,4
30102,46082,138,4
30106,42636,138,4
30107,46133,138,4
30111,46110,138,4
30112,46079,138,4
30113,42297,133,4
30114,42299,133,4
30115,47594,133,4
30116,42298,133,4
30117,42300,133,4
30123,42306,133,4
30124,42307,133,4
30125,44050,133,4
30126,42309,133,4
30139,42698,133,4
30140,43749,133,4
30141,43750,133,4
30143,43752,133,4
30144,45017,133,4
30145,45016,133,4
30146,45018,133,4
30148,45019,133,4
30150,42290,133,4
30151,42291,133,4
30152,42879,133,4
30153,42295,133,4
30154,42294,133,4
30161,45797,133,4
30164,43613,133,4
30165,43698,133,4
30166,44516,133,4
30167,43618,133,4
30168,43617,133,4
30172,43619,133,4
30186,41706,123,4
30187,45149,123,4
30196,42640,133,4
30200,44788,123,4
30205,42641,133,4
30207,42643,133,4
30210,42644,133,4
30211,42302,133,4
30212,42305,133,4
30213,42303,133,4
30214,42313,133,4
30215,42304,133,4
30216,43620,133,4
30217,43621,133,4
30218,41756,108,2
30219,50531,133,4
30220,43623,133,4
30221,43624,133,4
30224,41757,108,2
30226,41779,108,2
30254,41836,114,2
30256,31910,109,3
30258,41800,109,3
30262,41839,108,2
30264,41840,108,2
30265,41805,111,2
30266,41806,111,2
30267,41807,111,2
30268,41808,108,2
30269,41810,108,2
30271,41811,111,2
30272,42515,111,2
30273,41813,111,2
30274,41814,108,2
30275,42668,108,2
30278,41856,111,2
30284,41817,111,2
30285,41818,111,2
30286,41819,111,2
30288,42516,111,2
30289,41821,111,2
30290,13206,111,2
30291,41835,111,2
30293,41858,111,2
30294,41859,108,2
30295,41860,108,2
30296,41861,108,2
30297,41938,109,3
30300,41916,109,3
30311,41867,175,5
30313,41895,175,5
30318,41875,175,5
30328,41917,114,2
30329,41918,114,2
30333,41919,114,2
30334,41920,114,2
30335,41925,114,2
30336,41926,114,2
30337,41928,114,2
30339,2854,114,2
30340,41936,114,2
30362,15550,108,2
30364,41974,108,2
30368,41959,109,3
30369,41960,109,3
30370,41961,109,3
30374,41963,109,3
30379,41967,114,2
30380,26158,114,2
30386,41968,108,2
30398,42519,111,2
30401,42517,108,2
30420,9842,29,2
30422,31906,53,2
30447,43547,128,4
30448,43548,128,4
30449,43553,128,4
30450,43560,128,4
30459,42100,110,3
30460,42102,110,3
30461,42101,110,3
30464,4063,112,3
30465,42110,106,3
30486,45972,136,4
30487,45973,136,4
30488,47593,136,4
30489,45971,136,4
30491,42168,123,4
30505,14739,19,2
30515,42279,108,2
30516,43150,108,2
30517,15823,114,2
30523,42278,111,2
30531,42316,110,4
30533,42326,110,4
30536,42318,110,4
30538,42319,110,4
30570,42336,114,2
30619,43559,128,4
30620,43609,128,4
30627,43595,128,4
30642,42491,115,4
30664,43579,128,4
30665,43585,128,4
30674,42247,115,4
30682,42334,115,4
30696,38758,52,3
30709,42681,115,3
30720,43588,128,4
30722,43263,120,4
30727,43284,120,4
30731,44879,120,4
30733,43259,120,4
30740,43258,120,4
30753,42754,83,2
30755,42758,80,2
30774,42778,115,4
30787,40855,115,3
30804,31800,23,3
30830,42906,100,4
30835,42916,115,3
30836,42917,115,3
30837,42942,112,3
30838,42941,114,3
30839,41580,115,3
30841,1317,115,3
30847,67050,108,2
30856,43000,84,2
30859,43007,109,3
30862,45741,141,4
30863,45746,141,4
30865,45233,141,4
30866,45759,141,4
30870,45745,141,4
30871,45743,141,4
30873,45240,141,4
30874,45232,141,4
30878,45212,141,4
30879,45245,141,4
30880,45239,141,4
30881,45799,141,4
30882,44863,141,4
30883,45224,141,4
30884,45749,141,4
30885,45737,141,4
30887,45767,141,4
30888,45241,141,4
30891,45800,141,4
30892,45735,141,4
30893,45229,141,4
30895,45242,141,4
30896,45222,141,4
30897,48291,141,4
30899,45755,141,4
30900,47778,141,4
30902,45776,151,4
30905,46352,151,4
30907,46356,151,4
30908,45205,151,4
30909,45204,151,4
30910,45360,151,4
30912,45218,151,4
30913,45771,151,4
30914,45244,141,4
30915,45243,141,4
30916,45219,141,4
30918,45346,141,4
30919,45247,141,4
30922,43213,114,2
30924,30768,106,3
30925,43346,109,3
30926,43216,111,2
30927,43217,114,2
30928,43218,111,2
30929,43219,111,2
30930,43220,114,2
30931,43221,114,2
30933,43222,109,3
30936,38516,114,2
30937,43343,114,2
30938,43227,111,2
30939,43347,109,3
30941,43231,111,2
30942,44550,114,2
30944,43233,109,3
30945,43236,114,2
30946,43237,111,2
30947,43241,111,2
30948,44018,109,3
30950,43247,111,2
30951,43348,109,3
30952,43250,114,2
30953,43252,114,2
30955,44732,111,2
30957,43260,114,2
30958,43262,114,2
30959,43272,114,2
30960,43274,111,2
30961,43277,114,2
30962,43345,109,3
30964,43344,114,2
30966,43283,111,2
30967,43349,109,3
30968,43287,114,2
30969,45659,146,4
30972,49684,146,4
30975,45658,146,4
30977,45660,146,4
30979,45661,146,4
30982,45685,146,4
30983,46357,146,4
30984,42285,109,3
30986,41645,111,2
30987,45684,146,4
30988,46358,146,4
30990,46350,146,4
30991,45683,146,4
30993,45686,146,4
30996,45884,146,4
30999,43309,109,3
31000,43312,109,3
31001,45679,146,4
31002,1930,109,3
31003,45680,146,4
31004,45678,146,4
31006,45682,146,4
31010,44011,109,3
31012,45669,146,4
31013,43315,109,3
31016,45668,146,4
31022,45672,146,4
31026,45426,146,4
31027,45434,146,4
31029,45428,146,4
31030,45436,146,4
31032,45664,146,4
31033,43318,106,3
31036,43323,108,3
31037,45663,146,4
31038,43353,108,3
31041,45662,146,4
31044,45665,146,4
31045,45666,146,4
31047,45667,146,4
31050,45673,146,4
31051,45674,146,4
31052,45677,146,4
31053,45675,146,4
31054,45676,146,4
31055,45121,146,4
31056,45449,146,4
31057,45119,146,4
31058,45122,146,4
31059,45126,146,4
31060,44977,146,4
31062,43355,109,3
31063,45770,146,4
31065,44979,146,4
31067,44976,146,4
31069,44978,146,4
31071,43356,109,3
31072,43384,109,3
31075,43332,109,3
31076,43335,109,3
31077,43339,109,3
31078,43340,109,3
31080,43360,105,2
31104,43514,109,3
31105,45168,109,3
31106,43517,109,3
31107,43516,109,3
31109,44680,109,3
31110,43501,109,3
31111,31135,114,2
31112,43478,114,2
31114,43483,114,2
31115,43490,114,2
31125,43043,85,3
31126,43235,85,3
31127,43626,85,3
31131,43065,85,3
31133,21963,85,3
31134,43638,85,3
31136,43140,88,3
31137,43640,88,3
31138,43045,88,3
31139,43644,88,3
31140,42907,88,3
31142,43649,88,3
31145,43653,91,3
31149,43073,91,3
31150,43654,91,3
31151,42848,94,3
31153,43655,94,3
31155,43666,109,3
31156,43665,109,3
31158,43667,109,3
31159,43661,109,3
31162,43668,109,3
31163,43672,103,3
31164,43671,103,3
31165,43673,103,3
31166,43675,103,3
31168,43676,82,3
31170,43679,82,3
31172,43681,82,3
31173,30438,94,3
31174,43682,82,3
31176,43684,91,3
31177,43686,91,3
31178,40413,94,3
31179,43689,91,3
31180,41964,97,3
31181,43691,91,3
31182,43692,85,3
31183,43695,85,3
31184,43697,85,3
31185,27293,85,3
31186,43313,97,3
31188,43699,94,3
31189,43700,94,3
31190,43669,97,3
31193,43645,97,3
31195,43702,103,3
31197,43703,103,3
31198,43704,103,3
31199,43214,103,3
31200,4404,100,3
31201,43705,103,3
31202,41962,100,3
31203,43706,103,3
31204,43708,100,3
31209,43713,109,3
31211,43714,109,3
31213,43715,109,3
31215,43717,109,3
31217,43719,109,3
31218,43721,109,3
31219,43723,109,3
31220,43724,109,3
31221,43725,103,3
31223,43726,103,3
31224,43727,103,3
31225,33328,103,3
31226,42966,100,3
31227,43730,91,3
31228,43729,91,3
31229,43731,91,3
31230,43718,100,3
31231,43732,91,3
31232,43734,91,3
31233,43735,91,3
31234,43736,103,3
31235,28617,91,3
31236,43737,91,3
31237,43738,103,3
31240,42842,103,3
31242,43740,88,3
31243,43741,88,3
31244,43742,88,3
31246,39886,88,3
31247,43743,88,3
31248,43744,88,3
31249,43745,88,3
31250,43747,88,3
31258,43120,103,3
31263,44432,18,2
31264,44430,18,2
31268,8466,18,2
31269,43772,18,2
31270,43774,18,2
31272,43761,103,3
31276,42841,106,3
31280,42932,106,3
31284,42847,109,3
31287,43792,109,3
31288,38993,109,3
31289,43796,109,3
31291,43799,112,3
31294,43801,112,3
31299,43830,115,3
31303,43809,115,3
31304,43812,115,3
31305,43813,115,3
31306,43814,115,3
31308,43817,115,3
31312,43821,108,2
31313,43822,108,2
31314,43823,108,2
31315,43824,108,2
31318,43828,100,4
31320,43829,100,4
31322,43831,100,4
31326,43837,100,4
31328,42325,100,4
31329,42615,100,4
31332,41417,100,4
31333,45167,100,4
31335,42314,100,4
31340,43861,100,4
31341,43867,108,2
31343,43424,100,4
31364,43902,115,4
31367,43907,115,4
31370,43940,100,4
31371,43939,100,4
31382,39124,109,3
31383,39126,109,3
31414,43951,108,2
31415,43953,111,2
31417,43954,109,3
31419,43989,102,2
31420,43991,102,2
31421,43992,102,2
31422,43994,102,2
31423,43995,102,2
31425,43997,102,2
31426,3658,102,2
31427,43998,102,2
31428,43996,102,2
31429,44001,102,2
31430,44000,102,2
31432,43999,102,2
31433,43965,105,2
31434,44002,105,2
31436,43968,108,2
31438,44004,105,2
31440,44003,105,2
31441,43988,105,2
31442,43972,105,2
31443,44006,105,2
31444,43974,105,2
31445,44007,105,2
31446,43976,105,2
31447,43977,105,2
31448,43978,105,2
31452,44016,105,2
31453,44017,105,2
31454,43982,105,2
31455,44019,105,2
31456,43984,108,2
31457,44021,108,2
31458,44022,108,2
31464,44027,115,3
31470,44119,102,2
31471,44120,102,2
31472,44121,102,2
31473,44122,102,2
31474,44118,105,2
31475,44116,105,2
31476,44117,105,2
31477,44112,102,2
31478,44114,102,2
31479,44113,102,2
31480,44111,102,2
31481,44108,102,2
31483,44325,102,2
31484,44110,102,2
31485,44107,102,2
31486,44105,102,2
31487,43987,102,2
31488,44106,102,2
31490,44294,109,3
31491,44293,109,3
31492,44292,108,3
31508,32924,108,2
31510,44124,105,2
31511,44129,108,2
31513,44126,105,2
31514,44130,108,2
31515,44127,108,2
31516,44125,105,2
31519,44128,108,2
31520,44131,108,2
31521,44123,105,2
31526,44086,108,2
31531,44066,108,2
31532,44067,108,2
31537,44069,105,2
31538,44070,105,2
31539,44071,105,2
31540,44072,105,2
31542,44073,108,2
31544,44074,109,3
31545,44075,109,3
31546,44076,109,3
31547,44077,109,3
31548,44078,109,3
31549,44079,109,3
31552,30588,115,3
31553,44163,115,3
31554,44159,115,3
31555,44167,115,3
31556,44161,115,3
31557,44162,109,3
31558,44168,115,3
31559,44164,115,3
31560,44881,115,3
31561,44183,115,3
31562,44178,115,3
31563,44192,115,3
31564,44180,115,3
31565,44187,109,3
31566,44186,115,3
31567,44185,115,3
31568,44575,115,3
31569,44206,115,3
31570,44199,115,3
31571,44208,115,3
31572,44198,115,3
31573,44200,109,3
31574,44207,115,3
31575,44201,115,3
31576,44574,115,3
31577,44218,115,3
31578,44214,115,3
31579,44224,115,3
31580,44215,115,3
31581,44219,109,3
31582,44220,115,3
31583,44221,115,3
31615,44237,102,2
31617,30696,102,2
31657,44326,90,2
31658,44254,90,2
31659,44255,90,2
31660,44257,102,2
31661,6739,96,2
31683,44304,108,2
31684,44305,108,2
31687,44307,108,2
31688,45180,108,2
31689,44312,108,2
31690,44313,108,2
31701,44310,108,2
31703,44314,108,2
31711,44322,105,2
31712,44323,105,2
31713,15431,105,2
31714,44324,105,2
31717,44557,88,3
31718,44319,88,3
31719,44556,88,3
31720,44555,88,3
31723,20331,96,2
31726,43701,94,3
31729,9865,99,2
31733,2708,99,2
31734,44369,99,2
31758,44418,94,3
31761,44419,96,2
31762,44420,96,2
31764,44423,99,2
31765,44424,99,2
31766,45370,99,2
31768,44450,90,2
31770,44451,96,2
31782,44472,99,2
31784,45164,99,2
31785,44470,99,2
31786,44484,90,2
31787,44447,90,2
31788,44478,90,2
31789,44483,90,2
31790,7570,108,2
31792,44458,108,2
31794,44479,99,2
31796,44480,99,2
31797,44482,99,2
31798,44485,99,2
31802,44490,109,3
31816,44530,102,2
31817,44533,102,2
31819,44536,102,2
31821,44546,102,2
31856,44707,100,4
31859,44706,100,4
31932,39211,0,0
31935,44633,109,3
31936,44632,109,3
31938,44631,109,3
31939,44630,109,3
31942,44634,115,3
31969,47129,136,4
31977,45978,136,4
31979,45979,136,4
31980,45980,136,4
31981,45981,136,4
31982,45982,136,4
31983,46108,136,4
31992,46009,136,4
31993,46010,136,4
31997,46224,136,4
31998,45958,136,4
31999,45959,136,4
32000,45960,136,4
32001,45961,136,4
32002,45962,136,4
32004,46017,136,4
32005,46109,136,4
32006,46507,136,4
32008,46023,136,4
32015,46029,136,4
32017,46032,136,4
32018,46033,136,4
32019,46035,136,4
32047,45953,136,4
32049,45955,136,4
32050,45956,136,4
32051,45957,136,4
32072,44697,110,4
32073,44698,110,4
32078,44699,110,4
32081,44703,110,4
32083,44711,110,4
32087,44904,110,4
32093,41203,105,4
32094,42194,105,4
32095,41205,105,4
32098,42195,105,4
32099,41220,105,4
32100,41218,105,4
32101,41221,105,4
32102,41222,105,4
32109,42196,105,4
32112,41191,105,4
32113,43573,105,4
32115,41210,105,4
32116,41211,105,4
32117,41212,105,4
32120,41215,105,4
32127,41217,105,4
32133,41196,105,4
32135,41200,105,4
32136,41201,105,4
32153,38292,105,4
32155,38294,105,4
32157,38296,105,4
32163,41183,105,4
32165,41184,105,4
32166,41185,105,4
32167,41186,105,4
32232,45289,141,4
32234,45712,141,4
32235,52634,151,4
32236,44959,141,4
32237,45294,141,4
32239,45732,141,4
32240,45721,141,4
32241,45764,141,4
32242,45278,141,4
32243,45332,141,4
32248,45318,141,4
32250,45760,141,4
32251,45358,141,4
32252,45327,141,4
32253,45491,141,4
32254,44960,141,4
32255,44869,141,4
32256,45356,141,4
32257,45315,141,4
32263,45334,141,4
32264,45731,141,4
32265,45730,141,4
32267,45918,128,4
32269,47605,141,4
32273,45704,141,4
32275,45670,141,4
32278,46487,141,4
32279,45347,141,4
32280,45715,141,4
32323,45886,141,4
32324,47436,141,4
32325,44962,141,4
32328,45707,141,4
32329,47433,141,4
32331,45885,141,4
32332,45350,141,4
32333,45299,141,4
32334,45355,141,4
32337,46490,141,4
32338,45705,141,4
32341,46488,141,4
32342,45298,141,4
32343,45357,141,4
32344,47434,141,4
32345,45287,141,4
32346,45277,141,4
32348,45492,141,4
32349,45351,141,4
32351,45288,141,4
32352,45326,141,4
32353,45716,141,4
32354,45843,141,4
32365,45311,141,4
32366,45729,141,4
32367,45319,141,4
32369,47226,141,4
32373,45722,141,4
32376,45713,141,4
32377,45816,141,4
32387,45754,115,3
32390,44824,130,4
32391,45787,130,4
32392,44826,130,4
32393,44829,130,4
32395,44831,130,4
32396,44828,130,4
32397,44836,130,4
32398,45786,130,4
32399,44835,130,4
32403,44839,130,4
32414,40487,105,4
32420,45480,130,4
32450,44858,123,4
32461,45779,127,4
32471,45487,151,4
32472,43889,127,4
32473,43886,127,4
32474,45783,127,4
32475,45780,127,4
32476,45778,127,4
32479,45782,127,4
32483,45364,151,4
32485,44974,141,4
32486,45849,141,4
32487,45853,141,4
32490,45854,141,4
32493,45852,141,4
32495,45781,127,4
32496,45488,151,4
32500,45365,151,4
32505,45322,141,4
32510,45733,141,4
32512,44866,141,4
32513,45359,141,4
32517,45757,141,4
32519,45263,141,4
32521,46205,151,4
32522,45006,115,3
32524,45476,151,4
32525,45702,151,4
32529,45008,115,3
32532,45029,115,3
32534,36755,115,3
32536,45040,115,3
32537,31321,115,3
32538,45042,115,3
32539,45043,115,3
32540,45048,105,4
32541,45050,105,4
32568,45404,141,4
32570,45413,141,4
32571,45402,141,4
32573,45407,141,4
32574,45399,141,4
32575,45408,141,4
32577,45403,141,4
32580,45775,141,4
32583,45774,141,4
32585,45412,141,4
32587,45409,141,4
32592,45283,141,4
32608,45728,141,4
32647,45155,105,4
32648,45472,105,4
32650,45159,115,3
32652,45163,115,3
32654,36540,115,3
32656,45185,105,4
32658,45197,115,3
32659,45187,115,3
32660,12284,115,3
32661,45188,115,3
32662,45189,115,3
32665,45191,115,3
32694,43551,70,2
32770,45453,105,4
32771,45452,105,4
32786,46059,136,4
32787,46064,136,4
32789,46044,136,4
32790,46056,136,4
32791,46049,136,4
32793,46041,136,4
32795,46067,136,4
32798,46058,136,4
32799,46062,136,4
32801,46042,136,4
32805,46039,136,4
32807,46065,136,4
32810,46060,126,4
32811,46063,126,4
32813,46043,126,4
32818,46040,126,4
32820,46066,126,4
32829,45475,109,3
32830,28513,109,3
32831,47595,109,3
32865,45503,114,2
32866,45505,114,2
32867,45502,114,2
32868,45504,114,2
32869,45506,114,2
32870,45507,114,2
32872,45508,114,2
32979,46068,136,4
32980,46069,126,4
33006,46964,146,4
33173,46324,115,3
33191,46781,128,4
33192,48216,132,4
33203,47159,128,4
33204,46382,105,4
33206,47032,128,4
33207,46784,128,4
33215,47020,128,4
33216,49359,128,4
33222,46792,128,4
33228,46430,36,2
33229,46431,36,2
33230,46432,39,2
33231,46433,40,2
33232,46434,37,2
33233,46435,40,2
33235,13675,40,2
33237,46437,40,2
33239,46438,40,2
33240,8712,39,2
33241,46439,40,2
33242,46440,40,2
33243,46441,39,2
33244,46442,39,2
33245,46443,36,2
33247,46444,36,2
33248,38664,37,2
33249,46445,37,2
33250,46446,37,2
33251,46447,39,2
33252,46448,37,2
33253,46449,36,2
33255,46462,40,2
33257,46452,36,2
33258,46463,40,2
33259,46454,38,2
33260,46455,39,2
33261,35076,39,2
33267,46457,38,2
33268,46458,38,2
33269,46459,37,2
33270,20214,38,2
33272,46460,38,2
33274,38651,37,2
33283,46801,132,4
33286,47037,128,4
33291,46804,128,4
33292,46514,1,3
33296,46805,128,4
33298,47127,132,4
33299,46807,128,4
33300,46809,128,4
33303,46810,128,4
33304,46812,136,4
33317,48222,128,4
33327,47898,128,4
33328,46978,128,4
33329,46979,128,4
33331,47021,128,4
33354,46982,132,4
33356,46983,128,4
33371,46622,132,0
33386,47036,128,4
33388,46985,132,4
33421,46987,133,4
33432,47173,133,4
33446,46989,128,4
33453,48434,133,4
33465,46991,132,4
33467,46992,138,4
33468,46994,138,4
33471,46996,133,4
33473,46998,133,4
33474,48215,132,4
33479,47001,133,4
33480,47002,128,4
33481,47003,128,4
33482,45845,128,4
33483,47005,128,4
33484,47589,136,4
33489,47007,128,4
33490,47008,132,4
33492,47011,132,4
33493,47012,132,4
33494,46916,132,4
33495,47176,132,4
33499,45362,141,4
33501,47015,128,4
33506,47071,128,4
33507,47072,128,4
33510,47088,128,4
33512,47016,128,4
33513,47017,128,4
33514,47018,128,4
33516,47023,128,4
33517,47024,128,4
33518,47025,128,4
33519,47026,128,4
33520,47027,128,4
33527,47029,128,4
33528,47030,128,4
33529,47031,128,4
33530,47177,128,4
33531,47034,128,4
33533,47160,128,4
33538,47045,128,4
33539,47044,128,4
33540,47043,128,4
33552,47049,128,4
33577,47054,128,4
33578,47055,128,4
33582,49057,128,4
33584,47061,128,4
33585,48224,128,4
33586,48227,128,4
33587,48226,128,4
33588,47062,128,4
33589,47065,128,4
33591,47068,128,4
33593,47069,128,4
33662,47606,146,4
33663,47742,146,4
33664,46880,146,4
33665,46883,146,4
33668,46881,146,4
33669,46962,146,4
33670,47732,146,4
33672,48262,146,4
33673,46946,146,4
33674,46944,146,4
33676,48285,146,4
33678,46872,146,4
33679,46876,146,4
33680,46873,146,4
33688,46900,146,4
33691,48261,146,4
33695,47949,146,4
33696,46949,146,4
33697,47759,146,4
33698,46951,146,4
33699,46953,146,4
33700,46940,146,4
33702,46937,146,4
33704,46939,146,4
33706,46891,146,4
33707,46892,146,4
33708,46894,146,4
33710,46890,146,4
33718,48113,146,4
33719,46925,146,4
33720,46926,146,4
33721,46927,146,4
33727,40368,146,4
33728,46867,146,4
33729,46868,146,4
33730,49686,146,4
33732,46865,146,4
33734,46970,146,4
33754,47733,146,4
33757,46928,146,4
33758,47799,146,4
33759,46930,146,4
33760,46931,146,4
33761,46933,146,4
33791,46839,11,2
33805,47004,128,4
33810,47019,128,4
33811,47047,146,4
33812,44735,146,4
33813,47092,141,4
33820,47051,115,3
33831,47094,133,4
33832,47095,133,4
33876,47405,141,4
33877,47406,146,4
33878,47408,146,4
33879,47409,146,4
33880,47428,146,4
33881,47411,141,4
33882,47412,146,4
33883,47413,141,4
33884,47414,146,4
33888,47415,146,4
33889,47416,141,4
33890,47417,146,4
33891,47900,146,4
33892,47403,146,4
33894,47418,141,4
33895,47419,146,4
33900,47421,146,4
33901,47422,141,4
33902,47423,146,4
33912,47425,146,4
33913,47426,141,4
33914,47427,146,4
33965,46995,128,4
33970,46990,128,4
34010,47249,141,4
34011,47250,141,4
34012,47252,141,4
34014,47771,146,4
34029,47330,128,4
34049,47294,133,4
34050,47696,133,4
34073,47325,110,4
34086,47629,1,1
34107,47454,21,3
34164,48078,154,4
34167,47988,159,4
34168,47990,159,4
34169,47975,159,4
34170,48295,159,4
34177,48511,154,4
34178,48507,154,4
34180,47991,159,4
34181,48296,159,4
34182,49132,154,4
34183,47996,154,4
34184,48509,154,4
34185,48907,154,4
34186,47993,159,4
34188,47995,159,4
34190,48869,154,4
34192,50016,159,4
34193,50017,159,4
34194,47998,159,4
34195,47999,159,4
34197,49971,154,4
34198,48290,154,4
34199,48908,154,4
34202,50013,159,4
34203,48002,154,4
34204,48512,154,4
34205,48870,154,4
34208,48004,159,4
34209,48005,159,4
34211,48011,159,4
34212,48012,159,4
34214,48079,154,4
34215,48015,159,4
34216,48016,159,4
34227,43407,36,4
34228,48014,159,4
34229,48013,159,4
34232,48299,159,4
34233,48300,154,4
34234,48018,159,4
34240,48905,159,4
34241,48868,164,4
34242,48871,164,4
34243,48022,164,4
34244,48020,164,4
34247,48023,164,4
34329,48026,164,4
34331,48028,164,4
34333,48024,164,4
34335,48029,164,4
34336,48031,164,4
34337,48030,164,4
34339,50018,164,4
34340,50019,164,4
34341,48032,164,4
34342,48305,164,4
34343,48034,164,4
34344,48306,164,4
34345,48033,164,4
34347,48040,154,4
34348,48042,154,4
34351,48039,154,4
34352,48036,156,4
34364,48925,159,4
34365,48921,159,4
34366,48923,159,4
34367,48920,159,4
34369,48912,159,4
34371,48916,159,4
34372,48917,159,4
34373,48913,159,4
34374,48914,159,4
34375,48918,159,4
34376,48919,159,4
34377,48927,159,4
34378,48926,159,4
34379,48928,159,4
34381,48043,159,4
34382,48045,159,4
34383,48050,159,4
34386,48307,159,4
34388,50015,159,4
34392,48052,159,4
34393,50014,159,4
34395,48053,159,4
34397,48054,159,4
34398,48055,159,4
34399,48384,159,4
34400,48058,159,4
34401,48057,159,4
34402,48025,159,4
34403,48019,159,4
34405,50020,164,4
34406,48387,164,4
34407,48059,154,4
34409,48060,159,4
34418,47699,50,3
34422,34708,50,3
34423,47700,59,3
34424,47701,59,3
34427,48503,154,4
34428,48506,154,4
34429,48505,154,4
34430,48504,154,4
34431,48313,154,4
34432,48312,154,4
34433,48314,154,4
34434,48321,154,4
34436,48349,154,4
34437,48325,154,4
34439,48326,154,4
34441,48347,154,4
34442,48348,154,4
34443,48315,154,4
34444,48311,154,4
34445,48322,154,4
34447,48316,154,4
34448,48324,154,4
34470,48163,115,4
34471,48177,115,4
34472,48172,115,4
34473,48158,115,4
34485,48355,154,4
34527,48356,154,4
34530,48183,146,4
34541,48359,154,4
34546,48360,154,4
34547,48361,154,4
34549,48353,154,4
34554,48352,154,4
34557,48354,154,4
34558,48357,154,4
34559,48366,154,4
34562,48367,154,4
34563,48368,154,4
34564,48371,154,4
34565,48370,154,4
34568,48372,154,4
34570,48364,154,4
34573,48362,154,4
34574,48365,154,4
34575,48369,154,4
34601,48174,115,4
34602,48164,115,4
34605,48155,115,4
34606,48161,115,4
34607,48165,115,4
34608,48170,115,4
34609,48169,125,4
34610,48171,125,4
34613,48173,125,4
34615,48167,125,4
34648,51496,60,2
34649,51498,60,2
34650,51494,60,2
34651,51497,60,2
34652,51495,60,2
34653,51500,60,2
34655,51501,60,2
34656,51499,60,2
34659,49738,60,2
34661,49742,60,3
34666,48062,115,3
34667,48061,115,3
34671,48065,115,3
34673,48066,115,3
34674,48067,115,3
34679,48071,115,4
34699,31300,115,3
34700,48201,115,3
34716,48228,1,1
34788,48252,115,3
34789,48253,115,3
34791,48255,115,3
34793,48256,115,3
34795,48257,115,3
34796,48258,115,3
34799,48259,110,4
34807,48286,110,4
34808,48287,110,4
34809,48985,110,4
34810,47067,110,4
34887,49005,141,4
34891,48899,146,4
34895,48887,146,4
34900,48446,141,4
34902,48452,141,4
34903,48967,141,4
34911,48451,141,4
34912,48466,141,4
34914,48468,141,4
34916,48467,141,4
34917,48469,141,4
34918,47064,141,4
34921,48471,141,4
34922,48470,141,4
34924,48481,141,4
34925,48482,141,4
34926,48479,141,4
34927,48484,141,4
34929,48483,141,4
34931,48493,141,4
34932,48490,141,4
34933,48491,141,4
34935,48358,141,4
34936,48494,141,4
34938,48495,141,4
34939,48496,141,4
34940,45220,141,4
34942,48476,141,4
34943,46359,141,4
34944,48477,141,4
34946,48474,141,4
34987,47994,154,4
34988,49136,154,4
34989,49993,154,4
34990,48604,159,4
34991,48605,159,4
34992,48606,159,4
34993,48608,159,4
34994,48609,159,4
34995,49150,154,4
34997,49149,154,4
34999,48601,159,4
35003,48618,159,4
35004,50005,159,4
35005,49952,159,4
35006,50009,159,4
35007,49954,159,4
35013,49955,159,4
35015,49137,154,4
35018,49138,154,4
35047,49140,154,4
35058,49141,154,4
35064,49142,154,4
35072,49143,154,4
35075,49393,154,4
35079,48614,159,4
35082,49146,154,4
35096,50011,159,4
35097,50008,159,4
35099,49958,159,4
35100,49959,159,4
35103,49148,154,4
35110,49152,154,4
35136,48672,159,4
35138,48685,159,4
35149,48691,159,4
35151,48671,159,4
35153,48683,159,4
35164,48689,159,4
35166,48670,154,4
35168,48684,154,4
35179,48690,154,4
35328,48717,115,3
35329,48719,115,3
35330,48721,115,3
35331,48722,115,3
35332,48723,115,3
35333,48726,115,3
35334,48727,115,3
35335,48728,115,3
35336,48729,115,3
35337,48730,115,3
35343,48733,115,3
35344,48734,115,3
35345,48735,115,3
35346,48736,115,3
35356,48745,115,3
35357,48746,115,3
35358,48747,115,3
35359,48748,115,3
35360,48750,115,3
35366,48751,115,3
35367,48752,115,3
35368,48753,115,3
35369,48754,115,3
35370,48755,115,3
35376,48759,115,3
35377,48760,115,3
35378,48761,115,3
35379,48762,115,3
35380,48763,115,3
35381,48756,115,3
35382,48757,115,3
35383,48758,115,3
35384,48764,115,3
35385,48765,115,3
35402,48792,115,3
35403,48793,115,3
35404,48794,115,3
35405,48795,115,3
35406,48796,115,3
35407,48797,115,3
35408,48798,115,3
35409,48799,115,3
35410,48800,115,3
35411,48801,115,3
35508,12567,110,4
35514,48878,110,4
35570,48957,155,3
35571,52204,155,3
35572,52529,155,3
35573,52436,155,3
35574,49353,155,3
35575,49354,155,3
35576,49356,155,3
35577,49358,155,3
35578,51885,155,3
35579,49363,155,3
35581,46155,112,3
35584,52337,179,3
35585,52336,179,3
35588,52338,179,3
35591,49369,179,3
35593,52341,179,3
35595,49373,159,3
35596,52210,159,3
35599,52212,159,3
35600,52211,159,3
35601,52437,159,3
35603,50507,159,3
35604,52213,159,3
35605,49378,159,3
35606,40342,167,3
35607,54506,167,3
35608,54507,167,3
35611,54508,167,3
35613,54509,167,3
35614,54510,167,3
35615,54511,167,3
35618,50599,171,3
35619,52335,171,3
35620,50602,171,3
35632,52216,171,3
35633,50604,171,3
35634,50605,171,3
35635,52217,171,3
35636,50607,171,3
35637,50609,171,3
35638,50612,171,3
35639,50615,171,3
35640,52214,171,3
35641,50618,171,3
35642,54988,175,3
35644,54996,175,3
35645,54997,175,3
35646,52344,175,3
35647,54998,175,3
35649,53207,175,3
35650,52363,175,3
35651,55003,175,3
35652,54986,175,3
35653,55004,175,3
35654,55005,175,3
35655,51711,163,3
35656,51712,163,3
35657,52222,163,3
35658,51713,163,3
35659,52223,163,3
35662,52224,163,3
35663,52221,163,3
35664,51717,163,3
35665,51718,163,3
35666,51719,163,3
35672,52494,183,3
35673,52351,183,3
35675,52353,183,3
35676,51528,183,3
35677,51529,183,3
35678,51532,183,3
35682,52362,183,3
35683,51458,183,3
35703,48971,125,4
35808,49199,138,2
35810,49233,138,2
35811,49202,138,2
35812,49203,138,2
35814,51032,138,2
35815,56441,138,2
35816,51067,138,2
35822,51094,138,2
35823,49206,138,2
35824,49221,138,2
35826,57489,138,2
35829,49222,138,2
35832,53642,138,2
35833,49264,138,2
35835,56195,138,2
35842,56309,138,2
35843,49473,138,2
35844,49474,138,2
35846,56328,138,2
35848,51090,138,2
35856,49226,138,2
35859,51040,138,2
35861,51072,138,2
35863,51035,138,2
35864,49263,138,2
35865,51454,138,2
35866,51089,138,2
35869,49496,138,2
35870,49227,138,2
35871,51045,138,2
35873,51074,138,2
35878,51061,138,2
35879,51085,138,2
35880,51038,138,2
35882,49505,138,2
35883,51096,138,2
35884,51049,138,2
35885,49255,138,2
35887,51088,138,2
35888,51039,138,2
35889,56355,138,2
35891,49510,138,2
35892,51235,138,2
35893,52377,138,2
35895,49512,138,2
35896,51044,138,2
35897,49230,138,2
35898,51062,138,2
35899,51083,138,2
35900,51050,138,2
35901,49258,138,2
35902,49521,138,2
35903,51093,138,2
35905,49247,138,2
35909,51078,138,2
35910,51095,138,2
35913,51043,138,2
35915,51070,138,2
35916,51098,138,2
35919,51079,138,2
35920,53048,138,2
35923,51068,138,2
35924,51082,138,2
35925,49229,138,2
35926,49930,138,2
35927,51076,138,2
35928,56188,138,2
35929,51042,138,2
35930,49261,138,2
35933,49527,138,2
35934,51084,138,2
35936,49267,138,2
35938,49231,138,2
35955,52069,130,2
35956,52104,130,2
35957,52219,130,2
35958,52118,130,2
35959,52516,130,2
35960,52120,130,2
35961,49536,130,2
35962,52071,130,2
35963,52126,134,2
35964,52125,134,2
35965,52218,134,2
35967,51203,134,2
35968,52123,134,2
35969,49538,134,2
35970,52122,134,2
36020,52112,162,2
36021,51845,162,2
36022,51837,162,2
36023,52103,162,2
36024,52106,162,2
36025,52109,162,2
36026,51777,162,2
36029,52032,166,2
36030,51780,166,2
36032,52114,166,2
36035,52110,170,2
36060,52073,182,2
36061,52220,182,2
36064,51781,182,2
36067,49257,130,2
36068,49903,130,2
36069,49790,130,2
36071,49797,130,2
36072,49241,130,2
36074,49256,130,2
36083,49814,138,2
36084,49905,138,2
36086,49912,138,2
36088,49850,138,2
36089,49845,138,2
36090,49859,138,2
36091,49815,142,2
36092,49904,142,2
36093,49811,142,2
36098,49860,142,2
36109,49813,150,2
36111,49843,150,2
36112,49852,150,2
36114,49863,150,2
36115,49817,154,2
36116,49902,154,2
36118,49910,154,2
36119,49844,154,2
36120,49853,154,2
36121,49849,154,2
36131,49908,162,2
36132,49901,162,2
36133,49914,162,2
36134,49909,162,2
36136,49927,162,2
36137,49898,162,2
36138,49899,162,2
36147,49924,170,2
36148,49978,170,2
36149,49921,170,2
36150,49984,170,2
36151,52517,170,2
36152,49928,170,2
36153,49918,170,2
36154,49981,170,2
36157,49922,174,2
36159,52518,174,2
36160,49929,174,2
36171,49926,182,2
36173,49923,182,2
36174,49986,182,2
36175,52519,182,2
36178,49983,182,2
36179,52133,130,2
36180,52135,130,2
36181,52128,130,2
36182,52129,130,2
36183,52496,130,2
36184,52155,130,2
36185,51237,130,2
36186,51075,130,2
36187,52145,134,2
36188,52146,134,2
36189,52147,134,2
36190,52148,134,2
36191,52497,134,2
36192,52153,134,2
36193,52151,134,2
36194,51212,134,2
36199,52495,138,2
36207,52498,142,2
36245,51887,162,2
36247,51872,162,2
36248,52167,162,2
36259,57612,170,2
36291,51653,130,2
36292,51657,130,2
36293,51652,130,2
36294,51656,130,2
36295,61307,130,2
36296,51658,130,2
36297,51951,130,2
36298,51654,130,2
36299,51662,134,2
36300,51131,134,2
36301,51660,134,2
36302,51661,134,2
36303,51207,134,2
36304,51663,134,2
36305,51949,134,2
36306,51659,134,2
36307,51676,138,2
36308,51669,138,2
36309,51665,138,2
36310,51668,138,2
36311,61308,138,2
36312,51671,138,2
36313,51950,138,2
36314,51672,138,2
36318,51673,142,2
36320,51674,142,2
36323,51675,146,2
36347,51948,158,2
36350,51645,158,2
36355,51953,162,2
36356,52046,162,2
36357,52048,162,2
36358,51954,162,2
36360,51955,162,2
36362,51897,162,2
36363,52043,166,2
36365,52049,166,2
36366,52042,166,2
36368,52044,166,2
36370,52039,166,2
36371,52051,170,2
36372,52052,170,2
36373,51633,170,2
36374,52050,170,2
36376,51640,170,2
36378,51636,170,2
36381,52053,174,2
36384,52056,174,2
36387,52063,178,2
36394,52064,178,2
36395,51771,182,2
36396,51775,182,2
36397,51769,182,2
36398,51772,182,2
36399,51773,182,2
36400,51774,182,2
36401,51770,182,2
36402,51776,182,2
36403,50050,130,2
36404,50051,134,2
36405,50052,138,2
36406,50053,142,2
36407,50054,146,2
36408,50055,150,2
36410,50057,158,2
36411,50058,162,2
36415,50061,178,2
36416,50062,182,2
36445,52185,130,2
36446,52187,134,2
36447,52183,138,2
36448,52188,142,2
36450,52190,150,2
36457,52181,178,2
36458,52179,182,2
36473,50118,130,2
36474,50119,134,2
36475,50124,138,2
36482,50123,166,2
36487,50197,130,2
36488,50198,134,2
36489,50199,138,2
36490,49201,142,2
36493,50202,154,2
36501,50320,130,2
36502,50247,134,2
36504,50316,142,2
36508,50252,158,2
36509,50253,162,2
36510,50254,166,2
36511,50315,170,2
36513,50322,178,2
36514,50321,182,2
36515,50260,130,2
36516,50261,134,2
36517,50262,138,2
36518,50267,142,2
36521,50265,154,2
36523,50268,162,2
36524,50269,166,2
36527,50263,178,2
36529,49223,130,2
36530,50334,134,2
36531,50327,138,2
36532,50331,142,2
36533,50326,146,2
36534,50332,150,2
36538,50333,166,2
36540,50330,174,2
36543,50134,130,2
36544,50135,134,2
36545,50136,138,2
36550,50344,158,2
36552,50347,166,2
36553,50345,170,2
36557,31314,130,2
36558,50370,134,2
36559,50371,138,2
36571,50063,130,2
36572,50064,134,2
36573,50073,138,2
36574,50067,142,2
36576,50070,150,2
36577,50074,154,2
36578,50072,158,2
36579,50065,162,2
36580,50075,166,2
36581,50071,170,2
36582,50069,174,2
36584,50066,182,2
36586,50342,134,2
36587,50340,138,2
36588,50336,142,2
36590,50335,150,2
36591,50341,154,2
36595,50339,170,2
36600,50358,134,2
36601,50354,138,2
36602,50357,142,2
36603,50349,146,2
36604,50352,150,2
36605,50359,154,2
36606,50356,158,2
36607,50351,162,2
36608,50355,166,2
36609,50348,170,2
36611,50350,178,2
36613,50149,130,2
36614,50150,134,2
36615,50158,138,2
36619,50153,154,2
36620,50159,158,2
36621,50154,162,2
36623,50156,170,2
36624,50155,174,2
36626,50151,182,2
36627,50160,130,2
36628,50161,134,2
36630,50162,142,2
36631,50163,146,2
36632,50164,150,2
36636,50168,166,2
36655,50366,130,2
36656,50362,134,2
36657,19902,138,2
36658,50364,142,2
36659,50361,146,2
36661,50363,154,2
36662,50368,158,2
36663,50360,162,2
36665,50369,170,2
36667,50367,178,2
36668,50365,182,2
36670,50125,134,2
36673,50129,146,2
36682,50131,182,2
36683,50209,130,2
36684,50203,134,2
36685,50208,138,2
36688,50205,150,2
36697,50139,130,2
36698,53556,134,2
36699,50148,138,2
36700,50147,142,2
36701,50346,146,2
36709,50343,178,2
36872,52817,138,3
36874,24187,138,3
36878,50143,138,2
36879,50204,138,2
36880,51559,138,2
36884,51229,138,2
36885,51200,138,2
36888,51201,138,2
36938,51204,138,2
36939,51555,138,2
36944,50971,187,3
36945,50973,187,3
36946,52229,187,3
36947,50974,187,3
36948,50908,187,3
36949,52225,187,3
36951,50979,187,3
36952,50982,187,3
36954,52230,187,3
36969,52500,187,3
36971,52226,187,3
36972,1103,187,3
36973,52231,187,3
36974,52233,187,3
36975,50988,187,3
36976,52227,187,3
36977,52998,187,3
36978,50995,187,3
36984,51922,187,3
36989,51931,187,3
36991,52361,187,3
36992,52350,187,3
36993,17776,187,3
36995,51932,187,3
36998,56207,138,2
36999,52342,187,3
37000,51933,187,3
37002,51109,138,2
37004,51125,138,2
37005,51154,138,2
37009,51269,138,2
37014,50200,138,2
37015,56890,138,2
37018,51175,138,2
37022,51246,138,2
37026,50138,138,2
37031,50133,138,2
37036,50130,138,2
37040,53002,187,3
37042,51180,138,2
37043,52235,187,3
37046,50319,138,2
37047,56891,138,2
37050,50515,187,3
37055,52234,187,3
37056,52568,187,3
37060,50509,187,3
37061,50511,187,3
37065,50514,187,3
37066,52997,187,3
37069,52232,187,3
37070,55282,187,3
37075,50121,138,2
37077,51241,138,2
37078,51258,138,2
37080,50328,138,2
37081,51597,187,3
37082,53001,187,3
37083,51598,187,3
37088,51601,187,3
37095,52343,187,3
37099,51602,187,3
37105,52421,187,3
37106,51603,187,3
37108,51606,187,3
37110,52399,187,3
37111,19785,187,3
37112,55984,187,3
37113,52398,187,3
37114,51608,187,3
37127,49650,128,4
37128,49636,128,4
37138,50907,200,3
37144,52327,200,3
37150,50909,200,3
37152,50910,200,3
37155,52323,200,3
37166,52326,200,3
37167,52316,200,3
37169,50987,200,4
37170,53811,200,4
37171,53806,200,4
37172,53824,200,4
37175,50917,200,3
37176,50918,200,3
37178,51686,200,3
37179,51688,200,3
37183,51689,200,3
37184,52330,200,3
37189,52328,200,3
37191,51692,200,4
37193,53810,200,4
37203,51266,138,2
37204,51227,138,2
37206,51214,138,2
37207,51252,138,2
37208,51188,138,2
37209,52530,138,2
37211,51187,138,2
37212,51224,138,2
37214,51234,138,2
37215,51198,138,2
37217,51722,200,3
37218,52310,200,3
37219,51723,200,3
37220,51724,200,3
37221,52309,200,3
37222,52307,200,3
37224,51172,138,2
37225,51556,138,2
37226,51233,138,2
37227,49361,138,2
37228,51236,138,2
37231,9086,138,2
37234,51192,138,2
37235,51726,200,3
37236,51727,200,3
37237,52995,200,3
37239,51191,138,2
37240,53807,200,4
37241,51808,200,4
37242,51809,200,4
37243,51728,200,3
37244,52308,200,3
37245,52312,200,3
37254,7245,200,4
37255,50996,200,3
37256,52325,200,3
37258,52317,200,3
37260,50998,200,3
37261,50999,200,3
37262,52313,200,3
37264,51001,200,3
37270,51194,138,2
37271,51161,138,2
37273,51153,138,2
37276,51183,138,2
37277,51534,138,2
37281,51135,138,2
37282,51136,138,2
37283,51218,138,2
37284,51138,138,2
37285,51140,138,2
37289,52324,200,3
37294,52492,200,3
37295,51051,138,2
37315,56324,138,2
37318,56322,138,2
37319,49913,138,2
37322,51173,138,2
37324,56314,138,2
37325,51217,138,2
37353,51264,138,2
37354,49906,138,2
37355,51265,138,2
37357,51242,138,2
37360,55717,200,4
37361,53822,200,4
37362,53808,200,4
37363,51010,200,4
37365,52314,200,3
37366,51006,200,3
37367,51700,200,3
37368,51701,200,3
37369,52334,200,3
37370,52329,200,3
37374,51702,200,3
37375,51262,138,2
37377,51703,200,3
37378,49864,138,2
37380,51210,138,2
37382,56376,138,2
37383,51250,138,2
37385,51251,138,2
37386,49848,138,2
37387,49980,138,2
37388,51263,138,2
37390,51706,200,3
37391,51294,138,2
37392,49847,138,2
37393,49911,138,2
37394,49816,138,2
37395,51707,200,3
37396,51211,138,2
37406,49851,138,2
37407,51697,200,4
37408,53823,200,4
37409,53819,200,4
37415,51221,138,2
37417,51066,138,2
37421,51215,138,2
37423,51244,138,2
37425,51223,138,2
37426,51257,138,2
37427,51267,138,2
37428,51260,138,2
37429,51181,138,2
37434,51113,138,2
37435,51137,138,2
37436,51248,138,2
37437,51071,138,2
37439,51239,138,2
37440,51240,138,2
37443,51238,138,2
37444,59543,138,2
37446,51231,138,2
37447,53181,138,2
37448,56315,138,2
37451,54935,138,2
37453,51146,138,2
37455,51141,138,2
37457,56323,138,2
37461,49801,145,3
37462,49800,145,2
37466,56326,138,2
37468,51086,138,2
37469,51144,138,2
37471,51106,138,2
37472,56321,138,2
37473,51527,138,2
37474,56316,138,2
37478,52372,138,2
37482,51206,138,2
37484,51162,138,2
37485,56387,138,2
37486,51190,138,2
37487,51254,138,2
37505,56330,138,2
37506,56354,138,2
37507,56386,138,2
37510,51259,138,2
37511,56392,138,2
37512,51151,138,2
37513,51184,138,2
37514,51133,138,2
37515,51197,138,2
37516,51504,138,2
37525,51277,138,2
37526,51230,138,2
37535,50137,138,2
37537,50142,138,2
37555,45851,138,2
37556,39927,138,2
37558,52820,138,2
37560,51112,138,2
37562,22639,138,2
37564,51256,138,2
37566,51160,138,2
37587,51709,200,3
37591,54513,200,3
37592,57540,200,3
37594,54514,200,3
37613,52311,200,3
37614,54516,200,3
37615,54501,200,3
37616,49357,200,3
37617,54504,200,3
37619,55720,200,4
37620,54039,200,4
37622,54519,200,4
37623,54520,200,4
37625,54517,200,3
37626,53117,200,3
37628,53118,200,3
37629,53116,200,3
37631,57305,200,3
37637,53121,200,3
37638,53122,200,3
37639,53123,200,3
37640,53124,200,3
37641,53126,200,3
37643,53815,200,4
37645,53132,200,4
37646,53133,200,3
37648,53134,200,3
37650,51459,200,3
37652,51460,200,3
37653,51512,200,3
37655,52355,200,3
37656,52360,200,3
37657,51518,200,3
37666,51519,200,3
37667,51521,200,4
37669,52345,200,4
37670,53809,200,4
37671,51516,200,3
37678,51613,200,3
37679,57604,200,3
37680,52347,200,3
37682,50510,200,3
37686,52397,200,3
37687,52400,200,3
37691,52407,200,3
37692,52414,200,3
37695,53835,200,4
37696,51939,200,4
37699,51610,200,3
37714,52565,200,3
37717,52567,200,3
37723,52572,200,3
37724,52573,200,3
37729,52619,200,3
37730,52620,200,3
37731,52618,200,3
37733,52574,200,3
37734,52576,200,3
37743,50506,130,3
37744,52467,130,3
37745,50025,130,3
37746,52544,130,3
37747,50024,130,3
37752,52464,134,3
37753,52458,138,3
37754,52545,142,3
37755,52472,146,3
37756,15063,150,3
37757,52448,154,3
37762,52520,134,3
37763,52475,138,3
37764,51715,142,3
37765,52488,150,3
37766,52513,154,3
37767,53372,158,3
37768,52515,162,3
37769,52482,166,3
37770,52514,170,3
37772,49362,134,3
37773,52476,138,3
37774,52481,142,3
37775,53371,146,3
37776,52501,150,3
37777,52485,154,3
37778,52473,158,3
37779,52484,166,3
37780,52502,170,3
37781,52487,174,3
37782,52477,134,3
37783,51927,138,3
37785,52509,146,3
37786,52483,150,3
37787,52302,154,3
37788,53817,200,4
37789,52512,158,3
37790,51704,162,3
37791,53814,200,4
37792,52450,166,3
37794,52454,174,3
37795,52451,142,3
37796,52453,142,3
37798,53825,200,4
37799,52605,200,3
37800,52610,200,3
37801,52611,200,3
37802,52445,146,3
37803,51691,138,3
37804,50536,158,3
37805,50006,154,3
37806,52446,162,3
37807,52457,150,3
37808,52455,162,3
37809,49368,162,3
37811,52456,146,3
37812,52460,158,3
37818,52359,200,3
37822,52459,170,3
37823,36902,166,3
37824,56898,174,3
37825,52364,200,3
37826,51934,200,3
37841,51936,200,3
37843,52348,200,3
37844,52614,200,3
37845,52615,200,3
37846,52616,200,3
37848,51938,200,3
37851,52357,200,3
37852,55709,200,4
37854,53826,200,4
37855,53818,200,4
37857,59544,200,3
37858,54902,200,3
37868,55009,200,3
37870,55011,200,3
37871,54989,200,3
37872,55012,200,3
37874,55019,200,3
37883,54903,200,4
37884,53893,200,4
37886,55006,200,4
37890,55007,200,3
37891,55008,200,3
37934,45948,1,1
37936,51284,146,2
37940,51301,146,2
37942,53251,146,2
37943,51287,146,2
37944,51368,146,2
37945,51334,146,2
37947,51317,146,2
37949,51004,146,2
37950,51355,146,2
37953,52624,146,2
37954,52623,146,2
37956,51388,146,2
37957,51361,146,2
37960,51278,146,2
37961,52626,146,2
37962,53257,146,2
37963,52625,146,2
37964,51359,146,2
37967,51276,146,2
37968,51369,146,2
37969,51372,146,2
37970,52493,146,2
37984,56470,146,2
37988,51375,146,2
37989,51332,146,2
37990,51318,146,2
37993,51343,146,2
37995,51286,146,2
37996,51392,146,2
37997,6490,0,0
37999,51354,146,2
38002,51373,146,2
38004,51319,146,2
38007,56372,146,2
38008,51316,146,2
38011,51335,146,2
38012,51356,146,2
38025,51390,146,2
38026,51358,146,2
38027,59545,146,2
38029,56310,146,2
38030,56443,146,2
38031,56312,146,2
38033,51309,146,2
38036,51275,146,2
38037,51303,146,2
38041,51321,146,2
38043,56200,146,2
38044,54933,146,2
38046,51394,146,2
38049,51322,146,2
38051,51347,146,2
38054,51357,146,2
38056,51311,146,2
38065,52499,0,0
38072,53466,146,2
38084,56393,146,2
38088,56370,146,2
38089,22423,1,1
38090,23728,1,1
38093,56469,146,2
38094,50905,146,2
38095,51330,146,2
38097,51315,146,2
38100,56394,146,2
38102,51393,146,2
38104,51288,146,2
38105,51302,146,2
38107,51108,146,2
38108,56138,146,2
38109,51337,146,2
38110,49478,146,2
38114,56445,146,2
38115,51346,146,2
38116,51331,146,2
38117,51314,146,2
38118,51397,146,2
38128,50146,146,2
38129,50141,146,2
38130,51365,146,2
38134,51364,146,2
38137,50144,146,2
38138,51367,146,2
38142,51366,146,2
38148,51381,146,2
38150,50167,146,2
38151,50122,146,2
38153,51171,146,2
38154,51380,146,2
38157,50152,146,2
38170,50201,146,2
38171,50325,146,2
38173,51403,146,2
38174,50206,146,2
38177,51174,146,2
38178,50338,146,2
38181,50329,146,2
38187,51464,146,2
38196,51463,146,2
38197,51385,146,2
38202,57176,146,2
38206,56894,146,2
38207,56895,146,2
38208,50157,138,2
38212,52818,138,2
38237,53056,138,3
38238,51110,138,3
38241,50850,138,3
38257,50547,138,3
38258,3673,138,3
38259,7371,138,3
38284,51279,146,2
38287,50583,110,4
38295,51424,146,2
38318,51795,20,2
38353,57171,150,3
38355,57172,150,3
38356,56897,150,3
38360,54347,150,3
38361,50537,150,3
38364,5562,150,3
38366,54349,150,3
38367,55823,150,3
38368,57173,150,3
38387,50680,154,3
38400,52902,142,2
38401,49794,146,2
38403,49253,146,2
38404,52901,142,2
38405,52584,146,2
38406,53050,142,2
38407,53051,138,2
38408,53052,138,2
38409,64114,142,2
38410,53054,142,2
38412,55193,138,2
38413,52950,146,2
38414,57751,138,2
38415,52951,142,2
38417,56692,146,2
38418,56684,138,2
38419,56690,142,2
38421,56688,134,2
38422,56691,138,2
38434,53055,150,2
38435,56687,150,2
38436,57750,150,2
38437,52906,150,2
38438,51784,150,2
38440,57541,150,2
38441,56696,159,3
38444,17171,187,3
38445,18418,187,3
38452,57078,166,3
38453,49480,166,3
38454,57084,166,3
38455,57083,166,3
38456,57089,166,3
38457,57087,166,3
38460,56896,166,3
38461,53470,166,3
38462,57086,166,3
38464,57082,166,3
38465,51533,166,3
38468,50603,146,3
38513,46626,13,2
38524,56373,146,2
38530,51413,146,3
38531,51411,146,3
38532,56337,146,3
38533,50753,146,3
38534,50752,146,3
38535,51414,146,3
38537,56397,146,3
38540,50772,146,3
38541,50770,146,3
38542,51412,146,3
38543,50771,146,3
38590,56676,175,3
38591,56678,171,3
38592,52938,175,3
38614,51531,183,3
38615,52352,200,3
38616,51514,200,3
38617,51515,200,3
38618,51163,200,3
38663,51956,70,3
38664,51733,70,3
38666,51632,70,3
38672,39122,70,3
38675,51912,70,3
38683,51588,70,3
38760,57689,154,2
38761,57688,154,2
38762,57687,154,2
38763,48007,174,2
38764,45112,174,2
39015,56012,154,2
39017,56333,154,2
39018,56357,154,2
39028,56389,154,2
39034,56332,154,2
39047,51324,154,2
39073,56893,138,2
39076,51325,154,2
39082,51149,154,2
39083,54815,142,2
39084,54813,142,2
39085,51503,142,2
39086,54814,142,2
39087,54812,142,2
39088,54809,142,2
39091,51892,154,2
39099,56106,154,2
39109,51382,154,2
39127,50266,154,2
39139,55381,200,4
39140,35245,200,4
39168,51577,154,3
39169,51576,154,3
39170,51569,154,3
39171,51575,154,3
39172,49876,154,3
39173,51568,154,3
39174,51572,154,3
39175,51571,154,3
39176,51574,154,3
39177,51573,154,3
39178,51570,154,3
39179,56375,154,3
39180,51582,154,3
39181,51587,154,3
39182,51584,154,3
39183,51585,154,3
39188,53829,200,4
39189,57095,200,4
39190,54214,200,4
39191,53833,200,4
39192,53836,200,4
39194,53838,200,4
39195,55378,200,4
39196,54223,200,4
39197,53841,200,4
39198,53842,200,4
39200,53844,200,4
39202,7464,7,0
39215,57007,200,4
39216,56607,200,4
39224,53848,200,4
39228,53850,200,4
39230,53852,200,4
39235,54208,200,4
39236,54229,200,4
39237,53883,200,4
39239,53884,200,4
39240,53885,200,4
39243,53888,200,4
39245,53889,200,4
39247,54209,200,4
39248,53890,200,4
39249,53891,200,4
39251,57073,200,4
39252,56603,200,4
39254,54227,200,4
39255,54799,200,4
39256,55718,200,4
39258,53286,200,4
39259,53898,200,4
39260,57522,200,4
39261,54220,200,4
39262,53901,200,4
39263,53902,200,4
39267,53903,200,4
39270,53904,200,4
39273,56612,200,4
39274,53906,200,4
39275,53907,200,4
39276,53908,200,4
39278,54207,200,4
39279,54215,200,4
39280,53912,200,4
39283,54211,200,4
39284,55327,200,4
39285,53915,200,4
39291,53918,200,4
39293,53920,200,4
39295,53925,200,4
39298,55382,200,4
39299,53926,200,4
39307,57072,200,4
39308,54217,200,4
39330,51838,162,2
39331,51849,162,2
39332,51851,162,2
39333,52612,162,2
39335,51853,162,2
39336,51850,162,2
39337,51854,162,2
39344,53932,200,4
39348,51841,162,2
39363,51842,162,2
39368,51848,162,2
39369,54224,200,4
39373,56365,162,2
39374,51864,162,2
39376,51866,162,2
39377,51867,162,2
39378,51868,162,2
39379,54219,200,4
39380,51870,162,2
39385,51860,162,2
39386,53935,200,4
39387,51856,162,2
39390,54212,200,4
39393,53938,200,4
39395,53653,200,4
39396,53939,200,4
39397,53940,200,4
39402,51858,162,2
39405,57543,200,4
39406,51855,162,2
39408,54029,200,4
39409,54028,200,4
39410,51859,162,2
39411,51861,162,2
39413,51863,162,2
39414,51865,174,2
39417,55712,213,4
39419,53805,213,4
39422,54032,213,4
39424,54036,213,4
39426,54033,213,4
39427,55715,200,4
39430,51886,162,2
39432,51888,162,2
39433,51889,162,2
39435,51890,162,2
39438,51875,162,2
39439,51877,162,2
39440,51878,162,2
39441,51879,162,2
39442,51880,162,2
39444,51881,162,2
39445,51882,162,2
39452,51905,162,2
39454,51907,162,2
39455,51908,162,2
39457,51893,162,2
39459,51895,162,2
39460,51896,162,2
39461,51901,162,2
39462,51902,162,2
39463,51900,162,2
39465,51898,162,2
39466,51639,162,2
39467,55380,200,4
39471,51903,174,2
39473,55710,200,4
39478,56190,162,3
39486,50534,162,3
39487,51909,162,3
39488,56888,162,3
39491,57531,200,4
39492,54443,200,4
39493,55170,200,4
39494,56597,200,4
39495,57016,200,4
39496,54399,200,4
39497,56474,200,4
39498,54283,200,4
39499,54308,200,4
39500,57017,200,4
39507,51797,20,2
39508,51894,162,2
39509,51796,20,2
39514,54387,200,4
39515,54269,200,4
39517,54280,200,4
39518,54302,200,4
39519,54422,200,4
39531,57538,200,4
39535,53000,187,3
39536,52613,187,3
39538,56071,200,4
39539,54274,200,4
39542,54290,200,4
39543,54407,200,4
39547,54230,200,4
39553,57539,200,4
39555,54273,200,4
39557,54406,200,4
39558,54256,200,4
39560,54423,200,4
39561,54396,200,4
39565,54289,200,4
39578,54375,200,4
39579,54254,200,4
39580,54275,200,4
39581,54296,200,4
39583,57068,200,4
39588,57023,200,4
39589,57069,200,4
39590,57071,200,4
39591,57066,200,4
39601,57025,200,4
39602,57055,200,4
39604,57070,200,4
39605,54403,200,4
39606,55369,200,4
39607,55376,200,4
39608,56214,200,4
39609,55371,200,4
39612,55375,200,4
39613,56213,200,4
39617,55484,200,4
39618,55486,200,4
39619,55485,200,4
39620,55489,200,4
39621,55491,200,4
39622,55372,200,4
39624,55488,200,4
39627,55490,200,4
39628,57546,200,4
39629,54255,200,4
39630,54277,200,4
39631,54299,200,4
39632,54419,200,4
39634,54420,200,4
39636,54278,200,4
39637,54300,200,4
39641,54279,200,4
39672,52002,162,2
39673,52004,162,2
39674,56388,162,2
39675,52005,162,2
39680,50994,155,3
39688,52011,167,3
39702,54616,213,4
39704,54708,213,4
39706,55395,213,4
39707,49252,155,2
39709,56693,151,2
39711,56694,151,2
39716,56656,213,4
39717,55393,213,4
39719,55324,213,4
39720,54703,213,4
39721,54713,213,4
39722,54715,213,4
39723,53198,213,4
39724,54624,213,4
39725,53670,213,4
39726,54620,213,4
39727,54695,213,4
39729,55385,213,4
39730,57331,213,4
39733,54698,213,4
39736,52030,0,0
39756,54803,213,4
39757,54700,213,4
39758,54739,213,4
39759,55383,213,4
39760,54847,213,4
39761,54702,213,4
39762,54716,213,4
39763,56662,213,4
39764,55384,213,4
39765,54714,213,4
39767,54719,213,4
39771,52403,158,2
39772,52387,158,2
39775,52444,158,2
39776,52386,154,2
39777,52373,158,2
39778,56351,158,2
39779,52395,158,2
39780,51073,158,2
39782,51353,158,2
39783,52380,158,2
39786,52374,158,2
39788,52416,158,2
39792,52439,158,2
39793,52417,158,2
39794,52381,158,2
39795,52045,158,2
39796,56360,158,2
39798,52438,158,2
39799,52425,158,2
39800,52420,158,2
39801,56362,158,2
39803,52408,158,2
39804,52392,158,2
39805,56381,158,2
39806,52379,158,2
39809,52441,158,2
39810,52340,158,2
39815,52382,158,2
39825,52378,158,2
39828,52423,158,2
39829,52411,158,2
39830,52404,158,2
39831,52405,158,2
39833,52432,158,2
39838,52433,158,2
39839,52332,158,2
39841,56191,158,2
39842,56349,158,2
39843,52430,158,2
39844,52440,158,2
39846,56350,158,2
39847,56192,158,2
39848,52419,158,2
39849,52376,158,2
39851,51891,158,2
39852,52429,158,2
39854,52412,158,2
39855,52406,158,2
39856,56352,158,2
39857,52424,158,2
39860,52428,158,2
39863,52431,158,2
39864,56335,158,2
39865,50533,158,2
39866,52409,158,2
39867,56329,158,2
39869,52401,158,2
39870,52402,158,2
39871,52434,158,2
39872,52410,158,2
39873,52443,158,2
39875,52442,158,2
39876,52370,158,2
39877,51906,158,2
39882,52393,158,2
39889,53142,158,2
39891,51641,158,2
39893,52371,158,2
39894,5116,25,3
39897,52161,25,3
40060,51941,213,4
40061,54710,213,4
40062,54626,213,4
40063,54704,213,4
40184,54770,213,4
40185,54790,213,4
40187,54787,213,4
40194,53622,226,4
40196,54849,213,4
40197,54779,213,4
40198,56602,213,4
40200,54762,213,4
40201,54783,213,4
40203,54767,213,4
40204,51008,213,4
40205,54792,213,4
40206,55394,213,4
40208,54772,213,4
40210,54768,213,4
40225,52280,1,1
40229,52284,1,1
40230,52288,1,1
40231,52286,1,1
40233,54796,213,4
40234,54782,213,4
40236,54789,213,4
40237,57094,213,4
40240,53669,213,4
40241,54784,213,4
40243,54775,213,4
40244,54793,213,4
40246,54763,213,4
40247,54769,213,4
40249,54804,213,4
40261,54843,213,4
40262,54852,213,4
40263,55389,213,4
40267,54871,213,4
40269,56085,213,4
40272,57077,213,4
40274,54839,213,4
40275,54845,213,4
40277,54872,213,4
40280,55774,213,4
40281,55719,213,4
40283,54848,213,4
40285,54846,213,4
40286,55325,213,4
40288,54867,213,4
40291,57525,162,3
40293,52304,162,3
40299,54865,213,4
40301,54840,213,4
40302,54835,213,4
40303,54874,213,4
40305,53289,213,4
40306,55386,213,4
40307,52294,200,4
40318,54891,213,4
40319,54879,213,4
40322,50456,213,4
40325,54876,213,4
40331,54889,213,4
40335,54977,213,4
40336,54893,213,4
40338,54875,213,4
40339,54883,213,4
40343,54560,213,4
40344,57545,213,4
40345,54878,213,4
40347,54914,213,4
40348,55711,213,4
40349,54882,213,4
40352,54890,213,4
40354,52385,115,3
40363,54912,213,4
40368,54974,213,4
40379,54972,213,4
40381,54788,213,4
40384,57248,226,4
40386,57466,226,4
40388,56236,226,4
40395,57250,226,4
40396,56663,226,4
40402,55906,226,4
40406,56959,213,4
40407,55975,213,4
40408,54463,213,4
40415,57018,213,4
40416,57532,213,4
40419,56599,213,4
40421,55167,213,4
40422,55169,213,4
40423,56476,213,4
40424,55172,213,4
40427,53194,200,4
40430,53197,200,4
40431,53285,213,4
40432,53291,213,4
40438,53654,213,4
40439,53657,213,4
40445,55072,213,4
40446,53655,213,4
40448,55073,213,4
40449,55075,213,4
40450,55074,213,4
40453,53290,213,4
40455,53294,213,4
40461,57536,213,4
40462,55224,213,4
40463,55228,213,4
40465,55227,213,4
40472,55219,213,4
40473,57537,213,4
40474,53560,213,4
40483,40036,0,3
40488,49366,213,4
40489,62285,213,4
40493,55226,213,4
40495,55076,213,4
40496,55077,213,4
40499,55078,213,4
40500,55079,213,4
40502,55080,213,4
40503,55214,213,4
40505,55211,213,4
40507,55213,213,4
40509,57059,213,4
40510,57061,213,4
40511,53658,213,4
40512,57062,213,4
40513,57064,213,4
40519,53659,213,4
40525,55788,213,4
40526,53649,213,4
40527,55790,213,4
40528,55229,213,4
40529,55793,213,4
40532,45465,226,4
40539,53635,226,4
40545,55791,213,4
40548,57022,213,4
40549,53661,226,4
40550,55492,213,4
40552,55494,213,4
40556,55497,213,4
40557,55499,213,4
40558,53660,226,4
40560,53664,226,4
40561,53663,226,4
40562,53652,226,4
40563,55495,213,4
40564,53666,226,4
40566,53667,226,4
40567,55496,213,4
40568,55498,213,4
40569,55173,213,4
40570,55174,213,4
40571,57547,213,4
40572,55177,213,4
40573,55209,213,4
40575,55180,213,4
40577,55179,213,4
40578,55208,213,4
40583,55178,213,4
40584,55181,213,4
40588,53668,226,4
40591,53671,226,4
40592,53672,226,4
40593,52633,115,3
40601,52664,115,3
40668,52694,142,2
40670,52861,159,3
40672,54827,167,3
40674,54828,163,3
40675,54829,171,3
40682,53630,200,4
40683,54045,200,4
40685,54046,200,4
40688,54051,200,4
40689,54050,200,4
40691,54059,200,4
40692,54052,200,4
40693,54053,200,4
40694,54055,200,4
40695,54056,200,4
40696,56606,200,4
40697,54058,200,4
40702,54464,200,4
40703,54471,200,4
40704,57481,200,4
40708,57574,200,4
40711,54481,200,4
40712,54483,200,4
40713,54484,200,4
40721,54667,213,4
40722,54673,213,4
40723,54674,213,4
40733,54619,213,4
40734,54678,213,4
40735,51807,213,4
40736,54681,213,4
40737,54682,213,4
40738,54684,213,4
40741,54687,213,4
40742,56996,213,4
40743,56997,213,4
40745,56062,213,4
40746,56998,213,4
40747,57093,213,4
40748,56999,213,4
40749,57011,213,4
40750,57001,213,4
40754,33436,200,3
40755,51628,171,3
40757,52480,171,3
40767,36444,167,3
40778,55801,200,3
40779,55500,200,3
40780,55821,200,3
40781,55819,200,4
40782,55820,200,4
40783,55806,200,4
40785,55816,213,4
40786,55811,213,4
40787,58717,232,4
40788,58853,232,4
40789,58791,232,4
40790,62199,251,4
40791,60864,251,4
40792,60895,251,4
40797,55802,200,3
40798,55841,200,3
40799,55840,200,3
40801,55807,200,4
40802,55839,200,4
40803,55838,200,4
40804,55812,213,4
40806,55836,213,4
40807,58792,232,4
40808,58855,232,4
40809,58718,232,4
40810,62198,251,4
40811,60865,251,4
40812,60915,251,4
40816,55803,200,3
40817,57533,200,3
40818,55528,200,3
40819,55808,200,4
40820,57534,200,4
40823,55813,213,4
40824,57535,213,4
40825,55723,213,4
40826,58793,232,4
40827,58720,232,4
40829,61830,251,4
40830,61554,251,4
40831,61470,251,4
40836,55804,200,3
40837,55834,200,3
40838,55835,200,3
40840,55809,200,4
40841,55831,200,4
40842,55833,200,4
40844,55814,213,4
40845,55829,213,4
40846,55830,213,4
40847,58794,232,4
40848,58721,232,4
40849,58854,232,4
40850,62196,251,4
40856,55805,200,3
40857,55505,200,3
40858,55828,200,3
40859,55810,200,4
40861,55827,200,4
40862,55815,213,4
40863,55733,213,4
40864,55826,213,4
40866,58795,232,4
40868,58722,232,4
40870,61831,251,4
40871,60866,251,4
40872,60908,251,4
40877,55645,200,4
40878,55650,200,4
40879,55754,213,4
40880,55755,213,4
40881,59245,226,4
40882,59251,226,4
40883,61472,245,4
40884,62208,245,4
40887,55635,200,4
40888,55753,213,4
40889,59240,226,4
40890,61477,245,4
40933,58857,232,4
40942,54816,142,2
40943,54825,158,2
40949,54823,146,2
40950,54826,150,2
40951,54824,150,2
40952,54074,154,2
40953,54822,158,2
40954,54072,162,2
40956,54821,154,2
40957,54819,162,2
40958,54820,166,2
40959,54818,170,2
40966,60017,200,4
40972,55634,200,4
40973,55651,200,4
40974,55727,213,4
40975,55728,213,4
40976,59241,226,4
40977,59246,226,4
40978,61471,245,4
40979,61473,245,4
40982,55726,213,4
40983,59238,226,4
40984,61476,245,4
40986,56926,200,3
40988,56925,200,4
40990,56922,213,4
40996,49969,0,0
40998,56940,200,3
41000,56938,213,4
41010,56936,200,3
41011,56935,200,4
41012,56934,213,4
41014,64922,251,4
41023,56932,200,3
41024,56944,200,3
41026,56928,213,4
41027,58867,232,4
41036,56942,200,4
41038,59053,232,4
41039,61280,251,4
41047,56945,200,4
41048,56948,213,4
41049,56949,200,4
41051,59262,226,4
41052,61463,245,4
41055,59255,226,4
41056,61466,245,4
41059,56946,213,4
41060,59265,226,4
41061,61467,245,4
41084,56965,200,3
41085,55847,200,4
41086,55848,213,4
41087,58802,232,4
41088,60192,251,4
41112,45782,183,3
41114,54076,179,3
41116,54075,175,3
41117,52862,159,3
41121,52868,200,3
41126,54811,163,3
41127,55300,167,3
41129,54810,179,3
41140,56966,200,3
41141,55844,200,4
41142,55614,213,4
41144,61457,251,4
41154,56967,200,3
41158,62161,251,4
41181,52941,159,3
41182,50271,163,3
41185,52926,175,3
41186,53477,179,3
41188,53478,179,3
41189,52931,179,3
41190,51612,166,3
41202,56968,200,3
41203,55854,200,4
41205,58805,232,4
41214,56969,200,3
41215,55626,200,4
41216,55618,213,4
41217,58807,232,4
41218,61461,251,4
41223,55638,200,4
41224,56970,213,4
41225,59266,226,4
41226,61468,245,4
41228,55652,200,4
41229,56972,213,4
41230,59268,226,4
41233,55646,200,4
41234,56971,213,4
41236,61462,245,4
41238,56697,167,3
41243,50076,154,2
41257,52966,200,4
41264,56681,200,3
41268,55398,200,3
41269,55399,200,3
41270,55874,200,3
41271,55404,200,3
41272,55862,200,3
41273,55417,200,4
41274,56421,213,4
41275,59046,232,4
41276,61447,251,4
41284,55397,200,4
41286,56418,213,4
41287,59410,232,4
41288,60856,251,4
41296,55872,200,4
41297,56419,213,4
41298,59414,232,4
41319,55411,200,4
41321,59411,232,4
41322,60858,251,4
41327,59412,232,4
41330,55643,200,4
41331,55647,200,4
41332,55632,200,4
41345,52996,187,3
41346,52999,187,3
41347,53003,187,3
41348,53004,187,3
41349,53110,187,3
41351,51604,187,3
41353,50991,187,3
41354,51710,187,3
41355,54830,187,3
41356,53007,187,3
41357,53008,187,3
41383,53030,200,4
41386,55310,200,4
41387,55311,200,4
41391,53036,200,4
41392,53037,200,4
41394,53038,200,4
41512,53082,134,2
41513,53090,134,2
41515,53084,134,2
41520,53086,138,2
41521,52491,142,2
41522,53087,138,2
41523,53088,146,3
41543,53092,154,2
41544,53093,162,2
41545,53094,158,2
41546,53381,154,2
41548,53096,154,2
41549,53097,158,2
41550,53098,162,2
41609,55336,200,4
41610,55335,200,4
41616,56423,213,4
41617,59416,226,4
41618,61455,245,4
41622,61453,245,4
41624,56422,213,4
41625,59415,226,4
41626,61450,245,4
41643,55867,200,3
41644,55431,200,3
41645,55876,200,3
41646,55435,200,3
41647,55859,200,3
41648,55858,200,4
41649,55857,213,4
41651,62214,251,4
41653,55873,200,4
41654,55869,213,4
41656,62213,251,4
41670,55740,200,4
41671,55432,213,4
41681,55742,200,4
41684,60929,251,4
41756,53242,158,2
41758,56344,158,2
41760,53244,158,2
41762,53246,158,2
41763,53243,158,2
41765,55866,200,4
41766,55865,213,4
41815,60069,175,3
41816,53200,175,3
41824,53201,175,3
41825,53206,175,3
41826,53233,158,3
41828,55749,200,4
41829,57524,158,3
41830,55747,200,4
41831,55642,213,4
41832,59304,226,4
41833,62215,245,4
41836,59305,226,4
41837,62216,245,4
41839,55633,213,4
41844,56366,158,3
41846,53235,158,3
41847,55541,200,3
41848,55545,200,3
41849,55539,200,3
41850,55549,200,3
41851,55897,200,3
41852,55560,200,4
41853,55561,213,4
41854,58847,232,4
41855,60157,251,4
41857,55895,200,4
41860,61421,251,4
41862,55888,200,4
41867,55570,200,4
41868,55569,213,4
41869,58850,232,4
41870,60161,251,4
41873,55878,213,4
41874,58848,232,4
41875,60151,251,4
41878,55637,200,4
41879,55654,200,4
41880,55673,213,4
41881,59296,226,4
41882,61481,245,4
41885,59301,226,4
41886,61483,245,4
41890,53238,158,3
41891,53240,158,3
41892,55670,213,4
41893,59298,226,4
41894,61484,245,4
41896,55641,200,4
41897,55750,213,4
41898,59294,226,4
41899,61478,245,4
41901,55653,200,4
41902,55752,213,4
41904,61479,245,4
41905,56378,158,3
41908,55751,213,4
41909,59297,226,4
41910,61480,245,4
41932,53241,158,3
41943,56437,200,3
41944,55590,200,4
41945,55735,213,4
41947,60168,251,4
41949,56442,200,3
41950,55896,200,4
41951,55894,213,4
41954,61422,251,4
41956,56439,200,3
41957,55889,200,4
41959,58755,232,4
41960,61423,251,4
41962,55595,200,3
41963,55575,200,4
41964,55734,213,4
41966,60169,251,4
41968,56438,200,3
41969,55882,200,4
41972,61419,251,4
41974,54071,142,2
41975,54073,142,2
41984,53250,187,3
41985,53252,187,3
41986,53253,187,3
41987,53255,175,3
41990,56429,200,3
41991,56149,200,4
41992,56153,213,4
41993,63408,232,4
41994,60183,251,4
41996,56434,200,3
41998,58785,232,4
41999,61420,251,4
42001,56156,200,4
42002,56432,200,3
42003,56426,200,4
42004,56164,213,4
42005,58788,232,4
42006,63203,251,4
42008,56428,200,3
42010,56158,213,4
42011,58789,232,4
42012,61425,251,4
42014,56431,200,3
42015,56154,200,4
42016,56160,213,4
42017,58786,232,4
42018,61418,251,4
42076,61562,245,4
42077,61563,245,4
42078,61648,245,4
42081,61564,245,4
42095,53270,187,3
42096,53271,187,3
42100,55340,200,4
42102,55330,200,4
42111,55334,200,4
42122,48071,200,4
42123,56635,200,4
42206,56240,200,3
42207,56204,200,4
42208,56208,213,4
42209,56202,232,4
42210,60811,245,4
42215,56227,200,3
42218,55950,200,3
42219,55949,200,3
42221,55953,200,3
42223,57299,200,3
42229,60825,245,4
42234,60809,245,4
42242,56411,213,4
42259,56257,200,4
42260,55948,213,4
42261,55945,232,4
42264,56256,200,4
42274,55955,200,4
42275,55954,213,4
42277,60839,245,4
42282,60807,245,4
42285,57297,213,4
42287,60840,245,4
42294,55927,200,3
42295,56957,200,3
42296,55965,200,3
42297,57464,200,3
42316,55925,200,4
42317,55926,213,4
42319,60813,245,4
42321,56956,200,4
42322,56955,213,4
42323,58961,232,4
42324,60808,245,4
42326,55966,200,4
42331,57463,200,4
42332,57462,213,4
42334,60823,245,4
42338,53407,167,3
42341,53455,200,3
42343,56247,200,3
42344,56241,200,3
42347,56258,232,4
42351,56255,200,4
42352,56410,213,4
42353,58959,232,4
42354,60818,245,4
42356,56238,200,3
42359,56252,200,4
42362,56409,213,4
42366,60806,245,4
42386,60816,245,4
42388,56248,200,3
42389,56259,200,4
42390,56413,213,4
42395,53454,200,3
42413,53453,200,3
42418,53456,200,3
42443,53476,175,3
42445,55930,200,3
42446,55933,200,3
42447,56175,200,3
42448,56614,200,3
42485,56177,213,4
42487,60844,245,4
42489,55929,200,4
42490,55928,213,4
42494,55932,200,4
42495,55931,213,4
42496,58935,232,4
42501,56616,200,4
42504,60851,245,4
42508,53532,200,4
42515,60805,245,4
42550,45779,200,4
42551,53564,200,4
42554,45780,200,4
42558,56886,200,4
42563,56415,200,4
42623,51913,0,0
42646,53566,200,4
42723,54817,187,3
42726,53577,187,3
42729,53578,187,3
42731,56715,187,3
42758,53633,155,3
42760,53625,155,3
42761,53632,155,3
42762,53626,155,3
42763,56342,155,3
42765,53639,155,3
42766,53627,155,3
42767,49734,155,3
42768,53629,155,3
42785,56093,174,2
42786,56004,174,2
42787,56034,174,2
42788,56007,174,2
42789,55901,174,2
42790,55476,174,2
42791,56103,174,2
42792,56141,174,2
42795,56055,174,2
42798,56081,174,2
42801,56577,174,2
42803,55908,174,2
42804,56132,174,2
42806,56578,174,2
42807,55892,174,2
42809,56579,174,2
42810,51873,174,2
42811,56140,174,2
42813,56582,174,2
42814,55903,174,2
42815,56092,174,2
42816,56585,174,2
42817,56587,174,2
42818,56136,174,2
42821,56589,174,2
42826,56018,174,2
42830,56102,174,2
42831,56076,174,2
42832,56596,174,2
42833,56598,174,2
42835,56600,174,2
42836,56584,174,2
42844,56105,187,3
42845,55905,174,2
42846,56091,174,2
42847,56137,174,2
42849,56005,174,2
42858,56001,174,2
42860,55904,174,2
42862,56025,174,2
42865,56006,174,2
42866,56009,174,2
42870,56021,174,2
42872,56098,174,2
42875,56581,174,2
42881,55845,174,2
42882,56391,174,2
42883,56042,174,2
42884,56133,174,2
42886,56583,174,2
42889,56601,174,2
42890,56099,174,2
42891,56590,174,2
42895,56575,174,2
42896,56576,174,2
42987,56181,200,4
42988,56182,200,4
42989,56178,200,4
42990,56179,200,4
43056,53970,0,0
43057,53975,0,0
43058,53956,0,0
43061,53974,0,0
43067,53984,0,0
43068,54462,115,4
43069,54459,115,4
43070,54460,115,4
43071,54461,115,4
43073,54449,115,4
43074,54447,115,4
43075,14658,115,4
43077,54453,115,4
43083,54455,115,4
43129,56722,187,3
43130,52333,187,3
43131,53236,187,3
43132,56718,187,3
43133,56716,187,3
43160,54189,158,3
43161,54194,158,3
43162,54195,158,3
43163,54196,158,3
43164,57269,175,3
43165,57270,175,3
43168,57264,175,3
43171,57267,175,3
43172,57268,175,3
43174,57271,175,3
43177,56875,175,3
43178,56874,175,3
43179,56873,175,3
43185,56148,174,3
43186,57177,174,3
43190,56027,174,3
43191,56035,174,3
43192,56104,174,3
43193,56072,174,3
43194,56591,174,3
43195,56135,174,3
43197,56097,174,3
43200,56131,174,3
43202,56595,174,3
43203,56033,174,3
43204,56026,174,2
43207,56605,187,3
43208,56608,187,3
43209,56609,187,3
43210,56017,174,3
43211,56610,174,3
43212,56014,187,3
43250,54488,187,3
43255,56726,187,3
43256,54952,187,3
43257,56695,187,3
43258,54950,187,3
43260,56701,187,3
43261,56720,187,3
43262,54925,187,3
43263,54924,187,3
43264,54920,187,3
43265,57622,187,3
43266,57621,187,3
43271,54923,187,3
43273,56719,187,3
43278,54512,167,3
43279,51520,167,3
43281,54521,200,3
43283,54522,200,3
43284,54525,200,3
43286,54523,200,3
43305,51925,179,3
43313,54579,200,3
43353,51615,175,3
43363,55000,175,3
43375,55001,175,3
43401,55014,200,3
43402,55015,200,3
43409,55017,200,3
43433,56706,187,3
43434,56703,187,3
43435,56702,187,3
43436,56704,187,3
43437,56709,187,3
43438,56705,187,3
43439,56708,187,3
43445,54937,187,3
43446,54932,187,3
43447,56735,187,3
43448,56736,187,3
43450,56728,187,3
43451,56733,187,3
43452,57620,187,3
43454,56729,187,3
43455,50611,187,3
43456,56731,187,3
43457,56732,187,3
43459,56711,200,4
43460,56712,200,4
43469,56724,200,4
43484,55207,200,4
43495,55206,200,4
43502,55205,200,4
43555,54963,200,4
43565,56737,200,4
43566,56738,200,4
43573,55033,200,4
43583,55040,213,4
43584,55048,213,4
43585,55042,213,4
43587,55047,213,4
43588,55044,213,4
43591,55046,213,4
43595,55054,213,4
43739,54253,200,4
43741,54432,200,4
43743,54405,200,4
43745,54272,200,4
43746,54271,200,4
43747,54310,200,4
43748,54309,200,4
43763,54398,200,4
43764,45014,200,4
43767,54259,200,4
43768,54397,200,4
43770,45228,200,4
43772,54306,200,4
43773,54304,200,4
43776,54282,200,4
43777,57530,200,4
43778,54418,200,4
43780,54268,200,4
43781,54297,200,4
43788,54431,200,4
43790,54270,200,4
43812,54371,200,4
43813,51834,200,4
43815,54370,200,4
43818,54288,200,4
43819,54287,200,4
43828,56560,174,2
43830,51299,174,2
43833,56343,174,2
43836,56783,174,2
43837,56782,174,2
43838,56786,174,2
43839,56496,174,2
43841,56205,174,2
43843,56501,174,2
43845,56569,174,2
43856,55367,174,2
43859,56509,174,2
43860,55301,171,3
43862,56573,174,2
43864,55302,171,3
43865,55306,171,3
43866,56571,174,2
43871,55309,175,3
43873,56562,174,2
43874,56567,174,2
43878,56572,174,2
43879,56565,174,2
43880,56479,174,2
43889,56488,174,2
43891,56484,174,2
43893,57391,174,2
43895,56568,174,2
43896,56564,174,2
43906,56400,174,2
43908,56359,174,2
43909,56334,174,2
43910,56510,174,2
43912,56504,174,2
43914,56497,174,2
43916,50210,174,2
43920,50145,174,2
43924,56566,174,2
43925,56557,174,2
43926,56558,174,2
43928,56508,174,2
43931,56485,174,2
43932,56483,174,2
43934,56561,174,2
43935,56512,174,2
43936,56331,174,2
43939,56371,174,2
43940,56574,174,2
43943,56563,174,2
43945,56505,174,2
43946,56500,174,2
43948,56346,174,2
43969,55370,187,3
43970,55368,187,3
43972,55363,187,3
43974,55366,187,3
43975,55364,187,3
43976,56374,174,2
43977,56570,174,2
43981,56499,174,2
43988,56114,200,4
43989,56216,200,4
43990,56117,200,4
43991,56121,200,4
43995,56122,213,4
43996,53830,213,4
43998,56120,213,4
44000,56127,213,4
44004,56128,213,4
44006,56129,226,4
44011,56130,226,4
44014,56514,174,3
44015,56513,174,3
44016,56521,174,3
44018,56522,174,3
44019,56527,174,3
44020,56537,174,3
44021,56539,174,3
44024,56540,174,3
44026,56538,174,3
44027,56070,174,3
44029,52571,174,3
44030,56541,174,3
44031,56542,174,3
44035,56781,174,3
44036,56516,174,3
44037,56517,174,3
44038,56518,174,3
44041,56523,174,3
44042,56524,174,3
44043,56526,174,3
44044,57523,174,3
44045,56534,174,3
44046,56532,174,3
44051,55573,187,3
44052,55574,187,3
44053,57482,187,3
44054,55608,166,3
44055,55611,166,3
44057,55605,166,3
44058,55612,166,3
44059,55604,166,3
44060,55603,166,3
44061,55606,166,3
44062,55607,166,3
44063,55609,200,3
44073,55773,200,4
44104,55691,187,3
44108,55698,187,3
44109,57526,187,3
44110,58223,187,3
44111,55695,187,3
44112,55696,187,3
44116,55757,187,3
44117,55760,174,3
44120,55772,187,3
44121,55758,187,3
44122,55763,187,3
44123,55771,187,3
44166,55818,187,3
44170,51003,187,3
44171,55825,187,3
44179,55856,200,3
44181,55884,200,4
44182,55900,200,4
44188,55943,187,3
44189,55962,187,3
44190,55964,187,3
44192,55974,200,3
44194,55976,200,3
44196,55993,187,3
44197,55990,187,3
44198,55983,200,3
44200,55989,200,3
44201,55986,200,3
44202,55987,200,4
44203,55988,200,4
44204,55991,200,4
44205,55992,200,4
44211,53085,138,2
44214,9063,187,3
44215,7271,35,3
44217,56069,45,3
44219,56080,45,3
44239,56180,187,3
44240,56183,187,3
44241,56203,187,3
44243,56196,187,3
44244,56206,200,3
44247,55312,200,3
44248,56218,200,3
44249,56219,200,3
44256,56260,200,3
44257,56261,200,3
44258,56262,200,3
44295,56267,200,4
44296,56269,200,4
44297,56399,200,4
44302,56293,200,4
44303,56295,200,4
44305,56296,200,4
44306,56297,200,4
44309,56301,200,4
44311,56304,200,4
44312,56305,200,4
44336,56339,175,3
44337,56664,175,3
44342,56054,167,3
44343,56056,167,3
44346,56870,146,3
44347,56871,146,3
44348,56869,146,3
44349,56872,146,3
44350,56011,163,3
44351,51857,163,3
44355,56784,167,3
44356,56785,167,3
44357,56787,167,3
44360,51195,159,3
44362,56759,159,3
44363,51884,159,3
44364,56758,159,3
44367,56774,159,3
44383,56777,183,3
44386,56764,174,3
44387,56766,174,3
44388,56765,174,3
44394,55296,174,3
44404,56788,187,3
44407,56789,187,3
44409,56791,187,3
44410,56792,187,3
44428,55018,76,2
44436,56673,167,3
44438,56675,175,3
44440,56680,167,3
44441,56679,171,3
44442,56677,175,3
44443,56672,167,3
44445,56725,175,3
44505,56796,187,3
44583,56868,146,3
44590,56876,146,3
44638,56903,80,1
44639,56902,80,1
44642,39387,80,1
44643,56904,80,1
44645,56905,80,1
44649,56883,159,3
44662,23713,226,4
44666,55359,159,3
44667,56924,159,3
44668,56927,159,3
44669,56929,159,3
44670,56930,159,3
44671,56937,167,3
44672,56943,167,3
44673,56951,167,3
44674,56953,167,3
44675,56958,167,3
44676,56963,167,3
44677,56964,174,3
44686,56988,175,3
44688,39432,175,3
44697,57051,183,3
44703,57080,187,2
44732,57302,183,3
44734,57332,175,3
44735,57334,175,3
44736,52928,175,3
44741,45782,183,3
44742,45782,183,3
44745,57384,174,3
44747,57385,174,3
44748,50535,174,3
44906,57700,200,4
44908,57705,200,4
44909,57707,200,4
44910,57706,200,4
44914,57709,200,4
44930,57749,200,4
44931,57748,200,4
45024,31498,6,4
45074,59509,200,4
45075,59077,200,4
45076,59078,200,4
45077,59583,200,4
45078,59080,200,4
45110,59382,232,4
45117,59730,226,4
45128,59623,200,4
45129,59079,200,4
45130,59581,200,4
45131,59068,200,3
45134,59702,239,4
45135,58980,239,4
45136,59136,239,4
45142,58939,232,4
45143,59273,226,4
45146,59027,226,4
45150,61871,226,4
45156,59042,200,3
45159,59066,200,3
45160,59064,200,3
45165,58876,232,4
45169,61970,226,4
45170,59390,232,4
45183,59067,200,3
45184,59044,200,3
45204,59510,200,4
45205,59595,200,4
45208,59511,200,4
45209,59073,200,3
45210,59582,200,4
45212,59626,200,4
45213,48508,200,3
45214,59585,200,4
45215,59074,200,3
45217,59075,200,3
45219,59069,200,3
45221,59076,200,3
45232,59743,226,4
45233,58947,232,4
45241,59695,239,4
45253,59015,226,4
45256,58927,232,4
45257,59389,232,4
45266,58937,232,4
45269,59213,226,4
45282,58912,219,4
45283,59302,219,4
45286,59324,219,4
45287,59383,219,4
45288,59766,219,4
45289,59721,219,4
45291,58987,219,4
45292,59311,219,4
45293,59759,226,4
45294,59392,232,4
45295,59217,226,4
45299,59158,219,4
45300,59778,226,4
45301,59773,219,4
45302,59590,219,4
45303,11990,219,4
45304,59232,219,4
45305,59748,219,4
45306,58979,219,4
45307,59770,219,4
45308,59524,219,4
45310,59306,219,4
45313,59313,219,4
45315,58736,232,4
45316,59763,219,4
45317,59029,219,4
45318,58995,219,4
45321,59753,219,4
45322,58985,219,4
45324,59101,219,4
45327,58878,232,4
45330,59150,219,4
45333,59764,219,4
45335,58229,219,4
45336,58231,219,4
45337,58230,219,4
45338,58330,219,4
45339,58233,219,4
45341,58247,219,4
45343,58329,219,4
45344,58249,219,4
45345,58239,219,4
45346,59573,219,4
45347,58335,219,4
45349,58243,219,4
45350,58242,219,4
45356,59574,219,4
45357,58334,219,4
45360,58338,219,4
45361,59656,219,4
45362,58256,219,4
45364,58253,219,4
45365,59670,219,4
45367,59431,219,4
45368,59517,219,4
45369,58262,219,4
45370,58265,219,4
45371,59612,219,4
45372,59611,219,4
45373,59617,219,4
45374,59618,219,4
45375,59610,219,4
45376,58270,219,4
45378,59757,219,4
45379,59614,219,4
45380,59616,219,4
45383,58275,219,4
45384,59613,219,4
45385,59615,219,4
45387,58331,219,4
45388,58332,219,4
45389,58333,219,4
45390,58283,219,4
45396,58287,219,4
45398,59648,219,4
45399,58290,219,4
45400,58291,219,4
45401,58293,219,4
45402,59647,219,4
45403,58339,219,4
45404,58296,219,4
45405,59485,219,4
45412,59646,219,4
45413,59488,219,4
45415,58301,219,4
45416,58639,219,4
45417,59396,219,4
45419,58302,219,4
45421,58328,219,4
45422,58307,219,4
45423,59723,219,4
45424,58308,219,4
45425,59677,219,4
45426,58309,219,4
45428,58312,219,4
45430,58313,219,4
45432,58314,219,4
45433,58315,219,4
45441,61873,226,4
45444,59632,239,4
45445,59197,239,4
45447,44703,226,4
45450,61884,226,4
45455,59755,226,4
45457,58930,239,4
45458,58874,219,4
45461,58996,239,4
45462,59121,239,4
45463,59365,232,4
45464,59672,219,4
45466,59237,226,4
45468,61887,226,4
45472,59706,239,4
45473,59737,239,4
45474,59270,239,4
45479,58925,232,4
45486,59002,239,4
45487,61889,239,4
45497,59988,239,4
45498,58915,232,4
45516,58946,239,4
45518,59269,239,4
45520,59009,239,4
45521,58910,232,4
45527,58888,232,4
45531,61886,226,4
45535,59317,239,4
45536,59740,239,4
45543,59274,226,4
45544,59258,226,4
45547,59742,226,4
45548,58641,226,4
45549,59731,226,4
45551,59224,226,4
45552,59209,226,4
45553,59145,226,4
45554,59157,226,4
45556,59084,226,4
45557,58978,226,4
45560,59667,226,4
45561,59212,226,4
45562,59168,226,4
45563,59652,226,4
45564,59117,226,4
45565,59093,226,4
45566,59433,226,4
45594,59712,239,4
45599,59703,239,4
45607,58884,239,4
45609,59321,239,4
45610,59658,239,4
45613,58921,239,4
45615,59649,239,4
45616,59135,239,4
45619,59032,239,4
45620,58885,239,4
45626,58419,24,3
45629,58418,44,2
45631,18155,54,3
45663,59694,239,4
45676,59167,219,4
45677,59116,219,4
45679,59775,219,4
45680,59747,219,4
45686,59761,219,4
45694,59718,219,4
45695,58923,219,4
45697,59229,219,4
45698,59754,219,4
45700,58942,219,4
45701,59768,219,4
45703,59326,219,4
45707,59288,219,4
45708,59300,219,4
45709,59105,219,4
45712,59138,219,4
45713,58952,219,4
45810,55663,200,3
45826,58756,226,4
45827,58743,226,4
45828,58773,226,4
45830,58745,226,4
45831,58769,226,4
45832,59722,219,4
45834,58750,226,4
45835,58749,226,4
45836,58760,226,4
45837,58758,226,4
45839,58762,226,4
45841,58767,226,4
45842,58774,226,4
45843,58766,226,4
45844,58764,226,4
45847,58772,226,4
45848,58768,226,4
45865,59020,219,4
45867,59765,226,4
45868,59364,232,4
45869,59091,226,4
45871,59327,226,4
45872,58739,219,4
45873,59040,219,4
45888,59170,226,4
45894,59012,219,4
45895,59772,219,4
45927,59719,219,4
45928,59751,226,4
45929,59325,226,4
45930,59371,232,4
45931,48009,226,4
45934,58928,219,4
45935,59676,219,4
45936,59752,219,4
45938,58934,239,4
45940,59119,219,4
45941,59774,219,4
45943,61842,226,4
45945,59308,226,4
45949,58962,239,4
45960,58966,239,4
45971,58960,239,4
45972,58906,219,4
45974,59760,219,4
45975,59749,219,4
45976,59033,219,4
45982,59163,226,4
45988,59218,226,4
45989,59779,226,4
45990,58735,232,4
45997,58235,219,4
46009,59756,219,4
46011,59375,219,4
46012,59725,219,4
46013,59031,219,4
46014,59026,219,4
46016,58945,219,4
46019,59777,219,4
46021,59316,219,4
46025,58917,219,4
46028,59750,219,4
46030,59036,219,4
46031,58877,219,4
46032,58999,226,4
46033,58926,232,4
46034,59720,226,4
46037,59143,226,4
46039,59233,226,4
46041,59140,226,4
46042,59000,226,4
46043,59526,226,4
46045,59018,226,4
46049,59762,226,4
46050,59724,226,4
46051,59328,226,4
46057,58776,213,4
46058,58775,213,4
46059,58777,213,4
46062,58779,213,4
46063,59684,213,4
46066,58783,213,4
46067,58911,232,4
46068,59717,226,4
46071,60347,213,4
46072,60346,213,4
46073,60345,213,4
46075,60344,213,4
46076,58814,213,4
46078,58815,213,4
46079,58816,213,4
46080,58817,213,4
46081,58820,213,4
46082,58819,213,4
46084,58823,213,4
46085,58821,213,4
46086,58824,213,4
46097,58740,232,4
46111,58246,226,4
46115,59332,226,4
46116,58969,226,4
46119,59335,226,4
46121,60033,226,4
46122,59336,226,4
46123,59057,226,4
46124,59340,226,4
46125,59341,226,4
46126,59342,226,4
46135,61912,226,4
46136,61913,226,4
46137,61917,226,4
46139,61918,226,4
46140,61919,226,4
46141,59058,226,4
46142,61840,226,4
46143,59659,226,4
46144,59404,226,4
46145,59407,226,4
46146,59047,226,4
46148,59417,226,4
46149,59419,226,4
46150,59420,226,4
46151,59675,226,4
46152,59608,226,4
46153,59606,226,4
46154,59602,226,4
46155,59427,226,4
46156,59603,226,4
46158,59437,226,4
46161,59441,226,4
46165,59447,226,4
46167,59448,226,4
46168,59451,226,4
46169,59449,226,4
46170,59450,226,4
46172,59480,226,4
46174,59458,226,4
46176,59605,226,4
46177,59607,226,4
46181,59604,226,4
46182,59609,226,4
46183,59477,226,4
46184,59572,226,4
46199,59481,226,4
46204,59489,226,4
46208,59491,226,4
46212,59643,226,4
46213,58264,219,4
46218,58274,226,4
46221,58269,219,4
46223,58277,219,4
46224,59454,219,4
46225,58278,226,4
46226,58272,219,4
46227,58268,226,4
46228,59051,226,4
46250,58259,219,4
46253,58261,219,4
46262,58251,219,4
46274,58255,226,4
46294,58299,226,4
46299,58294,226,4
46320,59001,226,4
46321,59034,226,4
46331,59533,200,3
46342,59552,219,4
46346,59650,219,4
46347,59553,219,4
46962,61000,245,4
46970,61403,245,4
46976,61401,245,4
46985,61365,245,4
46996,60578,245,4
46999,61342,245,4
47052,62025,245,4
47055,61650,245,4
47056,62050,245,4
47057,62024,245,4
47069,60580,245,4
47072,61368,245,4
47080,61410,245,4
47081,61234,245,4
47089,61405,245,4
47093,62004,245,4
47107,61652,245,4
47108,62000,245,4
47114,60582,245,4
47115,61413,245,4
47121,62026,245,4
47130,60653,258,4
47141,61236,245,4
47150,62290,245,4
47151,61653,245,4
47152,61962,245,4
47170,60526,200,4
47171,60525,200,4
47173,60523,200,4
47174,60457,200,4
47175,60524,200,4
47176,60528,200,4
47177,60530,200,4
47178,60531,200,4
47181,60527,200,4
47185,60529,200,4
47194,61237,245,4
47195,61341,245,4
47197,60532,200,4
47199,60638,200,4
47201,60639,200,4
47203,61238,245,4
47206,61660,258,4
47210,60465,200,4
47211,60537,200,4
47212,60539,200,4
47213,48010,200,4
47214,61414,200,4
47216,61415,200,4
47217,60536,200,4
47218,60540,200,4
47220,60478,200,4
47221,60545,200,4
47226,60518,200,4
47227,60544,200,4
47228,60546,200,4
47229,60641,200,4
47230,60549,200,4
47231,60640,200,4
47244,60551,219,4
47248,60642,219,4
47249,60550,219,4
47250,60488,219,4
47251,61219,245,4
47253,62143,245,4
47256,61402,245,4
47257,61404,245,4
47262,61249,245,4
47263,61540,245,4
47266,60659,245,4
47267,60595,245,4
47269,61545,245,4
47275,43290,245,4
47277,61182,245,4
47280,61113,245,4
47284,61173,245,4
47285,60596,245,4
47286,61872,245,4
47291,61406,245,4
47294,61550,245,4
47299,61181,245,4
47301,61866,245,4
47308,62081,245,4
47311,61103,245,4
47312,62140,245,4
47313,61175,245,4
47318,61252,245,4
47321,62110,245,4
47326,62069,245,4
47329,60602,245,4
47369,59129,0,0
47426,61112,258,4
47483,61657,258,4
47493,60562,219,4
47495,60555,219,4
47496,60557,219,4
47497,60556,219,4
47498,60554,219,4
47500,60564,219,4
47501,61408,219,4
47503,60560,219,4
47504,60643,219,4
47508,60561,219,4
47510,60644,219,4
47511,63410,219,4
47513,60674,258,4
47514,60508,219,4
47515,60665,258,4
47516,60670,258,4
47518,60671,258,4
47519,60652,258,4
47521,60667,258,4
47522,40365,219,4
47526,61679,258,4
47527,60570,219,4
47560,60568,219,4
47561,60569,219,4
47563,60646,219,4
47564,60520,219,4
47565,60575,219,4
47567,60574,219,4
47569,60572,219,4
47570,61897,245,4
47571,62141,245,4
47572,62003,245,4
47573,62142,245,4
47574,62002,245,4
47589,62047,245,4
47592,62052,245,4
47608,61706,232,4
47609,62065,232,4
47610,62051,232,4
47611,62001,232,4
47613,61932,232,4
47614,62006,232,4
47615,62008,232,4
47616,61938,232,4
47617,61682,232,4
47620,61170,232,4
47621,61939,232,4
47663,61241,232,4
47667,62300,245,4
47669,61639,232,4
47677,62027,245,4
47680,61999,232,4
47683,61941,232,4
47696,61731,245,4
47711,61297,232,4
47717,62035,232,4
47719,61903,232,4
47720,62009,232,4
47721,61561,232,4
47727,7244,232,4
47738,61372,232,4
47739,61930,232,4
47743,60611,232,4
47745,61243,232,4
47746,62159,232,4
47749,61721,232,4
47750,61189,232,4
47751,61190,232,4
47752,61163,232,4
47773,62066,232,4
47774,62070,232,4
47775,62075,232,4
47776,62080,232,4
47777,62090,232,4
47783,61183,232,4
47785,61185,232,4
47786,61717,232,4
47787,61187,232,4
47798,62092,232,4
47799,62083,232,4
47800,62076,232,4
47802,62068,232,4
47808,60613,232,4
47810,60617,232,4
47811,62045,232,4
47816,60675,232,4
47829,61995,232,4
47830,62021,232,4
47832,61933,232,4
47834,60619,232,4
47837,61233,232,4
47850,61253,232,4
47851,61486,232,4
47852,61535,232,4
47855,61861,232,4
47856,61271,232,4
47857,61201,232,4
47858,62136,232,4
47859,62137,232,4
47860,61226,232,4
47861,61827,232,4
47863,61179,232,4
47865,62074,232,4
47866,61254,232,4
47867,61104,232,4
47869,61541,232,4
47870,62138,232,4
47871,60621,232,4
47873,62108,232,4
47876,62115,232,4
47877,62129,232,4
47884,60682,232,4
47885,61551,232,4
47886,60625,232,4
47887,61208,232,4
47889,61865,232,4
47892,60626,232,4
47894,61658,232,4
47896,61499,232,4
47898,60603,232,4
47899,60628,232,4
47901,62106,232,4
47902,62118,232,4
47904,61213,232,4
47905,60673,232,4
47907,60686,232,4
47908,62119,232,4
47909,61806,232,4
47911,60633,232,4
47914,61188,232,4
47925,62007,245,4
47937,61354,245,4
47982,61168,232,4
48056,60663,245,4
48067,62067,232,4
48130,61926,232,4
48153,61197,232,4
48155,61205,232,4
48190,61204,232,4
48218,62160,232,4
48245,61210,232,4
48246,61250,232,4
48251,61825,232,4
48252,62162,232,4
48264,61828,258,4
48275,61096,232,4
48276,62096,232,4
48278,62101,232,4
48281,59179,232,4
48282,61988,232,4
48298,62102,232,4
48365,62105,245,4
48368,62100,232,4
48369,62103,232,4
48371,62039,232,4
48372,62048,232,4
48373,62019,232,4
48374,62010,232,4
48375,62064,232,4
48386,61525,232,4
48387,62113,232,4
48388,62117,232,4
48390,62135,232,4
48402,60850,258,4
48406,60810,258,4
48424,60847,258,4
48428,60815,258,4
48445,62020,232,4
48457,62114,232,4
48472,62032,232,4
48474,61347,232,4
48476,61853,232,4
48478,62012,232,4
48480,62059,232,4
48501,61485,232,4
48504,62122,232,4
48505,62130,232,4
48519,60845,258,4
48535,62011,232,4
48559,61487,232,4
48561,62123,232,4
48562,62131,232,4
48566,61849,232,4
48568,61856,232,4
48572,62014,232,4
48574,62062,232,4
48595,62133,232,4
48597,62116,232,4
48598,62112,232,4
48605,61846,232,4
48606,62015,232,4
48627,62132,232,4
48628,62124,232,4
48635,61855,232,4
48655,62126,232,4
48656,62134,232,4
48663,60715,226,4
48666,61400,258,4
48671,61260,258,4
48705,61690,245,4
48708,60666,245,4
48710,61686,245,4
48713,61688,245,4
48733,62182,232,4
48741,62178,232,4
48745,62176,232,4
48774,61901,232,4
48775,62171,232,4
48776,61709,232,4
48778,61931,232,4
48796,62089,232,4
48811,62174,232,4
48813,62175,232,4
48819,62169,232,4
48820,61942,232,4
48826,62164,232,4
48849,61996,232,4
48854,62192,232,4
48867,62040,232,4
48875,62049,232,4
48876,62038,232,4
48877,59709,232,4
48887,62033,232,4
48897,61386,232,4
48902,62036,232,4
48904,61394,232,4
48917,62037,232,4
48928,62034,232,4
48983,60195,232,4
48991,60893,232,4
48997,60916,232,4
49080,53485,200,4
49227,61992,187,3
49232,62109,232,4
49296,62984,232,4
49297,62983,232,4
49299,62985,232,4
49305,63201,232,4
49319,62976,232,4
49322,62981,232,4
49323,62979,232,4
49329,62982,232,4
49332,62974,232,4
49437,62972,232,4
49686,62936,277,4
49784,64844,219,4
49785,64561,219,4
49788,64613,219,4
49790,64742,219,4
49792,64640,219,4
49793,64741,219,4
49794,64722,219,4
49795,64721,219,4
49796,64614,219,4
49797,64724,219,4
49798,64665,219,4
49801,64739,219,4
49802,64740,219,4
49805,64579,219,4
49806,64562,219,4
49808,64847,219,4
49809,64591,219,4
49810,64699,219,4
49811,64662,219,4
49816,64854,219,4
49817,64563,219,4
49819,64951,219,4
49821,64881,219,4
49822,64621,219,4
49824,64946,219,4
49825,64616,219,4
49826,64680,219,4
49828,64597,219,4
49829,64718,219,4
49830,64949,219,4
49832,64647,219,4
49833,64753,219,4
49834,64607,219,4
49836,64712,219,4
49837,64682,219,4
49839,64750,219,4
49840,64749,219,4
49841,64533,219,4
49842,64648,219,4
49844,64748,219,4
49845,65164,219,4
49846,64746,219,4
49849,64599,219,4
49851,64950,219,4
49852,64745,219,4
49853,64856,219,4
49855,64843,219,4
49888,63876,264,4
49891,64241,264,4
49893,65408,264,4
49896,65409,264,4
49897,65410,264,4
49899,64416,264,4
49900,65038,264,4
49901,64821,264,4
49902,64852,264,4
49903,64848,264,4
49905,64846,264,4
49906,64789,264,4
49949,64169,264,4
49951,64569,264,4
49952,67434,264,4
49960,64796,264,4
49964,64572,264,4
49975,64194,264,4
49976,65030,264,4
49978,64347,264,4
49980,64998,264,4
49981,64371,271,4
49986,64570,264,4
49987,64398,264,4
49991,64243,264,4
49993,65036,264,4
49994,64345,264,4
49995,64668,264,4
49998,64304,264,4
50000,64824,264,4
50001,64426,264,4
50002,64795,264,4
50003,64622,264,4
50005,64219,264,4
50006,64160,264,4
50008,64170,264,4
50010,64660,264,4
50014,64300,264,4
50015,65035,264,4
50019,64307,264,4
50027,64658,264,4
50028,64514,264,4
50030,65034,264,4
50035,64461,264,4
50036,64784,264,4
50037,64571,264,4
50038,64828,264,4
50040,64340,264,4
50046,64153,251,4
50048,64152,251,4
50052,64158,251,4
50059,65033,264,4
50060,64688,264,4
50063,64208,264,4
50067,64422,264,4
50069,64492,264,4
50073,64427,264,4
50078,64523,251,4
50079,64525,251,4
50080,64527,251,4
50081,64568,251,4
50082,64618,251,4
50094,64592,251,4
50095,64593,251,4
50096,64594,251,4
50097,64595,251,4
50098,64705,251,4
50107,64448,251,4
50108,64446,251,4
50109,64458,251,4
50113,64457,251,4
50114,64810,251,4
50115,65130,251,4
50116,64812,251,4
50117,64804,251,4
50118,64814,251,4
50171,64496,264,4
50172,64162,264,4
50174,64173,264,4
50175,64689,264,4
50177,65039,264,4
50178,64379,264,4
50180,64201,264,4
50182,64222,264,4
50183,64677,264,4
50186,64227,264,4
50191,64769,232,4
50193,64605,232,4
50194,64830,232,4
50195,64211,264,4
50196,64207,232,4
50197,64693,232,4
50198,64254,232,4
50199,64667,264,4
50202,65040,264,4
50206,65136,232,4
50208,64813,232,4
50230,64833,232,4
50234,64853,232,4
50235,67667,232,4
50241,64286,251,4
50242,64287,251,4
50244,64289,251,4
50259,64256,232,4
50260,64252,232,4
50263,64952,232,4
50267,64764,232,4
50268,64763,232,4
50269,64553,232,4
50272,64836,232,4
50273,64762,232,4
50275,64267,251,4
50276,64892,251,4
50277,64269,251,4
50279,64893,251,4
50290,64761,232,4
50292,64609,232,4
50294,64716,232,4
50296,64758,232,4
50297,64703,232,4
50298,65155,232,4
50299,64581,232,4
50300,64559,232,4
50304,64704,232,4
50305,64857,232,4
50308,64560,232,4
50310,64197,232,4
50312,64547,232,4
50314,64953,232,4
50318,64373,232,4
50319,64754,232,4
50324,64999,251,4
50325,64633,251,4
50326,64630,251,4
50327,64627,251,4
50328,64637,251,4
50333,64421,264,4
50339,64261,251,4
50341,64923,251,4
50351,64711,264,4
50352,64239,264,4
50353,64245,264,4
50354,64237,264,4
50355,48008,264,4
50356,64264,264,4
50358,64631,264,4
50360,64247,264,4
50361,64251,264,4
50362,64244,264,4
50375,63959,251,4
50376,63958,251,4
50377,63960,251,4
50378,63949,251,4
50391,64257,251,4
50392,64258,251,4
50393,64255,251,4
50394,64167,251,4
50396,64183,251,4
50412,64535,264,4
50415,64879,264,4
50416,64664,264,4
50417,64474,264,4
50418,64242,264,4
50421,64216,264,4
50426,64996,271,4
50427,64531,271,4
50449,64163,264,4
50452,64272,264,4
50454,58200,264,4
50455,54524,264,4
50456,39652,264,4
50458,64629,264,4
50459,64573,264,4
50460,64625,264,4
50461,64626,264,4
50462,64615,264,4
50466,64328,264,4
50470,64326,264,4
50472,64360,264,4
50521,59128,0,0
50530,40051,0,0
50606,64584,277,4
50611,64799,277,4
50612,64588,277,4
50617,65000,277,4
50620,64798,277,4
50623,64674,277,4
50625,64797,277,4
50626,65175,277,4
50629,64279,277,4
50632,64672,277,4
50640,64587,277,4
50646,64431,277,4
50652,65187,277,4
50656,64435,277,4
50659,64800,277,4
50667,64702,277,4
50671,65186,277,4
50672,64536,277,4
50673,64829,277,4
50675,64434,277,4
50680,64695,277,4
50690,64585,277,4
50694,64291,277,4
50698,65176,277,4
50699,64351,277,4
50701,64692,277,4
50702,64389,277,4
50703,65174,277,4
50704,64542,277,4
50705,64501,277,4
50717,64860,277,4
50721,64690,277,4
50729,65055,277,4
50741,64043,200,3
50759,64471,251,4
50760,64516,251,4
50761,64396,251,4
50762,64809,251,4
50763,64199,251,4
50771,64544,251,4
50772,64655,251,4
50773,64374,251,4
50776,64354,251,4
50780,64408,251,4
50783,64469,251,4
50784,65226,251,4
50785,64376,251,4
50786,64775,251,4
50788,64771,251,4
50790,64171,251,4
50791,64325,251,4
50794,64409,251,4
50795,64470,251,4
50796,64772,251,4
50797,65227,251,4
50798,64321,251,4
50799,64402,251,4
50803,64174,251,4
50804,64296,251,4
50809,64218,251,4
50810,64499,251,4
50812,64816,251,4
50828,64456,251,4
50831,65230,251,4
50833,65232,251,4
50852,53560,251,4
50885,64085,0,0
50986,64176,251,4
50995,64635,264,4
51000,64774,251,4
51001,64229,251,4
51005,64369,251,4
51006,65259,251,4
51007,64294,251,4
51008,64203,251,4
51012,64213,251,4
51016,64205,251,4
51017,64348,251,4
51019,65231,251,4
51022,64382,251,4
51023,64399,251,4
51024,64230,251,4
51125,64706,264,4
51126,64603,264,4
51127,64601,264,4
51128,64602,264,4
51129,64600,264,4
51138,64494,264,4
51153,65129,264,4
51158,65647,264,4
51177,64212,264,4
51188,64943,264,4
51205,64277,264,4
51206,64276,264,4
51207,64290,264,4
51208,64274,264,4
51220,64580,277,4
51221,64577,277,4
51222,64578,277,4
51224,64623,277,4
51258,64385,277,4
51268,64697,277,4
51280,64250,277,4
51282,64246,277,4
51283,64859,277,4
51284,64896,277,4
51289,64840,277,4
51291,64504,277,4
51326,64995,251,4
51327,65289,264,4
51328,65290,264,4
51329,65296,264,4
51337,65443,264,4
51338,65291,264,4
51340,65179,264,4
51341,65182,264,4
51350,65459,264,4
51351,65461,264,4
51352,65458,264,4
51359,65239,264,4
51360,65241,264,4
51361,65244,264,4
51362,65240,264,4
51363,65242,264,4
51364,65245,264,4
51367,65445,264,4
51368,65200,264,4
51369,65201,264,4
51371,65236,264,4
51380,64372,251,4
51381,64225,251,4
51382,64323,251,4
51385,64363,251,4
51386,64780,251,4
51388,65309,264,4
51389,65310,277,4
51390,65314,264,4
51391,65312,277,4
51392,65315,264,4
51393,65316,277,4
51401,65331,277,4
51403,65334,277,4
51413,65246,270,4
51414,65247,270,4
51415,65248,270,4
51418,65579,270,4
51420,65152,270,4
51421,65154,270,4
51422,65157,270,4
51431,65166,264,4
51439,65357,264,4
51446,65378,277,4
51447,65390,264,4
51448,65385,277,4
51453,65379,264,4
51458,65463,270,4
51459,65464,270,4
51460,65919,270,4
51461,65465,270,4
51462,65214,270,4
51465,65280,270,4
51466,65282,270,4
51468,65271,270,4
51470,65270,270,4
51471,65273,270,4
51473,65268,270,4
51483,65952,270,4
51486,65286,270,4
51492,65198,270,4
51494,65195,270,4
51495,65203,270,4
51498,65219,270,4
51500,65235,270,4
51515,65363,264,4
51519,65372,264,4
51529,65350,277,4
51532,65369,264,4
51536,65275,270,4
51538,65284,270,4
51539,65283,270,4
51540,65288,270,4
51541,65251,270,4
51543,65253,270,4
51544,65266,270,4
51545,65267,270,4
51548,64190,251,4
51553,64358,251,4
51555,64661,251,4
51562,64393,251,4
51563,64779,251,4
51582,64338,251,4
51583,65276,251,4
51712,64271,251,4
51713,64270,251,4
51715,64268,251,4
51753,64776,251,4
51757,65278,251,4
51783,64405,251,4
51791,64415,251,4
51796,64555,258,4
51797,64352,258,4
51798,64518,258,4
51799,64172,258,4
51801,64467,258,4
51813,64312,264,4
51816,64781,264,4
51821,64786,264,4
51823,64200,264,4
51825,65160,264,4
51830,64419,264,4
51832,64790,264,4
51833,63834,264,4
51837,64302,264,4
51839,64478,264,4
51844,64791,264,4
51850,64198,264,4
51862,64181,264,4
51872,64298,264,4
51877,65132,264,4
51882,64311,264,4
51885,64483,264,4
51893,64509,264,4
51896,64945,264,4
51897,64481,264,4
51901,64782,264,4
51903,64825,264,4
51905,64320,264,4
51908,64477,264,4
51917,64787,264,4
51918,64204,264,4
51920,64475,264,4
51923,64423,264,4
51930,64378,264,4
51937,64517,264,4
51946,64394,271,4
51958,64735,167,3
51962,49982,55,3
51963,49979,55,3
51964,49925,25,3
51965,49985,35,3
51966,49919,45,3
51967,52117,55,3
51968,51783,25,3
51972,52113,55,3
51973,51840,35,3
51974,52068,45,3
51976,51883,45,3
51978,52166,25,3
51980,52164,35,3
51981,52165,55,3
51982,52163,55,3
51989,52058,55,3
51990,52057,55,3
51994,50059,25,3
53048,34752,1,1
53097,66184,80,1
54569,68109,271,4
54571,68107,271,4
54572,68106,271,4
54617,66212,80,1
