ID,ClassID,SubclassID,SoundOverrideSubclassID,Material,DisplayInfoID,InventoryType,SheatheType
200000,4,0,-1,4,23608,11,0
200001,4,1,-1,7,28693,16,0
200002,4,3,-1,5,6864,6,0
200003,4,3,-1,5,25799,3,0
200004,4,0,-1,4,51230,11,0
200005,4,3,-1,5,28275,9,0
200006,4,3,-1,5,11935,8,0
200007,4,3,-1,5,12944,5,0
200008,4,3,-1,5,27774,1,0
200009,4,4,-1,6,55834,7,0
200010,4,0,-1,4,48071,2,0
200011,4,3,-1,5,4912,7,0
200012,4,4,-1,6,52302,1,0
200013,4,1,-1,7,54512,16,0
200014,4,0,-1,4,45351,2,0
200015,4,4,-1,6,57271,8,0
200016,4,4,-1,6,26879,6,0
200017,4,4,-1,6,26687,5,0
200018,4,0,-1,4,41951,11,0
200019,4,3,-1,5,7002,8,0
200020,4,4,-1,6,27935,6,0
200021,4,4,-1,6,25749,5,0
200022,4,4,-1,6,19843,7,0
200023,4,3,-1,5,18333,3,0
200024,4,4,-1,6,42873,5,0
200025,4,4,-1,6,41275,9,0
200026,4,1,-1,7,28609,16,0
200027,2,0,-1,0,38997,13,3
200028,4,4,-1,6,26825,3,0
200029,4,3,-1,5,27777,6,0
200030,2,1,-1,0,28794,17,1
200031,2,5,-1,0,50322,17,1
200032,4,4,-1,6,28740,10,0
200033,4,4,-1,6,58776,5,0
200034,4,4,-1,6,27348,5,0
200035,2,4,-1,0,28531,13,3
200036,4,3,-1,5,9242,7,0
200037,4,4,-1,6,44346,6,0
200038,4,3,-1,5,27028,7,0
200039,4,3,-1,5,26948,7,0
200040,4,0,-1,4,6338,12,0
200041,4,0,-1,4,6012,11,0
200042,4,6,-1,1,51454,14,4
200043,2,1,-1,0,8531,17,1
200044,4,3,-1,5,27007,9,0
200045,4,0,-1,4,9853,2,0
200046,4,4,-1,6,55833,7,0
200047,4,4,-1,6,26820,5,0
200048,4,4,-1,6,49876,3,0
200049,4,4,-1,6,53007,10,0
200050,4,3,-1,5,9742,7,0
200051,4,1,-1,7,44458,16,0
200052,4,3,-1,5,52161,3,0
200053,2,8,-1,0,20196,17,1
200054,2,8,-1,0,20087,17,1
200055,4,3,-1,5,25991,1,0
200056,4,4,-1,6,54821,3,0
200057,4,3,-1,5,27035,8,0
200058,4,4,-1,6,43684,10,0
200059,4,4,-1,6,51658,7,0
200060,4,0,-1,4,6546,2,0
200061,4,4,-1,6,38687,6,0
200062,4,3,-1,5,7563,6,0
200063,4,3,-1,5,25980,8,0
200064,4,3,-1,5,27060,10,0
200065,4,4,-1,6,19843,7,0
200066,4,0,-1,4,9846,11,0
200067,4,3,-1,5,27009,8,0
200068,4,4,-1,6,52376,6,0
200069,4,0,-1,4,56558,11,0
200070,4,4,-1,6,43147,8,0
200071,4,0,-1,4,56035,11,0
200072,4,3,-1,5,27778,10,0
200073,4,3,-1,5,26941,7,0
200074,4,3,-1,5,27004,5,0
200075,4,3,-1,5,30091,1,0
200076,4,4,-1,6,59695,6,0
200077,4,0,-1,4,31633,2,0
200078,4,4,-1,6,55650,8,0
200079,2,0,-1,0,58932,13,3
200080,4,3,-1,5,25771,6,0
200081,4,0,-1,4,41858,12,0
200082,4,0,-1,4,1225,11,0
200083,4,4,-1,6,55301,6,0
200084,4,4,-1,6,48201,10,0
200085,4,4,-1,6,43037,7,0
200086,4,0,-1,4,14438,11,0
200087,4,4,-1,6,27428,10,0
200088,4,4,-1,6,56789,5,0
200089,4,1,-1,7,54673,16,0
200090,4,4,-1,6,59695,6,0
200091,4,4,-1,6,42869,10,0
200092,4,4,-1,6,51710,9,0
200093,4,4,-1,6,27901,10,0
200094,4,0,-1,4,23435,11,0
200095,2,7,-1,0,20160,13,3
200096,4,0,-1,4,34491,2,0
200097,4,4,-1,6,43743,3,0
200098,4,3,-1,5,27045,6,0
200099,4,3,-1,5,7005,9,0
200100,4,0,-1,4,7570,2,0
200101,4,4,-1,6,34495,1,0
200102,2,2,-1,0,25603,15,0
200103,4,4,-1,6,31049,3,0
200104,4,0,-1,4,6546,2,0
200105,4,4,-1,6,31023,7,0
200106,4,3,-1,5,53970,20,0
200107,4,3,-1,5,23540,5,0
200108,4,4,-1,6,42650,9,0
200109,4,3,-1,5,9424,3,0
200110,4,4,-1,6,28172,8,0
200111,4,4,-1,6,45970,3,0
200112,4,1,-1,7,38589,16,0
200113,4,4,-1,6,49765,10,0
200114,4,3,-1,5,26985,10,0
200115,4,4,-1,6,23704,3,0
200116,2,7,-1,0,26432,13,3
200117,4,0,-1,4,6011,11,0
200118,4,3,-1,5,25850,10,0
200119,4,3,-1,5,28290,7,0
200120,4,4,-1,6,23483,8,0
200121,4,3,-1,5,27121,7,0
200122,4,4,-1,6,56183,7,0
200123,4,4,-1,6,29966,6,0
200124,4,4,-1,6,54816,1,0
200125,4,4,-1,6,51520,5,0
200126,4,0,-1,4,39055,12,0
200127,4,1,-1,7,54522,16,0
200128,4,0,-1,4,39918,12,0
200129,4,4,-1,6,59706,1,0
200130,4,3,-1,5,46447,5,0
200131,4,0,-1,4,39914,12,0
200132,2,8,-1,0,23264,17,1
200133,4,3,-1,5,27787,8,0
200134,4,1,-1,7,22995,16,0
200135,4,3,-1,5,12783,9,0
200136,4,4,-1,6,54823,8,0
200137,4,1,-1,7,32069,16,0
200138,4,1,-1,7,50050,16,0
200139,4,3,-1,5,26970,8,0
200140,4,1,-1,7,32068,16,0
200141,4,4,-1,6,51501,3,0
200142,4,4,-1,6,26864,3,0
200143,4,4,-1,6,26364,3,0
200144,4,0,-1,4,56035,11,0
200145,4,4,-1,6,43144,7,0
200146,4,4,-1,6,51955,7,0
200147,4,0,-1,4,51719,2,0
200148,4,4,-1,6,50506,7,0
200149,4,4,-1,6,52048,5,0
200150,4,4,-1,6,29966,6,0
200151,4,1,-1,7,15165,16,0
200152,4,0,-1,4,51230,11,0
200153,4,3,-1,5,3057,5,0
200154,4,3,-1,5,27010,5,0
200155,4,0,-1,4,38560,2,0
200156,4,1,-1,7,38548,16,0
200157,4,4,-1,6,28740,10,0
200158,4,4,-1,6,56269,1,0
200159,4,3,-1,5,34394,6,0
200160,4,4,-1,6,55758,10,0
200161,4,4,-1,6,56373,5,0
200162,4,4,-1,6,26636,5,0
200163,4,4,-1,6,39801,9,0
200164,4,3,-1,5,18427,9,0
200165,4,3,-1,5,26090,8,0
200166,4,4,-1,6,40688,5,0
200167,2,2,-1,0,50515,15,0
200168,4,3,-1,5,13090,5,0
200169,4,4,-1,6,29925,9,0
200170,4,3,-1,5,26986,7,0
200171,4,4,-1,6,26831,7,0
200172,4,3,-1,5,27052,1,0
200173,4,0,-1,4,26391,11,0
200174,2,2,-1,0,20673,15,0
200175,4,4,-1,6,59427,10,0
200176,4,4,-1,6,32264,6,0
200177,4,0,-1,4,38674,11,0
200178,2,0,-1,0,7494,13,3
200179,4,3,-1,5,27191,1,0
200180,4,3,-1,5,27007,9,0
200181,2,5,-1,0,38269,17,1
200182,4,4,-1,6,29925,9,0
200183,4,1,-1,7,51531,16,0
200184,4,0,-1,4,15422,11,0
200185,4,4,-1,6,56321,9,0
200186,4,1,-1,7,50061,16,0
200187,4,3,-1,5,10402,9,0
200188,2,6,-1,0,12562,17,1
200189,4,4,-1,6,56330,5,0
200190,4,3,-1,5,27327,7,0
200191,4,3,-1,5,26973,10,0
200192,4,3,-1,5,13484,10,0
200193,4,0,-1,4,30799,2,0
200194,4,3,-1,5,26955,7,0
200195,4,3,-1,5,28317,7,0
200196,4,4,-1,6,46998,5,0
200197,4,3,-1,5,35399,8,0
200198,4,0,-1,4,56513,12,0
200199,4,4,-1,6,16109,5,0
200200,4,1,-1,7,23020,16,0
200201,4,0,-1,4,6486,11,0
200202,4,4,-1,6,56097,3,0
200203,4,4,-1,6,56354,10,0
200204,4,3,-1,5,18427,9,0
200205,4,1,-1,7,27653,16,0
200206,4,3,-1,5,25769,5,0
200207,4,4,-1,6,32906,1,0
200208,4,0,-1,4,9851,11,0
200209,4,0,-1,4,31633,2,0
200210,4,4,-1,6,54821,3,0
200211,4,4,-1,6,27348,5,0
200212,4,0,-1,4,31906,11,0
200213,4,4,-1,6,44224,6,0
200214,4,1,-1,7,56207,16,0
200215,4,4,-1,6,40537,1,0
200216,4,4,-1,6,43274,7,0
200217,4,0,-1,4,7271,2,0
200218,4,3,-1,5,25778,8,0
200219,4,0,-1,4,9823,11,0
200220,2,8,-1,0,44893,17,1
200221,4,4,-1,6,29959,6,0
200222,2,7,-1,0,18270,13,3
200223,4,3,-1,5,15810,1,0
200224,4,4,-1,6,51772,10,0
200225,4,3,-1,5,6847,6,0
200226,4,1,-1,7,26991,16,0
200227,4,1,-1,7,27850,16,0
200228,4,0,-1,4,53194,2,0
200229,4,4,-1,6,28136,8,0
200230,4,3,-1,5,26969,6,0
200231,4,1,-1,7,31632,16,0
200232,4,0,-1,4,54488,11,0
200233,4,3,-1,5,26965,3,0
200234,4,0,-1,4,32008,2,0
200235,4,3,-1,5,26990,5,0
200236,4,3,-1,5,27030,3,0
200237,4,0,-1,4,3258,11,0
200238,2,0,-1,0,19401,13,3
200239,4,3,-1,5,15288,1,0
200240,4,3,-1,5,7932,6,0
200241,4,3,-1,5,9406,10,0
200242,4,4,-1,6,19759,1,0
200243,4,0,-1,4,23608,11,0
200244,4,0,-1,4,18397,11,0
200245,4,3,-1,5,6864,6,0
200246,4,1,-1,7,32069,16,0
200247,4,4,-1,6,44447,6,0
200248,4,4,-1,6,27829,8,0
200249,4,3,-1,5,37200,7,0
200250,4,6,-1,1,13863,14,4
200251,4,3,-1,5,9738,7,0
200252,4,4,-1,6,44272,9,0
200253,4,4,-1,6,29959,6,0
200254,4,1,-1,7,57171,16,0
200255,4,3,-1,5,11626,10,0
200256,4,4,-1,6,27405,8,0
200257,4,3,-1,5,12784,8,0
200258,2,4,-1,0,64744,13,3
200259,2,7,-1,0,28570,13,3
200260,4,0,-1,4,53142,12,0
200261,4,4,-1,6,49510,1,0
200262,4,4,-1,6,53110,10,0
200263,2,1,-1,0,22734,17,1
200264,4,4,-1,6,52052,8,0
200265,4,4,-1,6,27366,1,0
200266,2,1,-1,0,52456,17,1
200267,4,0,-1,4,20625,12,0
200268,4,3,-1,5,46452,8,0
200269,4,3,-1,5,26036,10,0
200270,4,1,-1,7,56070,16,0
200271,4,0,-1,4,41448,11,0
200272,4,3,-1,5,18339,10,0
200273,4,4,-1,6,29000,10,0
200274,4,4,-1,6,26856,6,0
200275,4,0,-1,4,56781,2,0
200276,4,4,-1,6,59051,5,0
200277,4,4,-1,6,31173,10,0
200278,4,4,-1,6,52931,5,0
200279,4,0,-1,4,15150,12,0
200280,4,0,-1,4,7248,12,0
200281,4,4,-1,6,27430,7,0
200282,4,3,-1,5,25806,3,0
200283,4,4,-1,6,51601,6,0
200284,4,3,-1,5,26972,5,0
200285,4,4,-1,6,24102,5,0
200286,4,1,-1,7,27152,16,0
200287,4,3,-1,5,27074,9,0
200288,4,3,-1,5,26936,5,0
200289,4,3,-1,5,12944,5,0
200290,4,0,-1,4,59321,12,0
200291,4,4,-1,6,31085,3,0
200292,4,4,-1,6,41186,3,0
200293,4,3,-1,5,26036,10,0
200294,2,5,-1,0,58911,17,1
200295,4,4,-1,6,56362,8,0
200296,4,4,-1,6,51770,3,0
200297,4,6,-1,1,2210,14,4
200298,4,4,-1,6,30854,8,0
200299,4,4,-1,6,26891,7,0
200300,4,4,-1,6,19760,9,0
200301,4,4,-1,6,30721,10,0
200302,4,3,-1,5,18431,8,0
200303,4,3,-1,5,27894,6,0
200304,4,3,-1,5,25786,9,0
200305,4,4,-1,6,52568,8,0
200306,4,0,-1,4,9857,2,0
200307,4,4,-1,6,47991,7,0
200308,4,4,-1,6,41920,8,0
200309,4,0,-1,4,7248,12,0
200310,4,0,-1,4,64173,11,0
200311,4,3,-1,5,27045,6,0
200312,4,3,-1,5,18364,10,0
200313,4,3,-1,5,6991,10,0
200314,2,0,-1,0,19297,13,3
200315,4,0,-1,4,6502,2,0
200316,4,4,-1,6,48355,6,0
200317,4,3,-1,5,26932,7,0
200318,4,0,-1,4,53407,2,0
200319,2,8,-1,0,35392,17,1
200320,4,3,-1,5,27115,8,0
200321,4,4,-1,6,26869,9,0
200322,4,4,-1,6,54507,6,0
200323,4,3,-1,5,27014,3,0
200324,4,3,-1,5,10434,8,0
200325,4,3,-1,5,27001,8,0
200326,4,4,-1,6,27906,1,0
200327,4,4,-1,6,43040,1,0
200328,4,4,-1,6,27371,3,0
200329,4,0,-1,4,39914,12,0
200330,4,3,-1,5,27774,1,0
200331,4,3,-1,5,22687,7,0
200332,2,18,-1,0,49202,26,0
200333,4,4,-1,6,27375,6,0
200334,4,4,-1,6,31626,7,0
200335,4,3,-1,5,22685,9,0
200336,4,4,-1,6,51628,8,0
200337,4,0,-1,4,58821,12,0
200338,4,4,-1,6,42832,9,0
200339,4,4,-1,6,51950,3,0
200340,4,4,-1,6,27512,1,0
200341,4,3,-1,5,13278,1,0
200342,2,0,-1,0,28834,13,3
200343,2,7,-1,0,58966,13,3
200344,4,3,-1,5,8749,6,0
200345,4,0,-1,4,9854,2,0
200346,4,0,-1,4,54488,11,0
200347,4,4,-1,6,49686,1,0
200348,4,0,-1,4,14436,11,0
200349,4,4,-1,6,43143,6,0
200350,4,4,-1,6,26158,6,0
200351,4,4,-1,6,52393,1,0
200352,4,3,-1,5,27898,1,0
200353,4,4,-1,6,39708,6,0
200354,4,0,-1,4,17776,12,0
200355,4,3,-1,5,12986,3,0
200356,4,3,-1,5,12595,5,0
200357,4,0,-1,4,44086,11,0
200358,4,4,-1,6,59702,7,0
200359,4,1,-1,7,18133,16,0
200360,4,4,-1,6,29970,10,0
200361,4,4,-1,6,21961,7,0
200362,4,0,-1,4,7544,11,0
200363,4,0,-1,4,32008,2,0
200364,4,3,-1,5,22685,9,0
200365,4,0,-1,4,33262,2,0
200366,4,3,-1,5,25776,9,0
200367,4,3,-1,5,11935,8,0
200368,4,1,-1,7,44599,16,0
200369,4,0,-1,4,51719,2,0
200370,4,1,-1,7,45191,16,0
200371,4,4,-1,6,34564,1,0
200372,4,4,-1,6,29000,10,0
200373,2,0,-1,0,22885,13,3
200374,4,4,-1,6,26827,5,0
200375,4,4,-1,6,47759,1,0
200376,2,0,-1,0,28782,13,3
200377,4,4,-1,6,31626,7,0
200378,4,3,-1,5,25991,1,0
200379,4,4,-1,6,27749,1,0
200380,4,4,-1,6,27381,10,0
200381,4,3,-1,5,685,7,0
200382,4,1,-1,7,23059,16,0
200383,4,4,-1,6,39080,3,0
200384,4,0,-1,4,41858,12,0
200385,4,0,-1,4,30661,11,0
200386,4,4,-1,6,22752,9,0
200387,4,0,-1,4,9823,11,0
200388,4,0,-1,4,48504,12,0
200389,4,0,-1,4,51278,11,0
200390,4,3,-1,5,27097,7,0
200391,4,3,-1,5,26089,10,0
200392,4,4,-1,6,46463,7,0
200393,4,3,-1,5,25798,5,0
200394,4,4,-1,6,29880,7,0
200395,4,4,-1,6,29970,10,0
200396,4,3,-1,5,15810,1,0
200397,4,4,-1,6,27423,1,0
200398,4,4,-1,6,27190,10,0
200399,2,1,-1,0,50339,17,1
200400,4,3,-1,5,3058,7,0
200401,4,4,-1,6,56392,6,0
200402,4,0,-1,4,9658,2,0
200403,4,1,-1,7,44634,16,0
200404,4,4,-1,6,39866,10,0
200405,4,0,-1,4,22293,12,0
200406,4,0,-1,4,32087,2,0
200407,4,4,-1,6,43699,9,0
200408,4,1,-1,7,55000,16,0
200409,4,4,-1,6,51657,8,0
200410,4,3,-1,5,12783,9,0
200411,4,4,-1,6,26334,10,0
200412,4,0,-1,4,39120,11,0
200413,4,0,-1,4,56035,11,0
200414,4,4,-1,6,52931,5,0
200415,4,4,-1,6,27338,1,0
200416,4,4,-1,6,43684,10,0
200417,4,3,-1,5,9424,3,0
200418,4,0,-1,4,43108,12,0
200419,4,3,-1,5,18339,10,0
200420,4,4,-1,6,41964,10,0
200421,4,4,-1,6,28686,6,0
200422,4,4,-1,6,27425,8,0
200423,4,3,-1,5,6931,8,0
200424,4,1,-1,7,27980,16,0
200425,4,0,-1,4,31604,2,0
200426,4,1,-1,7,38813,16,0
200427,4,1,-1,7,50974,16,0
200428,4,1,-1,7,40777,16,0
200429,4,0,-1,4,32713,2,0
200430,4,4,-1,6,27378,3,0
200431,4,4,-1,6,27364,10,0
200432,4,4,-1,6,30821,1,0
200433,4,3,-1,5,11563,5,0
200434,4,4,-1,6,27360,7,0
200435,4,4,-1,6,16124,10,0
200436,4,0,-1,4,18365,11,0
200437,4,4,-1,6,27390,10,0
200438,4,3,-1,5,27029,6,0
200439,4,4,-1,6,27186,1,0
200440,4,3,-1,5,11269,8,0
200441,4,4,-1,6,34708,8,0
200442,4,4,-1,6,41604,7,0
200443,4,3,-1,5,6842,10,0
200444,4,4,-1,6,43699,9,0
200445,4,4,-1,6,53672,8,0
200446,2,1,-1,0,19306,17,1
200447,4,4,-1,6,43730,6,0
200448,2,4,-1,0,19721,13,3
200449,4,4,-1,6,58270,10,0
200450,4,4,-1,6,28360,1,0
200451,4,3,-1,5,23531,3,0
200452,4,4,-1,6,39612,6,0
200453,4,4,-1,6,40651,3,0
200454,4,4,-1,6,56505,5,0
200455,4,3,-1,5,25757,6,0
200456,4,3,-1,5,6847,6,0
200457,4,0,-1,4,17918,2,0
200458,4,3,-1,5,25758,9,0
200459,4,3,-1,5,25818,9,0
200460,4,3,-1,5,27890,7,0
200461,4,1,-1,7,23023,16,0
200462,4,3,-1,5,26998,7,0
200463,4,4,-1,6,27405,8,0
200464,4,3,-1,5,25767,6,0
200465,4,0,-1,4,37552,12,0
200466,4,0,-1,4,9838,11,0
200467,4,4,-1,6,42353,1,0
200468,4,0,-1,4,52405,11,0
200469,4,0,-1,4,52454,2,0
200470,4,4,-1,6,42860,1,0
200471,4,3,-1,5,38268,5,0
200472,4,4,-1,6,56526,6,0
200473,4,4,-1,6,56371,5,0
200474,4,1,-1,7,23085,16,0
200475,4,3,-1,5,26944,8,0
200476,2,4,-1,0,19776,13,3
200477,4,4,-1,6,51459,7,0
200478,4,4,-1,6,39802,3,0
200479,4,4,-1,6,45407,3,0
200480,4,3,-1,5,27080,3,0
200481,4,3,-1,5,24982,9,0
200482,4,0,-1,4,31906,11,0
200483,4,4,-1,6,55015,8,0
200484,4,4,-1,6,28224,6,0
200485,4,0,-1,4,23521,12,0
200486,4,0,-1,4,7248,12,0
200487,4,4,-1,6,27404,1,0
200488,4,4,-1,6,55493,1,0
200489,4,3,-1,5,25775,6,0
200490,2,8,-1,0,50599,17,1
200491,4,3,-1,5,27066,9,0
200492,4,3,-1,5,13279,1,0
200493,4,4,-1,6,53235,5,0
200494,4,0,-1,4,14436,11,0
200495,4,4,-1,6,49766,7,0
200496,2,6,-1,0,40368,17,1
200497,4,3,-1,5,27039,5,0
200498,4,0,-1,4,23763,12,0
200499,2,8,-1,0,21775,17,1
200500,4,4,-1,6,39870,7,0
200501,4,4,-1,6,30675,5,0
200502,2,0,-1,0,8485,13,3
200503,4,3,-1,5,27326,10,0
200504,4,1,-1,7,44458,16,0
200505,4,0,-1,4,9854,2,0
200506,4,3,-1,5,53970,20,0
200507,4,1,-1,7,15166,16,0
200508,4,3,-1,5,26982,9,0
200509,4,4,-1,6,26840,7,0
200510,4,1,-1,7,23038,16,0
200511,4,3,-1,5,25895,6,0
200512,4,4,-1,6,42867,1,0
200513,4,1,-1,7,28433,16,0
200514,4,3,-1,5,26982,9,0
200515,4,3,-1,5,22688,5,0
200516,4,0,-1,4,57687,12,0
200517,4,0,-1,4,49267,2,0
200518,4,3,-1,5,11525,7,0
200519,4,4,-1,6,33705,5,0
200520,4,4,-1,6,49766,7,0
200521,2,5,-1,0,28540,17,1
200522,4,1,-1,7,38976,16,0
200523,4,3,-1,5,15324,1,0
200524,2,8,-1,0,20251,17,1
200525,4,0,-1,4,1399,2,0
200526,4,0,-1,4,45851,12,0
200527,4,0,-1,4,43104,11,0
200528,2,8,-1,0,20193,17,1
200529,4,4,-1,6,19843,7,0
200530,4,3,-1,5,28448,6,0
200531,4,0,-1,4,9843,11,0
200532,4,4,-1,6,43684,10,0
200533,4,3,-1,5,28444,3,0
200534,2,4,-1,0,50210,13,3
200535,2,8,-1,0,9055,17,1
200536,4,0,-1,4,45351,2,0
200537,4,4,-1,6,29972,7,0
200538,4,3,-1,5,9378,9,0
200539,4,0,-1,4,52373,11,0
200540,4,3,-1,5,13279,1,0
200541,2,0,-1,0,38723,13,3
200542,4,4,-1,6,30675,5,0
200543,4,4,-1,6,48355,6,0
200544,4,0,-1,4,22753,12,0
200545,4,0,-1,4,53407,2,0
200546,4,4,-1,6,44272,9,0
200547,4,0,-1,4,9843,11,0
200548,2,5,-1,0,28540,17,1
200549,4,4,-1,6,48797,5,0
200550,4,3,-1,5,25808,9,0
200551,4,3,-1,5,25771,6,0
200552,4,3,-1,5,15517,1,0
200553,4,3,-1,5,27118,5,0
200554,4,3,-1,5,27001,8,0
200555,4,1,-1,7,23014,16,0
200556,4,3,-1,5,30681,3,0
200557,4,1,-1,7,52783,16,0
200558,4,4,-1,6,16109,5,0
200559,4,4,-1,6,43274,7,0
200560,4,3,-1,5,26941,7,0
200561,4,4,-1,6,27351,10,0
200562,2,5,-1,0,5233,17,1
200563,4,4,-1,6,39644,10,0
200564,4,3,-1,5,27120,8,0
200565,4,0,-1,4,9849,11,0
200566,4,0,-1,4,7248,12,0
200567,4,4,-1,6,47988,7,0
200568,4,4,-1,6,44106,8,0
200569,4,4,-1,6,26872,10,0
200570,4,4,-1,6,40769,5,0
200571,4,3,-1,5,27083,1,0
200572,4,3,-1,5,31832,20,0
200573,4,4,-1,6,28351,3,0
200574,2,8,-1,0,20078,17,1
200575,4,4,-1,6,51932,10,0
200576,4,3,-1,5,15327,1,0
200577,2,18,-1,0,39864,26,0
200578,4,0,-1,4,33262,2,0
200579,4,3,-1,5,27094,6,0
200580,4,4,-1,6,30686,10,0
200581,4,4,-1,6,42214,1,0
200582,4,3,-1,5,25819,10,0
200583,2,5,-1,0,15468,17,1
200584,4,3,-1,5,26969,6,0
200585,4,4,-1,6,39801,9,0
200586,4,3,-1,5,28437,7,0
200587,4,3,-1,5,6841,8,0
200588,4,0,-1,4,32678,11,0
200589,4,3,-1,5,6977,9,0
200590,4,3,-1,5,26944,8,0
200591,4,3,-1,5,27058,9,0
200592,4,3,-1,5,23540,5,0
200593,4,3,-1,5,13279,1,0
200594,4,4,-1,6,43730,6,0
200595,4,3,-1,5,16515,10,0
200596,4,3,-1,5,9417,9,0
200597,4,4,-1,6,52998,9,0
200598,4,1,-1,7,23133,16,0
200599,4,3,-1,5,22688,5,0
200600,4,0,-1,4,11990,11,0
200601,4,0,-1,4,3666,11,0
200602,2,5,-1,0,39408,17,1
200603,4,3,-1,5,15517,1,0
200604,4,3,-1,5,685,7,0
200605,4,0,-1,4,9849,11,0
200606,4,4,-1,6,59075,6,0
200607,4,0,-1,4,32714,2,0
200608,4,1,-1,7,23044,16,0
200609,2,8,-1,0,26585,17,1
200610,4,4,-1,6,27399,6,0
200611,4,3,-1,5,15731,5,0
200612,4,3,-1,5,27778,10,0
200613,2,0,-1,0,8496,13,3
200614,2,1,-1,0,22221,17,1
200615,4,3,-1,5,28444,3,0
200616,4,3,-1,5,30092,1,0
200617,4,3,-1,5,6847,6,0
200618,4,3,-1,5,28250,7,0
200619,4,4,-1,6,51615,7,0
200620,4,0,-1,4,12643,11,0
200621,4,1,-1,7,28693,16,0
200622,4,4,-1,6,42877,9,0
200623,4,3,-1,5,15288,1,0
200624,2,0,-1,0,56240,13,3
200625,2,0,-1,0,28566,13,3
200626,4,4,-1,6,48032,10,0
200627,4,1,-1,7,27858,16,0
200628,4,3,-1,5,35399,8,0
200629,2,8,-1,0,53938,17,1
200630,4,3,-1,5,28156,9,0
200631,4,4,-1,6,52058,9,0
200632,4,3,-1,5,27096,3,0
200633,4,4,-1,6,42215,1,0
200634,4,3,-1,5,28454,3,0
200635,4,3,-1,5,12960,5,0
200636,4,3,-1,5,25896,7,0
200637,4,0,-1,4,33262,2,0
200638,4,1,-1,7,51256,16,0
200639,4,3,-1,5,9424,3,0
200640,4,3,-1,5,26982,9,0
200641,4,0,-1,4,6497,2,0
200642,2,8,-1,0,37050,17,1
200643,4,4,-1,6,32906,1,0
200644,4,0,-1,4,32716,2,0
200645,4,1,-1,7,56697,16,0
200646,4,4,-1,6,41372,1,0
200647,4,4,-1,6,43142,5,0
200648,4,4,-1,6,53002,9,0
200649,4,0,-1,4,9845,11,0
200650,4,4,-1,6,26830,10,0
200651,4,3,-1,5,35399,8,0
200652,4,0,-1,4,39432,2,0
200653,4,4,-1,6,44447,6,0
200654,4,3,-1,5,25801,5,0
200655,4,3,-1,5,26941,7,0
200656,2,5,-1,0,18324,17,1
200657,4,0,-1,4,49005,11,0
200658,4,4,-1,6,24509,3,0
200659,4,3,-1,5,28156,9,0
200660,2,6,-1,0,7480,17,1
200661,4,0,-1,4,51458,11,0
200662,4,4,-1,6,27330,5,0
200663,4,4,-1,6,46865,3,0
200664,4,1,-1,7,15148,16,0
200665,4,4,-1,6,54074,10,0
200666,4,4,-1,6,44422,3,0
200667,4,3,-1,5,10402,9,0
200668,4,1,-1,7,23107,16,0
200669,4,4,-1,6,27380,8,0
200670,4,4,-1,6,52063,6,0
200671,4,3,-1,5,26936,5,0
200672,4,3,-1,5,26944,8,0
200673,4,4,-1,6,28694,5,0
200674,4,3,-1,5,36997,5,0
200675,4,4,-1,6,58776,5,0
200676,4,3,-1,5,13090,5,0
200677,4,1,-1,7,25993,16,0
200678,4,3,-1,5,7932,6,0
200679,4,3,-1,5,13484,10,0
200680,4,4,-1,6,45972,5,0
200681,4,1,-1,7,26126,16,0
200682,4,3,-1,5,16080,5,0
200683,4,3,-1,5,22685,9,0
200684,4,4,-1,6,24068,8,0
200685,2,4,-1,0,19741,13,3
200686,4,0,-1,4,56103,11,0
200687,4,3,-1,5,25850,10,0
200688,4,6,-1,1,50511,14,4
200689,4,0,-1,4,39128,11,0
200690,4,3,-1,5,24557,1,0
200691,4,3,-1,5,27001,8,0
200692,4,4,-1,6,44422,3,0
200693,4,1,-1,7,32071,16,0
200694,2,8,-1,0,20252,17,1
200695,2,0,-1,0,50066,13,3
200696,4,1,-1,7,28298,16,0
200697,4,4,-1,6,55300,10,0
200698,4,4,-1,6,50015,3,0
200699,4,4,-1,6,42307,10,0
200700,2,7,-1,0,22232,13,3
200701,4,4,-1,6,47416,9,0
200702,4,3,-1,5,27110,6,0
200703,4,4,-1,6,44275,10,0
200704,2,5,-1,0,41952,17,1
200705,4,4,-1,6,40651,3,0
200706,4,4,-1,6,26830,10,0
200707,4,0,-1,4,29842,2,0
200708,4,3,-1,5,16086,8,0
200709,4,4,-1,6,27383,7,0
200710,4,0,-1,4,31631,12,0
200711,4,4,-1,6,43141,9,0
200712,4,3,-1,5,13011,5,0
200713,4,4,-1,6,34708,8,0
200714,4,0,-1,4,14436,11,0
200715,4,4,-1,6,24509,3,0
200716,4,4,-1,6,26645,3,0
200717,4,4,-1,6,28640,6,0
200718,4,1,-1,7,32071,16,0
200719,4,3,-1,5,26983,8,0
200720,4,4,-1,6,26819,6,0
200721,4,4,-1,6,24110,9,0
200722,4,3,-1,5,26948,7,0
200723,4,0,-1,4,37552,12,0
200724,4,3,-1,5,27893,3,0
200725,4,4,-1,6,43734,8,0
200726,4,3,-1,5,3043,7,0
200727,4,1,-1,7,55663,16,0
200728,4,3,-1,5,32038,8,0
200729,4,4,-1,6,54050,6,0
200730,4,4,-1,6,56391,6,0
200731,4,3,-1,5,22685,9,0
200732,4,3,-1,5,9390,10,0
200733,4,4,-1,6,54814,7,0
200734,4,3,-1,5,15288,1,0
200735,4,3,-1,5,6931,8,0
200736,4,4,-1,6,29971,3,0
200737,4,3,-1,5,26964,8,0
200738,4,3,-1,5,27059,8,0
200739,4,3,-1,5,15288,1,0
200740,2,0,-1,0,15938,13,3
200741,4,1,-1,7,44458,16,0
200742,4,4,-1,6,43136,6,0
200743,4,0,-1,4,29842,2,0
200744,4,0,-1,4,7248,12,0
200745,4,0,-1,4,49267,2,0
200746,4,4,-1,6,40761,6,0
200747,4,3,-1,5,27042,1,0
200748,2,0,-1,0,28525,13,3
200749,4,3,-1,5,12944,5,0
200750,4,0,-1,4,39124,11,0
200751,2,1,-1,0,8499,17,1
200752,4,0,-1,4,15420,2,0
200753,4,4,-1,6,26827,5,0
200754,4,4,-1,6,44551,5,0
200755,4,1,-1,7,45476,16,0
200756,2,1,-1,0,8533,17,1
200757,4,4,-1,6,27352,6,0
200758,4,3,-1,5,26968,7,0
200759,4,4,-1,6,26836,6,0
200760,4,1,-1,7,38794,16,0
200761,4,4,-1,6,45658,5,0
200762,2,0,-1,0,19297,13,3
200763,4,4,-1,6,55003,10,0
200764,4,4,-1,6,44422,3,0
200765,4,3,-1,5,16506,9,0
200766,4,3,-1,5,28443,3,0
200767,4,4,-1,6,52568,8,0
200768,4,4,-1,6,24110,9,0
200769,4,0,-1,4,18059,12,0
200770,4,4,-1,6,31598,6,0
200771,4,3,-1,5,13090,5,0
200772,4,3,-1,5,28685,10,0
200773,4,4,-1,6,28996,10,0
200774,4,4,-1,6,28355,5,0
200775,4,4,-1,6,28725,3,0
200776,4,4,-1,6,53001,8,0
200777,2,7,-1,0,39310,13,3
200778,4,4,-1,6,54507,6,0
200779,4,0,-1,4,9843,11,0
200780,4,3,-1,5,7563,6,0
200781,4,4,-1,6,16103,7,0
200782,2,6,-1,0,5949,17,1
200783,4,4,-1,6,50753,6,0
200784,4,4,-1,6,26831,7,0
200785,2,0,-1,0,25598,13,3
200786,4,4,-1,6,44327,1,0
200787,2,7,-1,0,31526,13,3
200788,2,18,-1,0,25608,26,0
200789,4,4,-1,6,51934,6,0
200790,4,4,-1,6,55209,3,0
200791,4,4,-1,6,26831,7,0
200792,4,4,-1,6,16106,3,0
200793,4,3,-1,5,33269,10,0
200794,4,6,-1,1,18826,14,4
200795,4,3,-1,5,26030,8,0
200796,4,3,-1,5,26993,9,0
200797,4,4,-1,6,27398,10,0
200798,4,4,-1,6,28364,6,0
200799,4,0,-1,4,7397,12,0
200800,2,5,-1,0,28311,17,1
200801,4,4,-1,6,52450,5,0
200802,4,4,-1,6,26643,8,0
200803,2,4,-1,0,57083,13,3
200804,4,0,-1,4,55905,11,0
200805,4,0,-1,4,9857,2,0
200806,4,3,-1,5,27050,7,0
200807,4,3,-1,5,25797,9,0
200808,4,4,-1,6,25160,8,0
200809,2,0,-1,0,5639,13,3
200810,4,0,-1,4,51518,12,0
200811,4,3,-1,5,25904,1,0
200812,4,4,-1,6,44555,5,0
200813,4,4,-1,6,28824,9,0
200814,4,4,-1,6,36780,1,0
200815,4,3,-1,5,25850,10,0
200816,4,0,-1,4,9854,2,0
200817,4,3,-1,5,28440,1,0
200818,4,0,-1,4,39432,2,0
200819,4,3,-1,5,18283,6,0
200820,4,3,-1,5,10434,8,0
200821,4,4,-1,6,56777,5,0
200822,4,4,-1,6,21898,5,0
200823,4,4,-1,6,31626,7,0
200824,4,4,-1,6,35310,9,0
200825,4,4,-1,6,53002,9,0
200826,4,4,-1,6,18497,3,0
200827,4,3,-1,5,27079,6,0
200828,4,4,-1,6,51330,7,0
200829,4,4,-1,6,53048,3,0
200830,4,4,-1,6,27399,6,0
200831,4,3,-1,5,28317,7,0
200832,4,4,-1,6,51604,3,0
200833,4,3,-1,5,28250,7,0
200834,4,0,-1,4,39918,12,0
200835,2,1,-1,0,19255,17,1
200836,4,3,-1,5,26982,9,0
200837,2,2,-1,0,20672,15,0
200838,4,0,-1,4,24569,11,0
200839,4,3,-1,5,37200,7,0
200840,4,3,-1,5,38268,5,0
200841,4,4,-1,6,39080,3,0
200842,4,3,-1,5,6969,10,0
200843,4,4,-1,6,55772,10,0
200844,4,1,-1,7,28433,16,0
200845,4,3,-1,5,25760,8,0
200846,4,0,-1,4,38572,12,0
200847,4,1,-1,7,28609,16,0
200848,4,3,-1,5,27068,6,0
200849,4,1,-1,7,64326,16,0
200850,4,4,-1,6,41518,7,0
200851,4,4,-1,6,27385,9,0
200852,4,0,-1,4,15421,2,0
200853,4,4,-1,6,61297,6,0
200854,4,4,-1,6,21898,5,0
200855,4,4,-1,6,43923,1,0
200856,2,1,-1,0,19255,17,1
200857,4,3,-1,5,11563,5,0
200858,4,1,-1,7,23133,16,0
200859,4,3,-1,5,25937,1,0
200860,4,0,-1,4,56874,11,0
200861,2,0,-1,0,19400,13,3
200862,4,0,-1,4,51230,11,0
200863,4,3,-1,5,25851,9,0
200864,4,3,-1,5,26036,10,0
200865,4,3,-1,5,35399,8,0
200866,4,4,-1,6,64857,8,0
200867,4,3,-1,5,26986,7,0
200868,4,0,-1,4,9849,11,0
200869,2,2,-1,0,20555,15,0
200870,4,4,-1,6,55386,9,0
200871,4,3,-1,5,27070,7,0
200872,4,0,-1,4,39681,11,0
200873,2,1,-1,0,24816,17,1
200874,4,1,-1,7,27700,16,0
200875,4,3,-1,5,25803,6,0
200876,4,0,-1,4,18365,11,0
200877,4,0,-1,4,9086,2,0
200878,4,4,-1,6,44479,7,0
200879,2,4,-1,0,50202,13,3
200880,4,4,-1,6,27940,3,0
200881,4,3,-1,5,12282,5,0
200882,4,1,-1,7,55943,16,0
200883,4,1,-1,7,25978,16,0
200884,4,3,-1,5,51883,3,0
200885,4,0,-1,4,9658,2,0
200886,4,3,-1,5,13758,6,0
200887,4,1,-1,7,39277,16,0
200888,4,3,-1,5,10166,3,0
200889,4,4,-1,6,31083,5,0
200890,4,0,-1,4,24569,11,0
200891,4,3,-1,5,18274,7,0
200892,4,4,-1,6,43136,6,0
200893,4,3,-1,5,26971,9,0
200894,4,1,-1,7,26271,16,0
200895,4,4,-1,6,26847,10,0
200896,4,0,-1,4,7093,2,0
200897,4,4,-1,6,26870,6,0
200898,4,0,-1,4,31906,11,0
200899,2,6,-1,0,50356,17,1
200900,4,0,-1,4,57688,12,0
200901,4,3,-1,5,52166,6,0
200902,4,3,-1,5,13361,10,0
200903,4,4,-1,6,27938,7,0
200904,4,3,-1,5,9378,9,0
200905,4,3,-1,5,25896,7,0
200906,2,6,-1,0,22239,17,1
200907,4,4,-1,6,48795,7,0
200908,4,3,-1,5,28444,3,0
200909,4,3,-1,5,34394,6,0
200910,4,0,-1,4,22753,12,0
200911,4,3,-1,5,26932,7,0
200912,4,0,-1,4,14437,2,0
200913,2,3,-1,0,6592,26,0
200914,4,0,-1,4,6484,12,0
200915,4,4,-1,6,51330,7,0
200916,4,3,-1,5,26039,7,0
200917,4,0,-1,4,7248,12,0
200918,4,4,-1,6,27375,6,0
200919,4,1,-1,7,23133,16,0
200920,4,6,-1,1,30993,14,4
200921,4,4,-1,6,43134,10,0
200922,4,4,-1,6,51661,10,0
200923,2,8,-1,0,39449,17,1
200924,4,4,-1,6,51771,6,0
200925,4,4,-1,6,27366,1,0
200926,4,4,-1,6,28640,6,0
200927,4,3,-1,5,25895,6,0
200928,4,4,-1,6,27428,10,0
200929,4,0,-1,4,48508,2,0
200930,4,0,-1,4,30690,12,0
200931,4,4,-1,6,31191,7,0
200932,4,1,-1,7,28614,16,0
200933,4,0,-1,4,31906,11,0
200934,4,4,-1,6,51653,6,0
200935,4,4,-1,6,41800,5,0
200936,4,4,-1,6,44346,6,0
200937,4,3,-1,5,36997,5,0
200938,4,0,-1,4,17918,2,0
200939,4,4,-1,6,38685,10,0
200940,4,4,-1,6,19893,5,0
200941,4,4,-1,6,51672,9,0
200942,4,3,-1,5,12981,6,0
200943,4,1,-1,7,15248,16,0
200944,4,3,-1,5,26984,5,0
200945,4,4,-1,6,52451,10,0
200946,4,0,-1,4,44703,11,0
200947,4,4,-1,6,43205,5,0
200948,4,4,-1,6,27406,9,0
200949,4,0,-1,4,54488,11,0
200950,4,4,-1,6,30675,5,0
200951,2,8,-1,0,38864,17,1
200952,4,3,-1,5,18427,9,0
200953,4,3,-1,5,16184,5,0
200954,4,3,-1,5,25760,8,0
200955,4,1,-1,7,25979,16,0
200956,4,3,-1,5,3057,5,0
200957,2,4,-1,0,39611,13,3
200958,4,3,-1,5,15327,1,0
200959,2,18,-1,0,55933,26,0
200960,2,5,-1,0,39527,17,1
200961,4,4,-1,6,44325,3,0
200962,4,3,-1,5,18274,7,0
200963,4,3,-1,5,18431,8,0
200964,2,4,-1,0,64516,13,3
200965,4,4,-1,6,41928,1,0
200966,4,0,-1,4,9854,2,0
200967,2,8,-1,0,16147,17,1
200968,4,4,-1,6,48174,3,0
200969,4,4,-1,6,39386,1,0
200970,4,3,-1,5,28238,8,0
200971,2,0,-1,0,19228,13,3
200972,2,6,-1,0,50348,17,1
200973,2,0,-1,0,15938,13,3
200974,4,4,-1,6,18584,1,0
200975,4,3,-1,5,25812,7,0
200976,4,4,-1,6,28310,7,0
200977,4,4,-1,6,41532,7,0
200978,4,3,-1,5,27043,7,0
200979,4,4,-1,6,26848,6,0
200980,4,3,-1,5,9378,9,0
200981,4,3,-1,5,9738,7,0
200982,4,4,-1,6,34708,8,0
200983,4,4,-1,6,44873,1,0
200984,2,0,-1,0,19129,13,3
200985,4,4,-1,6,30821,1,0
200986,4,4,-1,6,44280,6,0
200987,4,4,-1,6,23856,8,0
200988,4,4,-1,6,46324,3,0
200989,4,4,-1,6,50507,8,0
200990,2,5,-1,0,28499,17,1
200991,4,4,-1,6,64577,1,0
200992,2,5,-1,0,43200,17,1
200993,4,0,-1,4,9823,11,0
200994,4,1,-1,7,51531,16,0
200995,4,4,-1,6,26813,8,0
200996,4,3,-1,5,22688,5,0
200997,4,4,-1,6,52294,1,0
200998,4,0,-1,4,40035,2,0
200999,4,3,-1,5,24793,9,0
220000,4,3,-1,5,19201,7,0
220001,2,1,-1,0,8525,17,1
220002,4,4,-1,6,27335,7,0
220003,4,4,-1,6,40758,8,0
220004,4,3,-1,5,27083,1,0
220005,4,4,-1,6,26686,6,0
220006,4,0,-1,4,31633,2,0
220007,4,4,-1,6,19760,9,0
220008,4,4,-1,6,39612,6,0
220009,4,3,-1,5,9738,7,0
220010,4,3,-1,5,28275,9,0
220011,4,4,-1,6,31635,7,0
220012,2,0,-1,0,23234,13,3
220013,4,4,-1,6,51892,3,0
220014,4,4,-1,6,61308,1,0
220015,4,4,-1,6,53000,6,0
220016,4,6,-1,1,52861,14,4
220017,4,3,-1,5,12453,7,0
220018,4,0,-1,4,31633,2,0
220019,4,3,-1,5,25760,8,0
220020,2,8,-1,0,19779,17,1
220021,2,1,-1,0,19306,17,1
220022,4,0,-1,4,56104,11,0
220023,2,8,-1,0,9055,17,1
220024,4,0,-1,4,43103,12,0
220025,4,0,-1,4,30799,2,0
220026,4,0,-1,4,18707,2,0
220027,4,3,-1,5,10434,8,0
220028,4,1,-1,7,52453,16,0
220029,2,8,-1,0,26590,17,1
220030,4,3,-1,5,7932,6,0
220031,4,0,-1,4,31604,2,0
220032,2,8,-1,0,47478,17,1
220033,4,4,-1,6,26887,9,0
220034,4,3,-1,5,27027,10,0
220035,4,1,-1,7,23025,16,0
220036,4,0,-1,4,52417,2,0
220037,4,4,-1,6,51302,3,0
220038,4,3,-1,5,13090,5,0
220039,4,1,-1,7,57171,16,0
220040,4,0,-1,4,38809,2,0
220041,4,4,-1,6,49353,5,0
220042,4,4,-1,6,52995,1,0
220043,4,3,-1,5,35399,8,0
220044,4,0,-1,4,38127,12,0
220045,4,4,-1,6,55695,3,0
220046,4,4,-1,6,43135,8,0
220047,2,8,-1,0,28678,17,1
220048,4,0,-1,4,6497,2,0
220049,4,0,-1,4,33864,11,0
220050,4,4,-1,6,52056,7,0
220051,4,4,-1,6,55512,3,0
220052,4,4,-1,6,39648,9,0
220053,4,0,-1,4,43120,11,0
220054,4,4,-1,6,39080,3,0
220055,4,3,-1,5,25850,10,0
220056,4,0,-1,4,9838,11,0
220057,4,0,-1,4,31906,11,0
220058,4,4,-1,6,44215,7,0
220059,4,0,-1,4,15422,11,0
220060,4,4,-1,6,59611,1,0
220061,4,0,-1,4,23521,12,0
220062,4,4,-1,6,41604,7,0
220063,4,0,-1,4,38809,2,0
220064,4,3,-1,5,27000,10,0
220065,4,3,-1,5,12981,6,0
220066,4,3,-1,5,27117,6,0
220067,4,4,-1,6,32945,5,0
220068,4,3,-1,5,22687,7,0
220069,4,3,-1,5,28685,10,0
220070,4,1,-1,7,50055,16,0
220071,4,4,-1,6,28015,1,0
220072,4,4,-1,6,49876,3,0
220073,2,7,-1,0,55892,13,3
220074,4,4,-1,6,26829,9,0
220075,2,1,-1,0,45492,17,1
220076,2,7,-1,0,48078,13,3
220077,4,0,-1,4,55609,12,0
220078,4,3,-1,5,26949,5,0
220079,4,0,-1,4,9857,2,0
220080,4,3,-1,5,14895,8,0
220081,4,4,-1,6,26838,5,0
220082,4,0,-1,4,1399,2,0
220083,4,4,-1,6,36206,5,0
220084,4,3,-1,5,26982,9,0
220085,4,4,-1,6,56326,5,0
220086,4,0,-1,4,1399,2,0
220087,2,4,-1,0,39875,13,3
220088,2,4,-1,0,19773,13,3
220089,4,3,-1,5,6987,8,0
220090,4,3,-1,5,10434,8,0
220091,4,4,-1,6,54403,1,0
220092,4,0,-1,4,45362,11,0
220093,4,3,-1,5,9407,3,0
220094,4,1,-1,7,23107,16,0
220095,4,4,-1,6,54461,7,0
220096,4,4,-1,6,38357,6,0
220097,4,4,-1,6,51927,3,0
220098,4,0,-1,4,59325,12,0
220099,4,3,-1,5,27008,6,0
220100,4,0,-1,4,53133,2,0
220101,4,1,-1,7,23100,16,0
220102,4,4,-1,6,44278,1,0
220103,4,7,-1,0,5562,28,0
220104,4,3,-1,5,15517,1,0
220105,4,3,-1,5,25801,5,0
220106,4,4,-1,6,34902,1,0
220107,4,4,-1,6,34708,8,0
220108,4,4,-1,6,50016,3,0
220109,2,4,-1,0,37049,13,3
220110,4,4,-1,6,34708,8,0
220111,2,1,-1,0,19372,17,1
220112,4,4,-1,6,28015,1,0
220113,4,4,-1,6,29911,1,0
220114,4,3,-1,5,6864,6,0
220115,4,3,-1,5,26039,7,0
220116,4,4,-1,6,27833,10,0
220117,4,0,-1,4,56339,11,0
220118,4,3,-1,5,26944,8,0
220119,4,6,-1,1,54988,14,4
220120,4,3,-1,5,27083,1,0
220121,2,6,-1,0,55965,17,1
220122,4,4,-1,6,48257,1,0
220123,4,3,-1,5,12784,8,0
220124,4,3,-1,5,3057,5,0
220125,4,3,-1,5,26936,5,0
220126,4,4,-1,6,23486,8,0
220127,4,4,-1,6,56600,10,0
220128,4,3,-1,5,12456,9,0
220129,4,0,-1,4,49005,11,0
220130,4,4,-1,6,56787,5,0
220131,2,4,-1,0,50209,13,3
220132,4,4,-1,6,39865,5,0
220133,4,0,-1,4,56103,11,0
220134,4,3,-1,5,26936,5,0
220135,4,1,-1,7,57172,16,0
220136,4,3,-1,5,27057,6,0
220137,4,0,-1,4,9836,11,0
220138,2,0,-1,0,19276,13,3
220139,4,4,-1,6,51577,3,0
220140,4,3,-1,5,26932,7,0
220141,4,3,-1,5,15811,1,0
220142,4,4,-1,6,51628,8,0
220143,4,3,-1,5,25892,10,0
220144,4,4,-1,6,26885,3,0
220145,4,0,-1,4,9854,2,0
220146,4,3,-1,5,25849,7,0
220147,4,3,-1,5,28452,8,0
220148,4,3,-1,5,23533,9,0
220149,4,4,-1,6,61372,8,0
220150,4,0,-1,4,33287,2,0
220151,2,4,-1,0,40791,13,3
220152,4,3,-1,5,25852,6,0
220153,4,3,-1,5,12971,5,0
220154,4,4,-1,6,28362,8,0
220155,4,4,-1,6,50615,1,0
220156,4,4,-1,6,55836,10,0
220157,4,4,-1,6,42699,6,0
220158,4,4,-1,6,43639,10,0
220159,4,4,-1,6,39807,7,0
220160,4,0,-1,4,53455,12,0
220161,4,3,-1,5,25776,9,0
220162,4,0,-1,4,40036,2,0
220163,4,6,-1,1,40901,14,4
220164,4,0,-1,4,39432,2,0
220165,4,0,-1,4,31906,11,0
220166,2,7,-1,0,5145,13,3
220167,4,4,-1,6,51601,6,0
220168,4,4,-1,6,57006,3,0
220169,4,3,-1,5,13484,10,0
220170,2,4,-1,0,41635,13,3
220171,4,4,-1,6,26646,9,0
220172,4,4,-1,6,51949,3,0
220173,4,4,-1,6,22901,1,0
220174,4,0,-1,4,34491,2,0
220175,4,0,-1,4,30797,2,0
220176,4,1,-1,7,23101,16,0
220177,4,3,-1,5,28452,8,0
220178,4,3,-1,5,9082,10,0
220179,4,3,-1,5,12723,5,0
220180,4,0,-1,4,45351,2,0
220181,4,3,-1,5,26955,7,0
220182,4,4,-1,6,55612,5,0
220183,4,4,-1,6,43037,7,0
220184,4,3,-1,5,23531,3,0
220185,4,4,-1,6,52053,5,0
220186,4,4,-1,6,51501,3,0
220187,4,4,-1,6,35051,7,0
220188,4,4,-1,6,34708,8,0
220189,4,3,-1,5,6977,9,0
220190,4,1,-1,7,32072,16,0
220191,4,3,-1,5,28438,7,0
220192,2,5,-1,0,5533,17,1
220193,4,1,-1,7,52783,16,0
220194,4,4,-1,6,51254,7,0
220195,4,0,-1,4,9849,11,0
220196,4,4,-1,6,26871,5,0
220197,4,4,-1,6,50752,9,0
220198,4,3,-1,5,15327,1,0
220199,4,4,-1,6,55306,3,0
220200,4,4,-1,6,44123,3,0
220201,4,4,-1,6,31084,7,0
220202,4,3,-1,5,7563,6,0
220203,4,4,-1,6,27335,7,0
220204,2,8,-1,0,18342,17,1
220205,4,4,-1,6,50994,9,0
220206,4,3,-1,5,25781,6,0
220207,4,3,-1,5,27000,10,0
220208,4,4,-1,6,46989,6,0
220209,4,3,-1,5,27029,6,0
220210,4,3,-1,5,9242,7,0
220211,4,0,-1,4,43085,2,0
220212,4,4,-1,6,54809,8,0
220213,4,3,-1,5,27892,10,0
220214,4,0,-1,4,45465,12,0
220215,4,0,-1,4,30799,2,0
220216,4,0,-1,4,9849,11,0
220217,4,3,-1,5,25882,5,0
220218,4,3,-1,5,26933,5,0
220219,4,4,-1,6,16115,1,0
220220,4,4,-1,6,55820,5,0
220221,4,3,-1,5,2829,5,0
220222,4,3,-1,5,9082,10,0
220223,4,1,-1,7,55943,16,0
220224,4,3,-1,5,30681,3,0
220225,2,6,-1,0,5638,17,1
220226,4,4,-1,6,27835,1,0
220227,4,1,-1,7,56070,16,0
220228,4,0,-1,4,39689,2,0
220229,2,7,-1,0,28544,13,3
220230,4,1,-1,7,28602,16,0
220231,4,4,-1,6,28353,8,0
220232,4,3,-1,5,37200,7,0
220233,4,0,-1,4,3666,11,0
220234,4,3,-1,5,9403,5,0
220235,4,1,-1,7,23001,16,0
220236,4,4,-1,6,40769,5,0
220237,4,4,-1,6,50991,5,0
220238,4,0,-1,4,31906,11,0
220239,4,4,-1,6,16124,10,0
220240,2,8,-1,0,42336,17,1
220241,4,4,-1,6,19900,7,0
220242,4,4,-1,6,28304,3,0
220243,4,3,-1,5,15810,1,0
220244,2,4,-1,0,28521,13,3
220245,4,1,-1,7,44458,16,0
220246,4,0,-1,4,9842,11,0
220247,4,3,-1,5,6864,6,0
220248,4,3,-1,5,27035,8,0
220249,4,4,-1,6,44479,7,0
220250,4,4,-1,6,39871,9,0
220251,4,4,-1,6,55385,9,0
220252,4,4,-1,6,56872,7,0
220253,4,3,-1,5,25813,6,0
220254,2,8,-1,0,50599,17,1
220255,4,3,-1,5,33266,9,0
220256,4,4,-1,6,27334,8,0
220257,4,3,-1,5,26948,7,0
220258,4,4,-1,6,26641,7,0
220259,4,3,-1,5,11935,8,0
220260,4,0,-1,4,3410,12,0
220261,4,4,-1,6,28224,6,0
220262,4,4,-1,6,24509,3,0
220263,4,4,-1,6,53003,7,0
220264,4,1,-1,7,50062,16,0
220265,4,4,-1,6,54829,3,0
220266,4,3,-1,5,26970,8,0
220267,4,4,-1,6,64833,9,0
220268,4,4,-1,6,28783,1,0
220269,4,3,-1,5,26948,7,0
220270,4,3,-1,5,13090,5,0
220271,2,4,-1,0,19673,13,3
220272,4,4,-1,6,54507,6,0
220273,4,3,-1,5,12971,5,0
220274,4,3,-1,5,25757,6,0
220275,4,3,-1,5,25756,10,0
220276,4,3,-1,5,27044,3,0
220277,4,3,-1,5,27043,7,0
220278,4,4,-1,6,26360,9,0
220279,4,0,-1,4,20625,12,0
220280,4,3,-1,5,26985,10,0
220281,4,3,-1,5,11935,8,0
220282,4,4,-1,6,25827,3,0
220283,4,3,-1,5,10434,8,0
220284,4,0,-1,4,14437,11,0
220285,4,3,-1,5,31248,9,0
220286,4,4,-1,6,54507,6,0
220287,4,4,-1,6,47593,1,0
220288,4,7,-1,0,5563,28,0
220289,4,4,-1,6,54510,8,0
220290,4,3,-1,5,25796,7,0
220291,2,7,-1,0,31617,13,3
220292,4,1,-1,7,50062,16,0
220293,4,4,-1,6,26820,5,0
220294,4,3,-1,5,26986,7,0
220295,4,3,-1,5,15810,1,0
220296,4,4,-1,6,39803,6,0
220297,4,3,-1,5,13279,1,0
220298,4,3,-1,5,28138,8,0
220299,4,4,-1,6,50770,8,0
220300,4,4,-1,6,40747,10,0
220301,4,0,-1,4,26391,11,0
220302,4,3,-1,5,4723,5,0
220303,4,3,-1,5,16080,5,0
220304,4,3,-1,5,10402,9,0
220305,4,3,-1,5,3058,7,0
220306,2,4,-1,0,5205,13,3
220307,4,3,-1,5,9390,10,0
220308,4,4,-1,6,27400,8,0
220309,2,0,-1,0,19396,13,3
220310,4,4,-1,6,26636,5,0
220311,2,8,-1,0,49742,17,1
220312,2,7,-1,0,64536,13,3
220313,4,1,-1,7,51531,16,0
220314,4,3,-1,5,15810,1,0
220315,4,3,-1,5,25759,7,0
220316,4,3,-1,5,13279,1,0
220317,4,4,-1,6,52213,9,0
220318,4,4,-1,6,64633,7,0
220319,4,4,-1,6,56102,9,0
220320,4,3,-1,5,25931,9,0
220321,4,4,-1,6,26846,5,0
220322,4,4,-1,6,27180,1,0
220323,4,1,-1,7,49230,16,0
220324,4,4,-1,6,50615,1,0
220325,2,7,-1,0,20215,13,3
220326,4,4,-1,6,51571,7,0
220327,4,4,-1,6,36206,5,0
220328,4,4,-1,6,27405,8,0
220329,4,4,-1,6,51927,3,0
220330,4,3,-1,5,28452,8,0
220331,4,7,-1,0,39650,28,0
220332,2,4,-1,0,19501,13,3
220333,4,3,-1,5,27029,6,0
220334,4,0,-1,4,23521,12,0
220335,4,4,-1,6,28224,6,0
220336,4,4,-1,6,32906,1,0
220337,4,3,-1,5,27050,7,0
220338,4,4,-1,6,41604,7,0
220339,4,0,-1,4,18155,12,0
220340,2,8,-1,0,9055,17,1
220341,4,3,-1,5,18431,8,0
220342,4,4,-1,6,28725,3,0
220343,4,3,-1,5,15290,1,0
220344,4,4,-1,6,50770,8,0
220345,4,0,-1,4,41936,12,0
220346,4,4,-1,6,27411,6,0
220347,4,0,-1,4,53133,2,0
220348,4,3,-1,5,27053,10,0
220349,4,3,-1,5,13279,1,0
220350,4,1,-1,7,43705,16,0
220351,4,1,-1,7,23007,16,0
220352,2,5,-1,0,39408,17,1
220353,2,7,-1,0,48061,13,3
220354,4,3,-1,5,28435,6,0
220355,4,4,-1,6,42867,1,0
220356,4,3,-1,5,27029,6,0
220357,4,3,-1,5,25861,9,0
220358,4,4,-1,6,56777,5,0
220359,4,1,-1,7,43867,16,0
220360,4,0,-1,4,63960,11,0
220361,4,4,-1,6,51654,9,0
220362,4,3,-1,5,26975,3,0
220363,4,1,-1,7,38813,16,0
220364,4,3,-1,5,27094,6,0
220365,4,4,-1,6,55840,10,0
220366,4,4,-1,6,33528,9,0
220367,4,4,-1,6,26437,6,0
220368,4,3,-1,5,12944,5,0
220369,4,3,-1,5,15517,1,0
220370,4,4,-1,6,48795,7,0
220371,4,4,-1,6,61308,1,0
220372,4,4,-1,6,24068,8,0
220373,4,3,-1,5,25781,6,0
220374,2,7,-1,0,28561,13,3
220375,4,4,-1,6,43699,9,0
220376,4,3,-1,5,26039,7,0
220377,4,4,-1,6,30071,1,0
220378,4,3,-1,5,27044,3,0
220379,4,3,-1,5,9403,5,0
220380,4,0,-1,4,53407,2,0
220381,4,4,-1,6,64587,1,0
220382,4,4,-1,6,42872,3,0
220383,4,3,-1,5,26944,8,0
220384,2,4,-1,0,28512,13,3
220385,4,4,-1,6,39651,3,0
220386,4,3,-1,5,26993,9,0
220387,4,0,-1,4,9850,11,0
220388,2,8,-1,0,28546,17,1
220389,4,3,-1,5,22685,9,0
220390,4,4,-1,6,26883,8,0
220391,4,4,-1,6,27398,10,0
220392,4,4,-1,6,27354,7,0
220393,4,4,-1,6,55803,1,0
220394,4,4,-1,6,61476,9,0
220395,4,4,-1,6,38359,5,0
220396,4,4,-1,6,21301,1,0
220397,4,3,-1,5,27151,1,0
220398,2,7,-1,0,5154,13,3
220399,4,4,-1,6,32758,8,0
220400,4,4,-1,6,44131,1,0
220401,2,7,-1,0,26503,13,3
220402,4,4,-1,6,51601,6,0
220403,4,1,-1,7,23025,16,0
220404,4,0,-1,4,51279,11,0
220405,4,4,-1,6,27384,5,0
220406,4,4,-1,6,49767,8,0
220407,4,4,-1,6,39646,8,0
220408,4,0,-1,4,224,11,0
220409,4,1,-1,7,51256,16,0
220410,4,4,-1,6,59703,8,0
220411,4,3,-1,5,26987,6,0
220412,4,4,-1,6,26833,8,0
220413,2,8,-1,0,20069,17,1
220414,4,4,-1,6,49876,3,0
220415,4,4,-1,6,52477,10,0
220416,4,4,-1,6,38684,9,0
220417,2,8,-1,0,63370,17,1
220418,4,1,-1,7,32069,16,0
220419,4,4,-1,6,19728,1,0
220420,4,4,-1,6,52043,6,0
220421,4,1,-1,7,28433,16,0
220422,4,3,-1,5,16513,5,0
220423,2,4,-1,0,50201,13,3
220424,4,4,-1,6,51668,10,0
220425,4,3,-1,5,15333,1,0
220426,4,3,-1,5,10166,3,0
220427,4,3,-1,5,6991,10,0
220428,4,3,-1,5,25934,7,0
220429,4,6,-1,1,6275,14,4
220430,2,7,-1,0,26576,13,3
220431,4,3,-1,5,9634,9,0
220432,4,3,-1,5,22685,9,0
220433,4,3,-1,5,28443,3,0
220434,4,3,-1,5,28440,1,0
220435,4,4,-1,6,42359,5,0
220436,4,4,-1,6,55004,6,0
220437,4,4,-1,6,41232,3,0
220438,2,7,-1,0,52928,13,3
220439,4,3,-1,5,15324,1,0
220440,4,4,-1,6,59332,1,0
220441,4,3,-1,5,25848,5,0
220442,4,0,-1,4,56782,12,0
220443,4,0,-1,4,1103,12,0
220444,4,0,-1,4,8025,12,0
220445,4,3,-1,5,13279,1,0
220446,4,4,-1,6,39800,5,0
220447,4,4,-1,6,43143,6,0
220448,4,1,-1,7,28616,16,0
220449,2,4,-1,0,44606,13,3
220450,4,3,-1,5,3083,7,0
220451,4,0,-1,4,9847,11,0
220452,2,6,-1,0,40808,17,1
220453,4,4,-1,6,39288,5,0
220454,4,3,-1,5,7554,8,0
220455,4,4,-1,6,35067,8,0
220456,2,4,-1,0,43642,13,3
220457,4,3,-1,5,6883,10,0
220458,4,3,-1,5,28436,9,0
220459,2,1,-1,0,14038,17,1
220460,4,3,-1,5,28750,10,0
220461,4,3,-1,5,25882,5,0
220462,4,3,-1,5,3083,7,0
220463,4,4,-1,6,41968,8,0
220464,4,4,-1,6,50753,6,0
220465,2,5,-1,0,41638,17,1
220466,4,0,-1,4,15150,12,0
220467,4,3,-1,5,27079,6,0
220468,4,4,-1,6,48796,3,0
220469,4,4,-1,6,53578,6,0
220470,4,0,-1,4,28831,11,0
220471,4,4,-1,6,16117,5,0
220472,4,0,-1,4,6502,2,0
220473,2,7,-1,0,39890,13,3
220474,4,0,-1,4,6539,2,0
220475,4,3,-1,5,26941,7,0
220476,4,4,-1,6,26354,8,0
220477,4,4,-1,6,57533,1,0
220478,4,4,-1,6,44335,3,0
220479,4,0,-1,4,32678,11,0
220480,4,3,-1,5,25798,5,0
220481,4,4,-1,6,48314,9,0
220482,4,4,-1,6,31598,6,0
220483,4,4,-1,6,27382,6,0
220484,2,7,-1,0,46839,13,3
220485,4,0,-1,4,29922,12,0
220486,4,0,-1,4,39432,2,0
220487,4,3,-1,5,12965,5,0
220488,4,4,-1,6,42832,9,0
220489,4,4,-1,6,28355,5,0
220490,4,4,-1,6,26797,3,0
220491,4,4,-1,6,43743,3,0
220492,4,4,-1,6,44327,1,0
220493,4,0,-1,4,6497,2,0
220494,4,0,-1,4,14433,11,0
220495,4,4,-1,6,43136,6,0
220496,4,4,-1,6,16103,7,0
220497,4,4,-1,6,55802,10,0
220498,4,4,-1,6,28640,6,0
220499,2,6,-1,0,45475,17,1
220500,4,3,-1,5,685,7,0
220501,4,4,-1,6,16124,10,0
220502,4,4,-1,6,48926,10,0
220503,4,4,-1,6,19769,1,0
220504,2,8,-1,0,20155,17,1
220505,4,3,-1,5,27111,9,0
220506,4,3,-1,5,15731,5,0
220507,4,3,-1,5,48759,20,0
220508,4,4,-1,6,27899,5,0
220509,4,0,-1,4,40035,2,0
220510,4,3,-1,5,6991,10,0
220511,4,4,-1,6,51144,9,0
220512,4,4,-1,6,26333,8,0
220513,4,0,-1,4,2618,12,0
220514,4,4,-1,6,27391,6,0
220515,4,4,-1,6,44111,6,0
220516,4,4,-1,6,56381,5,0
220517,4,3,-1,5,16488,10,0
220518,4,4,-1,6,48905,10,0
220519,4,3,-1,5,9390,10,0
220520,4,0,-1,4,56514,12,0
220521,4,4,-1,6,53903,3,0
220522,4,4,-1,6,41836,6,0
220523,4,1,-1,7,58996,16,0
220524,4,3,-1,5,2829,5,0
220525,4,4,-1,6,56183,7,0
220526,4,3,-1,5,28684,6,0
220527,4,3,-1,5,22685,9,0
220528,4,1,-1,7,15248,16,0
220529,4,3,-1,5,9406,10,0
220530,4,1,-1,7,49738,16,0
220531,4,4,-1,6,27405,8,0
220532,4,1,-1,7,27743,16,0
220533,4,4,-1,6,43824,6,0
220534,4,4,-1,6,61889,10,0
220535,4,3,-1,5,26990,5,0
220536,4,4,-1,6,44340,8,0
220537,4,4,-1,6,35991,5,0
220538,4,1,-1,7,23140,16,0
220539,4,4,-1,6,43734,8,0
220540,4,0,-1,4,12643,11,0
220541,4,1,-1,7,22989,16,0
220542,4,4,-1,6,52406,10,0
220543,4,3,-1,5,25766,9,0
220544,4,3,-1,5,12453,7,0
220545,4,1,-1,7,23747,16,0
220546,4,3,-1,5,37048,5,0
220547,4,4,-1,6,26862,8,0
220548,4,3,-1,5,25796,7,0
220549,4,0,-1,4,15150,12,0
220550,4,3,-1,5,25935,3,0
220551,4,3,-1,5,27052,1,0
220552,4,0,-1,4,48512,2,0
220553,4,0,-1,4,7544,11,0
220554,4,3,-1,5,28437,7,0
220555,4,4,-1,6,43274,7,0
220556,4,3,-1,5,26936,5,0
220557,4,0,-1,4,7570,2,0
220558,4,4,-1,6,26843,3,0
220559,4,0,-1,4,9838,11,0
220560,4,4,-1,6,55830,7,0
220561,4,3,-1,5,16492,1,0
220562,4,3,-1,5,10166,3,0
220563,4,3,-1,5,11935,8,0
220564,4,4,-1,6,26824,7,0
220565,4,3,-1,5,25933,10,0
220566,4,3,-1,5,28440,1,0
220567,2,4,-1,0,19756,13,3
220568,4,4,-1,6,55804,7,0
220569,4,4,-1,6,49876,3,0
220570,4,6,-1,1,52188,14,4
220571,4,4,-1,6,51302,3,0
220572,4,3,-1,5,37200,7,0
220573,4,4,-1,6,26336,7,0
220574,4,4,-1,6,21961,7,0
220575,4,0,-1,4,19662,12,0
220576,4,1,-1,7,23081,16,0
220577,4,4,-1,6,54074,10,0
220578,4,4,-1,6,31638,10,0
220579,4,4,-1,6,51892,3,0
220580,4,4,-1,6,54075,9,0
220581,4,3,-1,5,25991,1,0
220582,4,4,-1,6,16117,5,0
220583,4,3,-1,5,25851,9,0
220584,2,7,-1,0,20215,13,3
220585,4,3,-1,5,26030,8,0
220586,4,0,-1,4,33287,2,0
220587,4,0,-1,4,43101,12,0
220588,4,3,-1,5,6864,6,0
220589,4,3,-1,5,27323,6,0
220590,2,8,-1,0,44329,17,1
220591,4,0,-1,4,23435,11,0
220592,2,6,-1,0,5638,17,1
220593,4,4,-1,6,39867,3,0
220594,4,7,-1,0,43318,28,0
220595,4,3,-1,5,6931,8,0
220596,4,6,-1,1,26548,14,4
220597,4,4,-1,6,18573,10,0
220598,4,3,-1,5,27061,7,0
220599,4,4,-1,6,40764,7,0
220600,4,0,-1,4,11990,11,0
220601,4,3,-1,5,16087,10,0
220602,4,4,-1,6,19843,7,0
220603,4,3,-1,5,25850,10,0
220604,4,0,-1,4,43599,2,0
220605,4,0,-1,4,38127,12,0
220606,4,0,-1,4,23715,2,0
220607,4,0,-1,4,9857,2,0
220608,4,4,-1,6,51615,7,0
220609,4,0,-1,4,20625,12,0
220610,4,3,-1,5,25933,10,0
220611,4,4,-1,6,54827,5,0
220612,4,4,-1,6,51459,7,0
220613,2,4,-1,0,28681,13,3
220614,4,3,-1,5,25787,5,0
220615,4,0,-1,4,15853,12,0
220616,4,3,-1,5,26970,8,0
220617,4,4,-1,6,43740,7,0
220618,4,0,-1,4,40035,2,0
220619,4,0,-1,4,9850,11,0
220620,2,5,-1,0,50320,17,1
220621,4,4,-1,6,26812,10,0
220622,4,3,-1,5,26936,5,0
220623,4,4,-1,6,39080,3,0
220624,4,4,-1,6,29955,3,0
220625,4,4,-1,6,43640,10,0
220626,4,4,-1,6,43992,9,0
220627,4,0,-1,4,9833,11,0
220628,4,4,-1,6,64775,5,0
220629,4,4,-1,6,19893,5,0
220630,4,4,-1,6,52393,1,0
220631,4,4,-1,6,40764,7,0
220632,4,3,-1,5,7540,10,0
220633,4,4,-1,6,51652,5,0
220634,4,3,-1,5,7002,8,0
220635,4,4,-1,6,28351,3,0
220636,4,3,-1,5,15288,1,0
220637,4,0,-1,4,40413,2,0
220638,4,3,-1,5,52161,3,0
220639,4,0,-1,4,41916,12,0
220640,4,3,-1,5,28437,7,0
220641,2,7,-1,0,33145,13,3
220642,4,3,-1,5,22688,5,0
220643,4,3,-1,5,48759,20,0
220644,4,4,-1,6,39646,8,0
220645,4,4,-1,6,27426,9,0
220646,4,4,-1,6,55498,3,0
220647,4,3,-1,5,27117,6,0
220648,2,5,-1,0,50322,17,1
220649,4,3,-1,5,26948,7,0
220650,2,1,-1,0,22249,17,1
220651,4,4,-1,6,26797,3,0
220652,4,3,-1,5,25765,8,0
220653,4,1,-1,7,23025,16,0
220654,4,0,-1,4,26391,11,0
220655,4,3,-1,5,25772,9,0
220656,4,3,-1,5,13278,1,0
220657,2,4,-1,0,47438,13,3
220658,4,4,-1,6,25225,6,0
220659,4,4,-1,6,41229,5,0
220660,2,4,-1,0,55954,13,3
220661,4,3,-1,5,6996,9,0
220662,4,3,-1,5,22685,9,0
220663,4,3,-1,5,13278,1,0
220664,4,4,-1,6,21580,5,0
220665,4,4,-1,6,61307,1,0
220666,4,4,-1,6,51707,5,0
220667,2,7,-1,0,25053,13,3
220668,4,0,-1,4,9850,11,0
220669,4,4,-1,6,48057,1,0
220670,4,0,-1,4,22753,12,0
220671,4,1,-1,7,23115,16,0
220672,4,4,-1,6,28354,10,0
220673,4,0,-1,4,14437,11,0
220674,4,0,-1,4,14436,11,0
220675,4,1,-1,7,31632,16,0
220676,2,1,-1,0,8534,17,1
220677,4,3,-1,5,26983,8,0
220678,4,3,-1,5,15327,1,0
220679,4,3,-1,5,26249,7,0
220680,4,3,-1,5,25778,8,0
220681,4,0,-1,4,56514,12,0
220682,4,3,-1,5,26968,7,0
220683,4,0,-1,4,52439,11,0
220684,4,0,-1,4,31800,11,0
220685,4,4,-1,6,27418,6,0
220686,4,4,-1,6,55990,9,0
220687,2,1,-1,0,8531,17,1
220688,4,4,-1,6,38685,10,0
220689,4,4,-1,6,51131,8,0
220690,4,3,-1,5,13011,5,0
220691,4,4,-1,6,45660,7,0
220692,4,4,-1,6,44019,6,0
220693,4,7,-1,0,43318,28,0
220694,4,1,-1,7,64326,16,0
220695,4,3,-1,5,12971,5,0
220696,2,4,-1,0,19637,13,3
220697,4,0,-1,4,6539,2,0
220698,4,4,-1,6,16124,10,0
220699,4,0,-1,4,9842,11,0
220700,4,4,-1,6,37444,10,0
220701,4,0,-1,4,11990,11,0
220702,4,0,-1,4,34491,2,0
220703,4,4,-1,6,43283,9,0
220704,4,4,-1,6,62025,7,0
220705,4,3,-1,5,9742,7,0
220706,4,4,-1,6,31161,9,0
220707,4,4,-1,6,44479,7,0
220708,4,4,-1,6,22892,5,0
220709,4,3,-1,5,26964,8,0
220710,4,6,-1,1,42622,14,4
220711,4,3,-1,5,12944,5,0
220712,4,3,-1,5,10434,8,0
220713,4,0,-1,4,34491,2,0
220714,4,4,-1,6,51773,1,0
220715,4,4,-1,6,56532,1,0
220716,4,4,-1,6,51700,8,0
220717,4,1,-1,7,55000,16,0
220718,4,3,-1,5,13053,9,0
220719,4,3,-1,5,25802,10,0
220720,4,1,-1,7,26064,16,0
220721,4,3,-1,5,6966,9,0
220722,4,3,-1,5,27018,5,0
220723,4,3,-1,5,27029,6,0
220724,4,3,-1,5,16086,8,0
220725,4,4,-1,6,43142,5,0
220726,4,0,-1,4,39916,12,0
220727,4,4,-1,6,59703,8,0
220728,4,3,-1,5,28315,5,0
220729,4,4,-1,6,32718,6,0
220730,4,0,-1,4,31631,12,0
220731,4,3,-1,5,13090,5,0
220732,4,3,-1,5,24982,9,0
220733,4,3,-1,5,24557,1,0
220734,4,3,-1,5,26936,5,0
220735,4,3,-1,5,27770,7,0
220736,4,3,-1,5,26948,7,0
220737,4,4,-1,6,29880,7,0
220738,4,4,-1,6,43349,10,0
220739,4,4,-1,6,51612,7,0
220740,4,0,-1,4,224,11,0
220741,4,0,-1,4,33287,2,0
220742,4,0,-1,4,38674,11,0
220743,4,4,-1,6,52057,8,0
220744,4,4,-1,6,27396,3,0
220745,4,3,-1,5,27027,10,0
220746,4,3,-1,5,27073,1,0
220747,4,3,-1,5,6952,8,0
220748,4,3,-1,5,26963,10,0
220749,4,4,-1,6,48795,7,0
220750,4,3,-1,5,27778,10,0
220751,4,3,-1,5,25850,10,0
220752,4,4,-1,6,39873,1,0
220753,4,3,-1,5,3058,7,0
220754,4,0,-1,4,48509,2,0
220755,4,4,-1,6,28357,9,0
220756,4,4,-1,6,41230,10,0
220757,2,4,-1,0,28521,13,3
220758,4,3,-1,5,6907,8,0
220759,4,4,-1,6,56872,7,0
220760,2,5,-1,0,28096,17,1
220761,2,7,-1,0,51922,13,3
220762,4,3,-1,5,9738,7,0
220763,4,1,-1,7,50051,16,0
220764,4,3,-1,5,27020,7,0
220765,4,3,-1,5,25796,7,0
220766,4,6,-1,1,27222,14,4
220767,4,4,-1,6,25856,1,0
220768,4,4,-1,6,55301,6,0
220769,4,1,-1,7,39391,16,0
220770,4,0,-1,4,43701,2,0
220771,4,0,-1,4,6486,11,0
220772,4,3,-1,5,27020,7,0
220773,4,0,-1,4,48508,2,0
220774,4,3,-1,5,25933,10,0
220775,4,3,-1,5,25776,9,0
220776,2,7,-1,0,20159,13,3
220777,4,0,-1,4,52417,2,0
220778,4,4,-1,6,34550,9,0
220779,4,4,-1,6,26353,6,0
220780,4,4,-1,6,54826,3,0
220781,4,0,-1,4,7248,12,0
220782,4,0,-1,4,52454,2,0
220783,4,0,-1,4,39918,12,0
220784,4,3,-1,5,6919,3,0
220785,4,4,-1,6,41231,7,0
220786,4,3,-1,5,22685,9,0
220787,4,4,-1,6,26884,7,0
220788,4,3,-1,5,27774,1,0
220789,4,4,-1,6,43043,8,0
220790,4,1,-1,7,26271,16,0
220791,4,1,-1,7,23026,16,0
220792,4,4,-1,6,45182,1,0
220793,4,4,-1,6,56542,8,0
220794,4,4,-1,6,44883,1,0
220795,4,3,-1,5,27323,6,0
220796,4,3,-1,5,27791,10,0
220797,4,3,-1,5,52164,10,0
220798,4,3,-1,5,27094,6,0
220799,4,1,-1,7,50051,16,0
220800,4,3,-1,5,22687,7,0
220801,2,5,-1,0,29939,17,1
220802,4,3,-1,5,6931,8,0
220803,4,3,-1,5,30091,1,0
220804,4,4,-1,6,56964,7,0
220805,4,4,-1,6,53578,6,0
220806,4,3,-1,5,26974,7,0
220807,4,0,-1,4,12643,11,0
220808,4,0,-1,4,18397,11,0
220809,4,4,-1,6,49876,3,0
220810,4,3,-1,5,27083,1,0
220811,4,4,-1,6,56351,7,0
220812,2,8,-1,0,63370,17,1
220813,4,0,-1,4,31204,12,0
220814,4,4,-1,6,44224,6,0
220815,4,3,-1,5,28436,9,0
220816,4,4,-1,6,26360,9,0
220817,2,0,-1,0,50073,13,3
220818,4,4,-1,6,53629,8,0
220819,4,3,-1,5,6971,3,0
220820,4,3,-1,5,27005,9,0
220821,4,0,-1,4,28831,11,0
220822,4,3,-1,5,12945,5,0
220823,4,4,-1,6,38689,8,0
220824,4,3,-1,5,18422,1,0
220825,4,1,-1,7,23747,16,0
220826,4,4,-1,6,55003,10,0
220827,4,4,-1,6,24513,8,0
220828,2,5,-1,0,58961,17,1
220829,4,1,-1,7,23031,16,0
220830,4,3,-1,5,6954,10,0
220831,4,3,-1,5,26932,7,0
220832,4,3,-1,5,27895,9,0
220833,4,4,-1,6,31193,9,0
220834,4,0,-1,4,52459,11,0
220835,4,3,-1,5,16488,10,0
220836,4,3,-1,5,6982,10,0
220837,4,4,-1,6,21961,7,0
220838,4,4,-1,6,19893,5,0
220839,4,0,-1,4,23715,2,0
220840,4,3,-1,5,18431,8,0
220841,4,0,-1,4,53194,2,0
220842,4,3,-1,5,15327,1,0
220843,4,1,-1,7,54522,16,0
220844,4,3,-1,5,25866,6,0
220845,4,0,-1,4,7899,2,0
220846,4,4,-1,6,29000,10,0
220847,4,4,-1,6,41933,1,0
220848,4,0,-1,4,14437,2,0
220849,4,4,-1,6,57264,6,0
220850,4,4,-1,6,27426,9,0
220851,2,8,-1,0,20249,17,1
220852,4,1,-1,7,27108,16,0
220853,4,6,-1,1,18824,14,4
220854,4,4,-1,6,54816,1,0
220855,2,5,-1,0,5226,17,1
220856,4,0,-1,4,45351,2,0
220857,4,0,-1,4,6539,2,0
220858,4,3,-1,5,28444,3,0
220859,4,3,-1,5,22559,5,0
220860,4,0,-1,4,60692,12,0
220861,4,0,-1,4,43120,11,0
220862,4,4,-1,6,26829,9,0
220863,4,3,-1,5,27039,5,0
220864,4,4,-1,6,27368,9,0
220865,4,0,-1,4,38758,12,0
220866,4,4,-1,6,27935,6,0
220867,4,4,-1,6,39385,7,0
220868,4,0,-1,4,22293,12,0
220869,4,4,-1,6,53884,5,0
220870,4,0,-1,4,7418,12,0
220871,4,4,-1,6,27391,6,0
220872,2,8,-1,0,20111,17,1
220873,4,3,-1,5,26091,3,0
220874,4,4,-1,6,42214,1,0
220875,4,4,-1,6,24509,3,0
220876,4,0,-1,4,14437,2,0
220877,2,0,-1,0,19133,13,3
220878,4,6,-1,1,18700,14,4
220879,4,3,-1,5,27023,3,0
220880,4,4,-1,6,56930,6,0
220881,4,3,-1,5,6842,10,0
220882,4,3,-1,5,26982,9,0
220883,4,0,-1,4,33287,2,0
220884,4,3,-1,5,9242,7,0
220885,4,3,-1,5,6991,10,0
220886,4,0,-1,4,33534,11,0
220887,2,7,-1,0,31526,13,3
220888,4,1,-1,7,61401,16,0
220889,4,6,-1,1,18790,14,4
220890,4,1,-1,7,29916,16,0
220891,4,3,-1,5,25762,6,0
220892,4,3,-1,5,18274,7,0
220893,4,0,-1,4,17918,2,0
220894,4,3,-1,5,25850,10,0
220895,4,3,-1,5,27540,8,0
220896,4,4,-1,6,38359,5,0
220897,2,4,-1,0,18578,13,3
220898,4,4,-1,6,28202,10,0
220899,4,3,-1,5,6952,8,0
220900,4,3,-1,5,27890,7,0
220901,4,4,-1,6,55181,3,0
220902,4,3,-1,5,25774,3,0
220903,4,7,-1,0,36578,28,0
220904,2,4,-1,0,6795,13,3
220905,4,4,-1,6,52056,7,0
220906,4,0,-1,4,23727,12,0
220907,4,3,-1,5,24982,9,0
220908,4,4,-1,6,27431,3,0
220909,4,4,-1,6,40773,3,0
220910,4,3,-1,5,27057,6,0
220911,4,3,-1,5,27191,1,0
220912,4,3,-1,5,27048,9,0
220913,4,0,-1,4,34491,2,0
220914,4,3,-1,5,12453,7,0
220915,4,3,-1,5,26948,7,0
220916,4,3,-1,5,9738,7,0
220917,2,7,-1,0,28086,13,3
220918,4,4,-1,6,57533,1,0
220919,4,4,-1,6,43272,5,0
220920,2,7,-1,0,22227,13,3
220921,4,3,-1,5,25862,5,0
220922,4,4,-1,6,26365,1,0
220923,4,3,-1,5,25800,9,0
220924,4,4,-1,6,28172,8,0
220925,4,3,-1,5,25850,10,0
220926,4,0,-1,4,6012,11,0
220927,4,3,-1,5,6982,10,0
220928,2,4,-1,0,19783,13,3
220929,4,4,-1,6,27338,1,0
220930,4,4,-1,6,42864,8,0
220931,4,3,-1,5,26098,1,0
220932,4,3,-1,5,26039,7,0
220933,4,0,-1,4,30799,2,0
220934,4,3,-1,5,15897,5,0
220935,2,8,-1,0,30778,17,1
220936,4,4,-1,6,55801,5,0
220937,4,4,-1,6,26833,8,0
220938,4,1,-1,7,48871,16,0
220939,4,3,-1,5,27191,1,0
220940,4,4,-1,6,26873,7,0
220941,4,4,-1,6,19900,7,0
220942,4,0,-1,4,17918,2,0
220943,2,4,-1,0,41873,13,3
220944,2,0,-1,0,8496,13,3
220945,4,3,-1,5,13090,5,0
220946,4,1,-1,7,23123,16,0
220947,4,1,-1,7,43867,16,0
220948,4,3,-1,5,8719,5,0
220949,4,0,-1,4,6494,2,0
220950,4,4,-1,6,28694,5,0
220951,4,4,-1,6,59706,1,0
220952,4,3,-1,5,25931,9,0
220953,4,6,-1,1,26959,14,4
220954,2,6,-1,0,22239,17,1
220955,4,4,-1,6,26847,10,0
220956,2,5,-1,0,28677,17,1
220957,4,4,-1,6,28843,7,0
220958,4,0,-1,4,34491,2,0
220959,4,4,-1,6,54420,10,0
220960,4,3,-1,5,27770,7,0
220961,4,3,-1,5,26948,7,0
220962,4,0,-1,4,56875,11,0
220963,4,4,-1,6,51330,7,0
220964,4,0,-1,4,30696,12,0
220965,4,0,-1,4,23949,12,0
220966,4,7,-1,0,5563,28,0
220967,4,4,-1,6,61541,9,0
220968,4,3,-1,5,18339,10,0
220969,4,4,-1,6,48246,1,0
220970,2,5,-1,0,43830,17,1
220971,4,1,-1,7,23012,16,0
220972,4,0,-1,4,224,11,0
220973,4,1,-1,7,28209,16,0
220974,4,4,-1,6,48928,5,0
220975,4,0,-1,4,36902,2,0
220976,4,4,-1,6,18497,3,0
220977,4,0,-1,4,54513,11,0
220978,4,6,-1,1,28017,14,4
220979,4,3,-1,5,25825,1,0
220980,4,0,-1,4,43535,2,0
220981,4,0,-1,4,9849,11,0
220982,4,4,-1,6,42868,6,0
220983,4,4,-1,6,27380,8,0
220984,4,4,-1,6,45920,8,0
220985,4,3,-1,5,26076,6,0
220986,4,0,-1,4,52454,2,0
220987,4,4,-1,6,44019,6,0
220988,2,8,-1,0,33033,17,1
220989,2,8,-1,0,20251,17,1
220990,4,3,-1,5,27000,10,0
220991,4,3,-1,5,25768,7,0
220992,4,1,-1,7,28097,16,0
220993,4,3,-1,5,26948,7,0
220994,2,7,-1,0,28530,13,3
220995,4,0,-1,4,52459,11,0
220996,4,4,-1,6,44122,10,0
220997,4,0,-1,4,6546,2,0
220998,4,0,-1,4,39432,2,0
220999,4,3,-1,5,25801,5,0
240000,4,1,-1,7,28298,16,0
240001,4,2,-1,8,14522,7,0
240002,4,3,-1,5,51073,6,0
240003,4,2,-1,8,49990,8,0
240004,2,18,-1,0,51692,26,0
240005,4,0,-1,4,9658,2,0
240006,2,2,-1,0,20652,15,0
240007,4,3,-1,5,26155,9,0
240008,4,3,-1,5,26172,1,0
240009,4,2,-1,8,14068,5,0
240010,4,3,-1,5,43455,5,0
240011,2,2,-1,0,20652,15,0
240012,4,3,-1,5,48765,3,0
240013,4,3,-1,5,44267,8,0
240014,4,2,-1,8,2644,5,0
240015,4,0,-1,4,64194,2,0
240016,4,2,-1,8,27882,5,0
240017,4,1,-1,7,23088,16,0
240018,4,3,-1,5,46091,8,0
240019,2,3,-1,0,49393,26,0
240020,4,3,-1,5,48763,3,0
240021,4,0,-1,4,22293,12,0
240022,4,2,-1,8,38267,5,0
240023,4,2,-1,8,18938,9,0
240024,2,8,-1,0,32199,17,1
240025,4,0,-1,4,6504,12,0
240026,4,3,-1,5,27157,7,0
240027,2,8,-1,0,41789,17,1
240028,4,2,-1,8,46439,7,0
240029,4,2,-1,8,9505,7,0
240030,4,3,-1,5,40252,8,0
240031,4,3,-1,5,48671,6,0
240032,4,3,-1,5,56722,5,0
240033,4,3,-1,5,65461,8,0
240034,4,3,-1,5,39514,5,0
240035,4,3,-1,5,40630,6,0
240036,4,3,-1,5,32872,5,0
240037,4,2,-1,8,9529,10,0
240038,4,3,-1,5,51576,3,0
240039,4,3,-1,5,56958,10,0
240040,2,2,-1,0,20652,15,0
240041,4,3,-1,5,46049,8,0
240042,4,2,-1,8,26550,1,0
240043,4,3,-1,5,27288,8,0
240044,4,3,-1,5,40734,8,0
240045,4,3,-1,5,61828,5,0
240046,4,0,-1,4,9853,2,0
240047,4,3,-1,5,42579,5,0
240048,2,2,-1,0,25602,15,0
240049,4,2,-1,8,3169,3,0
240050,4,3,-1,5,19898,8,0
240051,4,3,-1,5,26245,6,0
240052,4,3,-1,5,51195,8,0
240053,4,3,-1,5,40990,8,0
240054,2,8,-1,0,20152,17,1
240055,4,2,-1,8,17154,7,0
240056,4,0,-1,4,39877,2,0
240057,4,2,-1,8,28177,6,0
240058,4,2,-1,8,14730,7,0
240059,4,1,-1,7,26080,16,0
240060,4,3,-1,5,41607,7,0
240061,4,3,-1,5,53118,6,0
240062,4,2,-1,8,7545,6,0
240063,4,3,-1,5,16515,10,0
240064,4,3,-1,5,50680,1,0
240065,2,3,-1,0,20735,26,0
240066,4,3,-1,5,51584,10,0
240067,4,2,-1,8,21302,1,0
240068,4,2,-1,8,17122,6,0
240069,2,3,-1,0,44962,26,0
240070,4,2,-1,8,13551,1,0
240071,4,2,-1,8,18937,8,0
240072,4,3,-1,5,52333,3,0
240073,2,18,-1,0,22929,26,0
240074,4,3,-1,5,43252,8,0
240075,4,1,-1,7,43110,16,0
240076,4,2,-1,8,28195,7,0
240077,4,2,-1,8,13026,10,0
240078,4,3,-1,5,28336,6,0
240079,4,3,-1,5,56328,10,0
240080,4,0,-1,4,43360,12,0
240081,4,0,-1,4,9823,11,0
240082,4,3,-1,5,44207,9,0
240083,4,2,-1,8,12830,3,0
240084,2,6,-1,0,42073,17,1
240085,4,2,-1,8,14260,5,0
240086,4,3,-1,5,56675,8,0
240087,2,8,-1,0,60670,17,1
240088,4,3,-1,5,56929,9,0
240089,4,2,-1,8,27712,7,0
240090,2,18,-1,0,35253,26,0
240091,4,3,-1,5,23827,10,0
240092,4,3,-1,5,26172,1,0
240093,4,3,-1,5,43729,6,0
240094,4,2,-1,8,59128,20,0
240095,4,2,-1,8,17011,9,0
240096,4,3,-1,5,61984,1,0
240097,4,3,-1,5,39794,3,0
240098,4,3,-1,5,43920,7,0
240099,4,2,-1,8,28195,7,0
240100,4,3,-1,5,37535,9,0
240101,4,0,-1,4,6550,12,0
240102,4,2,-1,8,9513,6,0
240103,4,0,-1,4,23716,2,0
240104,4,2,-1,8,27996,5,0
240105,4,1,-1,7,29916,16,0
240106,2,2,-1,0,8107,15,0
240107,4,3,-1,5,49703,6,0
240108,2,2,-1,0,39040,15,0
240109,4,3,-1,5,25222,5,0
240110,4,2,-1,8,27668,6,0
240111,2,18,-1,0,39434,26,0
240112,4,3,-1,5,39705,6,0
240113,4,0,-1,4,36444,12,0
240114,2,2,-1,0,28308,15,0
240115,4,3,-1,5,23490,3,0
240116,4,3,-1,5,57612,6,0
240117,4,3,-1,5,52333,3,0
240118,4,3,-1,5,39705,6,0
240119,4,3,-1,5,51238,1,0
240120,4,2,-1,8,14276,8,0
240121,4,1,-1,7,40776,16,0
240122,2,2,-1,0,51909,15,0
240123,2,2,-1,0,50149,15,0
240124,4,1,-1,7,22988,16,0
240125,4,3,-1,5,52353,5,0
240126,4,1,-1,7,15163,16,0
240127,4,1,-1,7,25993,16,0
240128,4,0,-1,4,2516,12,0
240129,4,0,-1,4,7093,2,0
240130,4,3,-1,5,44068,3,0
240131,4,2,-1,8,3992,10,0
240132,4,3,-1,5,59658,1,0
240133,4,2,-1,8,7545,6,0
240134,4,0,-1,4,15150,12,0
240135,4,2,-1,8,17142,7,0
240136,4,1,-1,7,22997,16,0
240137,4,3,-1,5,55006,10,0
240138,4,2,-1,8,27668,6,0
240139,4,3,-1,5,51414,9,0
240140,4,2,-1,8,16910,6,0
240141,4,3,-1,5,57620,9,0
240142,4,2,-1,8,28046,10,0
240143,4,3,-1,5,32890,10,0
240144,4,3,-1,5,41803,8,0
240145,4,3,-1,5,56690,8,0
240146,4,3,-1,5,34558,3,0
240147,4,3,-1,5,31641,5,0
240148,4,3,-1,5,41607,7,0
240149,4,2,-1,8,17004,9,0
240150,4,0,-1,4,24087,11,0
240151,4,2,-1,8,17153,7,0
240152,4,0,-1,4,56104,11,0
240153,4,0,-1,4,23435,11,0
240154,4,3,-1,5,27318,8,0
240155,4,2,-1,8,10179,3,0
240156,2,2,-1,0,20555,15,0
240157,4,0,-1,4,21725,2,0
240158,4,2,-1,8,28749,8,0
240159,4,3,-1,5,52416,7,0
240160,4,0,-1,4,56513,12,0
240161,4,3,-1,5,33122,7,0
240162,4,0,-1,4,49005,11,0
240163,4,3,-1,5,25928,6,0
240164,4,3,-1,5,32762,10,0
240165,4,0,-1,4,4284,11,0
240166,4,3,-1,5,56595,7,0
240167,4,2,-1,8,17144,7,0
240168,2,2,-1,0,28766,15,0
240169,4,2,-1,8,17225,10,0
240170,4,3,-1,5,43160,7,0
240171,4,1,-1,7,40775,16,0
240172,4,2,-1,8,17067,10,0
240173,4,0,-1,4,41951,11,0
240174,4,2,-1,8,14316,3,0
240175,4,2,-1,8,19911,3,0
240176,4,3,-1,5,56576,5,0
240177,2,18,-1,0,25607,26,0
240178,4,0,-1,4,38556,12,0
240179,4,1,-1,7,28006,16,0
240180,4,2,-1,8,8905,6,0
240181,4,3,-1,5,21805,10,0
240182,4,3,-1,5,52360,9,0
240183,4,0,-1,4,43360,12,0
240184,4,3,-1,5,31382,10,0
240185,4,3,-1,5,58807,3,0
240186,4,1,-1,7,26259,16,0
240187,2,2,-1,0,32081,15,0
240188,4,2,-1,8,14997,9,0
240189,4,0,-1,4,18059,12,0
240190,4,3,-1,5,52145,6,0
240191,4,2,-1,8,28014,7,0
240192,2,3,-1,0,20738,26,0
240193,4,1,-1,7,25884,16,0
240194,4,3,-1,5,31405,9,0
240195,2,2,-1,0,43384,15,0
240196,4,0,-1,4,3453,11,0
240197,4,2,-1,8,12368,5,0
240198,4,3,-1,5,27093,8,0
240199,4,3,-1,5,64662,7,0
240200,4,2,-1,8,28045,9,0
240201,2,8,-1,0,28347,17,1
240202,4,3,-1,5,26289,9,0
240203,4,3,-1,5,28721,3,0
240204,4,3,-1,5,37619,1,0
240205,2,3,-1,0,18372,26,0
240206,2,2,-1,0,20666,15,0
240207,4,3,-1,5,56732,3,0
240208,2,1,-1,0,53200,17,1
240209,4,0,-1,4,39888,12,0
240210,4,0,-1,4,30797,2,0
240211,4,2,-1,8,27964,9,0
240212,4,3,-1,5,25677,3,0
240213,4,2,-1,8,15001,7,0
240214,4,2,-1,8,28008,7,0
240215,4,3,-1,5,65236,6,0
240216,4,3,-1,5,52335,7,0
240217,4,2,-1,8,52280,1,0
240218,4,3,-1,5,39814,10,0
240219,4,3,-1,5,34558,3,0
240220,4,2,-1,8,9503,10,0
240221,4,3,-1,5,56485,8,0
240222,4,3,-1,5,28280,10,0
240223,4,2,-1,8,21310,1,0
240224,4,2,-1,8,9123,5,0
240225,4,3,-1,5,26270,6,0
240226,4,2,-1,8,14316,3,0
240227,4,2,-1,8,27886,1,0
240228,4,2,-1,8,27958,6,0
240229,4,2,-1,8,5406,10,0
240230,4,2,-1,8,5243,5,0
240231,2,18,-1,0,32146,26,0
240232,4,3,-1,5,28710,5,0
240233,4,2,-1,8,17102,5,0
240234,4,1,-1,7,22988,16,0
240235,4,0,-1,4,44703,2,0
240236,4,3,-1,5,26515,5,0
240237,2,2,-1,0,50515,15,0
240238,4,3,-1,5,42567,5,0
240239,4,0,-1,4,33262,2,0
240240,2,3,-1,0,60607,26,0
240241,4,0,-1,4,9843,11,0
240242,4,0,-1,4,39920,12,0
240243,4,2,-1,8,17163,8,0
240244,4,3,-1,5,52232,9,0
240245,4,2,-1,8,3248,7,0
240246,4,2,-1,8,16890,5,0
240247,4,0,-1,4,12643,11,0
240248,4,0,-1,4,7093,2,0
240249,4,1,-1,7,23014,16,0
240250,2,8,-1,0,35962,17,1
240251,4,2,-1,8,28046,10,0
240252,4,3,-1,5,27092,5,0
240253,4,0,-1,4,24087,11,0
240254,4,2,-1,8,28177,6,0
240255,4,2,-1,8,28802,6,0
240256,4,0,-1,4,52454,2,0
240257,4,3,-1,5,55847,5,0
240258,4,3,-1,5,56014,10,0
240259,4,3,-1,5,34203,6,0
240260,4,3,-1,5,37535,9,0
240261,4,0,-1,4,56514,12,0
240262,4,3,-1,5,43159,6,0
240263,2,3,-1,0,43708,26,0
240264,4,2,-1,8,16133,7,0
240265,2,6,-1,0,30836,17,1
240266,2,6,-1,0,31174,17,1
240267,4,3,-1,5,48353,6,0
240268,4,3,-1,5,56732,3,0
240269,2,6,-1,0,26500,17,1
240270,4,3,-1,5,56731,7,0
240271,4,3,-1,5,59255,8,0
240272,2,18,-1,0,25607,26,0
240273,2,0,-1,0,19204,13,3
240274,4,3,-1,5,28667,8,0
240275,4,3,-1,5,44113,9,0
240276,4,3,-1,5,27302,3,0
240277,4,1,-1,7,26018,16,0
240278,4,2,-1,8,46440,7,0
240279,4,0,-1,4,1225,11,0
240280,4,2,-1,8,14261,5,0
240281,4,2,-1,8,27764,3,0
240282,2,1,-1,0,49227,17,1
240283,4,3,-1,5,11269,8,0
240284,4,3,-1,5,26293,10,0
240285,4,3,-1,5,26075,10,0
240286,4,2,-1,8,17213,1,0
240287,4,2,-1,8,28039,8,0
240288,4,1,-1,7,21965,16,0
240289,4,0,-1,4,39682,2,0
240290,4,3,-1,5,40164,8,0
240291,4,2,-1,8,15018,10,0
240292,4,2,-1,8,2368,10,0
240293,2,18,-1,0,54886,26,0
240294,4,3,-1,5,43735,8,0
240295,2,3,-1,0,6590,26,0
240296,2,18,-1,0,39059,26,0
240297,4,3,-1,5,41860,3,0
240298,4,3,-1,5,28696,6,0
240299,4,2,-1,8,17095,5,0
240300,4,3,-1,5,12986,3,0
240301,4,3,-1,5,26103,9,0
240302,4,2,-1,8,17144,7,0
240303,4,3,-1,5,27944,7,0
240304,4,2,-1,8,16982,8,0
240305,4,2,-1,8,17091,5,0
240306,4,1,-1,7,23133,16,0
240307,4,3,-1,5,32038,8,0
240308,4,2,-1,8,11253,6,0
240309,4,3,-1,5,42885,9,0
240310,4,0,-1,4,23949,12,0
240311,4,2,-1,8,6729,3,0
240312,4,3,-1,5,43703,6,0
240313,4,1,-1,7,43099,16,0
240314,2,18,-1,0,42071,26,0
240315,4,3,-1,5,54516,10,0
240316,4,3,-1,5,51414,9,0
240317,4,0,-1,4,33262,2,0
240318,4,0,-1,4,6494,2,0
240319,4,0,-1,4,52820,12,0
240320,4,1,-1,7,17238,16,0
240321,4,0,-1,4,14437,2,0
240322,2,0,-1,0,19396,13,3
240323,4,2,-1,8,28837,5,0
240324,4,1,-1,7,28616,16,0
240325,4,3,-1,5,39788,5,0
240326,4,3,-1,5,61219,5,0
240327,4,3,-1,5,47419,6,0
240328,4,3,-1,5,46895,7,0
240329,4,2,-1,8,14999,6,0
240330,4,3,-1,5,56595,7,0
240331,4,3,-1,5,53236,9,0
240332,4,0,-1,4,51719,2,0
240333,4,0,-1,4,28733,11,0
240334,4,3,-1,5,27157,7,0
240335,2,18,-1,0,11247,26,0
240336,2,1,-1,0,19252,17,1
240337,4,3,-1,5,27195,7,0
240338,4,3,-1,5,30736,8,0
240339,4,2,-1,8,28241,8,0
240340,4,0,-1,4,41449,12,0
240341,4,0,-1,4,55773,12,0
240342,4,2,-1,8,16931,6,0
240343,4,0,-1,4,15422,11,0
240344,2,3,-1,0,20735,26,0
240345,4,3,-1,5,52498,1,0
240346,4,3,-1,5,33591,6,0
240347,4,3,-1,5,59486,20,0
240348,4,3,-1,5,54195,7,0
240349,4,3,-1,5,25820,7,0
240350,4,2,-1,8,27734,1,0
240351,4,2,-1,8,41379,10,0
240352,4,0,-1,4,53133,2,0
240353,4,3,-1,5,34558,3,0
240354,4,3,-1,5,51411,6,0
240355,4,2,-1,8,35381,8,0
240356,4,3,-1,5,44732,1,0
240357,4,3,-1,5,52343,6,0
240358,4,0,-1,4,9854,2,0
240359,4,3,-1,5,27178,1,0
240360,4,3,-1,5,46088,5,0
240361,4,3,-1,5,30643,9,0
240362,4,3,-1,5,27285,6,0
240363,4,1,-1,7,27693,16,0
240364,2,2,-1,0,8107,15,0
240365,4,0,-1,4,30797,2,0
240366,4,2,-1,8,16497,3,0
240367,4,2,-1,8,28427,9,0
240368,4,2,-1,8,28384,6,0
240369,4,2,-1,8,16999,8,0
240370,4,3,-1,5,56672,7,0
240371,4,3,-1,5,48024,1,0
240372,4,3,-1,5,56561,9,0
240373,4,3,-1,5,43686,10,0
240374,4,2,-1,8,27668,6,0
240375,4,2,-1,8,17100,5,0
240376,4,2,-1,8,21256,20,0
240377,4,3,-1,5,31403,7,0
240378,4,2,-1,8,15001,7,0
240379,4,0,-1,4,31198,12,0
240380,4,2,-1,8,49919,3,0
240381,2,3,-1,0,7531,26,0
240382,4,2,-1,8,7553,3,0
240383,4,1,-1,7,27658,16,0
240384,4,3,-1,5,26217,3,0
240385,4,2,-1,8,17197,3,0
240386,4,0,-1,4,9842,11,0
240387,4,1,-1,7,23020,16,0
240388,2,6,-1,0,40401,17,1
240389,4,1,-1,7,32503,16,0
240390,2,2,-1,0,41779,15,0
240391,2,18,-1,0,38651,26,0
240392,4,3,-1,5,28726,10,0
240393,4,3,-1,5,26329,3,0
240394,2,18,-1,0,25608,26,0
240395,4,2,-1,8,17152,7,0
240396,4,2,-1,8,28372,6,0
240397,4,0,-1,4,42609,12,0
240398,4,3,-1,5,51584,10,0
240399,2,6,-1,0,38742,17,1
240400,4,3,-1,5,54890,7,0
240401,4,0,-1,4,52868,12,0
240402,2,18,-1,0,38263,26,0
240403,2,3,-1,0,31225,26,0
240404,4,3,-1,5,50680,1,0
240405,2,2,-1,0,9060,15,0
240406,4,2,-1,8,27702,8,0
240407,4,2,-1,8,17031,7,0
240408,4,3,-1,5,13052,3,0
240409,4,2,-1,8,32974,5,0
240410,4,0,-1,4,9854,2,0
240411,4,3,-1,5,54516,10,0
240412,4,1,-1,7,15248,16,0
240413,4,2,-1,8,16508,20,0
240414,4,2,-1,8,27882,5,0
240415,4,3,-1,5,56928,7,0
240416,4,3,-1,5,56517,9,0
240417,4,2,-1,8,17067,10,0
240418,4,3,-1,5,43618,7,0
240419,4,1,-1,7,44599,16,0
240420,4,3,-1,5,57066,10,0
240421,4,3,-1,5,52386,3,0
240422,4,2,-1,8,27674,6,0
240423,2,2,-1,0,8104,15,0
240424,4,3,-1,5,26087,5,0
240425,2,3,-1,0,28229,26,0
240426,4,3,-1,5,43153,6,0
240427,4,3,-1,5,54932,10,0
240428,4,3,-1,5,19793,5,0
240429,4,0,-1,4,9658,2,0
240430,4,3,-1,5,56576,5,0
240431,4,0,-1,4,22293,12,0
240432,4,3,-1,5,27157,7,0
240433,4,3,-1,5,56947,6,0
240434,4,2,-1,8,28370,9,0
240435,4,3,-1,5,55854,7,0
240436,4,3,-1,5,32762,10,0
240437,4,3,-1,5,51321,6,0
240438,4,0,-1,4,9842,11,0
240439,4,3,-1,5,52408,10,0
240440,4,2,-1,8,14773,5,0
240441,4,3,-1,5,43729,6,0
240442,4,3,-1,5,42842,7,0
240443,4,3,-1,5,52333,3,0
240444,4,3,-1,5,54935,6,0
240445,4,2,-1,8,7560,7,0
240446,4,2,-1,8,33276,10,0
240447,4,2,-1,8,27683,5,0
240448,4,2,-1,8,27957,8,0
240449,4,2,-1,8,17190,3,0
240450,4,3,-1,5,41583,5,0
240451,4,2,-1,8,3606,9,0
240452,4,2,-1,8,28431,7,0
240453,4,3,-1,5,51412,8,0
240454,4,3,-1,5,15501,1,0
240455,4,0,-1,4,9086,2,0
240456,4,3,-1,5,26273,3,0
240457,4,3,-1,5,59157,6,0
240458,4,3,-1,5,39810,5,0
240459,4,0,-1,4,9849,11,0
240460,2,1,-1,0,19309,17,1
240461,4,2,-1,8,5243,5,0
240462,4,3,-1,5,51076,5,0
240463,4,3,-1,5,54996,6,0
240464,4,2,-1,8,27881,10,0
240465,4,0,-1,4,31906,11,0
240466,2,18,-1,0,25607,26,0
240467,4,3,-1,5,39789,8,0
240468,4,2,-1,8,14261,5,0
240469,4,2,-1,8,28384,6,0
240470,4,2,-1,8,18433,3,0
240471,4,3,-1,5,54511,9,0
240472,4,3,-1,5,25937,1,0
240473,4,3,-1,5,40740,10,0
240474,4,3,-1,5,27149,8,0
240475,4,3,-1,5,56675,8,0
240476,4,0,-1,4,48007,12,0
240477,4,0,-1,4,33288,2,0
240478,4,2,-1,8,14002,9,0
240479,4,0,-1,4,21725,2,0
240480,4,3,-1,5,42939,9,0
240481,4,2,-1,8,11953,6,0
240482,4,3,-1,5,52425,5,0
240483,4,3,-1,5,59643,1,0
240484,2,6,-1,0,31613,17,1
240485,4,0,-1,4,31906,11,0
240486,4,0,-1,4,53133,2,0
240487,4,1,-1,7,32503,16,0
240488,4,2,-1,8,9548,5,0
240489,4,0,-1,4,14436,11,0
240490,4,3,-1,5,39982,7,0
240491,4,0,-1,4,9658,2,0
240492,4,0,-1,4,18087,12,0
240493,4,3,-1,5,30438,8,0
240494,4,2,-1,8,17199,1,0
240495,4,3,-1,5,51412,8,0
240496,4,2,-1,8,7560,7,0
240497,4,2,-1,8,11373,8,0
240498,4,1,-1,7,55335,16,0
240499,4,0,-1,4,32713,2,0
240500,4,2,-1,8,29134,1,0
240501,4,3,-1,5,40731,5,0
240502,4,3,-1,5,56443,5,0
240503,4,1,-1,7,56070,16,0
240504,4,3,-1,5,56733,8,0
240505,4,0,-1,4,33262,2,0
240506,4,3,-1,5,56350,1,0
240507,4,0,-1,4,38758,12,0
240508,2,2,-1,0,43202,15,0
240509,2,2,-1,0,20674,15,0
240510,4,3,-1,5,51411,6,0
240511,4,3,-1,5,43206,7,0
240512,4,3,-1,5,28792,3,0
240513,4,2,-1,8,14276,8,0
240514,4,3,-1,5,51411,6,0
240515,4,3,-1,5,37667,1,0
240516,4,3,-1,5,57071,3,0
240517,4,3,-1,5,59544,1,0
240518,4,2,-1,8,28837,5,0
240519,4,2,-1,8,16999,8,0
240520,4,2,-1,8,31529,5,0
240521,4,3,-1,5,52378,6,0
240522,4,0,-1,4,56781,2,0
240523,4,0,-1,4,18397,11,0
240524,4,2,-1,8,28227,6,0
240525,4,3,-1,5,27146,6,0
240526,4,0,-1,4,6539,2,0
240527,4,2,-1,8,11953,6,0
240528,4,3,-1,5,16079,3,0
240529,2,6,-1,0,22242,17,1
240530,4,0,-1,4,52633,12,0
240531,4,1,-1,7,44372,16,0
240532,4,2,-1,8,46626,7,0
240533,4,3,-1,5,56731,7,0
240534,4,3,-1,5,44068,3,0
240535,4,3,-1,5,25740,6,0
240536,4,3,-1,5,44407,1,0
240537,4,2,-1,8,27520,6,0
240538,2,1,-1,0,50340,17,1
240539,4,3,-1,5,56570,5,0
240540,4,0,-1,4,56104,11,0
240541,4,0,-1,4,9840,11,0
240542,4,1,-1,7,40776,16,0
240543,4,2,-1,8,14776,7,0
240544,4,0,-1,4,9857,2,0
240545,4,0,-1,4,51278,11,0
240546,4,1,-1,7,22996,16,0
240547,4,3,-1,5,56725,8,0
240548,4,2,-1,8,28808,5,0
240549,4,1,-1,7,23028,16,0
240550,4,1,-1,7,28042,16,0
240551,4,3,-1,5,56014,10,0
240552,4,1,-1,7,23133,16,0
240553,4,2,-1,8,28192,8,0
240554,4,3,-1,5,28666,8,0
240555,4,2,-1,8,46439,7,0
240556,2,2,-1,0,55929,15,0
240557,4,3,-1,5,38980,7,0
240558,4,1,-1,7,24928,16,0
240559,4,1,-1,7,23025,16,0
240560,2,2,-1,0,20652,15,0
240561,4,2,-1,8,8658,5,0
240562,4,2,-1,8,17163,8,0
240563,4,0,-1,4,53407,2,0
240564,4,1,-1,7,26097,16,0
240565,4,3,-1,5,38703,10,0
240566,4,2,-1,8,35395,7,0
240567,2,2,-1,0,50515,15,0
240568,4,1,-1,7,28042,16,0
240569,4,2,-1,8,1978,7,0
240570,4,3,-1,5,29944,3,0
240571,4,2,-1,8,28688,10,0
240572,4,0,-1,4,34491,2,0
240573,4,3,-1,5,28132,1,0
240574,4,2,-1,8,36767,8,0
240575,4,2,-1,8,14261,5,0
240576,4,0,-1,4,35472,11,0
240577,4,0,-1,4,18308,2,0
240578,4,2,-1,8,14389,6,0
240579,4,2,-1,8,17199,1,0
240580,4,0,-1,4,6504,12,0
240581,4,1,-1,7,27658,16,0
240582,4,3,-1,5,28684,6,0
240583,4,3,-1,5,28435,6,0
240584,4,2,-1,8,17225,10,0
240585,2,2,-1,0,20719,15,0
240586,4,0,-1,4,21725,2,0
240587,4,2,-1,8,28431,7,0
240588,4,0,-1,4,23521,12,0
240589,4,3,-1,5,52476,6,0
240590,4,2,-1,8,3657,9,0
240591,4,2,-1,8,15017,8,0
240592,4,0,-1,4,33288,2,0
240593,4,2,-1,8,18361,8,0
240594,4,3,-1,5,28684,6,0
240595,4,3,-1,5,25677,3,0
240596,4,2,-1,8,34244,6,0
240597,4,2,-1,8,17232,7,0
240598,4,3,-1,5,56937,7,0
240599,4,3,-1,5,22869,3,0
240600,4,3,-1,5,54932,10,0
240601,4,3,-1,5,26114,3,0
240602,4,3,-1,5,56692,3,0
240603,4,3,-1,5,44732,1,0
240604,4,2,-1,8,27881,10,0
240605,4,2,-1,8,17137,7,0
240606,4,3,-1,5,37500,6,0
240607,4,3,-1,5,28712,5,0
240608,4,0,-1,4,52405,11,0
240609,4,3,-1,5,19708,7,0
240610,2,6,-1,0,58914,17,1
240611,4,2,-1,8,27978,3,0
240612,4,3,-1,5,56716,6,0
240613,4,0,-1,4,9857,2,0
240614,2,3,-1,0,20738,26,0
240615,4,0,-1,4,31655,11,0
240616,4,3,-1,5,42892,7,0
240617,4,0,-1,4,6539,2,0
240618,2,2,-1,0,20719,15,0
240619,4,0,-1,4,21725,2,0
240620,4,2,-1,8,16888,5,0
240621,4,2,-1,8,16508,20,0
240622,2,8,-1,0,26591,17,1
240623,4,2,-1,8,17122,6,0
240624,4,2,-1,8,17055,10,0
240625,4,2,-1,8,27954,9,0
240626,4,0,-1,4,23435,11,0
240627,4,2,-1,8,28014,7,0
240628,4,0,-1,4,9823,11,0
240629,2,18,-1,0,50165,26,0
240630,4,0,-1,4,24730,12,0
240631,4,3,-1,5,41617,5,0
240632,2,3,-1,0,8095,26,0
240633,4,2,-1,8,21719,20,0
240634,2,18,-1,0,42482,26,0
240635,2,3,-1,0,4427,26,0
240636,4,3,-1,5,40988,7,0
240637,4,2,-1,8,16508,20,0
240638,4,2,-1,8,17142,7,0
240639,4,3,-1,5,26327,5,0
240640,4,1,-1,7,23025,16,0
240641,4,3,-1,5,39514,5,0
240642,4,3,-1,5,52229,5,0
240643,4,3,-1,5,52336,7,0
240644,4,0,-1,4,56103,11,0
240645,4,2,-1,8,59128,20,0
240646,4,2,-1,8,14997,9,0
240647,4,3,-1,5,31410,1,0
240648,4,3,-1,5,27297,5,0
240649,4,3,-1,5,27157,7,0
240650,2,2,-1,0,28801,15,0
240651,4,3,-1,5,38982,10,0
240652,4,3,-1,5,27124,1,0
240653,4,3,-1,5,43524,6,0
240654,2,1,-1,0,19231,17,1
240655,2,18,-1,0,38260,26,0
240656,4,2,-1,8,18921,1,0
240657,4,0,-1,4,31576,11,0
240658,4,3,-1,5,39809,6,0
240659,2,2,-1,0,4426,15,0
240660,4,3,-1,5,58760,10,0
240661,4,3,-1,5,52412,5,0
240662,4,2,-1,8,17111,6,0
240663,4,2,-1,8,28045,9,0
240664,4,0,-1,4,6494,2,0
240665,4,3,-1,5,33110,10,0
240666,4,0,-1,4,18308,2,0
240667,4,2,-1,8,4024,8,0
240668,2,18,-1,0,39773,26,0
240669,4,2,-1,8,27711,1,0
240670,4,3,-1,5,27196,10,0
240671,4,3,-1,5,51066,10,0
240672,4,3,-1,5,34558,3,0
240673,2,8,-1,0,28717,17,1
240674,4,2,-1,8,9380,7,0
240675,4,3,-1,5,39171,7,0
240676,4,3,-1,5,51299,3,0
240677,4,3,-1,5,56722,5,0
240678,2,18,-1,0,32763,26,0
240679,4,3,-1,5,26541,6,0
240680,4,0,-1,4,48511,2,0
240681,2,1,-1,0,41784,17,1
240682,4,0,-1,4,38758,12,0
240683,4,2,-1,8,14635,7,0
240684,4,3,-1,5,52235,10,0
240685,4,2,-1,8,28173,1,0
240686,4,2,-1,8,27523,3,0
240687,4,0,-1,4,3666,11,0
240688,4,3,-1,5,56722,5,0
240689,4,3,-1,5,27327,7,0
240690,4,3,-1,5,40744,3,0
240691,4,0,-1,4,30661,11,0
240692,4,2,-1,8,14599,3,0
240693,4,3,-1,5,56926,5,0
240694,4,3,-1,5,19708,7,0
240695,4,2,-1,8,16508,20,0
240696,4,1,-1,7,28042,16,0
240697,4,2,-1,8,28427,9,0
240698,4,0,-1,4,9854,2,0
240699,4,3,-1,5,27313,6,0
240700,4,3,-1,5,25221,10,0
240701,4,3,-1,5,39810,5,0
240702,4,2,-1,8,27524,8,0
240703,4,3,-1,5,8668,5,0
240704,2,2,-1,0,28547,15,0
240705,4,2,-1,8,17214,5,0
240706,4,2,-1,8,17142,7,0
240707,4,3,-1,5,51311,5,0
240708,4,2,-1,8,1966,8,0
240709,4,0,-1,4,53566,2,0
240710,4,3,-1,5,52211,8,0
240711,4,1,-1,7,28563,16,0
240712,4,3,-1,5,27306,1,0
240713,4,1,-1,7,23021,16,0
240714,4,3,-1,5,25720,9,0
240715,4,3,-1,5,41926,10,0
240716,2,2,-1,0,20650,15,0
240717,4,3,-1,5,41926,10,0
240718,4,2,-1,8,14603,10,0
240719,4,3,-1,5,28722,7,0
240720,2,18,-1,0,25608,26,0
240721,4,2,-1,8,17141,7,0
240722,4,3,-1,5,56587,7,0
240723,2,2,-1,0,20553,15,0
240724,4,3,-1,5,54867,3,0
240725,4,2,-1,8,3248,7,0
240726,4,3,-1,5,53627,8,0
240727,4,2,-1,8,27680,1,0
240728,2,2,-1,0,54501,15,0
240729,4,2,-1,8,27759,3,0
240730,4,3,-1,5,38985,7,0
240731,4,2,-1,8,19911,3,0
240732,4,2,-1,8,21310,1,0
240733,4,2,-1,8,31385,9,0
240734,2,0,-1,0,28341,13,3
240735,4,1,-1,7,26259,16,0
240736,4,0,-1,4,34491,2,0
240737,4,2,-1,8,11369,7,0
240738,4,2,-1,8,28039,8,0
240739,2,18,-1,0,38651,26,0
240740,4,3,-1,5,56342,10,0
240741,4,3,-1,5,52353,5,0
240742,4,2,-1,8,28173,1,0
240743,4,3,-1,5,27129,5,0
240744,4,3,-1,5,31532,6,0
240745,4,3,-1,5,46880,5,0
240746,4,3,-1,5,51883,3,0
240747,2,7,-1,0,28561,13,3
240748,4,3,-1,5,40740,10,0
240749,4,0,-1,4,23716,2,0
240750,4,0,-1,4,33262,2,0
240751,4,3,-1,5,40254,10,0
240752,4,3,-1,5,40257,3,0
240753,4,3,-1,5,43982,10,0
240754,4,3,-1,5,27313,6,0
240755,4,2,-1,8,9503,10,0
240756,4,3,-1,5,28447,7,0
240757,2,2,-1,0,20674,15,0
240758,4,3,-1,5,40254,10,0
240759,2,18,-1,0,49114,26,0
240760,4,2,-1,8,30801,9,0
240761,4,1,-1,7,40648,16,0
240762,4,3,-1,5,38867,10,0
240763,4,1,-1,7,52002,16,0
240764,4,3,-1,5,56331,10,0
240765,4,3,-1,5,40183,8,0
240766,4,3,-1,5,40731,5,0
240767,4,0,-1,4,9846,11,0
240768,4,0,-1,4,7899,2,0
240769,4,2,-1,8,9739,5,0
240770,4,0,-1,4,52572,12,0
240771,4,0,-1,4,19785,12,0
240772,4,2,-1,8,27975,7,0
240773,4,2,-1,8,15298,1,0
240774,4,3,-1,5,52502,5,0
240775,4,0,-1,4,12643,11,0
240776,4,2,-1,8,14776,7,0
240777,4,3,-1,5,27307,9,0
240778,4,3,-1,5,18333,3,0
240779,4,3,-1,5,39986,1,0
240780,4,2,-1,8,34244,6,0
240781,4,2,-1,8,9549,10,0
240782,4,2,-1,8,8905,6,0
240783,4,2,-1,8,17192,3,0
240784,2,18,-1,0,38651,26,0
240785,4,2,-1,8,6774,7,0
240786,2,3,-1,0,31226,26,0
240787,4,0,-1,4,6011,11,0
240788,4,2,-1,8,27760,9,0
240789,2,6,-1,0,25632,17,1
240790,4,3,-1,5,40730,9,0
240791,4,3,-1,5,39307,7,0
240792,2,2,-1,0,20719,15,0
240793,4,2,-1,8,19043,8,0
240794,4,3,-1,5,37647,9,0
240795,4,3,-1,5,27128,9,0
240796,4,1,-1,7,26082,16,0
240797,4,2,-1,8,27519,10,0
240798,2,2,-1,0,8107,15,0
240799,4,2,-1,8,16999,8,0
240800,4,3,-1,5,25673,7,0
240801,4,2,-1,8,13253,1,0
240802,4,3,-1,5,53890,5,0
240803,4,2,-1,8,14603,10,0
240804,4,0,-1,4,6504,12,0
240805,2,2,-1,0,50151,15,0
240806,4,2,-1,8,46442,1,0
240807,4,0,-1,4,38127,12,0
240808,2,2,-1,0,8104,15,0
240809,4,3,-1,5,37647,9,0
240810,4,3,-1,5,26129,8,0
240811,4,1,-1,7,22994,16,0
240812,4,0,-1,4,1399,2,0
240813,4,3,-1,5,59659,1,0
240814,4,0,-1,4,6564,12,0
240815,4,2,-1,8,18386,5,0
240816,4,2,-1,8,28149,6,0
240817,4,2,-1,8,18284,5,0
240818,4,2,-1,8,35395,7,0
240819,4,3,-1,5,52146,8,0
240820,4,3,-1,5,27170,9,0
240821,4,0,-1,4,56513,12,0
240822,4,3,-1,5,41607,7,0
240823,2,3,-1,0,28229,26,0
240824,4,3,-1,5,52165,9,0
240825,4,0,-1,4,9854,2,0
240826,4,0,-1,4,20769,11,0
240827,4,2,-1,8,4545,6,0
240828,4,3,-1,5,31532,6,0
240829,4,3,-1,5,39979,5,0
240830,4,2,-1,8,27966,10,0
240831,4,1,-1,7,23136,16,0
240832,4,2,-1,8,21302,1,0
240833,4,3,-1,5,49505,1,0
240834,4,3,-1,5,42568,10,0
240835,4,2,-1,8,28008,7,0
240836,4,2,-1,8,17277,1,0
240837,4,3,-1,5,33601,5,0
240838,4,2,-1,8,18929,10,0
240839,4,3,-1,5,33591,6,0
240840,4,2,-1,8,21719,20,0
240841,4,0,-1,4,43104,11,0
240842,4,2,-1,8,17224,6,0
240843,4,0,-1,4,7093,2,0
240844,4,3,-1,5,19720,7,0
240845,4,0,-1,4,9851,11,0
240846,4,2,-1,8,28385,7,0
240847,4,2,-1,8,8308,8,0
240848,4,3,-1,5,52147,5,0
240849,4,3,-1,5,26267,5,0
240850,4,2,-1,8,27985,9,0
240851,4,3,-1,5,57062,7,0
240852,4,0,-1,4,51515,11,0
240853,4,3,-1,5,39788,5,0
240854,4,3,-1,5,57604,3,0
240855,2,8,-1,0,20080,17,1
240856,4,2,-1,8,28045,9,0
240857,2,2,-1,0,41791,15,0
240858,2,3,-1,0,18298,26,0
240859,4,2,-1,8,38664,3,0
240860,4,0,-1,4,13806,12,0
240861,2,0,-1,0,19213,13,3
240862,4,0,-1,4,28831,11,0
240863,4,2,-1,8,17232,7,0
240864,4,3,-1,5,39979,5,0
240865,4,2,-1,8,15307,1,0
240866,4,3,-1,5,44102,9,0
240867,4,2,-1,8,14739,5,0
240868,4,3,-1,5,40626,7,0
240869,4,3,-1,5,16725,5,0
240870,4,3,-1,5,56936,1,0
240871,4,2,-1,8,17113,6,0
240872,4,2,-1,8,10529,9,0
240873,4,0,-1,4,37552,12,0
240874,4,0,-1,4,33262,2,0
240875,4,0,-1,4,6562,12,0
240876,4,0,-1,4,33288,2,0
240877,2,2,-1,0,57089,15,0
240878,2,2,-1,0,28772,15,0
240879,4,3,-1,5,42939,9,0
240880,4,2,-1,8,27877,5,0
240881,4,0,-1,4,31908,11,0
240882,2,3,-1,0,31225,26,0
240883,2,18,-1,0,49138,26,0
240884,4,0,-1,4,56567,11,0
240885,4,2,-1,8,11373,8,0
240886,4,2,-1,8,6718,7,0
240887,4,2,-1,8,36771,5,0
240888,4,3,-1,5,38627,8,0
240889,4,0,-1,4,53566,2,0
240890,4,2,-1,8,64085,20,0
240891,4,0,-1,4,31905,11,0
240892,4,0,-1,4,51112,12,0
240893,4,0,-1,4,32912,12,0
240894,4,3,-1,5,42573,3,0
240895,4,0,-1,4,48508,2,0
240896,4,2,-1,8,12830,3,0
240897,4,3,-1,5,23901,8,0
240898,4,2,-1,8,16949,6,0
240899,4,1,-1,7,43597,16,0
240900,4,3,-1,5,60524,8,0
240901,4,2,-1,8,13259,1,0
240902,4,3,-1,5,46052,6,0
240903,4,3,-1,5,27280,6,0
240904,4,2,-1,8,25693,1,0
240905,2,8,-1,0,39449,17,1
240906,4,3,-1,5,44022,7,0
240907,4,2,-1,8,25689,5,0
240908,4,2,-1,8,17224,6,0
240909,4,0,-1,4,54513,11,0
240910,4,0,-1,4,52817,12,0
240911,4,2,-1,8,17144,7,0
240912,4,3,-1,5,52481,7,0
240913,4,0,-1,4,21632,12,0
240914,4,3,-1,5,17171,9,0
240915,4,1,-1,7,32503,16,0
240916,4,3,-1,5,56968,7,0
240917,4,3,-1,5,48765,3,0
240918,2,18,-1,0,50161,26,0
240919,2,8,-1,0,28675,17,1
240920,4,2,-1,8,35381,8,0
240921,4,1,-1,7,23040,16,0
240922,4,3,-1,5,56590,8,0
240923,4,2,-1,8,16938,6,0
240924,4,2,-1,8,17231,6,0
240925,4,3,-1,5,44836,6,0
240926,4,2,-1,8,46445,8,0
240927,4,0,-1,4,9853,2,0
240928,2,18,-1,0,31239,26,0
240929,4,2,-1,8,27667,3,0
240930,4,0,-1,4,36444,12,0
240931,4,0,-1,4,64923,12,0
240932,4,1,-1,7,23028,16,0
240933,4,2,-1,8,27968,1,0
240934,4,1,-1,7,55336,16,0
240935,4,3,-1,5,38873,6,0
240936,4,3,-1,5,41819,3,0
240937,4,1,-1,7,32503,16,0
240938,4,0,-1,4,26391,11,0
240939,4,1,-1,7,23092,16,0
240940,4,2,-1,8,703,8,0
240941,4,2,-1,8,28227,6,0
240942,4,0,-1,4,15421,2,0
240943,4,0,-1,4,38809,2,0
240944,4,2,-1,8,15753,10,0
240945,4,2,-1,8,27884,7,0
240946,4,1,-1,7,24985,16,0
240947,4,2,-1,8,12369,5,0
240948,4,3,-1,5,30681,3,0
240949,4,2,-1,8,17031,7,0
240950,4,3,-1,5,42936,6,0
240951,4,3,-1,5,25933,10,0
240952,4,2,-1,8,27886,1,0
240953,4,2,-1,8,18284,5,0
240954,4,3,-1,5,39485,9,0
240955,2,3,-1,0,28229,26,0
240956,4,3,-1,5,56595,7,0
240957,4,3,-1,5,43516,1,0
240958,4,0,-1,4,53133,2,0
240959,4,3,-1,5,23538,7,0
240960,4,0,-1,4,38571,12,0
240961,4,2,-1,8,12369,5,0
240962,4,3,-1,5,38628,1,0
240963,4,2,-1,8,27674,6,0
240964,2,1,-1,0,8531,17,1
240965,4,0,-1,4,6486,11,0
240966,4,1,-1,7,28299,16,0
240967,4,3,-1,5,43252,8,0
240968,4,3,-1,5,62161,1,0
240969,4,2,-1,8,17160,7,0
240970,2,2,-1,0,12883,15,0
240971,4,2,-1,8,8703,5,0
240972,4,3,-1,5,43686,10,0
240973,4,3,-1,5,34242,8,0
240974,4,3,-1,5,58293,10,0
240975,4,3,-1,5,56483,7,0
240976,4,1,-1,7,57172,16,0
240977,4,3,-1,5,51299,3,0
240978,4,0,-1,4,40034,11,0
240979,4,3,-1,5,3193,7,0
240980,4,2,-1,8,27990,10,0
240981,4,3,-1,5,26321,3,0
240982,4,0,-1,4,23949,12,0
240983,4,2,-1,8,5243,5,0
240984,4,3,-1,5,62162,7,0
240985,4,2,-1,8,18434,7,0
240986,4,0,-1,4,7899,2,0
240987,4,3,-1,5,45371,6,0
240988,4,3,-1,5,42106,10,0
240989,2,3,-1,0,20738,26,0
240990,4,3,-1,5,56958,10,0
240991,4,3,-1,5,48672,8,0
240992,4,3,-1,5,41803,8,0
240993,4,2,-1,8,28375,5,0
240994,4,0,-1,4,14433,11,0
240995,2,1,-1,0,60562,17,1
240996,4,3,-1,5,51358,9,0
240997,4,2,-1,8,17230,10,0
240998,4,3,-1,5,45668,20,0
240999,2,18,-1,0,38263,26,0
260000,2,15,-1,0,35961,13,3
260001,4,2,-1,8,14583,10,0
260002,4,2,-1,8,30864,3,0
260003,2,7,-1,0,32076,13,3
260004,4,2,-1,8,38856,5,0
260005,4,2,-1,8,50618,8,0
260006,4,0,-1,4,33287,2,0
260007,4,2,-1,8,27669,5,0
260008,4,2,-1,8,45016,10,0
260009,4,2,-1,8,28019,7,0
260010,4,2,-1,8,56774,9,0
260011,4,2,-1,8,14672,8,0
260012,4,0,-1,4,15150,12,0
260013,4,0,-1,4,7570,2,0
260014,4,2,-1,8,6735,10,0
260015,4,2,-1,8,14547,7,0
260016,4,2,-1,8,27689,5,0
260017,4,0,-1,4,6546,2,0
260018,4,0,-1,4,24569,11,0
260019,4,2,-1,8,19125,10,0
260020,4,2,-1,8,37544,9,0
260021,4,2,-1,8,43169,3,0
260022,4,2,-1,8,38516,6,0
260023,4,0,-1,4,31906,11,0
260024,4,2,-1,8,49925,6,0
260025,4,2,-1,8,17277,1,0
260026,2,13,-1,0,55950,13,3
260027,2,3,-1,0,28743,26,0
260028,4,2,-1,8,15890,3,0
260029,4,2,-1,8,19012,5,0
260030,4,0,-1,4,43085,2,0
260031,4,0,-1,4,40044,11,0
260032,4,2,-1,8,19002,5,0
260033,4,0,-1,4,48503,12,0
260034,2,15,-1,0,20349,13,3
260035,4,2,-1,8,28217,3,0
260036,4,0,-1,4,7899,2,0
260037,4,2,-1,8,43927,7,0
260038,4,2,-1,8,51200,5,0
260039,2,4,-1,0,5223,13,3
260040,4,2,-1,8,27520,6,0
260041,4,2,-1,8,5406,10,0
260042,4,2,-1,8,54209,9,0
260043,4,2,-1,8,16999,8,0
260044,2,15,-1,0,38601,13,3
260045,4,2,-1,8,16922,6,0
260046,2,7,-1,0,5154,13,3
260047,4,2,-1,8,17321,1,0
260048,4,2,-1,8,31601,6,0
260049,4,2,-1,8,38661,10,0
260050,4,2,-1,8,11580,5,0
260051,4,1,-1,7,27549,16,0
260052,4,2,-1,8,52518,1,0
260053,4,2,-1,8,16910,6,0
260054,4,2,-1,8,5406,10,0
260055,4,2,-1,8,64559,5,0
260056,4,2,-1,8,46444,3,0
260057,4,2,-1,8,51865,10,0
260058,4,2,-1,8,43177,5,0
260059,4,2,-1,8,37617,1,0
260060,4,2,-1,8,43738,7,0
260061,4,2,-1,8,50618,8,0
260062,4,2,-1,8,21310,1,0
260063,4,0,-1,4,49267,2,0
260064,2,15,-1,0,20570,13,3
260065,4,2,-1,8,42953,20,0
260066,4,2,-1,8,5435,10,0
260067,4,2,-1,8,7560,7,0
260068,4,2,-1,8,16942,6,0
260069,2,13,-1,0,21715,13,3
260070,2,7,-1,0,16128,13,3
260071,4,1,-1,7,40776,16,0
260072,4,2,-1,8,16981,8,0
260073,4,2,-1,8,34393,8,0
260074,4,2,-1,8,56579,10,0
260075,4,2,-1,8,9535,7,0
260076,4,2,-1,8,43738,7,0
260077,4,1,-1,7,23001,16,0
260078,4,2,-1,8,29919,5,0
260079,4,2,-1,8,56337,6,0
260080,4,2,-1,8,38352,5,0
260081,2,15,-1,0,41884,13,3
260082,4,0,-1,4,59325,12,0
260083,4,2,-1,8,13253,1,0
260084,4,1,-1,7,26331,16,0
260085,4,2,-1,8,14002,9,0
260086,4,0,-1,4,34491,2,0
260087,4,2,-1,8,54952,8,0
260088,4,2,-1,8,21903,8,0
260089,4,2,-1,8,39898,7,0
260090,4,0,-1,4,6494,2,0
260091,4,0,-1,4,21632,12,0
260092,4,0,-1,4,7570,2,0
260093,4,2,-1,8,27990,10,0
260094,4,2,-1,8,32160,3,0
260095,4,0,-1,4,33288,2,0
260096,4,2,-1,8,15886,8,0
260097,4,0,-1,4,43120,11,0
260098,4,2,-1,8,18943,5,0
260099,4,0,-1,4,9854,2,0
260100,4,2,-1,8,46983,1,0
260101,4,2,-1,8,21404,7,0
260102,4,2,-1,8,43069,5,0
260103,4,2,-1,8,56262,9,0
260104,4,0,-1,4,32678,11,0
260105,4,2,-1,8,13253,1,0
260106,4,1,-1,7,27573,16,0
260107,4,2,-1,8,27572,1,0
260108,4,2,-1,8,52223,8,0
260109,4,2,-1,8,28745,3,0
260110,4,2,-1,8,50979,10,0
260111,4,2,-1,8,51392,10,0
260112,4,2,-1,8,9513,6,0
260113,4,2,-1,8,48912,5,0
260114,4,0,-1,4,45112,12,0
260115,4,2,-1,8,17189,10,0
260116,4,0,-1,4,39920,12,0
260117,4,2,-1,8,45667,3,0
260118,4,2,-1,8,56785,5,0
260119,4,0,-1,4,51276,11,0
260120,4,2,-1,8,12943,10,0
260121,4,0,-1,4,49267,2,0
260122,4,2,-1,8,9503,10,0
260123,4,2,-1,8,21310,1,0
260124,4,1,-1,7,23002,16,0
260125,4,2,-1,8,51608,10,0
260126,4,2,-1,8,14276,8,0
260127,4,2,-1,8,21310,1,0
260128,4,0,-1,4,28733,11,0
260129,4,2,-1,8,55869,7,0
260130,2,15,-1,0,20439,13,3
260131,4,2,-1,8,14522,7,0
260132,4,0,-1,4,46805,2,0
260133,4,0,-1,4,38560,2,0
260134,4,2,-1,8,27564,5,0
260135,4,0,-1,4,32087,2,0
260136,2,4,-1,0,32262,13,3
260137,4,2,-1,8,19030,7,0
260138,4,1,-1,7,27143,16,0
260139,4,0,-1,4,19785,12,0
260140,4,2,-1,8,42396,5,0
260141,4,2,-1,8,27758,5,0
260142,4,2,-1,8,18322,1,0
260143,4,2,-1,8,27726,10,0
260144,4,2,-1,8,28077,10,0
260145,4,2,-1,8,43177,5,0
260146,4,2,-1,8,39096,6,0
260147,4,2,-1,8,64458,7,0
260148,4,2,-1,8,28283,10,0
260149,4,2,-1,8,56132,8,0
260150,4,2,-1,8,12977,6,0
260151,4,2,-1,8,41843,1,0
260152,4,2,-1,8,27652,3,0
260153,4,2,-1,8,56591,3,0
260154,4,2,-1,8,48262,1,0
260155,4,2,-1,8,41949,7,0
260156,4,2,-1,8,42858,6,0
260157,4,2,-1,8,49847,3,0
260158,4,2,-1,8,49378,6,0
260159,4,2,-1,8,64402,10,0
260160,4,2,-1,8,64448,10,0
260161,4,2,-1,8,17318,6,0
260162,4,2,-1,8,14672,8,0
260163,4,0,-1,4,52417,2,0
260164,4,2,-1,8,32816,7,0
260165,4,2,-1,8,19013,8,0
260166,4,2,-1,8,21701,1,0
260167,4,2,-1,8,29930,7,0
260168,4,2,-1,8,13266,1,0
260169,4,1,-1,7,38101,16,0
260170,4,2,-1,8,35381,8,0
260171,4,2,-1,8,18331,9,0
260172,4,2,-1,8,44126,6,0
260173,4,1,-1,7,23133,16,0
260174,4,0,-1,4,39920,12,0
260175,4,2,-1,8,25689,5,0
260176,4,2,-1,8,17127,6,0
260177,4,1,-1,7,23133,16,0
260178,2,15,-1,0,29931,13,3
260179,2,15,-1,0,50971,13,3
260180,4,2,-1,8,37604,5,0
260181,4,2,-1,8,41806,8,0
260182,4,2,-1,8,27702,8,0
260183,4,2,-1,8,17232,7,0
260184,4,2,-1,8,56868,7,0
260185,2,15,-1,0,43207,13,3
260186,2,7,-1,0,46789,13,3
260187,4,2,-1,8,44192,6,0
260188,4,2,-1,8,12813,10,0
260189,4,2,-1,8,19125,10,0
260190,4,2,-1,8,8676,5,0
260191,4,2,-1,8,17277,1,0
260192,4,0,-1,4,21115,12,0
260193,4,1,-1,7,23059,16,0
260194,4,2,-1,8,27761,8,0
260195,4,2,-1,8,27520,6,0
260196,4,2,-1,8,27881,10,0
260197,4,2,-1,8,15886,8,0
260198,4,2,-1,8,15886,8,0
260199,4,2,-1,8,39470,3,0
260200,4,2,-1,8,50602,1,0
260201,4,2,-1,8,27520,6,0
260202,4,2,-1,8,28014,7,0
260203,4,2,-1,8,17199,1,0
260204,4,2,-1,8,41843,1,0
260205,2,13,-1,0,52436,13,3
260206,4,2,-1,8,27970,10,0
260207,4,2,-1,8,28247,9,0
260208,2,15,-1,0,20451,13,3
260209,4,2,-1,8,41216,3,0
260210,4,2,-1,8,56012,3,0
260211,2,13,-1,0,15720,13,3
260212,4,0,-1,4,9840,11,0
260213,4,2,-1,8,9503,10,0
260214,4,2,-1,8,29952,1,0
260215,4,2,-1,8,55611,5,0
260216,4,2,-1,8,16986,8,0
260217,4,2,-1,8,27660,1,0
260218,4,2,-1,8,38356,7,0
260219,4,2,-1,8,25249,5,0
260220,4,2,-1,8,15020,7,0
260221,4,2,-1,8,16134,5,0
260222,4,2,-1,8,32286,6,0
260223,4,2,-1,8,56098,1,0
260224,4,1,-1,7,28042,16,0
260225,4,2,-1,8,31797,20,0
260226,4,2,-1,8,18904,8,0
260227,2,18,-1,0,42084,26,0
260228,4,2,-1,8,28823,3,0
260229,4,2,-1,8,8712,5,0
260230,4,2,-1,8,17103,5,0
260231,4,2,-1,8,15001,7,0
260232,4,2,-1,8,57749,8,0
260233,4,2,-1,8,49923,5,0
260234,4,0,-1,4,7093,2,0
260235,4,2,-1,8,17179,10,0
260236,4,2,-1,8,51860,1,0
260237,4,2,-1,8,42456,20,0
260238,4,0,-1,4,39877,2,0
260239,4,0,-1,4,64197,2,0
260240,4,0,-1,4,43120,11,0
260241,4,2,-1,8,15000,10,0
260242,4,2,-1,8,49978,8,0
260243,4,2,-1,8,27668,6,0
260244,4,2,-1,8,54509,6,0
260245,4,2,-1,8,21404,7,0
260246,4,2,-1,8,60856,10,0
260247,4,2,-1,8,9513,6,0
260248,4,2,-1,8,43231,7,0
260249,2,15,-1,0,39892,13,3
260250,4,2,-1,8,39900,3,0
260251,4,2,-1,8,9536,5,0
260252,4,0,-1,4,31906,11,0
260253,4,2,-1,8,34590,3,0
260254,4,2,-1,8,14700,9,0
260255,4,2,-1,8,49922,5,0
260256,4,2,-1,8,21302,1,0
260257,2,13,-1,0,21144,13,3
260258,4,2,-1,8,17259,9,0
260259,4,2,-1,8,39035,5,0
260260,4,2,-1,8,16497,3,0
260261,4,2,-1,8,17017,9,0
260262,4,2,-1,8,17147,7,0
260263,4,2,-1,8,28253,3,0
260264,4,2,-1,8,9505,7,0
260265,4,0,-1,4,6494,2,0
260266,4,2,-1,8,14997,9,0
260267,2,13,-1,0,21855,13,3
260268,4,2,-1,8,31196,10,0
260269,4,0,-1,4,56104,11,0
260270,4,2,-1,8,43989,3,0
260271,4,2,-1,8,49847,3,0
260272,4,2,-1,8,56322,10,0
260273,2,7,-1,0,46839,13,3
260274,4,1,-1,7,23025,16,0
260275,4,2,-1,8,49924,6,0
260276,4,2,-1,8,27682,3,0
260277,4,2,-1,8,27518,5,0
260278,4,2,-1,8,27518,5,0
260279,4,2,-1,8,28591,7,0
260280,4,2,-1,8,14546,10,0
260281,4,2,-1,8,15017,8,0
260282,4,2,-1,8,15299,1,0
260283,4,2,-1,8,28802,6,0
260284,4,2,-1,8,58772,7,0
260285,4,2,-1,8,27718,8,0
260286,4,2,-1,8,19043,8,0
260287,4,2,-1,8,62212,1,0
260288,4,2,-1,8,49990,8,0
260289,4,2,-1,8,18331,9,0
260290,4,2,-1,8,43015,5,0
260291,4,2,-1,8,27998,6,0
260292,4,2,-1,8,47975,7,0
260293,4,2,-1,8,27577,10,0
260294,4,2,-1,8,28584,9,0
260295,4,1,-1,7,27794,16,0
260296,4,0,-1,4,32395,2,0
260297,4,2,-1,8,16932,6,0
260298,4,2,-1,8,19184,8,0
260299,4,2,-1,8,64085,20,0
260300,4,2,-1,8,36996,5,0
260301,4,2,-1,8,27946,10,0
260302,4,2,-1,8,4483,3,0
260303,4,2,-1,8,17258,8,0
260304,4,1,-1,7,15089,16,0
260305,4,0,-1,4,9849,11,0
260306,4,2,-1,8,38663,5,0
260307,4,2,-1,8,17099,5,0
260308,4,0,-1,4,7093,2,0
260309,4,2,-1,8,14803,9,0
260310,2,13,-1,0,48038,13,3
260311,2,13,-1,0,26592,13,3
260312,4,2,-1,8,27713,3,0
260313,4,2,-1,8,36349,6,0
260314,4,2,-1,8,34714,5,0
260315,2,4,-1,0,5221,13,3
260316,4,0,-1,4,6012,11,0
260317,4,2,-1,8,27652,3,0
260318,4,2,-1,8,16982,8,0
260319,4,2,-1,8,5243,5,0
260320,4,0,-1,4,39918,12,0
260321,2,15,-1,0,20400,13,3
260322,4,0,-1,4,43706,11,0
260323,4,2,-1,8,28370,9,0
260324,2,15,-1,0,28348,13,3
260325,2,7,-1,0,20122,13,3
260326,4,1,-1,7,15243,16,0
260327,4,2,-1,8,41854,1,0
260328,4,2,-1,8,56791,1,0
260329,4,2,-1,8,15894,10,0
260330,4,2,-1,8,28149,6,0
260331,4,2,-1,8,30817,8,0
260332,4,2,-1,8,25686,7,0
260333,4,1,-1,7,23039,16,0
260334,2,13,-1,0,40803,13,3
260335,4,2,-1,8,9531,5,0
260336,4,2,-1,8,27579,6,0
260337,4,2,-1,8,19184,8,0
260338,4,2,-1,8,35162,1,0
260339,4,2,-1,8,25691,3,0
260340,4,2,-1,8,48916,5,0
260341,4,2,-1,8,56359,8,0
260342,4,2,-1,8,16510,7,0
260343,4,2,-1,8,37800,3,0
260344,4,2,-1,8,57268,8,0
260345,4,2,-1,8,28192,8,0
260346,4,0,-1,4,19785,2,0
260347,4,2,-1,8,56678,7,0
260348,4,2,-1,8,56676,8,0
260349,4,2,-1,8,38350,9,0
260350,2,13,-1,0,15720,13,3
260351,4,2,-1,8,59411,1,0
260352,4,2,-1,8,17160,7,0
260353,4,2,-1,8,56680,7,0
260354,4,2,-1,8,40718,5,0
260355,4,0,-1,4,11990,11,0
260356,4,2,-1,8,14603,10,0
260357,4,2,-1,8,41818,6,0
260358,4,2,-1,8,13026,10,0
260359,2,15,-1,0,59376,13,3
260360,4,2,-1,8,17277,1,0
260361,4,2,-1,8,28247,9,0
260362,4,2,-1,8,17321,1,0
260363,4,2,-1,8,28033,9,0
260364,4,2,-1,8,14276,8,0
260365,2,15,-1,0,24990,13,3
260366,4,0,-1,4,24087,11,0
260367,4,0,-1,4,53133,2,0
260368,4,2,-1,8,18387,7,0
260369,4,2,-1,8,25732,7,0
260370,4,2,-1,8,33901,1,0
260371,4,2,-1,8,21295,1,0
260372,4,2,-1,8,27920,3,0
260373,4,0,-1,4,34491,2,0
260374,4,0,-1,4,28831,11,0
260375,4,2,-1,8,14002,9,0
260376,4,2,-1,8,22393,5,0
260377,4,2,-1,8,45730,6,0
260378,2,15,-1,0,20341,13,3
260379,4,2,-1,8,45288,9,0
260380,4,0,-1,4,56104,11,0
260381,4,0,-1,4,38571,12,0
260382,4,2,-1,8,33119,7,0
260383,4,2,-1,8,54924,5,0
260384,4,2,-1,8,9543,10,0
260385,4,0,-1,4,18707,2,0
260386,4,2,-1,8,38654,9,0
260387,4,0,-1,4,9857,2,0
260388,4,2,-1,8,18921,1,0
260389,2,15,-1,0,39530,13,3
260390,2,4,-1,0,19624,13,3
260391,4,1,-1,7,50050,16,0
260392,4,2,-1,8,14936,6,0
260393,2,7,-1,0,39310,13,3
260394,4,2,-1,8,52616,10,0
260395,4,2,-1,8,27701,10,0
260396,4,0,-1,4,9835,11,0
260397,4,2,-1,8,42961,8,0
260398,4,2,-1,8,33897,10,0
260399,4,2,-1,8,49794,7,0
260400,4,2,-1,8,44186,9,0
260401,4,2,-1,8,17166,9,0
260402,4,2,-1,8,28429,7,0
260403,4,2,-1,8,17093,5,0
260404,4,1,-1,7,28065,16,0
260405,4,2,-1,8,48018,10,0
260406,4,2,-1,8,37547,6,0
260407,4,2,-1,8,21302,1,0
260408,2,4,-1,0,41635,13,3
260409,4,2,-1,8,14781,5,0
260410,4,2,-1,8,28584,9,0
260411,4,2,-1,8,27971,5,0
260412,2,15,-1,0,20311,13,3
260413,4,0,-1,4,22415,11,0
260414,4,2,-1,8,57302,1,0
260415,4,1,-1,7,26251,16,0
260416,4,2,-1,8,51715,3,0
260417,4,2,-1,8,42456,20,0
260418,4,2,-1,8,55282,8,0
260419,4,2,-1,8,56678,7,0
260420,4,0,-1,4,36444,12,0
260421,2,15,-1,0,24990,13,3
260422,4,2,-1,8,27555,7,0
260423,4,1,-1,7,23040,16,0
260424,2,7,-1,0,5154,13,3
260425,4,2,-1,8,27672,10,0
260426,4,0,-1,4,9838,11,0
260427,4,0,-1,4,53133,2,0
260428,4,2,-1,8,17226,1,0
260429,4,2,-1,8,51514,6,0
260430,4,2,-1,8,6775,3,0
260431,4,2,-1,8,15330,1,0
260432,4,2,-1,8,51294,1,0
260433,4,2,-1,8,28330,3,0
260434,4,2,-1,8,28030,6,0
260435,4,2,-1,8,56523,6,0
260436,2,4,-1,0,28869,13,3
260437,4,2,-1,8,55873,7,0
260438,4,2,-1,8,28680,10,0
260439,4,2,-1,8,28243,9,0
260440,4,2,-1,8,31159,9,0
260441,4,0,-1,4,56179,12,0
260442,4,2,-1,8,16999,8,0
260443,4,0,-1,4,31199,12,0
260444,4,2,-1,8,51858,6,0
260445,4,2,-1,8,28384,6,0
260446,4,1,-1,7,28298,16,0
260447,4,2,-1,8,29941,1,0
260448,4,2,-1,8,37447,6,0
260449,4,2,-1,8,27886,1,0
260450,4,2,-1,8,43738,7,0
260451,4,2,-1,8,21719,20,0
260452,2,18,-1,0,25608,26,0
260453,4,0,-1,4,18059,12,0
260454,4,2,-1,8,44027,6,0
260455,4,2,-1,8,44482,3,0
260456,4,2,-1,8,15020,7,0
260457,4,2,-1,8,42950,8,0
260458,4,2,-1,8,14635,7,0
260459,4,2,-1,8,19995,3,0
260460,4,2,-1,8,49847,3,0
260461,4,2,-1,8,17008,9,0
260462,4,0,-1,4,56558,11,0
260463,4,2,-1,8,38657,8,0
260464,4,0,-1,4,31576,11,0
260465,4,2,-1,8,30171,5,0
260466,2,4,-1,0,41635,13,3
260467,4,1,-1,7,15248,16,0
260468,4,1,-1,7,27584,16,0
260469,4,2,-1,8,34248,8,0
260470,4,2,-1,8,54406,10,0
260471,4,2,-1,8,25687,3,0
260472,4,2,-1,8,53240,5,0
260473,4,2,-1,8,56337,6,0
260474,4,2,-1,8,21404,7,0
260475,4,1,-1,7,22996,16,0
260476,2,15,-1,0,20398,13,3
260477,4,1,-1,7,31632,16,0
260478,4,2,-1,8,7560,7,0
260479,4,0,-1,4,31905,11,0
260480,4,2,-1,8,28368,5,0
260481,4,2,-1,8,16678,10,0
260482,4,2,-1,8,5243,5,0
260483,4,2,-1,8,14389,6,0
260484,4,2,-1,8,21294,1,0
260485,4,1,-1,7,27161,16,0
260486,4,2,-1,8,26072,10,0
260487,4,2,-1,8,28039,8,0
260488,4,0,-1,4,51276,11,0
260489,4,1,-1,7,37429,16,0
260490,4,2,-1,8,26550,1,0
260491,4,0,-1,4,33288,2,0
260492,2,7,-1,0,5145,13,3
260493,4,0,-1,4,32008,2,0
260494,4,0,-1,4,4284,11,0
260495,4,0,-1,4,33288,2,0
260496,4,2,-1,8,11952,10,0
260497,4,2,-1,8,41549,9,0
260498,4,2,-1,8,64085,20,0
260499,4,1,-1,7,23000,16,0
260500,4,2,-1,8,8753,1,0
260501,4,0,-1,4,224,11,0
260502,4,2,-1,8,42946,5,0
260503,4,0,-1,4,6546,2,0
260504,4,2,-1,8,18936,10,0
260505,2,2,-1,0,28515,15,0
260506,4,2,-1,8,17102,5,0
260507,4,0,-1,4,6546,2,0
260508,2,4,-1,0,18496,13,3
260509,4,2,-1,8,14276,8,0
260510,4,2,-1,8,21311,1,0
260511,4,2,-1,8,3036,8,0
260512,4,2,-1,8,64552,9,0
260513,4,2,-1,8,9502,5,0
260514,4,2,-1,8,27706,9,0
260515,4,2,-1,8,48039,10,0
260516,2,13,-1,0,30813,13,3
260517,4,2,-1,8,11952,10,0
260518,4,2,-1,8,43738,7,0
260519,4,1,-1,7,25979,16,0
260520,4,2,-1,8,16510,7,0
260521,4,1,-1,7,35076,16,0
260522,4,2,-1,8,30685,1,0
260523,4,2,-1,8,9514,7,0
260524,4,2,-1,8,43071,8,0
260525,4,1,-1,7,51925,16,0
260526,4,2,-1,8,15550,1,0
260527,4,0,-1,4,64237,12,0
260528,4,2,-1,8,14261,5,0
260529,4,2,-1,8,14522,7,0
260530,4,2,-1,8,16922,6,0
260531,4,2,-1,8,45506,5,0
260532,4,0,-1,4,24569,11,0
260533,4,2,-1,8,18979,8,0
260534,4,2,-1,8,19013,8,0
260535,4,2,-1,8,41830,3,0
260536,4,2,-1,8,21719,20,0
260537,4,2,-1,8,28149,6,0
260538,4,2,-1,8,14999,6,0
260539,4,2,-1,8,16983,8,0
260540,4,2,-1,8,16981,8,0
260541,4,2,-1,8,14777,7,0
260542,4,2,-1,8,17176,10,0
260543,4,2,-1,8,29952,1,0
260544,4,1,-1,7,28614,16,0
260545,4,2,-1,8,36906,6,0
260546,4,2,-1,8,29013,10,0
260547,2,15,-1,0,6439,13,3
260548,4,0,-1,4,41448,11,0
260549,4,2,-1,8,28808,5,0
260550,2,15,-1,0,20594,13,3
260551,4,2,-1,8,59129,20,0
260552,4,2,-1,8,2362,10,0
260553,4,2,-1,8,21302,1,0
260554,4,2,-1,8,61204,7,0
260555,4,2,-1,8,17218,6,0
260556,4,2,-1,8,1978,7,0
260557,4,2,-1,8,27717,6,0
260558,4,2,-1,8,19014,9,0
260559,4,0,-1,4,49267,2,0
260560,4,2,-1,8,54950,3,0
260561,4,2,-1,8,56372,5,0
260562,4,1,-1,7,52423,16,0
260563,4,2,-1,8,56695,5,0
260564,4,2,-1,8,27564,5,0
260565,4,2,-1,8,9526,10,0
260566,4,2,-1,8,14260,5,0
260567,4,1,-1,7,23078,16,0
260568,4,2,-1,8,14673,9,0
260569,4,2,-1,8,28802,6,0
260570,4,2,-1,8,27688,3,0
260571,4,0,-1,4,30799,2,0
260572,2,4,-1,0,39750,13,3
260573,4,0,-1,4,23949,12,0
260574,4,0,-1,4,39877,2,0
260575,4,2,-1,8,18489,7,0
260576,4,0,-1,4,28831,11,0
260577,4,2,-1,8,27608,9,0
260578,2,15,-1,0,20400,13,3
260579,4,2,-1,8,14697,7,0
260580,4,0,-1,4,23713,2,0
260581,4,2,-1,8,19020,3,0
260582,4,2,-1,8,21302,1,0
260583,4,2,-1,8,27978,3,0
260584,4,0,-1,4,39877,2,0
260585,4,1,-1,7,23053,16,0
260586,4,2,-1,8,27984,7,0
260587,4,2,-1,8,57622,10,0
260588,4,2,-1,8,29981,8,0
260589,4,2,-1,8,12830,3,0
260590,4,2,-1,8,14675,7,0
260591,2,7,-1,0,28458,13,3
260592,4,1,-1,7,31632,16,0
260593,2,4,-1,0,55953,13,3
260594,4,2,-1,8,12830,3,0
260595,4,2,-1,8,45721,1,0
260596,4,2,-1,8,28730,6,0
260597,2,15,-1,0,39769,13,3
260598,4,2,-1,8,33041,7,0
260599,4,0,-1,4,56875,11,0
260600,4,2,-1,8,39319,6,0
260601,2,7,-1,0,16128,13,3
260602,4,2,-1,8,27553,3,0
260603,4,2,-1,8,16508,20,0
260604,4,2,-1,8,23607,5,0
260605,4,2,-1,8,33324,6,0
260606,4,2,-1,8,14316,3,0
260607,4,2,-1,8,59442,20,0
260608,4,2,-1,8,43573,10,0
260609,4,2,-1,8,30391,6,0
260610,4,2,-1,8,44305,10,0
260611,4,2,-1,8,27681,7,0
260612,4,0,-1,4,53285,12,0
260613,4,2,-1,8,21302,1,0
260614,4,2,-1,8,28735,9,0
260615,4,1,-1,7,15156,16,0
260616,4,2,-1,8,5406,10,0
260617,4,2,-1,8,27267,7,0
260618,4,0,-1,4,39214,2,0
260619,4,2,-1,8,13266,1,0
260620,2,15,-1,0,32074,13,3
260621,4,2,-1,8,4318,10,0
260622,2,15,-1,0,20414,13,3
260623,4,2,-1,8,27741,8,0
260624,4,2,-1,8,15413,9,0
260625,4,0,-1,4,7397,12,0
260626,4,2,-1,8,19030,7,0
260627,2,13,-1,0,23270,13,3
260628,4,0,-1,4,56781,2,0
260629,2,15,-1,0,6439,13,3
260630,4,2,-1,8,18983,3,0
260631,4,2,-1,8,54211,9,0
260632,4,0,-1,4,24569,11,0
260633,4,0,-1,4,38348,2,0
260634,4,2,-1,8,46446,9,0
260635,4,0,-1,4,7841,12,0
260636,4,2,-1,8,17160,7,0
260637,4,0,-1,4,6494,2,0
260638,4,2,-1,8,49923,5,0
260639,4,0,-1,4,31906,11,0
260640,4,1,-1,7,23087,16,0
260641,4,0,-1,4,51458,11,0
260642,4,2,-1,8,31339,6,0
260643,4,2,-1,8,9380,7,0
260644,4,2,-1,8,27674,6,0
260645,4,0,-1,4,36540,12,0
260646,2,15,-1,0,6440,13,3
260647,4,0,-1,4,9850,11,0
260648,4,2,-1,8,51715,3,0
260649,4,2,-1,8,51316,6,0
260650,2,4,-1,0,19721,13,3
260651,4,2,-1,8,22428,7,0
260652,4,2,-1,8,17113,6,0
260653,4,2,-1,8,51702,7,0
260654,4,0,-1,4,38541,11,0
260655,4,2,-1,8,45101,1,0
260656,4,2,-1,8,17153,7,0
260657,4,0,-1,4,63959,11,0
260658,4,1,-1,7,51256,16,0
260659,4,2,-1,8,49848,3,0
260660,4,2,-1,8,43738,7,0
260661,4,2,-1,8,56708,8,0
260662,4,2,-1,8,4318,10,0
260663,4,0,-1,4,7899,2,0
260664,4,2,-1,8,27996,5,0
260665,4,2,-1,8,33112,8,0
260666,4,2,-1,8,42857,8,0
260667,4,2,-1,8,14776,7,0
260668,4,0,-1,4,9853,2,0
260669,4,2,-1,8,28077,10,0
260670,4,2,-1,8,27949,8,0
260671,4,2,-1,8,27880,6,0
260672,4,2,-1,8,17218,6,0
260673,4,0,-1,4,53407,2,0
260674,4,2,-1,8,16920,6,0
260675,4,2,-1,8,56719,8,0
260676,4,2,-1,8,27949,8,0
260677,4,0,-1,4,31633,2,0
260678,4,2,-1,8,19002,5,0
260679,4,2,-1,8,18470,5,0
260680,4,0,-1,4,12643,11,0
260681,4,2,-1,8,27881,10,0
260682,4,2,-1,8,5243,5,0
260683,4,2,-1,8,49378,6,0
260684,4,0,-1,4,63959,11,0
260685,4,2,-1,8,13864,8,0
260686,4,2,-1,8,27745,10,0
260687,4,2,-1,8,22427,7,0
260688,4,2,-1,8,14002,9,0
260689,4,2,-1,8,27660,1,0
260690,4,2,-1,8,27570,7,0
260691,4,2,-1,8,59437,10,0
260692,4,2,-1,8,55908,5,0
260693,2,7,-1,0,51268,13,3
260694,4,2,-1,8,57705,1,0
260695,4,2,-1,8,52223,8,0
260696,4,0,-1,4,57689,12,0
260697,4,0,-1,4,9850,11,0
260698,4,2,-1,8,64562,6,0
260699,4,2,-1,8,28034,10,0
260700,4,0,-1,4,6526,12,0
260701,4,2,-1,8,37800,3,0
260702,4,2,-1,8,54924,5,0
260703,4,0,-1,4,23435,11,0
260704,4,2,-1,8,12813,10,0
260705,4,0,-1,4,9835,11,0
260706,4,2,-1,8,56706,3,0
260707,4,2,-1,8,16888,5,0
260708,4,2,-1,8,16534,7,0
260709,4,2,-1,8,19125,10,0
260710,4,2,-1,8,21295,1,0
260711,4,2,-1,8,55399,1,0
260712,4,2,-1,8,28797,10,0
260713,2,7,-1,0,42188,13,3
260714,2,13,-1,0,21715,13,3
260715,2,15,-1,0,20536,13,3
260716,4,2,-1,8,14002,9,0
260717,4,0,-1,4,45351,2,0
260718,4,2,-1,8,17218,6,0
260719,4,2,-1,8,17160,7,0
260720,4,1,-1,7,28303,16,0
260721,4,0,-1,4,39917,12,0
260722,4,2,-1,8,18429,7,0
260723,4,2,-1,8,27660,1,0
260724,4,2,-1,8,18935,7,0
260725,4,2,-1,8,31797,20,0
260726,4,2,-1,8,15330,1,0
260727,2,13,-1,0,34557,13,3
260728,4,0,-1,4,15422,11,0
260729,4,2,-1,8,18322,1,0
260730,4,0,-1,4,12987,11,0
260731,4,1,-1,7,27143,16,0
260732,4,2,-1,8,17151,7,0
260733,2,18,-1,0,56001,26,0
260734,4,2,-1,8,14757,7,0
260735,4,0,-1,4,52438,11,0
260736,4,0,-1,4,28733,11,0
260737,4,0,-1,4,9853,2,0
260738,4,2,-1,8,46626,7,0
260739,4,2,-1,8,28149,6,0
260740,4,2,-1,8,18284,5,0
260741,4,2,-1,8,27590,6,0
260742,4,1,-1,7,23027,16,0
260743,4,2,-1,8,37604,5,0
260744,4,2,-1,8,14002,9,0
260745,4,2,-1,8,27592,3,0
260746,4,2,-1,8,31385,9,0
260747,2,15,-1,0,30724,13,3
260748,4,0,-1,4,28682,11,0
260749,4,2,-1,8,32193,1,0
260750,4,2,-1,8,19806,9,0
260751,4,2,-1,8,28286,9,0
260752,4,2,-1,8,56610,10,0
260753,4,2,-1,8,16949,6,0
260754,4,2,-1,8,49851,7,0
260755,4,2,-1,8,58762,10,0
260756,2,13,-1,0,21714,13,3
260757,4,2,-1,8,27764,3,0
260758,2,15,-1,0,56796,13,3
260759,4,2,-1,8,42969,20,0
260760,4,2,-1,8,28372,6,0
260761,4,2,-1,8,39033,7,0
260762,4,0,-1,4,53242,11,0
260763,4,0,-1,4,31604,2,0
260764,4,2,-1,8,25683,7,0
260765,4,2,-1,8,54406,10,0
260766,4,0,-1,4,52405,11,0
260767,4,2,-1,8,16678,10,0
260768,4,0,-1,4,34491,2,0
260769,4,2,-1,8,17127,6,0
260770,4,2,-1,8,7545,6,0
260771,4,2,-1,8,59342,7,0
260772,4,2,-1,8,29941,1,0
260773,4,2,-1,8,17111,6,0
260774,4,2,-1,8,21719,20,0
260775,4,0,-1,4,31906,11,0
260776,4,2,-1,8,11270,3,0
260777,4,0,-1,4,31204,12,0
260778,4,2,-1,8,34700,1,0
260779,4,2,-1,8,37897,5,0
260780,4,2,-1,8,49926,6,0
260781,4,2,-1,8,28247,9,0
260782,4,2,-1,8,43233,9,0
260783,4,2,-1,8,54623,1,0
260784,4,2,-1,8,16870,5,0
260785,4,0,-1,4,23521,12,0
260786,4,2,-1,8,56708,8,0
260787,4,2,-1,8,51796,5,0
260788,4,2,-1,8,28680,10,0
260789,4,2,-1,8,56376,6,0
260790,4,2,-1,8,43176,10,0
260791,4,2,-1,8,17008,9,0
260792,4,0,-1,4,16132,11,0
260793,4,2,-1,8,18946,10,0
260794,2,7,-1,0,16538,13,3
260795,4,2,-1,8,6735,10,0
260796,4,0,-1,4,21725,2,0
260797,4,0,-1,4,224,11,0
260798,4,2,-1,8,16921,6,0
260799,4,2,-1,8,59740,7,0
260800,4,2,-1,8,26514,5,0
260801,4,2,-1,8,49257,6,0
260802,2,15,-1,0,20603,13,3
260803,4,2,-1,8,38352,5,0
260804,4,0,-1,4,26551,12,0
260805,2,4,-1,0,20953,13,3
260806,4,2,-1,8,25701,7,0
260807,4,2,-1,8,17137,7,0
260808,4,2,-1,8,48369,8,0
260809,4,2,-1,8,17141,7,0
260810,4,2,-1,8,17160,7,0
260811,4,2,-1,8,9505,7,0
260812,4,0,-1,4,43701,2,0
260813,4,0,-1,4,9865,11,0
260814,4,2,-1,8,21299,1,0
260815,4,2,-1,8,10216,9,0
260816,4,1,-1,7,38548,16,0
260817,4,0,-1,4,51515,11,0
260818,4,2,-1,8,32910,7,0
260819,4,2,-1,8,51868,10,0
260820,4,2,-1,8,38992,10,0
260821,4,0,-1,4,63949,11,0
260822,4,0,-1,4,15150,12,0
260823,4,2,-1,8,17182,10,0
260824,4,2,-1,8,33328,9,0
260825,4,2,-1,8,14002,9,0
260826,4,2,-1,8,47975,7,0
260827,2,2,-1,0,28801,15,0
260828,4,2,-1,8,25701,7,0
260829,4,0,-1,4,26551,12,0
260830,4,2,-1,8,28273,8,0
260831,4,2,-1,8,49929,7,0
260832,4,2,-1,8,28375,5,0
260833,4,0,-1,4,12987,11,0
260834,4,2,-1,8,19010,1,0
260835,4,2,-1,8,17137,7,0
260836,4,2,-1,8,14769,8,0
260837,4,2,-1,8,17190,3,0
260838,4,0,-1,4,39121,11,0
260839,4,2,-1,8,32192,7,0
260840,4,2,-1,8,55399,1,0
260841,4,2,-1,8,46440,7,0
260842,4,0,-1,4,24060,12,0
260843,4,2,-1,8,17093,5,0
260844,4,2,-1,8,35290,5,0
260845,4,2,-1,8,28339,10,0
260846,4,0,-1,4,39914,12,0
260847,4,2,-1,8,56988,10,0
260848,4,2,-1,8,13864,8,0
260849,2,15,-1,0,42561,13,3
260850,4,2,-1,8,23552,9,0
260851,4,0,-1,4,39055,12,0
260852,4,2,-1,8,38355,3,0
260853,4,2,-1,8,28270,6,0
260854,4,2,-1,8,16890,5,0
260855,4,2,-1,8,54950,3,0
260856,2,4,-1,0,50200,13,3
260857,4,2,-1,8,43928,5,0
260858,4,2,-1,8,51529,20,0
260859,4,2,-1,8,54509,6,0
260860,4,2,-1,8,21304,1,0
260861,4,0,-1,4,9854,2,0
260862,4,2,-1,8,41843,1,0
260863,4,2,-1,8,27634,8,0
260864,4,2,-1,8,64484,9,0
260865,4,2,-1,8,49378,6,0
260866,4,0,-1,4,9850,11,0
260867,4,2,-1,8,37606,10,0
260868,4,2,-1,8,14635,7,0
260869,4,2,-1,8,57621,6,0
260870,4,2,-1,8,27719,9,0
260871,4,2,-1,8,28797,10,0
260872,4,2,-1,8,13266,1,0
260873,4,2,-1,8,27879,9,0
260874,4,2,-1,8,56963,7,0
260875,4,2,-1,8,18458,5,0
260876,4,2,-1,8,17160,7,0
260877,4,2,-1,8,28173,1,0
260878,4,2,-1,8,28077,10,0
260879,4,2,-1,8,56709,6,0
260880,4,2,-1,8,25694,7,0
260881,4,2,-1,8,47403,8,0
260882,2,7,-1,0,28530,13,3
260883,4,2,-1,8,14539,5,0
260884,4,2,-1,8,9541,7,0
260885,4,2,-1,8,43653,1,0
260886,4,2,-1,8,59043,6,0
260887,4,1,-1,7,27607,16,0
260888,4,2,-1,8,49247,5,0
260889,4,0,-1,4,14437,2,0
260890,4,2,-1,8,29977,9,0
260891,4,2,-1,8,11373,8,0
260892,4,2,-1,8,27922,9,0
260893,2,4,-1,0,11453,13,3
260894,2,15,-1,0,20451,13,3
260895,4,0,-1,4,7248,12,0
260896,4,2,-1,8,17147,7,0
260897,4,2,-1,8,18361,8,0
260898,4,2,-1,8,3652,9,0
260899,4,2,-1,8,18934,5,0
260900,4,2,-1,8,14832,6,0
260901,4,0,-1,4,6526,12,0
260902,4,0,-1,4,30696,12,0
260903,4,2,-1,8,17160,7,0
260904,2,7,-1,0,20009,13,3
260905,4,2,-1,8,44829,6,0
260906,4,2,-1,8,44105,5,0
260907,4,2,-1,8,14002,9,0
260908,4,0,-1,4,38560,2,0
260909,4,2,-1,8,14775,10,0
260910,4,2,-1,8,14602,5,0
260911,4,0,-1,4,48504,12,0
260912,4,2,-1,8,45773,3,0
260913,4,2,-1,8,28046,10,0
260914,4,0,-1,4,49267,2,0
260915,4,2,-1,8,28241,8,0
260916,4,2,-1,8,45176,1,0
260917,4,2,-1,8,28149,6,0
260918,2,7,-1,0,39228,13,3
260919,4,2,-1,8,43065,6,0
260920,4,0,-1,4,40413,12,0
260921,4,2,-1,8,46626,7,0
260922,4,2,-1,8,38350,9,0
260923,4,0,-1,4,52817,12,0
260924,4,2,-1,8,46626,7,0
260925,4,2,-1,8,49924,6,0
260926,4,2,-1,8,59737,5,0
260927,4,2,-1,8,53833,7,0
260928,4,0,-1,4,6494,2,0
260929,4,0,-1,4,49229,11,0
260930,2,7,-1,0,39025,13,3
260931,4,0,-1,4,6011,11,0
260932,4,2,-1,8,49919,3,0
260933,4,2,-1,8,27990,10,0
260934,2,7,-1,0,26577,13,3
260935,2,7,-1,0,5145,13,3
260936,4,0,-1,4,39128,11,0
260937,4,2,-1,8,3992,10,0
260938,4,0,-1,4,32713,2,0
260939,4,0,-1,4,53407,2,0
260940,4,2,-1,8,65178,9,0
260941,4,0,-1,4,34491,2,0
260942,4,2,-1,8,49263,1,0
260943,4,2,-1,8,28797,10,0
260944,4,2,-1,8,39898,7,0
260945,4,2,-1,8,28683,10,0
260946,4,0,-1,4,33287,2,0
260947,4,2,-1,8,18284,5,0
260948,4,2,-1,8,44305,10,0
260949,4,2,-1,8,17277,1,0
260950,4,2,-1,8,31732,8,0
260951,4,2,-1,8,39321,7,0
260952,4,1,-1,7,27752,16,0
260953,4,2,-1,8,14427,9,0
260954,4,2,-1,8,6774,7,0
260955,4,2,-1,8,59740,7,0
260956,4,0,-1,4,7397,12,0
260957,4,2,-1,8,28745,3,0
260958,4,2,-1,8,14950,3,0
260959,4,1,-1,7,15161,16,0
260960,4,2,-1,8,14831,9,0
260961,4,2,-1,8,28385,7,0
260962,4,2,-1,8,56610,10,0
260963,4,2,-1,8,25699,5,0
260964,4,2,-1,8,15020,7,0
260965,4,2,-1,8,14004,10,0
260966,4,2,-1,8,48258,20,0
260967,4,2,-1,8,34684,8,0
260968,4,2,-1,8,17231,6,0
260969,4,1,-1,7,23115,16,0
260970,4,2,-1,8,18498,1,0
260971,4,2,-1,8,8717,5,0
260972,4,2,-1,8,56715,7,0
260973,4,2,-1,8,42515,7,0
260974,4,2,-1,8,35064,3,0
260975,4,2,-1,8,53054,7,0
260976,4,2,-1,8,38664,3,0
260977,4,2,-1,8,9511,5,0
260978,4,2,-1,8,28591,7,0
260979,4,0,-1,4,52664,12,0
260980,4,2,-1,8,42969,20,0
260981,4,2,-1,8,18498,1,0
260982,4,2,-1,8,25674,5,0
260983,4,2,-1,8,14677,3,0
260984,2,13,-1,0,23271,13,3
260985,4,2,-1,8,14410,9,0
260986,4,2,-1,8,43989,3,0
260987,2,15,-1,0,20435,13,3
260988,4,2,-1,8,25737,6,0
260989,2,15,-1,0,20590,13,3
260990,4,2,-1,8,25724,10,0
260991,4,2,-1,8,40154,6,0
260992,4,2,-1,8,39900,3,0
260993,4,2,-1,8,25683,7,0
260994,4,2,-1,8,42515,7,0
260995,4,2,-1,8,54509,6,0
260996,4,0,-1,4,6539,2,0
260997,4,2,-1,8,49849,3,0
260998,4,0,-1,4,48506,12,0
260999,4,2,-1,8,9169,8,0
280000,4,1,-1,7,13215,1,0
280001,4,0,-1,4,48007,12,0
280002,4,1,-1,7,27870,9,0
280003,4,1,-1,7,19813,10,0
280004,4,1,-1,7,16901,9,0
280005,4,0,-1,4,56781,2,0
280006,4,1,-1,7,43087,8,0
280007,4,1,-1,7,23010,16,0
280008,4,1,-1,7,56160,10,0
280009,4,1,-1,7,27856,20,0
280010,4,1,-1,7,16787,6,0
280011,4,1,-1,7,17120,8,0
280012,2,4,-1,0,19624,13,3
280013,4,1,-1,7,25869,20,0
280014,4,1,-1,7,42315,7,0
280015,2,10,-1,0,28470,17,2
280016,4,1,-1,7,25974,7,0
280017,4,1,-1,7,26465,3,0
280018,4,1,-1,7,15273,16,0
280019,4,1,-1,7,19128,10,0
280020,4,0,-1,4,12643,11,0
280021,4,1,-1,7,52529,1,0
280022,4,1,-1,7,24177,10,0
280023,4,1,-1,7,28063,8,0
280024,4,1,-1,7,16713,8,0
280025,4,1,-1,7,52348,10,0
280026,4,1,-1,7,19949,10,0
280027,4,1,-1,7,16849,7,0
280028,4,1,-1,7,61185,7,0
280029,4,1,-1,7,40648,16,0
280030,2,19,-1,0,18408,26,0
280031,4,1,-1,7,18728,1,0
280032,4,1,-1,7,23001,16,0
280033,4,1,-1,7,56034,9,0
280034,4,1,-1,7,43076,7,0
280035,2,19,-1,0,18356,26,0
280036,4,1,-1,7,16946,10,0
280037,4,1,-1,7,6295,10,0
280038,4,1,-1,7,51795,20,0
280039,4,0,-1,4,23727,12,0
280040,4,1,-1,7,12777,7,0
280041,4,1,-1,7,39103,1,0
280042,4,1,-1,7,26231,8,0
280043,4,1,-1,7,16792,6,0
280044,4,0,-1,4,49005,11,0
280045,4,0,-1,4,38809,2,0
280046,4,1,-1,7,13236,1,0
280047,2,19,-1,0,54866,26,0
280048,4,1,-1,7,44716,1,0
280049,4,1,-1,7,39397,9,0
280050,4,1,-1,7,28190,6,0
280051,4,1,-1,7,8089,9,0
280052,4,1,-1,7,39091,1,0
280053,4,1,-1,7,40709,9,0
280054,4,0,-1,4,35649,12,0
280055,4,1,-1,7,24985,16,0
280056,4,1,-1,7,30425,6,0
280057,4,1,-1,7,16802,8,0
280058,4,1,-1,7,28642,6,0
280059,4,1,-1,7,44167,6,0
280060,2,10,-1,0,20373,17,2
280061,2,10,-1,0,54504,17,2
280062,4,1,-1,7,56429,1,0
280063,4,0,-1,4,31905,11,0
280064,4,1,-1,7,26280,6,0
280065,4,1,-1,7,52625,10,0
280066,4,1,-1,7,27862,1,0
280067,2,10,-1,0,37054,17,2
280068,4,0,-1,4,52459,11,0
280069,4,1,-1,7,26093,1,0
280070,4,1,-1,7,53381,1,0
280071,4,0,-1,4,9835,11,0
280072,4,1,-1,7,53915,10,0
280073,4,1,-1,7,42942,9,0
280074,4,1,-1,7,44633,16,0
280075,4,1,-1,7,19141,20,0
280076,4,1,-1,7,28642,6,0
280077,4,1,-1,7,35380,8,0
280078,4,1,-1,7,14552,8,0
280079,4,1,-1,7,13673,3,0
280080,4,0,-1,4,6540,12,0
280081,4,1,-1,7,27974,16,0
280082,4,0,-1,4,14434,11,0
280083,4,1,-1,7,39395,6,0
280084,4,1,-1,7,16723,6,0
280085,2,4,-1,0,19783,13,3
280086,4,1,-1,7,17135,3,0
280087,4,0,-1,4,18707,2,0
280088,4,1,-1,7,44168,9,0
280089,4,0,-1,4,43837,11,0
280090,4,0,-1,4,9658,2,0
280091,4,1,-1,7,43997,6,0
280092,4,1,-1,7,43346,3,0
280093,2,10,-1,0,28470,17,2
280094,4,1,-1,7,8089,9,0
280095,4,0,-1,4,15420,2,0
280096,4,1,-1,7,12673,20,0
280097,4,1,-1,7,43747,3,0
280098,4,1,-1,7,53257,8,0
280099,4,1,-1,7,19128,10,0
280100,4,1,-1,7,18905,8,0
280101,4,1,-1,7,16831,6,0
280102,4,1,-1,7,18879,1,0
280103,4,1,-1,7,26059,1,0
280104,4,0,-1,4,23521,12,0
280105,4,1,-1,7,52217,7,0
280106,4,1,-1,7,15824,7,0
280107,4,1,-1,7,16850,7,0
280108,4,1,-1,7,30474,10,0
280109,2,19,-1,0,6097,26,0
280110,4,1,-1,7,54227,8,0
280111,4,1,-1,7,29929,6,0
280112,4,1,-1,7,59032,6,0
280113,4,0,-1,4,9836,11,0
280114,4,1,-1,7,22843,5,0
280115,4,1,-1,7,34244,6,0
280116,4,1,-1,7,26619,1,0
280117,4,1,-1,7,35076,16,0
280118,4,1,-1,7,9898,6,0
280119,2,4,-1,0,40791,13,3
280120,4,1,-1,7,25987,10,0
280121,4,1,-1,7,50974,16,0
280122,4,0,-1,4,44237,12,0
280123,4,0,-1,4,56104,11,0
280124,4,1,-1,7,28645,8,0
280125,4,1,-1,7,33998,1,0
280126,4,1,-1,7,32924,7,0
280127,4,1,-1,7,14685,7,0
280128,4,1,-1,7,50772,8,0
280129,4,1,-1,7,16583,6,0
280130,4,1,-1,7,22998,16,0
280131,4,0,-1,4,17918,2,0
280132,4,1,-1,7,26050,10,0
280133,4,1,-1,7,16856,8,0
280134,4,0,-1,4,1399,2,0
280135,4,1,-1,7,43667,5,0
280136,4,1,-1,7,17135,3,0
280137,4,1,-1,7,43220,10,0
280138,4,1,-1,7,12388,7,0
280139,4,1,-1,7,27862,1,0
280140,4,1,-1,7,56509,1,0
280141,4,1,-1,7,14750,9,0
280142,4,1,-1,7,52355,3,0
280143,2,4,-1,0,5211,13,3
280144,4,1,-1,7,64893,3,0
280145,4,0,-1,4,56339,11,0
280146,4,1,-1,7,26292,1,0
280147,4,1,-1,7,16821,8,0
280148,4,1,-1,7,19011,20,0
280149,4,1,-1,7,19932,6,0
280150,4,1,-1,7,38441,10,0
280151,4,1,-1,7,26038,20,0
280152,4,1,-1,7,14615,7,0
280153,4,1,-1,7,56527,1,0
280154,4,0,-1,4,9842,11,0
280155,4,1,-1,7,43191,20,0
280156,4,1,-1,7,40701,9,0
280157,4,0,-1,4,56783,12,0
280158,4,0,-1,4,1504,12,0
280159,2,4,-1,0,28521,13,3
280160,4,1,-1,7,21771,3,0
280161,4,1,-1,7,16846,7,0
280162,2,4,-1,0,52926,13,3
280163,4,1,-1,7,53822,9,0
280164,4,1,-1,7,16548,1,0
280165,4,1,-1,7,19009,7,0
280166,4,1,-1,7,15267,16,0
280167,4,1,-1,7,34791,3,0
280168,4,1,-1,7,25659,1,0
280169,4,1,-1,7,25978,16,0
280170,4,0,-1,4,20769,11,0
280171,4,1,-1,7,52626,7,0
280172,4,1,-1,7,19113,3,0
280173,4,1,-1,7,11060,8,0
280174,4,1,-1,7,3173,7,0
280175,4,0,-1,4,45197,12,0
280176,4,1,-1,7,25233,8,0
280177,4,0,-1,4,9854,2,0
280178,4,1,-1,7,56432,7,0
280179,4,1,-1,7,34244,6,0
280180,4,1,-1,7,19903,1,0
280181,4,1,-1,7,60161,3,0
280182,4,1,-1,7,24292,1,0
280183,4,1,-1,7,25881,6,0
280184,2,19,-1,0,28569,26,0
280185,4,1,-1,7,16865,6,0
280186,4,1,-1,7,26035,3,0
280187,4,0,-1,4,32087,2,0
280188,4,1,-1,7,25959,9,0
280189,4,1,-1,7,42290,20,0
280190,4,1,-1,7,26026,8,0
280191,4,1,-1,7,52324,6,0
280192,4,1,-1,7,43220,10,0
280193,4,1,-1,7,56437,1,0
280194,4,1,-1,7,55364,7,0
280195,2,4,-1,0,28521,13,3
280196,4,0,-1,4,39122,11,0
280197,4,1,-1,7,56093,6,0
280198,4,1,-1,7,26043,16,0
280199,2,19,-1,0,31628,26,0
280200,4,0,-1,4,52576,12,0
280201,2,10,-1,0,20432,17,2
280202,4,0,-1,4,36540,12,0
280203,4,1,-1,7,55541,10,0
280204,4,1,-1,7,19932,6,0
280205,4,1,-1,7,17123,20,0
280206,4,1,-1,7,24951,20,0
280207,4,1,-1,7,28305,9,0
280208,4,1,-1,7,31644,20,0
280209,2,19,-1,0,56889,26,0
280210,4,1,-1,7,18905,8,0
280211,4,1,-1,7,51235,10,0
280212,4,0,-1,4,1103,12,0
280213,4,1,-1,7,19037,20,0
280214,4,1,-1,7,16863,7,0
280215,4,1,-1,7,28736,7,0
280216,4,1,-1,7,39781,5,0
280217,4,1,-1,7,33328,9,0
280218,4,1,-1,7,28645,8,0
280219,4,1,-1,7,12395,7,0
280220,4,1,-1,7,13365,7,0
280221,4,1,-1,7,28649,6,0
280222,4,1,-1,7,14986,5,0
280223,4,1,-1,7,52069,6,0
280224,4,1,-1,7,40703,1,0
280225,4,1,-1,7,16812,20,0
280226,4,1,-1,7,56163,20,0
280227,4,1,-1,7,4462,9,0
280228,4,0,-1,4,9658,2,0
280229,4,1,-1,7,13649,7,0
280230,4,0,-1,4,39390,2,0
280231,4,0,-1,4,39432,2,0
280232,4,0,-1,4,32073,2,0
280233,4,1,-1,7,52334,7,0
280234,2,10,-1,0,57734,17,2
280235,2,10,-1,0,20401,17,2
280236,4,1,-1,7,18376,1,0
280237,4,1,-1,7,23110,16,0
280238,4,1,-1,7,58418,6,0
280239,2,10,-1,0,48878,17,2
280240,4,1,-1,7,19951,7,0
280241,4,1,-1,7,28057,9,0
280242,4,1,-1,7,28990,20,0
280243,4,1,-1,7,26235,9,0
280244,4,1,-1,7,18866,3,0
280245,4,1,-1,7,17135,3,0
280246,4,0,-1,4,51277,11,0
280247,4,1,-1,7,28061,7,0
280248,4,1,-1,7,17146,10,0
280249,4,1,-1,7,16838,6,0
280250,4,0,-1,4,21115,12,0
280251,4,1,-1,7,4272,8,0
280252,2,10,-1,0,22144,17,2
280253,2,10,-1,0,50604,17,2
280254,4,1,-1,7,12422,20,0
280255,4,0,-1,4,64229,11,0
280256,4,1,-1,7,56011,3,0
280257,2,19,-1,0,18346,26,0
280258,4,1,-1,7,28294,20,0
280259,4,1,-1,7,19506,5,0
280260,4,1,-1,7,13677,3,0
280261,2,4,-1,0,19707,13,3
280262,4,1,-1,7,16651,10,0
280263,2,10,-1,0,50535,17,2
280264,4,1,-1,7,28656,9,0
280265,4,1,-1,7,16600,7,0
280266,4,1,-1,7,18949,5,0
280267,2,10,-1,0,37054,17,2
280268,4,1,-1,7,55364,7,0
280269,4,1,-1,7,19000,1,0
280270,4,1,-1,7,27479,20,0
280271,4,1,-1,7,41844,1,0
280272,4,1,-1,7,14651,8,0
280273,4,1,-1,7,23078,16,0
280274,4,1,-1,7,49538,3,0
280275,2,10,-1,0,20432,17,2
280276,4,1,-1,7,16966,10,0
280277,4,0,-1,4,23521,12,0
280278,4,1,-1,7,14661,10,0
280279,4,1,-1,7,50009,3,0
280280,4,1,-1,7,62067,10,0
280281,4,1,-1,7,14736,9,0
280282,4,1,-1,7,26144,7,0
280283,4,1,-1,7,6295,10,0
280284,4,1,-1,7,54674,16,0
280285,4,1,-1,7,19128,10,0
280286,4,1,-1,7,26169,6,0
280287,4,1,-1,7,46062,6,0
280288,4,1,-1,7,38787,7,0
280289,4,0,-1,4,31655,11,0
280290,4,1,-1,7,38101,16,0
280291,4,0,-1,4,30696,12,0
280292,4,0,-1,4,37430,11,0
280293,4,1,-1,7,33326,6,0
280294,4,1,-1,7,46490,16,0
280295,4,0,-1,4,39918,12,0
280296,4,1,-1,7,44409,1,0
280297,4,0,-1,4,9857,2,0
280298,2,10,-1,0,58919,17,2
280299,4,1,-1,7,11997,6,0
280300,4,0,-1,4,6012,11,0
280301,4,1,-1,7,28648,7,0
280302,4,0,-1,4,56035,11,0
280303,4,1,-1,7,16918,9,0
280304,4,1,-1,7,43190,10,0
280305,4,0,-1,4,23715,2,0
280306,4,1,-1,7,23025,16,0
280307,4,1,-1,7,16831,6,0
280308,4,1,-1,7,15293,1,0
280309,4,1,-1,7,14736,9,0
280310,4,1,-1,7,13337,20,0
280311,4,1,-1,7,56056,7,0
280312,4,0,-1,4,30797,2,0
280313,2,10,-1,0,20300,17,2
280314,4,1,-1,7,16652,3,0
280315,4,0,-1,4,33262,2,0
280316,4,1,-1,7,19810,5,0
280317,4,1,-1,7,53633,10,0
280318,4,1,-1,7,39335,10,0
280319,4,0,-1,4,9839,11,0
280320,4,1,-1,7,12439,8,0
280321,4,1,-1,7,25915,6,0
280322,4,1,-1,7,26057,16,0
280323,4,1,-1,7,26268,8,0
280324,4,1,-1,7,55370,6,0
280325,4,1,-1,7,26465,3,0
280326,4,1,-1,7,14736,9,0
280327,4,1,-1,7,43028,7,0
280328,4,1,-1,7,52234,3,0
280329,4,1,-1,7,39286,5,0
280330,4,0,-1,4,20769,11,0
280331,4,1,-1,7,43867,16,0
280332,4,1,-1,7,64271,3,0
280333,4,1,-1,7,16934,9,0
280334,4,1,-1,7,55545,1,0
280335,4,0,-1,4,20769,11,0
280336,4,1,-1,7,17216,10,0
280337,4,0,-1,4,20625,12,0
280338,4,1,-1,7,55890,20,0
280339,2,19,-1,0,28216,26,0
280340,4,1,-1,7,25893,8,0
280341,4,1,-1,7,37537,20,0
280342,4,1,-1,7,18832,8,0
280343,2,10,-1,0,53255,17,2
280344,4,1,-1,7,16818,10,0
280345,4,1,-1,7,14737,10,0
280346,4,1,-1,7,38589,16,0
280347,4,1,-1,7,4301,8,0
280348,4,1,-1,7,25198,7,0
280349,4,1,-1,7,44458,16,0
280350,4,1,-1,7,26260,7,0
280351,4,1,-1,7,13236,1,0
280352,4,1,-1,7,60168,1,0
280353,4,1,-1,7,51218,7,0
280354,4,1,-1,7,48387,10,0
280355,4,0,-1,4,45197,12,0
280356,4,0,-1,4,29842,2,0
280357,4,1,-1,7,43597,16,0
280358,4,1,-1,7,11060,8,0
280359,2,4,-1,0,8572,13,3
280360,4,1,-1,7,25957,6,0
280361,4,1,-1,7,59517,5,0
280362,2,10,-1,0,24063,17,2
280363,4,1,-1,7,26308,1,0
280364,4,0,-1,4,23727,12,0
280365,4,1,-1,7,16224,1,0
280366,4,1,-1,7,28123,3,0
280367,4,0,-1,4,38127,12,0
280368,4,1,-1,7,59296,6,0
280369,4,0,-1,4,48503,12,0
280370,4,0,-1,4,12987,11,0
280371,2,4,-1,0,19741,13,3
280372,4,1,-1,7,48726,1,0
280373,4,0,-1,4,51276,11,0
280374,4,1,-1,7,12388,7,0
280375,4,0,-1,4,21804,12,0
280376,4,1,-1,7,14152,10,0
280377,2,19,-1,0,28248,26,0
280378,2,4,-1,0,19801,13,3
280379,4,1,-1,7,52230,8,0
280380,4,0,-1,4,39210,2,0
280381,4,1,-1,7,21771,3,0
280382,4,1,-1,7,36370,20,0
280383,4,1,-1,7,16572,3,0
280384,4,1,-1,7,48252,3,0
280385,4,0,-1,4,14437,2,0
280386,4,1,-1,7,16918,9,0
280387,4,1,-1,7,53244,20,0
280388,2,10,-1,0,5111,17,2
280389,4,1,-1,7,37492,1,0
280390,4,1,-1,7,21459,6,0
280391,4,1,-1,7,25999,10,0
280392,4,1,-1,7,43184,1,0
280393,4,1,-1,7,19918,7,0
280394,4,1,-1,7,43217,9,0
280395,4,1,-1,7,28477,6,0
280396,4,1,-1,7,27868,10,0
280397,4,1,-1,7,53270,10,0
280398,4,1,-1,7,56521,9,0
280399,4,1,-1,7,39782,3,0
280400,4,1,-1,7,43984,8,0
280401,4,1,-1,7,29929,6,0
280402,4,1,-1,7,15008,10,0
280403,4,1,-1,7,25961,10,0
280404,4,1,-1,7,26619,1,0
280405,4,1,-1,7,19812,7,0
280406,4,1,-1,7,11571,8,0
280407,4,0,-1,4,56873,11,0
280408,4,1,-1,7,51138,8,0
280409,4,1,-1,7,26465,3,0
280410,4,1,-1,7,42481,1,0
280411,4,1,-1,7,14404,10,0
280412,4,1,-1,7,38942,7,0
280413,4,0,-1,4,43085,2,0
280414,4,0,-1,4,33288,2,0
280415,4,1,-1,7,43724,1,0
280416,4,1,-1,7,34244,6,0
280417,4,1,-1,7,16826,1,0
280418,4,1,-1,7,48354,6,0
280419,4,1,-1,7,18415,1,0
280420,4,1,-1,7,57172,16,0
280421,4,1,-1,7,4301,8,0
280422,4,1,-1,7,10454,8,0
280423,4,1,-1,7,13023,6,0
280424,2,10,-1,0,28699,17,2
280425,4,0,-1,4,9851,11,0
280426,4,1,-1,7,32070,16,0
280427,4,1,-1,7,11060,8,0
280428,4,1,-1,7,43027,3,0
280429,4,1,-1,7,44485,5,0
280430,4,0,-1,4,35367,11,0
280431,4,1,-1,7,56153,1,0
280432,4,1,-1,7,44124,10,0
280433,4,1,-1,7,16723,6,0
280434,4,1,-1,7,30774,10,0
280435,4,0,-1,4,9838,11,0
280436,4,1,-1,7,52398,9,0
280437,4,1,-1,7,51038,8,0
280438,4,1,-1,7,51556,8,0
280439,4,1,-1,7,26323,16,0
280440,4,1,-1,7,28651,3,0
280441,4,1,-1,7,39335,10,0
280442,4,1,-1,7,53092,6,0
280443,4,1,-1,7,28646,7,0
280444,4,1,-1,7,19665,8,0
280445,4,1,-1,7,27477,20,0
280446,4,0,-1,4,21725,2,0
280447,4,1,-1,7,26290,10,0
280448,4,1,-1,7,26005,6,0
280449,4,1,-1,7,13195,10,0
280450,4,1,-1,7,14735,6,0
280451,4,1,-1,7,16561,7,0
280452,4,0,-1,4,41916,12,0
280453,2,10,-1,0,39105,17,2
280454,4,1,-1,7,41828,20,0
280455,4,1,-1,7,19930,1,0
280456,4,0,-1,4,39918,12,0
280457,4,1,-1,7,58283,3,0
280458,4,1,-1,7,26302,1,0
280459,4,0,-1,4,40413,2,0
280460,4,1,-1,7,28209,16,0
280461,4,1,-1,7,19128,10,0
280462,4,1,-1,7,41844,1,0
280463,4,0,-1,4,41936,12,0
280464,4,0,-1,4,45362,11,0
280465,4,0,-1,4,15422,11,0
280466,4,0,-1,4,10530,11,0
280467,4,1,-1,7,25952,5,0
280468,4,1,-1,7,27598,7,0
280469,4,0,-1,4,56514,12,0
280470,4,1,-1,7,26096,3,0
280471,4,1,-1,7,43026,6,0
280472,4,1,-1,7,42985,10,0
280473,4,1,-1,7,28190,6,0
280474,4,0,-1,4,24569,11,0
280475,2,10,-1,0,28502,17,2
280476,4,1,-1,7,40130,16,0
280477,2,19,-1,0,45159,26,0
280478,4,0,-1,4,36444,12,0
280479,4,1,-1,7,28425,20,0
280480,4,1,-1,7,16966,10,0
280481,2,4,-1,0,18373,13,3
280482,4,0,-1,4,9835,11,0
280483,4,1,-1,7,26196,7,0
280484,4,1,-1,7,12777,7,0
280485,4,1,-1,7,39780,7,0
280486,4,0,-1,4,6011,11,0
280487,4,0,-1,4,3026,12,0
280488,4,1,-1,7,56011,3,0
280489,4,1,-1,7,26149,6,0
280490,4,1,-1,7,52605,16,0
280491,4,1,-1,7,49959,7,0
280492,4,1,-1,7,19910,6,0
280493,4,1,-1,7,56573,3,0
280494,4,1,-1,7,28006,16,0
280495,4,1,-1,7,26132,10,0
280496,4,1,-1,7,30669,10,0
280497,4,0,-1,4,31482,12,0
280498,4,1,-1,7,24943,7,0
280499,4,1,-1,7,28061,7,0
280500,4,0,-1,4,6494,2,0
280501,4,1,-1,7,64289,3,0
280502,4,1,-1,7,51848,8,0
280503,4,1,-1,7,37311,1,0
280504,4,1,-1,7,16642,10,0
280505,4,0,-1,4,59327,11,0
280506,4,1,-1,7,31135,10,0
280507,4,1,-1,7,4904,3,0
280508,4,1,-1,7,17211,5,0
280509,4,0,-1,4,59308,2,0
280510,4,1,-1,7,43075,20,0
280511,4,1,-1,7,52344,10,0
280512,2,19,-1,0,6093,26,0
280513,4,1,-1,7,8635,5,0
280514,4,1,-1,7,28609,16,0
280515,4,1,-1,7,16915,9,0
280516,2,10,-1,0,20293,17,2
280517,4,0,-1,4,31905,11,0
280518,4,0,-1,4,64216,2,0
280519,4,0,-1,4,14436,11,0
280520,2,4,-1,0,35643,13,3
280521,4,1,-1,7,25942,7,0
280522,4,1,-1,7,16821,8,0
280523,4,1,-1,7,22426,7,0
280524,4,1,-1,7,27752,16,0
280525,4,1,-1,7,35975,20,0
280526,4,1,-1,7,25890,7,0
280527,4,1,-1,7,26501,3,0
280528,4,1,-1,7,27631,16,0
280529,4,1,-1,7,16793,10,0
280530,4,1,-1,7,39623,8,0
280531,4,1,-1,7,13236,1,0
280532,4,1,-1,7,56522,6,0
280533,4,1,-1,7,26003,5,0
280534,4,1,-1,7,42917,7,0
280535,4,1,-1,7,54189,7,0
280536,4,1,-1,7,15284,1,0
280537,4,1,-1,7,45819,1,0
280538,4,0,-1,4,14436,11,0
280539,4,1,-1,7,15409,8,0
280540,4,1,-1,7,15003,5,0
280541,4,1,-1,7,48367,8,0
280542,4,1,-1,7,28432,8,0
280543,4,1,-1,7,43188,9,0
280544,4,1,-1,7,52219,20,0
280545,4,1,-1,7,33328,9,0
280546,4,1,-1,7,4511,6,0
280547,4,1,-1,7,58817,6,0
280548,4,1,-1,7,43150,6,0
280549,4,0,-1,4,7093,2,0
280550,4,0,-1,4,6539,2,0
280551,4,1,-1,7,43469,20,0
280552,2,10,-1,0,20432,17,2
280553,4,1,-1,7,28417,20,0
280554,4,1,-1,7,26275,10,0
280555,4,1,-1,7,42980,7,0
280556,4,1,-1,7,47423,8,0
280557,4,1,-1,7,25236,3,0
280558,4,1,-1,7,23101,16,0
280559,4,1,-1,7,56131,7,0
280560,4,1,-1,7,52493,1,0
280561,4,1,-1,7,38739,7,0
280562,4,1,-1,7,34579,3,0
280563,4,1,-1,7,23044,16,0
280564,4,1,-1,7,26196,7,0
280565,4,0,-1,4,56783,12,0
280566,4,1,-1,7,4511,6,0
280567,2,10,-1,0,31765,17,2
280568,4,1,-1,7,43183,20,0
280569,4,1,-1,7,26059,1,0
280570,4,1,-1,7,12439,8,0
280571,4,1,-1,7,26138,6,0
280572,4,0,-1,4,33288,2,0
280573,4,1,-1,7,38942,7,0
280574,4,1,-1,7,56026,20,0
280575,2,10,-1,0,65334,17,2
280576,4,1,-1,7,23012,16,0
280577,4,1,-1,7,13236,1,0
280578,4,0,-1,4,53560,2,0
280579,4,1,-1,7,19113,3,0
280580,4,1,-1,7,9184,8,0
280581,4,1,-1,7,53271,8,0
280582,4,1,-1,7,40701,9,0
280583,4,1,-1,7,52106,7,0
280584,2,4,-1,0,28671,13,3
280585,4,1,-1,7,26007,10,0
280586,4,1,-1,7,21154,8,0
280587,4,1,-1,7,28648,7,0
280588,4,0,-1,4,6494,2,0
280589,2,4,-1,0,11453,13,3
280590,4,1,-1,7,24943,7,0
280591,4,1,-1,7,61234,6,0
280592,4,1,-1,7,43005,10,0
280593,4,1,-1,7,17120,8,0
280594,4,1,-1,7,46430,5,0
280595,4,1,-1,7,43759,1,0
280596,4,0,-1,4,21072,12,0
280597,4,0,-1,4,14437,2,0
280598,4,1,-1,7,39399,7,0
280599,4,0,-1,4,14437,2,0
280600,4,1,-1,7,52344,10,0
280601,4,1,-1,7,16915,9,0
280602,4,1,-1,7,26236,10,0
280603,4,0,-1,4,18365,11,0
280604,4,1,-1,7,52307,20,0
280605,4,1,-1,7,45263,6,0
280606,4,0,-1,4,24646,11,0
280607,4,1,-1,7,50005,1,0
280608,4,1,-1,7,53642,10,0
280609,4,1,-1,7,9997,3,0
280610,4,1,-1,7,16864,10,0
280611,4,1,-1,7,52361,20,0
280612,4,1,-1,7,19011,20,0
280613,4,1,-1,7,26435,6,0
280614,4,1,-1,7,13236,1,0
280615,4,0,-1,4,17918,2,0
280616,4,1,-1,7,24927,7,0
280617,2,10,-1,0,20272,17,2
280618,4,1,-1,7,28168,9,0
280619,4,1,-1,7,25877,20,0
280620,4,1,-1,7,15232,20,0
280621,4,1,-1,7,16901,9,0
280622,4,1,-1,7,25233,8,0
280623,4,1,-1,7,64579,8,0
280624,4,1,-1,7,16667,20,0
280625,4,1,-1,7,14498,7,0
280626,4,1,-1,7,32071,16,0
280627,4,1,-1,7,27686,16,0
280628,4,1,-1,7,65291,8,0
280629,4,0,-1,4,48508,2,0
280630,4,1,-1,7,14986,5,0
280631,4,1,-1,7,9997,3,0
280632,4,1,-1,7,16821,8,0
280633,4,0,-1,4,9847,11,0
280634,2,10,-1,0,40799,17,2
280635,4,1,-1,7,25971,10,0
280636,4,1,-1,7,52230,8,0
280637,4,1,-1,7,43084,8,0
280638,4,0,-1,4,9849,11,0
280639,2,19,-1,0,43774,26,0
280640,4,0,-1,4,49229,11,0
280641,4,1,-1,7,12858,20,0
280642,4,1,-1,7,4462,9,0
280643,4,1,-1,7,43894,1,0
280644,4,1,-1,7,39398,10,0
280645,4,1,-1,7,33129,3,0
280646,4,0,-1,4,6012,11,0
280647,4,1,-1,7,14765,10,0
280648,4,1,-1,7,16823,1,0
280649,4,1,-1,7,56026,20,0
280650,4,1,-1,7,56034,9,0
280651,4,1,-1,7,17135,3,0
280652,4,1,-1,7,26018,16,0
280653,4,1,-1,7,52114,7,0
280654,2,19,-1,0,20790,26,0
280655,4,1,-1,7,28074,20,0
280656,2,4,-1,0,45346,13,3
280657,2,10,-1,0,20300,17,2
280658,4,1,-1,7,28182,7,0
280659,4,1,-1,7,13649,7,0
280660,2,19,-1,0,20786,26,0
280661,4,1,-1,7,44304,6,0
280662,4,1,-1,7,33150,20,0
280663,4,1,-1,7,20476,10,0
280664,4,1,-1,7,28056,10,0
280665,4,1,-1,7,16821,8,0
280666,4,1,-1,7,11473,3,0
280667,4,1,-1,7,16915,9,0
280668,4,1,-1,7,14552,8,0
280669,4,1,-1,7,26151,9,0
280670,4,1,-1,7,56072,3,0
280671,4,1,-1,7,52402,16,0
280672,4,1,-1,7,12345,7,0
280673,4,0,-1,4,22293,12,0
280674,4,1,-1,7,17130,10,0
280675,4,1,-1,7,26189,16,0
280676,4,1,-1,7,43183,20,0
280677,4,1,-1,7,4365,7,0
280678,2,19,-1,0,25077,26,0
280679,2,4,-1,0,32262,13,3
280680,4,1,-1,7,8089,9,0
280681,2,4,-1,0,28512,13,3
280682,4,1,-1,7,26017,20,0
280683,4,1,-1,7,21114,20,0
280684,4,1,-1,7,26024,6,0
280685,4,1,-1,7,44265,1,0
280686,4,1,-1,7,23014,16,0
280687,4,1,-1,7,9552,6,0
280688,4,1,-1,7,52403,7,0
280689,4,1,-1,7,42600,6,0
280690,4,0,-1,4,40036,2,0
280691,4,0,-1,4,53566,2,0
280692,4,1,-1,7,16821,8,0
280693,4,1,-1,7,26011,20,0
280694,4,1,-1,7,51252,8,0
280695,4,1,-1,7,24616,10,0
280696,4,1,-1,7,48683,6,0
280697,4,1,-1,7,25890,7,0
280698,4,1,-1,7,27630,9,0
280699,4,0,-1,4,6011,11,0
280700,4,1,-1,7,43078,6,0
280701,4,1,-1,7,42896,9,0
280702,2,10,-1,0,20419,17,2
280703,4,0,-1,4,1225,11,0
280704,4,1,-1,7,43984,8,0
280705,4,1,-1,7,39008,8,0
280706,4,1,-1,7,28715,7,0
280707,4,0,-1,4,39121,11,0
280708,4,0,-1,4,39917,12,0
280709,2,19,-1,0,60836,26,0
280710,4,1,-1,7,26154,10,0
280711,4,1,-1,7,52234,3,0
280712,2,19,-1,0,21096,26,0
280713,4,1,-1,7,30833,9,0
280714,4,1,-1,7,19932,6,0
280715,4,1,-1,7,33998,1,0
280716,4,1,-1,7,26157,20,0
280717,4,1,-1,7,26151,9,0
280718,4,1,-1,7,33841,3,0
280719,2,19,-1,0,20903,26,0
280720,4,1,-1,7,6295,10,0
280721,4,1,-1,7,16590,5,0
280722,4,0,-1,4,15420,2,0
280723,4,0,-1,4,24569,11,0
280724,4,1,-1,7,16821,8,0
280725,4,1,-1,7,16865,6,0
280726,4,1,-1,7,40648,16,0
280727,4,1,-1,7,22422,1,0
280728,4,0,-1,4,15150,12,0
280729,4,1,-1,7,42370,1,0
280730,4,1,-1,7,28080,8,0
280731,4,1,-1,7,48683,6,0
280732,4,1,-1,7,51838,10,0
280733,4,1,-1,7,16561,7,0
280734,4,1,-1,7,51050,8,0
280735,4,0,-1,4,6502,2,0
280736,4,0,-1,4,6502,12,0
280737,4,1,-1,7,44167,6,0
280738,4,1,-1,7,14749,8,0
280739,4,1,-1,7,16823,1,0
280740,4,1,-1,7,51837,10,0
280741,4,1,-1,7,26104,3,0
280742,4,1,-1,7,12439,8,0
280743,4,1,-1,7,27928,3,0
280744,4,1,-1,7,14748,5,0
280745,2,19,-1,0,44594,26,0
280746,4,0,-1,4,18059,12,0
280747,4,1,-1,7,23021,16,0
280748,4,0,-1,4,39681,11,0
280749,4,1,-1,7,17132,3,0
280750,4,0,-1,4,41951,11,0
280751,2,10,-1,0,40836,17,2
280752,4,1,-1,7,44979,20,0
280753,4,1,-1,7,42171,3,0
280754,4,1,-1,7,26131,20,0
280755,4,1,-1,7,15089,16,0
280756,4,1,-1,7,28010,8,0
280757,4,1,-1,7,39395,6,0
280758,4,1,-1,7,26112,16,0
280759,4,1,-1,7,19409,1,0
280760,4,1,-1,7,28251,16,0
280761,4,1,-1,7,14711,7,0
280762,4,1,-1,7,55001,7,0
280763,4,1,-1,7,14542,10,0
280764,4,1,-1,7,16838,6,0
280765,2,10,-1,0,20327,17,2
280766,4,1,-1,7,59396,1,0
280767,4,1,-1,7,52005,16,0
280768,4,0,-1,4,64923,12,0
280769,4,0,-1,4,6494,2,0
280770,4,1,-1,7,24983,9,0
280771,4,1,-1,7,42102,6,0
280772,4,1,-1,7,30425,6,0
280773,4,1,-1,7,48920,10,0
280774,4,1,-1,7,26287,9,0
280775,4,1,-1,7,34799,20,0
280776,4,1,-1,7,45705,3,0
280777,4,1,-1,7,28242,6,0
280778,4,0,-1,4,32678,11,0
280779,4,1,-1,7,18120,20,0
280780,4,1,-1,7,45737,8,0
280781,4,1,-1,7,38266,5,0
280782,4,1,-1,7,37199,20,0
280783,4,1,-1,7,26614,1,0
280784,4,1,-1,7,17132,3,0
280785,4,1,-1,7,14765,10,0
280786,2,10,-1,0,20391,17,2
280787,4,1,-1,7,28617,8,0
280788,4,0,-1,4,36902,2,0
280789,4,1,-1,7,25994,9,0
280790,2,10,-1,0,20293,17,2
280791,4,1,-1,7,64896,3,0
280792,4,1,-1,7,18860,1,0
280793,4,0,-1,4,15422,11,0
280794,4,0,-1,4,31631,12,0
280795,4,1,-1,7,16833,6,0
280796,2,4,-1,0,28508,13,3
280797,4,1,-1,7,28788,3,0
280798,4,1,-1,7,23777,1,0
280799,4,1,-1,7,28305,9,0
280800,4,0,-1,4,6539,2,0
280801,4,1,-1,7,26022,6,0
280802,4,1,-1,7,33101,10,0
280803,4,1,-1,7,30669,10,0
280804,4,1,-1,7,26079,9,0
280805,4,1,-1,7,26023,5,0
280806,4,1,-1,7,18906,8,0
280807,4,1,-1,7,14498,7,0
280808,4,1,-1,7,9999,3,0
280809,4,1,-1,7,55001,7,0
280810,2,19,-1,0,28633,26,0
280811,4,1,-1,7,10169,3,0
280812,4,1,-1,7,19953,20,0
280813,2,10,-1,0,23837,17,2
280814,4,1,-1,7,29929,6,0
280815,4,0,-1,4,56765,11,0
280816,4,1,-1,7,18337,9,0
280817,4,0,-1,4,7093,2,0
280818,4,1,-1,7,27600,8,0
280819,4,1,-1,7,26053,20,0
280820,4,1,-1,7,27633,8,0
280821,4,1,-1,7,26113,10,0
280822,4,1,-1,7,15089,16,0
280823,4,1,-1,7,16821,8,0
280824,4,1,-1,7,14152,10,0
280825,4,0,-1,4,20769,11,0
280826,4,1,-1,7,43346,3,0
280827,4,0,-1,4,31604,2,0
280828,4,0,-1,4,19662,12,0
280829,4,1,-1,7,56034,9,0
280830,4,1,-1,7,26298,3,0
280831,4,1,-1,7,42313,20,0
280832,4,0,-1,4,1225,11,0
280833,4,0,-1,4,3258,11,0
280834,4,0,-1,4,40386,12,0
280835,4,1,-1,7,14685,7,0
280836,4,1,-1,7,4488,3,0
280837,4,1,-1,7,40706,8,0
280838,4,1,-1,7,26029,10,0
280839,4,1,-1,7,21963,7,0
280840,4,1,-1,7,16956,10,0
280841,4,1,-1,7,28951,16,0
280842,4,1,-1,7,19919,5,0
280843,4,1,-1,7,4765,7,0
280844,4,0,-1,4,44086,11,0
280845,2,10,-1,0,20378,17,2
280846,4,1,-1,7,32503,16,0
280847,4,0,-1,4,39390,2,0
280848,4,1,-1,7,27545,6,0
280849,4,1,-1,7,46435,10,0
280850,4,1,-1,7,55595,3,0
280851,4,1,-1,7,39782,3,0
280852,2,19,-1,0,35263,26,0
280853,4,1,-1,7,27855,3,0
280854,2,10,-1,0,5120,17,2
280855,4,1,-1,7,40539,10,0
280856,4,1,-1,7,43185,8,0
280857,4,1,-1,7,38064,6,0
280858,4,1,-1,7,46120,3,0
280859,4,1,-1,7,27600,8,0
280860,4,1,-1,7,15267,16,0
280861,4,1,-1,7,17120,8,0
280862,4,1,-1,7,7533,7,0
280863,4,1,-1,7,33129,3,0
280864,2,10,-1,0,48030,17,2
280865,4,1,-1,7,26619,1,0
280866,4,1,-1,7,21963,7,0
280867,4,1,-1,7,51783,6,0
280868,4,1,-1,7,64579,8,0
280869,4,0,-1,4,19785,2,0
280870,2,4,-1,0,50603,13,3
280871,4,1,-1,7,48222,20,0
280872,4,1,-1,7,31634,10,0
280873,4,1,-1,7,28209,16,0
280874,4,1,-1,7,23027,16,0
280875,4,1,-1,7,24942,1,0
280876,4,0,-1,4,36902,2,0
280877,4,1,-1,7,20476,10,0
280878,4,1,-1,7,16787,6,0
280879,4,1,-1,7,6295,10,0
280880,4,1,-1,7,52620,8,0
280881,4,1,-1,7,25987,10,0
280882,4,0,-1,4,9859,2,0
280883,4,1,-1,7,44124,10,0
280884,4,1,-1,7,17138,8,0
280885,4,1,-1,7,54514,1,0
280886,4,1,-1,7,52357,20,0
280887,4,1,-1,7,51783,6,0
280888,2,10,-1,0,20412,17,2
280889,4,1,-1,7,4904,3,0
280890,4,0,-1,4,6494,2,0
280891,4,1,-1,7,16821,8,0
280892,4,1,-1,7,14127,10,0
280893,4,1,-1,7,44451,9,0
280894,4,1,-1,7,12865,10,0
280895,4,1,-1,7,17136,6,0
280896,4,1,-1,7,25884,16,0
280897,4,1,-1,7,28079,6,0
280898,4,1,-1,7,17123,20,0
280899,4,1,-1,7,39391,16,0
280900,4,0,-1,4,9843,11,0
280901,4,1,-1,7,24612,20,0
280902,4,1,-1,7,26020,10,0
280903,4,0,-1,4,48511,2,0
280904,4,1,-1,7,27862,1,0
280905,4,1,-1,7,52620,8,0
280906,4,1,-1,7,28419,7,0
280907,4,1,-1,7,15283,1,0
280908,4,1,-1,7,26028,5,0
280909,4,1,-1,7,38589,16,0
280910,4,1,-1,7,44579,1,0
280911,4,1,-1,7,27796,3,0
280912,4,1,-1,7,19953,20,0
280913,4,0,-1,4,52417,2,0
280914,4,1,-1,7,34626,8,0
280915,4,1,-1,7,27861,8,0
280916,4,1,-1,7,23119,16,0
280917,4,1,-1,7,28852,1,0
280918,4,1,-1,7,55644,6,0
280919,2,19,-1,0,28518,26,0
280920,4,0,-1,4,14436,11,0
280921,4,0,-1,4,24569,11,0
280922,4,1,-1,7,27928,3,0
280923,4,1,-1,7,43189,6,0
280924,4,1,-1,7,56788,20,0
280925,4,1,-1,7,51783,6,0
280926,4,0,-1,4,34491,2,0
280927,4,1,-1,7,51841,7,0
280928,4,0,-1,4,15422,11,0
280929,4,1,-1,7,24932,20,0
280930,4,1,-1,7,18883,20,0
280931,4,1,-1,7,9552,6,0
280932,4,1,-1,7,58283,3,0
280933,4,1,-1,7,56572,3,0
280934,4,1,-1,7,28080,8,0
280935,4,1,-1,7,25881,6,0
280936,4,1,-1,7,56011,3,0
280937,4,1,-1,7,44004,3,0
280938,4,1,-1,7,9552,6,0
280939,4,1,-1,7,43193,7,0
280940,4,1,-1,7,48256,6,0
280941,4,1,-1,7,55670,9,0
280942,4,0,-1,4,40049,12,0
280943,4,1,-1,7,35380,8,0
280944,4,1,-1,7,18992,1,0
280945,2,10,-1,0,39987,17,2
280946,4,0,-1,4,9854,2,0
280947,4,1,-1,7,43218,5,0
280948,4,1,-1,7,52624,20,0
280949,4,1,-1,7,4511,6,0
280950,4,1,-1,7,43187,3,0
280951,4,1,-1,7,46064,8,0
280952,4,0,-1,4,40036,2,0
280953,4,1,-1,7,26058,6,0
280954,4,1,-1,7,12473,3,0
280955,4,0,-1,4,31576,11,0
280956,4,1,-1,7,16918,9,0
280957,4,1,-1,7,6295,10,0
280958,4,1,-1,7,22843,5,0
280959,4,1,-1,7,27647,6,0
280960,4,1,-1,7,37046,20,0
280961,2,4,-1,0,19615,13,3
280962,4,1,-1,7,52220,20,0
280963,4,0,-1,4,51458,11,0
280964,4,0,-1,4,38674,11,0
280965,4,1,-1,7,28204,7,0
280966,4,1,-1,7,4765,7,0
280967,4,1,-1,7,51035,7,0
280968,4,1,-1,7,16830,6,0
280969,4,1,-1,7,23711,7,0
280970,4,1,-1,7,22253,16,0
280971,4,1,-1,7,43220,10,0
280972,2,4,-1,0,28776,13,3
280973,4,1,-1,7,27557,20,0
280974,4,1,-1,7,16695,20,0
280975,4,1,-1,7,14511,7,0
280976,4,1,-1,7,25998,6,0
280977,4,1,-1,7,24601,20,0
280978,4,0,-1,4,9854,2,0
280979,4,1,-1,7,48684,9,0
280980,4,1,-1,7,16764,7,0
280981,4,1,-1,7,23127,16,0
280982,4,1,-1,7,7533,7,0
280983,2,19,-1,0,28108,26,0
280984,4,1,-1,7,28720,7,0
280985,4,1,-1,7,19932,6,0
280986,4,1,-1,7,12388,7,0
280987,4,1,-1,7,26977,16,0
280988,4,1,-1,7,16850,7,0
280989,4,1,-1,7,48321,9,0
280990,4,1,-1,7,4301,8,0
280991,4,0,-1,4,6012,11,0
280992,4,0,-1,4,64203,2,0
280993,4,0,-1,4,20769,11,0
280994,4,1,-1,7,51153,10,0
280995,4,1,-1,7,16897,9,0
280996,4,1,-1,7,18428,20,0
280997,4,0,-1,4,31204,12,0
280998,4,1,-1,7,37474,3,0
280999,4,1,-1,7,54703,7,0
300000,4,4,-1,6,38286,6,0
300001,4,4,-1,6,54810,5,0
300002,4,4,-1,6,59163,7,0
300003,4,0,-1,4,56513,12,0
300004,4,4,-1,6,43274,7,0
300005,4,0,-1,4,59327,11,0
300006,4,4,-1,6,62038,1,0
300007,2,8,-1,0,44893,17,1
300008,4,0,-1,4,38129,12,0
300009,4,4,-1,6,61541,9,0
300010,4,0,-1,4,48511,2,0
300011,4,4,-1,6,52338,5,0
300012,4,4,-1,6,39802,3,0
300013,2,1,-1,0,50341,17,1
300014,4,4,-1,6,50507,8,0
300015,4,4,-1,6,56930,6,0
300016,4,4,-1,6,54830,9,0
300017,4,4,-1,6,40764,7,0
300018,2,1,-1,0,41631,17,1
300019,2,5,-1,0,58910,17,1
300020,4,4,-1,6,55792,7,0
300021,4,4,-1,6,51900,5,0
300022,4,4,-1,6,43136,6,0
300023,2,5,-1,0,47742,17,1
300024,4,0,-1,4,51719,2,0
300025,4,4,-1,6,51932,10,0
300026,4,4,-1,6,39866,10,0
300027,4,0,-1,4,45197,12,0
300028,4,4,-1,6,37491,3,0
300029,4,4,-1,6,55806,5,0
300030,4,4,-1,6,55004,6,0
300031,4,4,-1,6,31143,6,0
300032,4,4,-1,6,55301,6,0
300033,4,4,-1,6,55772,10,0
300034,4,0,-1,4,18725,12,0
300035,4,4,-1,6,51669,8,0
300036,4,4,-1,6,51704,6,0
300037,4,0,-1,4,52438,11,0
300038,4,4,-1,6,59246,8,0
300039,4,4,-1,6,43490,3,0
300040,4,4,-1,6,56526,6,0
300041,4,4,-1,6,27832,8,0
300042,4,0,-1,4,53566,2,0
300043,4,4,-1,6,54507,6,0
300044,4,4,-1,6,43277,1,0
300045,4,0,-1,4,33973,12,0
300046,4,4,-1,6,50510,9,0
300047,4,4,-1,6,48347,9,0
300048,4,10,-1,0,64615,28,0
300049,4,4,-1,6,55380,9,0
300050,4,1,-1,7,56537,16,0
300051,4,0,-1,4,61413,12,0
300052,4,4,-1,6,23559,5,0
300053,4,4,-1,6,26862,8,0
300054,4,4,-1,6,48045,7,0
300055,4,0,-1,4,53194,2,0
300056,4,1,-1,7,50974,16,0
300057,2,4,-1,0,51717,13,3
300058,4,4,-1,6,54821,3,0
300059,4,4,-1,6,64998,3,0
300060,4,1,-1,7,64640,16,0
300061,4,4,-1,6,30321,10,0
300062,4,4,-1,6,55495,10,0
300063,4,4,-1,6,33709,5,0
300064,4,4,-1,6,51808,6,0
300065,4,4,-1,6,43743,3,0
300066,4,4,-1,6,51571,7,0
300067,4,4,-1,6,55986,8,0
300068,4,4,-1,6,43140,5,0
300069,4,0,-1,4,51458,11,0
300070,4,4,-1,6,55019,10,0
300071,4,4,-1,6,55229,1,0
300072,4,0,-1,4,38544,2,0
300073,4,1,-1,7,55943,16,0
300074,4,4,-1,6,52371,5,0
300075,4,1,-1,7,51925,16,0
300076,4,4,-1,6,55695,3,0
300077,4,4,-1,6,51773,1,0
300078,2,0,-1,0,56240,13,3
300079,2,7,-1,0,41389,13,3
300080,4,4,-1,6,48347,9,0
300081,4,4,-1,6,26473,10,0
300082,4,0,-1,4,31480,12,0
300083,4,4,-1,6,39641,5,0
300084,4,4,-1,6,44479,7,0
300085,4,0,-1,4,56514,12,0
300086,4,0,-1,4,51458,11,0
300087,4,4,-1,6,54076,10,0
300088,4,0,-1,4,48508,2,0
300089,4,4,-1,6,24513,8,0
300090,4,0,-1,4,19785,12,0
300091,4,4,-1,6,27274,5,0
300092,4,4,-1,6,48798,10,0
300093,4,0,-1,4,56567,11,0
300094,2,8,-1,0,44330,17,1
300095,4,4,-1,6,54843,10,0
300096,4,0,-1,4,39125,11,0
300097,4,0,-1,4,33534,11,0
300098,4,4,-1,6,56500,5,0
300099,2,1,-1,0,40900,17,1
300100,2,8,-1,0,50334,17,1
300101,4,1,-1,7,52402,16,0
300102,4,4,-1,6,49764,5,0
300103,4,4,-1,6,39451,8,0
300104,4,4,-1,6,56192,8,0
300105,4,4,-1,6,59607,3,0
300106,4,4,-1,6,52998,9,0
300107,4,10,-1,0,64615,28,0
300108,4,1,-1,7,56114,16,0
300109,4,0,-1,4,52385,12,0
300110,4,4,-1,6,56133,8,0
300111,4,4,-1,6,43522,6,0
300112,4,0,-1,4,64207,2,0
300113,4,4,-1,6,52500,1,0
300114,4,0,-1,4,7371,12,0
300115,4,4,-1,6,51197,6,0
300116,2,5,-1,0,56957,17,1
300117,4,4,-1,6,53578,6,0
300118,4,4,-1,6,39804,10,0
300119,4,4,-1,6,56563,10,0
300120,4,4,-1,6,46076,10,0
300121,4,10,-1,0,51913,28,0
300122,4,4,-1,6,26881,10,0
300123,4,4,-1,6,42329,8,0
300124,4,4,-1,6,55301,6,0
300125,4,4,-1,6,62208,8,0
300126,4,0,-1,4,48508,2,0
300127,4,4,-1,6,51773,1,0
300128,4,4,-1,6,47024,10,0
300129,4,4,-1,6,48045,7,0
300130,4,4,-1,6,47027,9,0
300131,4,0,-1,4,53194,2,0
300132,4,4,-1,6,55834,7,0
300133,4,4,-1,6,54811,7,0
300134,4,4,-1,6,59703,8,0
300135,4,4,-1,6,44479,7,0
300136,4,0,-1,4,54963,12,0
300137,4,4,-1,6,43743,3,0
300138,4,0,-1,4,38129,12,0
300139,4,0,-1,4,39120,11,0
300140,4,4,-1,6,55808,1,0
300141,4,4,-1,6,54271,7,0
300142,4,4,-1,6,64782,9,0
300143,4,4,-1,6,61540,8,0
300144,4,4,-1,6,50015,3,0
300145,4,0,-1,4,59327,11,0
300146,4,1,-1,7,55335,16,0
300147,4,0,-1,4,37430,11,0
300148,4,4,-1,6,59197,5,0
300149,4,10,-1,0,51913,28,0
300150,4,4,-1,6,33092,10,0
300151,2,8,-1,0,51512,17,1
300152,4,4,-1,6,52509,6,0
300153,4,4,-1,6,39386,1,0
300154,4,4,-1,6,54821,3,0
300155,4,4,-1,6,38684,9,0
300156,4,4,-1,6,42363,7,0
300157,4,4,-1,6,55312,1,0
300158,4,4,-1,6,42871,7,0
300159,4,4,-1,6,56129,1,0
300160,2,8,-1,0,50327,17,1
300161,4,4,-1,6,56532,1,0
300162,4,4,-1,6,50991,5,0
300163,4,4,-1,6,51712,10,0
300164,2,1,-1,0,55925,17,1
300165,4,4,-1,6,38357,6,0
300166,4,4,-1,6,51668,10,0
300167,4,0,-1,4,51719,2,0
300168,4,1,-1,7,54674,16,0
300169,4,4,-1,6,51093,10,0
300170,4,0,-1,4,53560,11,0
300171,4,4,-1,6,51893,7,0
300172,4,4,-1,6,44424,5,0
300173,4,4,-1,6,27180,1,0
300174,4,4,-1,6,40757,3,0
300175,4,0,-1,4,63960,11,0
300176,4,4,-1,6,27938,7,0
300177,4,4,-1,6,40773,3,0
300178,2,1,-1,0,50339,17,1
300179,4,4,-1,6,58791,5,0
300180,2,0,-1,0,56240,13,3
300181,4,0,-1,4,64230,11,0
300182,4,4,-1,6,40537,1,0
300183,4,1,-1,7,15063,16,0
300184,4,4,-1,6,39414,8,0
300185,4,4,-1,6,55805,3,0
300186,2,5,-1,0,51163,17,1
300187,4,4,-1,6,39617,7,0
300188,4,4,-1,6,51770,3,0
300189,4,0,-1,4,33849,12,0
300190,4,4,-1,6,55828,3,0
300191,2,8,-1,0,48023,17,1
300192,4,4,-1,6,34564,1,0
300193,4,4,-1,6,50507,8,0
300194,4,4,-1,6,44313,6,0
300195,4,4,-1,6,50510,9,0
300196,4,4,-1,6,31597,6,0
300197,4,1,-1,7,55943,16,0
300198,4,4,-1,6,55803,1,0
300199,4,0,-1,4,39000,2,0
300200,4,4,-1,6,51901,5,0
300201,4,0,-1,4,63959,11,0
300202,4,0,-1,4,64199,2,0
300203,4,4,-1,6,54370,1,0
300204,4,1,-1,7,52453,16,0
300205,2,4,-1,0,53032,13,3
300206,4,0,-1,4,38555,2,0
300207,4,4,-1,6,25856,1,0
300208,4,1,-1,7,52453,16,0
300209,4,4,-1,6,42995,1,0
300210,4,4,-1,6,56180,7,0
300211,4,4,-1,6,53639,10,0
300212,4,4,-1,6,55019,10,0
300213,2,0,-1,0,50069,13,3
300214,4,4,-1,6,41518,7,0
300215,4,4,-1,6,51496,8,0
300216,4,4,-1,6,52406,10,0
300217,2,5,-1,0,40824,17,1
300218,4,0,-1,4,56513,12,0
300219,4,0,-1,4,52633,12,0
300220,4,4,-1,6,42859,7,0
300221,4,4,-1,6,42355,10,0
300222,4,0,-1,4,48508,2,0
300223,4,4,-1,6,51645,10,0
300224,4,0,-1,4,43105,2,0
300225,4,4,-1,6,55696,3,0
300226,2,4,-1,0,39427,13,3
300227,4,4,-1,6,51532,7,0
300228,4,4,-1,6,55841,10,0
300229,4,4,-1,6,55229,1,0
300230,4,4,-1,6,27938,7,0
300231,4,0,-1,4,54488,11,0
300232,2,8,-1,0,50329,17,1
300233,2,7,-1,0,41950,13,3
300234,2,5,-1,0,50315,17,1
300235,4,0,-1,4,7371,12,0
300236,4,0,-1,4,33808,2,0
300237,4,4,-1,6,52567,7,0
300238,4,4,-1,6,50615,1,0
300239,4,4,-1,6,48313,9,0
300240,4,4,-1,6,44273,5,0
300241,4,4,-1,6,43719,1,0
300242,4,4,-1,6,55990,9,0
300243,4,4,-1,6,62006,6,0
300244,4,4,-1,6,56609,5,0
300245,4,4,-1,6,43134,10,0
300246,4,1,-1,7,54512,16,0
300247,4,4,-1,6,27749,1,0
300248,4,1,-1,7,59001,16,0
300249,4,0,-1,4,52417,2,0
300250,4,4,-1,6,56532,1,0
300251,4,4,-1,6,27876,3,0
300252,4,4,-1,6,42835,8,0
300253,4,4,-1,6,42835,8,0
300254,2,1,-1,0,28207,17,1
300255,4,4,-1,6,51932,10,0
300256,4,4,-1,6,53669,7,0
300257,4,10,-1,0,64615,28,0
300258,4,0,-1,4,41951,11,0
300259,4,1,-1,7,30703,16,0
300260,4,4,-1,6,48033,1,0
300261,2,4,-1,0,55984,13,3
300262,2,4,-1,0,42212,13,3
300263,4,0,-1,4,56558,11,0
300264,4,4,-1,6,52063,6,0
300265,4,0,-1,4,44237,12,0
300266,4,4,-1,6,50917,9,0
300267,4,4,-1,6,43743,3,0
300268,4,4,-1,6,51954,10,0
300269,2,1,-1,0,55712,17,1
300270,4,4,-1,6,45918,8,0
300271,4,0,-1,4,55012,12,0
300272,4,10,-1,0,51913,28,0
300273,4,0,-1,4,38129,12,0
300274,4,4,-1,6,49353,5,0
300275,4,4,-1,6,33092,10,0
300276,4,4,-1,6,54829,3,0
300277,4,4,-1,6,53004,8,0
300278,4,4,-1,6,61849,5,0
300279,4,4,-1,6,59224,6,0
300280,4,4,-1,6,43640,10,0
300281,4,0,-1,4,48505,12,0
300282,2,1,-1,0,50339,17,1
300283,4,0,-1,4,40035,2,0
300284,4,4,-1,6,35613,8,0
300285,4,4,-1,6,45179,1,0
300286,4,0,-1,4,63960,11,0
300287,4,0,-1,4,51515,11,0
300288,4,0,-1,4,7570,2,0
300289,4,4,-1,6,36972,1,0
300290,4,4,-1,6,53841,10,0
300291,4,4,-1,6,54818,5,0
300292,4,4,-1,6,44277,8,0
300293,4,4,-1,6,55771,7,0
300294,2,0,-1,0,50998,13,3
300295,4,4,-1,6,40497,9,0
300296,4,4,-1,6,60532,10,0
300297,4,4,-1,6,33603,5,0
300298,4,1,-1,7,45191,16,0
300299,4,4,-1,6,64998,3,0
300300,4,1,-1,7,54512,16,0
300301,4,1,-1,7,55000,16,0
300302,4,1,-1,7,24160,16,0
300303,4,0,-1,4,33534,11,0
300304,4,0,-1,4,56664,11,0
300305,4,4,-1,6,53008,10,0
300306,2,1,-1,0,40296,17,1
300307,4,4,-1,6,39620,3,0
300308,4,4,-1,6,40830,10,0
300309,4,4,-1,6,58270,10,0
300310,4,4,-1,6,41616,5,0
300311,4,4,-1,6,51771,6,0
300312,4,4,-1,6,42606,6,0
300313,4,4,-1,6,44340,8,0
300314,4,1,-1,7,64326,16,0
300315,4,4,-1,6,43040,1,0
300316,4,0,-1,4,52576,12,0
300317,4,4,-1,6,43725,9,0
300318,4,0,-1,4,38809,2,0
300319,4,1,-1,7,55943,16,0
300320,4,4,-1,6,19843,7,0
300321,4,0,-1,4,51277,11,0
300322,4,0,-1,4,31655,11,0
300323,4,4,-1,6,52213,9,0
300324,4,1,-1,7,59000,16,0
300325,4,4,-1,6,51710,9,0
300326,4,4,-1,6,40773,3,0
300327,4,4,-1,6,59749,6,0
300328,4,4,-1,6,43142,5,0
300329,4,0,-1,4,39126,11,0
300330,4,4,-1,6,43672,10,0
300331,4,4,-1,6,42863,5,0
300332,4,1,-1,7,42907,16,0
300333,4,4,-1,6,55829,7,0
300334,4,0,-1,4,38837,12,0
300335,4,0,-1,4,49267,2,0
300336,4,0,-1,4,40051,12,0
300337,4,4,-1,6,51207,1,0
300338,4,1,-1,7,55943,16,0
300339,4,0,-1,4,58821,12,0
300340,4,4,-1,6,55306,3,0
300341,4,4,-1,6,59150,8,0
300342,4,0,-1,4,41936,12,0
300343,4,4,-1,6,58969,7,0
300344,4,10,-1,0,64573,28,0
300345,4,0,-1,4,54513,11,0
300346,4,4,-1,6,38711,8,0
300347,2,7,-1,0,57384,13,3
300348,4,4,-1,6,56018,6,0
300349,4,1,-1,7,54667,16,0
300350,4,4,-1,6,49510,1,0
300351,2,0,-1,0,57334,13,3
300352,4,4,-1,6,51907,10,0
300353,4,0,-1,4,41936,12,0
300354,4,4,-1,6,43725,9,0
300355,4,4,-1,6,42848,6,0
300356,4,4,-1,6,46998,5,0
300357,4,4,-1,6,41968,8,0
300358,4,4,-1,6,38711,8,0
300359,4,0,-1,4,51515,11,0
300360,4,4,-1,6,51772,10,0
300361,4,1,-1,7,59034,16,0
300362,4,0,-1,4,56764,11,0
300363,4,4,-1,6,42873,5,0
300364,4,0,-1,4,51515,11,0
300365,4,0,-1,4,64207,2,0
300366,4,0,-1,4,39000,2,0
300367,4,4,-1,6,58270,10,0
300368,4,4,-1,6,53241,5,0
300369,4,4,-1,6,54253,5,0
300370,4,4,-1,6,38702,8,0
300371,4,4,-1,6,53008,10,0
300372,4,0,-1,4,17776,12,0
300373,4,1,-1,7,28251,16,0
300374,4,4,-1,6,38362,7,0
300375,4,0,-1,4,43103,12,0
300376,4,4,-1,6,61307,1,0
300377,4,4,-1,6,45920,8,0
300378,4,4,-1,6,64572,7,0
300379,4,0,-1,4,30738,2,0
300380,4,0,-1,4,53466,12,0
300381,4,4,-1,6,45685,10,0
300382,4,4,-1,6,52338,5,0
300383,2,7,-1,0,50514,13,3
300384,4,4,-1,6,48016,5,0
300385,4,4,-1,6,64593,10,0
300386,4,4,-1,6,43490,3,0
300387,4,4,-1,6,39801,9,0
300388,4,4,-1,6,43349,10,0
300389,4,4,-1,6,55801,5,0
300390,4,4,-1,6,54224,8,0
300391,4,0,-1,4,38348,2,0
300392,4,4,-1,6,51206,7,0
300393,4,4,-1,6,52999,7,0
300394,4,4,-1,6,55386,9,0
300395,4,4,-1,6,55790,10,0
300396,4,4,-1,6,54914,10,0
300397,4,4,-1,6,45413,3,0
300398,4,0,-1,4,52419,2,0
300399,4,4,-1,6,55384,9,0
300400,4,4,-1,6,50615,1,0
300401,4,0,-1,4,51230,11,0
300402,4,0,-1,4,19785,12,0
300403,4,4,-1,6,40537,1,0
300404,4,4,-1,6,52048,5,0
300405,4,4,-1,6,64630,1,0
300406,4,4,-1,6,40756,7,0
300407,4,4,-1,6,50609,7,0
300408,4,4,-1,6,54829,3,0
300409,4,0,-1,4,64170,11,0
300410,4,4,-1,6,48496,5,0
300411,4,4,-1,6,43146,10,0
300412,4,4,-1,6,44347,7,0
300413,4,4,-1,6,29959,6,0
300414,4,4,-1,6,64695,5,0
300415,4,0,-1,4,48508,2,0
300416,4,4,-1,6,46079,10,0
300417,4,4,-1,6,62001,9,0
300418,4,4,-1,6,44877,1,0
300419,4,4,-1,6,25224,10,0
300420,4,4,-1,6,55829,7,0
300421,4,4,-1,6,54287,3,0
300422,4,4,-1,6,58857,1,0
300423,2,5,-1,0,50253,17,1
300424,4,1,-1,7,58996,16,0
300425,4,0,-1,4,41951,11,0
300426,4,10,-1,0,64615,28,0
300427,4,4,-1,6,37301,7,0
300428,4,0,-1,4,48009,12,0
300429,4,4,-1,6,40759,9,0
300430,4,0,-1,4,4006,2,0
300431,4,4,-1,6,55986,8,0
300432,4,4,-1,6,40478,7,0
300433,4,4,-1,6,59138,5,0
300434,2,8,-1,0,50599,17,1
300435,4,4,-1,6,30721,10,0
300436,4,0,-1,4,54513,11,0
300437,4,4,-1,6,43287,8,0
300438,4,10,-1,0,64573,28,0
300439,4,4,-1,6,52568,8,0
300440,4,0,-1,4,51001,12,0
300441,4,4,-1,6,22951,7,0
300442,4,4,-1,6,44422,3,0
300443,4,0,-1,4,39927,12,0
300444,4,4,-1,6,51948,6,0
300445,4,4,-1,6,39377,5,0
300446,4,4,-1,6,51898,8,0
300447,4,1,-1,7,45886,16,0
300448,4,4,-1,6,50991,5,0
300449,4,4,-1,6,40765,8,0
300450,4,4,-1,6,51898,8,0
300451,4,0,-1,4,56873,11,0
300452,4,0,-1,4,46805,2,0
300453,2,0,-1,0,50070,13,3
300454,4,1,-1,7,38813,16,0
300455,2,0,-1,0,41974,13,3
300456,4,4,-1,6,42835,8,0
300457,4,4,-1,6,56609,5,0
300458,4,4,-1,6,51707,5,0
300459,4,4,-1,6,55821,5,0
300460,4,4,-1,6,51131,8,0
300461,4,0,-1,4,50547,12,0
300462,4,4,-1,6,44334,6,0
300463,4,4,-1,6,42862,6,0
300464,4,0,-1,4,41951,11,0
300465,4,0,-1,4,64207,2,0
300466,4,4,-1,6,51905,9,0
300467,4,4,-1,6,51346,8,0
300468,4,4,-1,6,58235,10,0
300469,4,4,-1,6,26862,8,0
300470,2,8,-1,0,50331,17,1
300471,4,4,-1,6,51288,1,0
300472,2,5,-1,0,44954,17,1
300473,4,4,-1,6,64668,10,0
300474,4,4,-1,6,41829,8,0
300475,4,4,-1,6,44007,6,0
300476,4,4,-1,6,44346,6,0
300477,4,4,-1,6,62040,1,0
300478,4,4,-1,6,26888,10,0
300479,4,4,-1,6,30865,6,0
300480,4,4,-1,6,56883,10,0
300481,4,4,-1,6,56600,10,0
300482,4,4,-1,6,27180,1,0
300483,4,4,-1,6,52500,1,0
300484,4,4,-1,6,51707,5,0
300485,4,4,-1,6,62130,3,0
300486,4,0,-1,4,45112,12,0
300487,4,4,-1,6,51775,8,0
300488,4,4,-1,6,52304,1,0
300489,4,1,-1,7,50054,16,0
300490,4,0,-1,4,51458,11,0
300491,2,7,-1,0,39228,13,3
300492,4,4,-1,6,42359,5,0
300493,4,4,-1,6,55812,10,0
300494,4,4,-1,6,40772,7,0
300495,4,0,-1,4,53560,11,0
300496,4,0,-1,4,38544,2,0
300497,4,4,-1,6,61853,7,0
300498,4,4,-1,6,51654,9,0
300499,4,4,-1,6,51207,1,0
300500,4,4,-1,6,45182,1,0
300501,4,0,-1,4,54488,11,0
300502,4,4,-1,6,43144,7,0
300503,4,0,-1,4,53407,2,0
300504,4,4,-1,6,52999,7,0
300505,2,8,-1,0,39329,17,1
300506,2,7,-1,0,39752,13,3
300507,4,1,-1,7,55335,16,0
300508,4,0,-1,4,64174,11,0
300509,4,10,-1,0,51913,28,0
300510,4,4,-1,6,26364,3,0
300511,4,4,-1,6,54076,10,0
300512,4,4,-1,6,43713,7,0
300513,4,1,-1,7,61403,16,0
300514,4,4,-1,6,49764,5,0
300515,4,4,-1,6,56598,8,0
300516,2,0,-1,0,50069,13,3
300517,4,4,-1,6,44078,5,0
300518,4,4,-1,6,51658,7,0
300519,4,4,-1,6,64848,7,0
300520,2,8,-1,0,46900,17,1
300521,4,0,-1,4,48508,2,0
300522,4,4,-1,6,58278,3,0
300523,2,1,-1,0,41631,17,1
300524,4,4,-1,6,45970,3,0
300525,4,4,-1,6,59754,8,0
300526,4,4,-1,6,39414,8,0
300527,4,0,-1,4,51276,11,0
300528,2,5,-1,0,56955,17,1
300529,4,4,-1,6,43199,3,0
300530,4,4,-1,6,54074,10,0
300531,4,4,-1,6,55306,3,0
300532,4,0,-1,4,48511,2,0
300533,4,4,-1,6,55827,3,0
300534,4,4,-1,6,56596,7,0
300535,4,0,-1,4,52817,12,0
300536,4,0,-1,4,40413,2,0
300537,4,10,-1,0,51913,28,0
300538,4,4,-1,6,43146,10,0
300539,4,0,-1,4,64197,2,0
300540,4,4,-1,6,41231,7,0
300541,4,4,-1,6,54076,10,0
300542,4,0,-1,4,52459,11,0
300543,4,4,-1,6,42306,5,0
300544,4,4,-1,6,40769,5,0
300545,4,4,-1,6,59150,8,0
300546,4,4,-1,6,56305,3,0
300547,4,4,-1,6,55300,10,0
300548,4,4,-1,6,55812,10,0
300549,4,4,-1,6,55803,1,0
300550,4,4,-1,6,36206,5,0
300551,4,4,-1,6,43043,8,0
300552,4,0,-1,4,39432,2,0
300553,4,4,-1,6,43199,3,0
300554,4,4,-1,6,55004,6,0
300555,4,4,-1,6,44128,7,0
300556,4,4,-1,6,58775,5,0
300557,4,4,-1,6,50506,7,0
300558,4,4,-1,6,44313,6,0
300559,4,10,-1,0,51913,28,0
300560,4,4,-1,6,57264,6,0
300561,4,4,-1,6,44274,6,0
300562,4,4,-1,6,51900,5,0
300563,4,0,-1,4,51515,11,0
300564,4,0,-1,4,51515,11,0
300565,4,4,-1,6,59602,5,0
300566,4,0,-1,4,53566,2,0
300567,4,4,-1,6,43000,1,0
300568,4,4,-1,6,29961,9,0
300569,4,4,-1,6,41861,5,0
300570,4,4,-1,6,53241,5,0
300571,4,0,-1,4,53560,11,0
300572,4,4,-1,6,44424,5,0
300573,4,4,-1,6,39807,7,0
300574,4,4,-1,6,59676,1,0
300575,2,8,-1,0,21775,17,1
300576,4,4,-1,6,56883,10,0
300577,4,4,-1,6,48022,1,0
300578,2,5,-1,0,42081,17,1
300579,4,4,-1,6,40585,5,0
300580,4,1,-1,7,52605,16,0
300581,4,4,-1,6,52568,8,0
300582,4,0,-1,4,53466,12,0
300583,4,0,-1,4,53630,12,0
300584,4,4,-1,6,46079,10,0
300585,4,0,-1,4,64173,11,0
300586,2,4,-1,0,23267,13,3
300587,4,4,-1,6,56997,8,0
300588,2,0,-1,0,60814,13,3
300589,4,4,-1,6,37299,5,0
300590,2,5,-1,0,28499,17,1
300591,4,4,-1,6,28353,8,0
300592,4,4,-1,6,46324,3,0
300593,4,4,-1,6,51712,10,0
300594,4,4,-1,6,26337,3,0
300595,4,4,-1,6,58860,3,0
300596,4,4,-1,6,44735,8,0
300597,4,4,-1,6,52568,8,0
300598,4,1,-1,7,61563,16,0
300599,4,4,-1,6,63410,8,0
300600,4,4,-1,6,56532,1,0
300601,4,4,-1,6,59609,3,0
300602,4,4,-1,6,55830,7,0
300603,4,4,-1,6,48057,1,0
300604,4,4,-1,6,37301,7,0
300605,2,7,-1,0,55309,13,3
300606,4,4,-1,6,44883,1,0
300607,4,0,-1,4,24569,11,0
300608,4,10,-1,0,64573,28,0
300609,4,0,-1,4,51230,11,0
300610,4,4,-1,6,56183,7,0
300611,4,4,-1,6,50991,5,0
300612,4,4,-1,6,54279,7,0
300613,4,4,-1,6,51520,5,0
300614,4,4,-1,6,55393,8,0
300615,4,4,-1,6,51934,6,0
300616,4,4,-1,6,51770,3,0
300617,4,4,-1,6,45658,5,0
300618,4,4,-1,6,52050,10,0
300619,4,4,-1,6,52043,6,0
300620,4,0,-1,4,45351,2,0
300621,4,4,-1,6,41550,10,0
300622,4,4,-1,6,56370,5,0
300623,4,4,-1,6,55645,6,0
300624,4,10,-1,0,64573,28,0
300625,4,4,-1,6,52999,7,0
300626,4,4,-1,6,42352,5,0
300627,4,4,-1,6,55809,7,0
300628,4,4,-1,6,53809,6,0
300629,4,4,-1,6,56196,8,0
300630,2,4,-1,0,41778,13,3
300631,4,0,-1,4,52459,11,0
300632,4,4,-1,6,40761,6,0
300633,4,4,-1,6,43715,8,0
300634,4,0,-1,4,38556,12,0
300635,4,4,-1,6,50752,9,0
300636,4,4,-1,6,51712,10,0
300637,4,4,-1,6,65247,10,0
300638,4,4,-1,6,64853,3,0
300639,4,4,-1,6,51093,10,0
300640,2,1,-1,0,39749,17,1
300641,4,4,-1,6,51601,6,0
300642,4,4,-1,6,39709,8,0
300643,4,4,-1,6,44346,6,0
300644,4,4,-1,6,42353,1,0
300645,4,0,-1,4,56874,11,0
300646,4,0,-1,4,61413,12,0
300647,4,4,-1,6,42199,1,0
300648,4,4,-1,6,27934,10,0
300649,4,4,-1,6,64622,3,0
300650,4,4,-1,6,54912,7,0
300651,4,4,-1,6,38711,8,0
300652,4,4,-1,6,48291,6,0
300653,4,4,-1,6,53639,10,0
300654,4,4,-1,6,37508,7,0
300655,4,0,-1,4,41951,11,0
300656,4,4,-1,6,41800,5,0
300657,4,0,-1,4,40044,11,0
300658,4,4,-1,6,51895,10,0
300659,4,4,-1,6,55498,3,0
300660,4,4,-1,6,51932,10,0
300661,4,0,-1,4,44703,2,0
300662,4,0,-1,4,19785,12,0
300663,4,10,-1,0,51913,28,0
300664,4,4,-1,6,54076,10,0
300665,4,4,-1,6,26542,9,0
300666,4,4,-1,6,51956,3,0
300667,4,0,-1,4,39126,11,0
300668,4,4,-1,6,51712,10,0
300669,4,4,-1,6,53629,8,0
300670,4,4,-1,6,51571,7,0
300671,4,0,-1,4,52417,2,0
300672,4,0,-1,4,43120,11,0
300673,4,4,-1,6,52213,9,0
300674,4,4,-1,6,25827,3,0
300675,4,4,-1,6,48795,7,0
300676,4,4,-1,6,54817,9,0
300677,4,0,-1,4,37552,12,0
300678,4,4,-1,6,40761,6,0
300679,4,4,-1,6,48361,6,0
300680,4,4,-1,6,41836,6,0
300681,4,0,-1,4,33534,11,0
300682,4,4,-1,6,51639,8,0
300683,4,4,-1,6,22892,5,0
300684,4,0,-1,4,56664,11,0
300685,4,4,-1,6,53241,5,0
300686,4,4,-1,6,55505,3,0
300687,4,0,-1,4,53194,2,0
300688,4,4,-1,6,43684,10,0
300689,2,5,-1,0,53478,17,1
300690,4,0,-1,4,39365,12,0
300691,4,4,-1,6,55311,1,0
300692,4,0,-1,4,22753,12,0
300693,4,4,-1,6,56196,8,0
300694,4,10,-1,0,51913,28,0
300695,4,4,-1,6,42299,10,0
300696,4,4,-1,6,45222,5,0
300697,4,4,-1,6,56351,7,0
300698,4,4,-1,6,61341,6,0
300699,4,4,-1,6,52213,9,0
300700,4,4,-1,6,50770,8,0
300701,4,4,-1,6,52233,5,0
300702,4,4,-1,6,53036,8,0
300703,4,4,-1,6,40766,9,0
300704,4,4,-1,6,40770,10,0
300705,4,4,-1,6,39802,3,0
300706,4,4,-1,6,60555,7,0
300707,2,0,-1,0,56208,13,3
300708,2,4,-1,0,61657,13,3
300709,2,7,-1,0,50265,13,3
300710,4,0,-1,4,51515,11,0
300711,4,0,-1,4,43706,11,0
300712,4,4,-1,6,62290,8,0
300713,4,0,-1,4,38674,11,0
300714,4,4,-1,6,62012,3,0
300715,4,0,-1,4,40044,11,0
300716,4,4,-1,6,56609,5,0
300717,4,4,-1,6,42995,1,0
300718,4,4,-1,6,64780,10,0
300719,2,1,-1,0,53056,17,1
300720,2,8,-1,0,42069,17,1
300721,4,4,-1,6,40585,5,0
300722,4,4,-1,6,45782,1,0
300723,4,0,-1,4,56786,12,0
300724,4,4,-1,6,24185,3,0
300725,4,4,-1,6,39647,7,0
300726,4,4,-1,6,51302,3,0
300727,4,4,-1,6,48470,7,0
300728,4,0,-1,4,59327,11,0
300729,4,10,-1,0,64573,28,0
300730,4,4,-1,6,39801,9,0
300731,4,4,-1,6,43702,6,0
300732,4,4,-1,6,51504,8,0
300733,4,0,-1,4,40413,2,0
300734,4,4,-1,6,31049,3,0
300735,4,0,-1,4,39390,2,0
300736,4,1,-1,7,40777,16,0
300737,4,4,-1,6,51108,5,0
300738,4,0,-1,4,38130,12,0
300739,4,0,-1,4,56781,2,0
300740,4,4,-1,6,51288,1,0
300741,4,10,-1,0,51913,28,0
300742,4,4,-1,6,37302,3,0
300743,2,7,-1,0,41781,13,3
300744,4,4,-1,6,58229,5,0
300745,4,4,-1,6,53003,7,0
300746,4,0,-1,4,38571,12,0
300747,4,4,-1,6,42835,8,0
300748,4,4,-1,6,53903,3,0
300749,4,4,-1,6,51088,8,0
300750,4,10,-1,0,64573,28,0
300751,4,4,-1,6,55004,6,0
300752,4,4,-1,6,45782,1,0
300753,4,0,-1,4,2854,11,0
300754,4,4,-1,6,55810,3,0
300755,4,0,-1,4,53560,11,0
300756,4,4,-1,6,51892,3,0
300757,4,0,-1,4,56781,2,0
300758,4,4,-1,6,42310,3,0
300759,4,4,-1,6,55385,9,0
300760,4,0,-1,4,57689,12,0
300761,2,1,-1,0,55927,17,1
300762,4,4,-1,6,54817,9,0
300763,4,0,-1,4,56875,11,0
300764,4,4,-1,6,43889,1,0
300765,4,4,-1,6,27396,3,0
300766,4,0,-1,4,39432,2,0
300767,4,0,-1,4,52438,11,0
300768,4,4,-1,6,51712,10,0
300769,4,0,-1,4,64176,11,0
300770,4,1,-1,7,44599,16,0
300771,4,4,-1,6,53629,8,0
300772,4,4,-1,6,39170,9,0
300773,4,4,-1,6,56518,9,0
300774,4,4,-1,6,56033,7,0
300775,4,0,-1,4,49005,11,0
300776,4,4,-1,6,52042,10,0
300777,4,4,-1,6,44735,8,0
300778,4,0,-1,4,49229,11,0
300779,4,4,-1,6,51710,9,0
300780,4,4,-1,6,49876,3,0
300781,2,8,-1,0,49223,17,1
300782,4,4,-1,6,51133,9,0
300783,4,4,-1,6,49359,5,0
300784,4,0,-1,4,48509,2,0
300785,4,1,-1,7,46126,16,0
300786,2,4,-1,0,56410,13,3
300787,4,4,-1,6,54196,7,0
300788,4,4,-1,6,59332,1,0
300789,4,4,-1,6,55500,5,0
300790,4,4,-1,6,64774,6,0
300791,4,4,-1,6,60638,8,0
300792,4,4,-1,6,48797,5,0
300793,4,4,-1,6,48366,8,0
300794,4,4,-1,6,55047,6,0
300795,4,0,-1,4,51275,11,0
300796,4,4,-1,6,54810,5,0
300797,4,4,-1,6,52338,5,0
300798,4,4,-1,6,52042,10,0
300799,4,0,-1,4,39432,2,0
300800,4,4,-1,6,51896,8,0
300801,4,4,-1,6,42353,1,0
300802,4,4,-1,6,23704,3,0
300803,4,4,-1,6,51671,7,0
300804,4,4,-1,6,52477,10,0
300805,4,0,-1,4,54513,11,0
300806,4,4,-1,6,56996,8,0
300807,4,4,-1,6,57271,8,0
300808,4,4,-1,6,51661,10,0
300809,4,4,-1,6,39866,10,0
300810,4,4,-1,6,38285,7,0
300811,4,0,-1,4,56874,11,0
300812,4,4,-1,6,51900,5,0
300813,4,4,-1,6,26437,6,0
300814,4,4,-1,6,28353,8,0
300815,4,4,-1,6,54075,9,0
300816,4,4,-1,6,62115,1,0
300817,4,4,-1,6,41836,6,0
300818,4,4,-1,6,38687,6,0
300819,4,4,-1,6,54310,3,0
300820,4,1,-1,7,61405,16,0
300821,4,0,-1,4,48505,12,0
300822,4,4,-1,6,40303,3,0
300823,4,0,-1,4,56027,11,0
300824,4,4,-1,6,42865,9,0
300825,4,4,-1,6,28686,6,0
300826,4,4,-1,6,51645,10,0
300827,4,4,-1,6,51660,5,0
300828,4,4,-1,6,62052,5,0
300829,4,4,-1,6,51897,9,0
300830,4,4,-1,6,52052,8,0
300831,4,4,-1,6,38358,9,0
300832,4,4,-1,6,56018,6,0
300833,4,4,-1,6,62006,6,0
300834,2,0,-1,0,39450,13,3
300835,4,0,-1,4,53456,12,0
300836,4,4,-1,6,56127,5,0
300837,4,0,-1,4,39214,2,0
300838,4,4,-1,6,55841,10,0
300839,4,4,-1,6,31565,6,0
300840,4,4,-1,6,54827,5,0
300841,4,4,-1,6,55802,10,0
300842,4,0,-1,4,22639,12,0
300843,2,4,-1,0,57084,13,3
300844,4,4,-1,6,54815,3,0
300845,4,4,-1,6,56609,5,0
300846,4,0,-1,4,39877,2,0
300847,4,4,-1,6,44072,9,0
300848,4,4,-1,6,59702,7,0
300849,4,0,-1,4,40035,2,0
300850,4,4,-1,6,54828,7,0
300851,4,4,-1,6,61307,1,0
300852,4,4,-1,6,51665,5,0
300853,4,4,-1,6,56183,7,0
300854,4,4,-1,6,56518,9,0
300855,2,7,-1,0,50514,13,3
300856,2,1,-1,0,50340,17,1
300857,2,1,-1,0,53056,17,1
300858,4,4,-1,6,43140,5,0
300859,4,4,-1,6,39080,3,0
300860,4,0,-1,4,3026,12,0
300861,4,0,-1,4,39877,2,0
300862,4,4,-1,6,45658,5,0
300863,4,4,-1,6,38362,7,0
300864,4,4,-1,6,34191,6,0
300865,4,4,-1,6,27393,7,0
300866,4,4,-1,6,39805,8,0
300867,4,4,-1,6,52611,6,0
300868,2,8,-1,0,49137,17,1
300869,4,4,-1,6,51951,3,0
300870,4,4,-1,6,44424,5,0
300871,4,0,-1,4,57689,12,0
300872,4,10,-1,0,64615,28,0
300873,4,4,-1,6,51903,6,0
300874,4,4,-1,6,59712,7,0
300875,4,4,-1,6,50994,9,0
300876,4,4,-1,6,23491,1,0
300877,4,4,-1,6,64689,9,0
300878,4,4,-1,6,40688,5,0
300879,4,4,-1,6,39080,3,0
300880,4,0,-1,4,56766,11,0
300881,4,4,-1,6,53578,6,0
300882,4,4,-1,6,29968,9,0
300883,4,4,-1,6,51892,3,0
300884,2,5,-1,0,52460,17,1
300885,4,4,-1,6,58766,7,0
300886,4,0,-1,4,64225,11,0
300887,4,4,-1,6,19730,5,0
300888,4,4,-1,6,38319,6,0
300889,4,0,-1,4,37430,11,0
300890,4,4,-1,6,52450,5,0
300891,4,0,-1,4,64174,11,0
300892,2,5,-1,0,41777,17,1
300893,4,4,-1,6,51775,8,0
300894,4,4,-1,6,51770,3,0
300895,4,0,-1,4,39124,11,0
300896,4,4,-1,6,59246,8,0
300897,2,1,-1,0,52941,17,1
300898,2,8,-1,0,39491,17,1
300899,4,0,-1,4,64222,2,0
300900,4,1,-1,7,52605,16,0
300901,4,4,-1,6,59446,10,0
300902,4,4,-1,6,51834,10,0
300903,4,4,-1,6,54510,8,0
300904,4,4,-1,6,55829,7,0
300905,4,4,-1,6,51572,7,0
300906,4,4,-1,6,61889,10,0
300907,4,4,-1,6,53578,6,0
300908,4,0,-1,4,59316,12,0
300909,4,4,-1,6,52052,8,0
300910,4,1,-1,7,56737,16,0
300911,4,4,-1,6,26875,3,0
300912,4,4,-1,6,43140,5,0
300913,4,4,-1,6,64571,10,0
300914,4,4,-1,6,61341,6,0
300915,4,4,-1,6,52428,9,0
300916,4,4,-1,6,56269,1,0
300917,4,4,-1,6,55301,6,0
300918,4,4,-1,6,60915,10,0
300919,4,0,-1,4,19785,12,0
300920,4,4,-1,6,51700,8,0
300921,2,0,-1,0,44960,13,3
300922,4,4,-1,6,52568,8,0
300923,4,0,-1,4,53133,2,0
300924,4,4,-1,6,51204,5,0
300925,4,1,-1,7,23119,16,0
300926,4,4,-1,6,51953,6,0
300927,2,1,-1,0,39261,17,1
300928,4,0,-1,4,29842,2,0
300929,4,1,-1,7,25921,16,0
300930,4,4,-1,6,59075,6,0
300931,4,4,-1,6,57271,8,0
300932,4,4,-1,6,51615,7,0
300933,4,4,-1,6,41836,6,0
300934,4,4,-1,6,56445,5,0
300935,4,4,-1,6,56330,5,0
300936,4,4,-1,6,46043,9,0
300937,4,4,-1,6,55180,10,0
300938,4,4,-1,6,59608,3,0
300939,4,0,-1,4,43105,2,0
300940,4,4,-1,6,44347,7,0
300941,2,8,-1,0,51512,17,1
300942,4,4,-1,6,41964,10,0
300943,4,4,-1,6,54816,1,0
300944,4,4,-1,6,64694,10,0
300945,4,4,-1,6,41249,7,0
300946,4,4,-1,6,51775,8,0
300947,4,0,-1,4,67667,12,0
300948,2,5,-1,0,49203,17,1
300949,4,10,-1,0,64615,28,0
300950,4,4,-1,6,61470,1,0
300951,4,4,-1,6,41518,7,0
300952,4,4,-1,6,24513,8,0
300953,4,4,-1,6,60641,6,0
300954,4,4,-1,6,51676,6,0
300955,4,4,-1,6,52338,5,0
300956,4,4,-1,6,59251,8,0
300957,4,0,-1,4,64218,2,0
300958,4,0,-1,4,54513,11,0
300959,4,4,-1,6,48372,8,0
300960,4,4,-1,6,43142,5,0
300961,4,4,-1,6,56097,3,0
300962,4,4,-1,6,53243,7,0
300963,4,0,-1,4,56781,2,0
300964,4,4,-1,6,54301,3,0
300965,4,4,-1,6,42390,1,0
300966,4,1,-1,7,39075,16,0
300967,4,4,-1,6,55180,10,0
300968,4,4,-1,6,27393,7,0
300969,4,0,-1,4,40035,2,0
300970,4,1,-1,7,50050,16,0
300971,4,0,-1,4,11990,11,0
300972,4,1,-1,7,56566,16,0
300973,4,4,-1,6,62111,10,0
300974,4,4,-1,6,53110,10,0
300975,4,4,-1,6,42864,8,0
300976,4,4,-1,6,53578,6,0
300977,2,0,-1,0,43655,13,3
300978,4,4,-1,6,48792,5,0
300979,2,8,-1,0,45776,17,1
300980,4,0,-1,4,17776,12,0
300981,4,0,-1,4,59317,12,0
300982,4,4,-1,6,45505,8,0
300983,4,4,-1,6,44422,3,0
300984,4,4,-1,6,39807,7,0
300985,4,4,-1,6,39410,6,0
300986,4,4,-1,6,38362,7,0
300987,4,0,-1,4,51515,11,0
300988,4,4,-1,6,52500,1,0
300989,4,4,-1,6,38362,7,0
300990,4,4,-1,6,59075,6,0
300991,4,4,-1,6,43725,9,0
300992,4,4,-1,6,30675,5,0
300993,4,4,-1,6,51353,9,0
300994,4,4,-1,6,51776,9,0
300995,4,0,-1,4,43105,2,0
300996,4,1,-1,7,50057,16,0
300997,4,0,-1,4,3026,12,0
300998,4,4,-1,6,37299,5,0
300999,2,7,-1,0,43736,13,3
320000,4,0,-1,4,9859,2,0
320001,4,2,-1,8,19125,10,0
320002,4,6,-1,1,52862,14,4
320003,2,10,-1,0,22252,17,2
320004,4,2,-1,8,27977,10,0
320005,4,0,-1,4,39127,11,0
320006,4,2,-1,8,17149,7,0
320007,4,2,-1,8,27984,7,0
320008,4,3,-1,5,28977,1,0
320009,4,0,-1,4,24569,11,0
320010,4,0,-1,4,9836,11,0
320011,4,1,-1,7,26173,16,0
320012,4,0,-1,4,34491,2,0
320013,4,3,-1,5,44113,9,0
320014,4,2,-1,8,16922,6,0
320015,4,3,-1,5,51075,9,0
320016,4,0,-1,4,29922,12,0
320017,2,0,-1,0,50074,13,3
320018,4,2,-1,8,28045,9,0
320019,4,3,-1,5,56937,7,0
320020,4,0,-1,4,39681,11,0
320021,4,2,-1,8,17190,3,0
320022,4,3,-1,5,26327,5,0
320023,4,2,-1,8,28372,6,0
320024,4,3,-1,5,27285,6,0
320025,4,0,-1,4,6502,2,0
320026,4,3,-1,5,51390,10,0
320027,4,0,-1,4,44086,11,0
320028,4,3,-1,5,43153,6,0
320029,4,3,-1,5,52333,3,0
320030,4,3,-1,5,32890,10,0
320031,2,4,-1,0,39875,13,3
320032,4,3,-1,5,48759,20,0
320033,4,2,-1,8,17199,1,0
320034,2,15,-1,0,6459,13,3
320035,4,2,-1,8,27728,5,0
320036,4,0,-1,4,9823,11,0
320037,4,0,-1,4,43551,12,0
320038,4,3,-1,5,28800,10,0
320039,4,0,-1,4,31905,11,0
320040,4,0,-1,4,41916,12,0
320041,4,0,-1,4,6504,12,0
320042,4,0,-1,4,9658,2,0
320043,4,2,-1,8,31385,9,0
320044,4,0,-1,4,56782,12,0
320045,4,2,-1,8,18904,8,0
320046,4,0,-1,4,6484,2,0
320047,4,2,-1,8,11960,6,0
320048,4,9,-1,0,43109,28,0
320049,4,3,-1,5,26155,9,0
320050,4,3,-1,5,56672,7,0
320051,4,3,-1,5,56929,9,0
320052,4,3,-1,5,59545,1,0
320053,4,2,-1,8,28482,9,0
320054,4,0,-1,4,59327,11,0
320055,4,0,-1,4,15421,2,0
320056,4,2,-1,8,28177,6,0
320057,4,3,-1,5,42108,7,0
320058,2,13,-1,0,15720,13,3
320059,4,2,-1,8,9541,7,0
320060,4,6,-1,1,44369,14,4
320061,4,2,-1,8,16949,6,0
320062,4,2,-1,8,17009,9,0
320063,4,3,-1,5,42908,9,0
320064,4,1,-1,7,29916,16,0
320065,4,2,-1,8,4439,7,0
320066,4,2,-1,8,17231,6,0
320067,4,3,-1,5,18418,1,0
320068,4,1,-1,7,15089,16,0
320069,4,0,-1,4,38560,2,0
320070,2,10,-1,0,60849,17,2
320071,4,0,-1,4,39917,12,0
320072,4,1,-1,7,29630,16,0
320073,4,0,-1,4,9838,11,0
320074,4,0,-1,4,32713,2,0
320075,4,2,-1,8,17009,9,0
320076,2,5,-1,0,8590,17,1
320077,4,3,-1,5,48364,8,0
320078,4,3,-1,5,26297,8,0
320079,4,0,-1,4,9859,2,0
320080,4,0,-1,4,9086,2,0
320081,4,6,-1,1,43239,14,4
320082,4,2,-1,8,17149,7,0
320083,4,3,-1,5,40741,8,0
320084,4,2,-1,8,27956,5,0
320085,4,3,-1,5,59681,10,0
320086,4,3,-1,5,41605,7,0
320087,2,10,-1,0,28470,17,2
320088,4,3,-1,5,38703,10,0
320089,4,6,-1,1,18826,14,4
320090,4,3,-1,5,52336,7,0
320091,2,10,-1,0,28231,17,2
320092,4,2,-1,8,7545,6,0
320093,4,1,-1,7,23057,16,0
320094,4,6,-1,1,28017,14,4
320095,4,3,-1,5,51697,6,0
320096,4,3,-1,5,28439,8,0
320097,4,1,-1,7,15267,16,0
320098,4,0,-1,4,14437,11,0
320099,4,2,-1,8,14536,10,0
320100,4,0,-1,4,18365,11,0
320101,4,2,-1,8,16942,6,0
320102,4,2,-1,8,9503,10,0
320103,4,3,-1,5,48609,3,0
320104,4,2,-1,8,6738,9,0
320105,4,0,-1,4,38674,11,0
320106,4,2,-1,8,8098,3,0
320107,4,0,-1,4,15422,11,0
320108,4,1,-1,7,24985,16,0
320109,4,2,-1,8,28734,8,0
320110,4,3,-1,5,33114,8,0
320111,4,2,-1,8,9535,7,0
320112,4,3,-1,5,39814,10,0
320113,4,3,-1,5,56718,1,0
320114,2,4,-1,0,57786,13,3
320115,4,2,-1,8,13249,1,0
320116,4,2,-1,8,37047,5,0
320117,4,2,-1,8,17163,8,0
320118,4,3,-1,5,38629,7,0
320119,4,2,-1,8,2362,10,0
320120,4,0,-1,4,9857,2,0
320121,4,3,-1,5,25882,5,0
320122,4,3,-1,5,28196,1,0
320123,4,3,-1,5,27280,6,0
320124,4,1,-1,7,55663,16,0
320125,4,2,-1,8,27996,5,0
320126,4,2,-1,8,28328,6,0
320127,4,2,-1,8,28745,3,0
320128,4,3,-1,5,43152,9,0
320129,4,3,-1,5,52363,8,0
320130,4,3,-1,5,27327,7,0
320131,4,3,-1,5,52386,3,0
320132,4,3,-1,5,26317,7,0
320133,4,3,-1,5,56675,8,0
320134,4,2,-1,8,13864,8,0
320135,4,2,-1,8,29930,7,0
320136,4,2,-1,8,29898,10,0
320137,4,1,-1,7,25884,16,0
320138,4,3,-1,5,48370,8,0
320139,4,3,-1,5,43059,8,0
320140,4,2,-1,8,9536,5,0
320141,4,3,-1,5,48013,5,0
320142,2,10,-1,0,20329,17,2
320143,4,1,-1,7,56190,16,0
320144,4,1,-1,7,25978,16,0
320145,4,2,-1,8,17001,9,0
320146,4,0,-1,4,49005,11,0
320147,2,13,-1,0,26593,13,3
320148,4,2,-1,8,17187,10,0
320149,4,2,-1,8,5406,10,0
320150,4,3,-1,5,27157,7,0
320151,2,13,-1,0,3007,13,3
320152,4,3,-1,5,48370,8,0
320153,4,2,-1,8,17008,9,0
320154,4,1,-1,7,18133,16,0
320155,4,2,-1,8,9123,5,0
320156,4,3,-1,5,51299,3,0
320157,4,1,-1,7,43867,16,0
320158,4,2,-1,8,14002,9,0
320159,4,3,-1,5,56728,6,0
320160,4,3,-1,5,42582,7,0
320161,4,3,-1,5,52151,3,0
320162,4,0,-1,4,40035,2,0
320163,4,2,-1,8,30171,5,0
320164,4,3,-1,5,58256,7,0
320165,4,3,-1,5,52229,5,0
320166,4,3,-1,5,39986,1,0
320167,4,3,-1,5,44068,3,0
320168,4,2,-1,8,9531,5,0
320169,2,15,-1,0,28779,13,3
320170,4,2,-1,8,5406,10,0
320171,4,3,-1,5,43156,3,0
320172,4,3,-1,5,32872,5,0
320173,4,3,-1,5,56576,5,0
320174,4,0,-1,4,52439,11,0
320175,4,3,-1,5,21805,10,0
320176,4,3,-1,5,40738,9,0
320177,4,0,-1,4,9838,11,0
320178,4,3,-1,5,52382,7,0
320179,4,1,-1,7,50062,16,0
320180,4,2,-1,8,17113,6,0
320181,2,4,-1,0,56255,13,3
320182,4,2,-1,8,16508,20,0
320183,4,2,-1,8,15890,3,0
320184,4,1,-1,7,23135,16,0
320185,4,3,-1,5,37775,5,0
320186,4,2,-1,8,27703,3,0
320187,4,3,-1,5,46891,20,0
320188,4,2,-1,8,27708,6,0
320189,4,0,-1,4,53194,2,0
320190,4,0,-1,4,17918,2,0
320191,4,0,-1,4,31204,12,0
320192,4,3,-1,5,39812,8,0
320193,4,2,-1,8,6777,8,0
320194,2,10,-1,0,20300,17,2
320195,4,3,-1,5,44484,3,0
320196,2,4,-1,0,50210,13,3
320197,4,3,-1,5,16079,3,0
320198,4,2,-1,8,14671,6,0
320199,4,1,-1,7,27549,16,0
320200,4,2,-1,8,28368,5,0
320201,4,1,-1,7,23044,16,0
320202,4,0,-1,4,15420,2,0
320203,4,2,-1,8,35381,8,0
320204,4,2,-1,8,7560,7,0
320205,2,0,-1,0,19929,13,3
320206,4,3,-1,5,42933,3,0
320207,4,0,-1,4,9658,2,0
320208,4,2,-1,8,13864,8,0
320209,4,0,-1,4,41916,12,0
320210,4,2,-1,8,34247,8,0
320211,4,2,-1,8,28195,7,0
320212,4,3,-1,5,48175,5,0
320213,4,3,-1,5,42582,7,0
320214,4,2,-1,8,2644,5,0
320215,4,3,-1,5,56728,6,0
320216,4,3,-1,5,15501,1,0
320217,4,2,-1,8,6735,10,0
320218,4,2,-1,8,38267,5,0
320219,4,2,-1,8,19029,5,0
320220,4,3,-1,5,56712,6,0
320221,4,0,-1,4,28831,11,0
320222,4,1,-1,7,44458,16,0
320223,4,3,-1,5,43823,3,0
320224,4,9,-1,0,39639,28,0
320225,4,9,-1,0,42614,28,0
320226,4,0,-1,4,39920,12,0
320227,4,3,-1,5,61466,8,0
320228,4,0,-1,4,33287,2,0
320229,2,4,-1,0,19670,13,3
320230,4,3,-1,5,48024,1,0
320231,4,3,-1,5,26204,5,0
320232,4,3,-1,5,52128,5,0
320233,4,2,-1,8,17232,7,0
320234,4,3,-1,5,51880,6,0
320235,4,2,-1,8,14276,8,0
320236,4,2,-1,8,18489,7,0
320237,4,3,-1,5,48468,7,0
320238,4,3,-1,5,43613,5,0
320239,4,2,-1,8,13864,8,0
320240,4,3,-1,5,65129,1,0
320241,4,2,-1,8,14411,10,0
320242,4,2,-1,8,28482,9,0
320243,4,0,-1,4,39128,11,0
320244,4,0,-1,4,51458,11,0
320245,4,1,-1,7,23133,16,0
320246,4,3,-1,5,54397,1,0
320247,4,0,-1,4,39918,12,0
320248,4,0,-1,4,6562,12,0
320249,4,2,-1,8,8732,5,0
320250,4,3,-1,5,28315,5,0
320251,4,3,-1,5,44208,6,0
320252,4,3,-1,5,28976,1,0
320253,4,3,-1,5,52343,6,0
320254,4,3,-1,5,56366,9,0
320255,4,3,-1,5,38629,7,0
320256,4,2,-1,8,28730,6,0
320257,4,1,-1,7,28661,16,0
320258,4,2,-1,8,17160,7,0
320259,4,2,-1,8,9531,5,0
320260,4,0,-1,4,15150,12,0
320261,4,0,-1,4,51458,11,0
320262,4,6,-1,1,32888,14,4
320263,4,3,-1,5,30862,10,0
320264,4,1,-1,7,26082,16,0
320265,4,1,-1,7,15273,16,0
320266,2,10,-1,0,40799,17,2
320267,4,2,-1,8,28149,6,0
320268,4,0,-1,4,28831,11,0
320269,4,2,-1,8,27699,9,0
320270,4,3,-1,5,25928,6,0
320271,4,3,-1,5,27286,9,0
320272,4,2,-1,8,46440,7,0
320273,4,3,-1,5,16725,5,0
320274,4,3,-1,5,65219,10,0
320275,4,3,-1,5,28800,10,0
320276,4,0,-1,4,51458,11,0
320277,4,0,-1,4,9850,11,0
320278,4,3,-1,5,56483,7,0
320279,4,2,-1,8,9536,5,0
320280,2,10,-1,0,37054,17,2
320281,4,3,-1,5,26270,6,0
320282,4,1,-1,7,43705,16,0
320283,4,2,-1,8,41379,10,0
320284,4,2,-1,8,8905,6,0
320285,4,3,-1,5,59404,7,0
320286,4,0,-1,4,40036,2,0
320287,4,2,-1,8,34248,8,0
320288,4,3,-1,5,44312,7,0
320289,4,3,-1,5,58257,3,0
320290,4,2,-1,8,28430,5,0
320291,4,3,-1,5,47420,8,0
320292,4,1,-1,7,52453,16,0
320293,4,3,-1,5,19720,7,0
320294,4,3,-1,5,28143,1,0
320295,4,1,-1,7,24108,16,0
320296,4,3,-1,5,26317,7,0
320297,4,3,-1,5,41525,5,0
320298,4,2,-1,8,27524,8,0
320299,4,2,-1,8,12830,3,0
320300,4,3,-1,5,45782,1,0
320301,4,0,-1,4,52454,2,0
320302,4,3,-1,5,44121,6,0
320303,4,2,-1,8,27880,6,0
320304,2,5,-1,0,6808,17,1
320305,4,2,-1,8,16678,10,0
320306,4,3,-1,5,25818,9,0
320307,2,5,-1,0,5233,17,1
320308,4,0,-1,4,17776,12,0
320309,4,3,-1,5,52163,8,0
320310,4,2,-1,8,27984,7,0
320311,4,3,-1,5,56934,1,0
320312,4,2,-1,8,28802,6,0
320313,4,3,-1,5,16517,7,0
320314,2,4,-1,0,8567,13,3
320315,4,0,-1,4,40044,11,0
320316,4,0,-1,4,9853,2,0
320317,4,3,-1,5,41201,7,0
320318,4,1,-1,7,40775,16,0
320319,2,10,-1,0,20417,17,2
320320,4,3,-1,5,47990,7,0
320321,4,3,-1,5,25754,5,0
320322,4,3,-1,5,18382,5,0
320323,4,3,-1,5,34242,8,0
320324,4,3,-1,5,40733,1,0
320325,4,2,-1,8,16136,8,0
320326,4,2,-1,8,5406,10,0
320327,4,3,-1,5,56733,8,0
320328,4,2,-1,8,9513,6,0
320329,4,0,-1,4,48509,2,0
320330,4,2,-1,8,28173,1,0
320331,4,1,-1,7,51242,16,0
320332,4,3,-1,5,52325,5,0
320333,4,2,-1,8,17147,7,0
320334,4,3,-1,5,27288,8,0
320335,4,3,-1,5,43057,1,0
320336,4,1,-1,7,15243,16,0
320337,4,0,-1,4,7093,2,0
320338,4,1,-1,7,23029,16,0
320339,4,2,-1,8,18371,9,0
320340,4,9,-1,0,40043,28,0
320341,4,3,-1,5,38844,10,0
320342,4,0,-1,4,31604,2,0
320343,4,1,-1,7,28661,16,0
320344,4,0,-1,4,39126,11,0
320345,4,3,-1,5,59067,8,0
320346,4,2,-1,8,6735,10,0
320347,2,1,-1,0,8533,17,1
320348,4,0,-1,4,22293,12,0
320349,4,3,-1,5,51195,8,0
320350,4,2,-1,8,21298,1,0
320351,4,0,-1,4,39682,2,0
320352,4,0,-1,4,39432,2,0
320353,4,2,-1,8,25864,9,0
320354,4,2,-1,8,10711,8,0
320355,2,0,-1,0,19214,13,3
320356,4,2,-1,8,41379,10,0
320357,4,0,-1,4,39127,11,0
320358,4,3,-1,5,56728,6,0
320359,2,13,-1,0,21462,13,3
320360,4,3,-1,5,41814,9,0
320361,4,0,-1,4,9857,2,0
320362,4,1,-1,7,38665,16,0
320363,4,2,-1,8,36771,5,0
320364,4,3,-1,5,43729,6,0
320365,4,3,-1,5,45735,3,0
320366,4,3,-1,5,33147,7,0
320367,4,2,-1,8,14261,5,0
320368,4,3,-1,5,39306,10,0
320369,4,2,-1,8,16949,6,0
320370,4,3,-1,5,56350,1,0
320371,4,6,-1,1,6272,14,4
320372,4,3,-1,5,27194,5,0
320373,4,0,-1,4,7899,2,0
320374,4,3,-1,5,48762,7,0
320375,4,0,-1,4,45851,12,0
320376,4,0,-1,4,32335,12,0
320377,4,0,-1,4,20625,12,0
320378,4,0,-1,4,48503,12,0
320379,4,3,-1,5,28186,10,0
320380,4,0,-1,4,34491,2,0
320381,4,3,-1,5,40254,10,0
320382,4,3,-1,5,43154,5,0
320383,4,2,-1,8,28149,6,0
320384,4,2,-1,8,27978,3,0
320385,4,3,-1,5,28721,3,0
320386,4,3,-1,5,27293,1,0
320387,4,0,-1,4,23521,12,0
320388,4,0,-1,4,9850,11,0
320389,4,2,-1,8,21291,1,0
320390,4,2,-1,8,35395,7,0
320391,4,3,-1,5,38627,8,0
320392,4,6,-1,1,28742,14,4
320393,4,2,-1,8,27991,7,0
320394,2,10,-1,0,20293,17,2
320395,4,0,-1,4,18059,12,0
320396,4,2,-1,8,6774,7,0
320397,4,2,-1,8,28482,9,0
320398,4,2,-1,8,28266,5,0
320399,4,3,-1,5,48024,1,0
320400,4,1,-1,7,55943,16,0
320401,4,1,-1,7,15166,16,0
320402,4,2,-1,8,27723,7,0
320403,4,3,-1,5,61226,3,0
320404,2,10,-1,0,22722,17,2
320405,4,0,-1,4,2854,11,0
320406,4,0,-1,4,34491,2,0
320407,4,3,-1,5,18352,9,0
320408,4,1,-1,7,48871,16,0
320409,2,1,-1,0,40938,17,1
320410,4,2,-1,8,46445,8,0
320411,4,2,-1,8,16888,5,0
320412,4,0,-1,4,52454,2,0
320413,4,2,-1,8,16919,6,0
320414,4,0,-1,4,15422,11,0
320415,4,3,-1,5,26217,3,0
320416,4,2,-1,8,8732,5,0
320417,4,2,-1,8,9513,6,0
320418,2,0,-1,0,28834,13,3
320419,4,2,-1,8,27713,3,0
320420,4,3,-1,5,43982,10,0
320421,4,3,-1,5,34648,8,0
320422,2,10,-1,0,20357,17,2
320423,4,3,-1,5,52484,3,0
320424,2,1,-1,0,22217,17,1
320425,4,3,-1,5,53236,9,0
320426,4,2,-1,8,17113,6,0
320427,4,0,-1,4,37430,11,0
320428,4,2,-1,8,16508,20,0
320429,4,1,-1,7,23021,16,0
320430,2,4,-1,0,19773,13,3
320431,4,1,-1,7,23000,16,0
320432,4,2,-1,8,21302,1,0
320433,4,2,-1,8,16999,8,0
320434,4,1,-1,7,45191,16,0
320435,2,10,-1,0,20415,17,2
320436,2,1,-1,0,19307,17,1
320437,4,3,-1,5,56595,7,0
320438,4,2,-1,8,14002,9,0
320439,4,3,-1,5,56590,8,0
320440,4,3,-1,5,52410,1,0
320441,4,3,-1,5,29934,7,0
320442,4,0,-1,4,32008,2,0
320443,4,3,-1,5,16729,5,0
320444,4,2,-1,8,14276,8,0
320445,4,3,-1,5,31408,8,0
320446,4,3,-1,5,58299,1,0
320447,4,0,-1,4,9854,2,0
320448,4,3,-1,5,29006,10,0
320449,2,0,-1,0,19214,13,3
320450,4,1,-1,7,24985,16,0
320451,4,3,-1,5,38848,3,0
320452,4,3,-1,5,55825,3,0
320453,4,2,-1,8,28046,10,0
320454,4,3,-1,5,28244,5,0
320455,4,3,-1,5,51873,1,0
320456,4,0,-1,4,54513,11,0
320457,4,3,-1,5,27120,8,0
320458,4,0,-1,4,51458,11,0
320459,4,1,-1,7,50061,16,0
320460,4,3,-1,5,24193,3,0
320461,4,0,-1,4,31905,11,0
320462,4,3,-1,5,51411,6,0
320463,4,0,-1,4,56103,11,0
320464,4,2,-1,8,21310,1,0
320465,4,3,-1,5,40387,6,0
320466,4,3,-1,5,31404,6,0
320467,4,3,-1,5,48757,10,0
320468,4,2,-1,8,27990,10,0
320469,4,3,-1,5,31183,8,0
320470,4,0,-1,4,33808,2,0
320471,4,2,-1,8,17193,3,0
320472,4,1,-1,7,46490,16,0
320473,4,0,-1,4,9842,11,0
320474,4,2,-1,8,17031,7,0
320475,4,0,-1,4,31576,11,0
320476,4,3,-1,5,52424,6,0
320477,2,10,-1,0,20362,17,2
320478,4,1,-1,7,23033,16,0
320479,4,3,-1,5,32762,10,0
320480,4,3,-1,5,39666,7,0
320481,4,3,-1,5,30680,1,0
320482,4,0,-1,4,33262,2,0
320483,4,0,-1,4,6011,11,0
320484,4,2,-1,8,41379,10,0
320485,4,0,-1,4,9854,2,0
320486,4,3,-1,5,13088,5,0
320487,4,1,-1,7,52423,16,0
320488,2,15,-1,0,59376,13,3
320489,4,3,-1,5,27306,1,0
320490,4,2,-1,8,16483,1,0
320491,4,3,-1,5,52313,7,0
320492,4,2,-1,8,9531,5,0
320493,4,3,-1,5,47419,6,0
320494,4,1,-1,7,54512,16,0
320495,4,0,-1,4,31199,12,0
320496,2,0,-1,0,5014,13,3
320497,4,2,-1,8,9536,5,0
320498,4,2,-1,8,28008,7,0
320499,4,3,-1,5,52232,9,0
320500,4,2,-1,8,34393,8,0
320501,4,3,-1,5,39814,10,0
320502,4,2,-1,8,27998,6,0
320503,4,2,-1,8,27523,3,0
320504,4,3,-1,5,15810,1,0
320505,4,2,-1,8,8676,5,0
320506,4,0,-1,4,54513,11,0
320507,4,3,-1,5,52211,8,0
320508,4,2,-1,8,46626,7,0
320509,4,2,-1,8,21310,1,0
320510,4,2,-1,8,16988,8,0
320511,4,2,-1,8,5406,10,0
320512,4,2,-1,8,28045,9,0
320513,4,3,-1,5,26200,1,0
320514,4,0,-1,4,51230,11,0
320515,2,13,-1,0,24109,13,3
320516,4,3,-1,5,34193,10,0
320517,4,1,-1,7,26112,16,0
320518,4,2,-1,8,1978,7,0
320519,4,3,-1,5,28696,6,0
320520,4,3,-1,5,28315,5,0
320521,4,3,-1,5,48492,7,0
320522,4,3,-1,5,42572,7,0
320523,4,3,-1,5,27173,8,0
320524,4,0,-1,4,31906,11,0
320525,4,3,-1,5,52232,9,0
320526,4,3,-1,5,16520,1,0
320527,4,0,-1,4,31655,11,0
320528,4,0,-1,4,40047,2,0
320529,4,0,-1,4,6486,11,0
320530,4,2,-1,8,14546,10,0
320531,4,3,-1,5,43247,6,0
320532,4,1,-1,7,30831,16,0
320533,4,3,-1,5,55962,6,0
320534,4,3,-1,5,26108,6,0
320535,4,0,-1,4,33262,2,0
320536,4,3,-1,5,32038,8,0
320537,4,3,-1,5,44201,10,0
320538,4,2,-1,8,27682,3,0
320539,4,3,-1,5,25714,7,0
320540,4,3,-1,5,42889,1,0
320541,4,3,-1,5,56937,7,0
320542,2,10,-1,0,44331,17,2
320543,4,2,-1,8,14832,6,0
320544,4,3,-1,5,48024,1,0
320545,2,10,-1,0,50988,17,2
320546,4,3,-1,5,28234,7,0
320547,4,3,-1,5,43686,10,0
320548,4,3,-1,5,40732,10,0
320549,2,15,-1,0,32075,13,3
320550,4,2,-1,8,28591,7,0
320551,4,2,-1,8,16949,6,0
320552,4,3,-1,5,44407,1,0
320553,4,2,-1,8,28595,10,0
320554,4,0,-1,4,28682,11,0
320555,2,4,-1,0,55574,13,3
320556,4,0,-1,4,43104,11,0
320557,4,2,-1,8,16133,7,0
320558,4,2,-1,8,28149,6,0
320559,2,15,-1,0,49206,13,3
320560,4,2,-1,8,14536,10,0
320561,4,2,-1,8,28002,3,0
320562,4,3,-1,5,65227,1,0
320563,4,3,-1,5,26204,5,0
320564,4,2,-1,8,52030,20,0
320565,4,0,-1,4,26391,11,0
320566,4,3,-1,5,46891,20,0
320567,4,2,-1,8,36771,5,0
320568,4,2,-1,8,28370,9,0
320569,4,2,-1,8,3992,10,0
320570,4,0,-1,4,14434,11,0
320571,4,2,-1,8,26550,1,0
320572,4,3,-1,5,42584,6,0
320573,4,3,-1,5,19793,5,0
320574,4,3,-1,5,45403,9,0
320575,4,2,-1,8,17008,9,0
320576,4,3,-1,5,27142,3,0
320577,4,0,-1,4,52454,2,0
320578,4,1,-1,7,40776,16,0
320579,4,3,-1,5,26110,7,0
320580,4,3,-1,5,59074,6,0
320581,4,3,-1,5,26204,5,0
320582,4,3,-1,5,56731,7,0
320583,4,2,-1,8,17031,7,0
320584,4,2,-1,8,27877,5,0
320585,4,3,-1,5,43260,7,0
320586,4,0,-1,4,32008,2,0
320587,4,2,-1,8,27886,1,0
320588,4,2,-1,8,17093,5,0
320589,4,2,-1,8,8908,5,0
320590,4,3,-1,5,35542,10,0
320591,4,2,-1,8,17009,9,0
320592,4,3,-1,5,51570,7,0
320593,4,2,-1,8,17233,5,0
320594,4,2,-1,8,16949,6,0
320595,4,2,-1,8,21302,1,0
320596,4,3,-1,5,38630,3,0
320597,4,3,-1,5,30820,1,0
320598,4,2,-1,8,34717,5,0
320599,4,2,-1,8,17054,10,0
320600,4,2,-1,8,44432,5,0
320601,2,4,-1,0,28203,13,3
320602,4,0,-1,4,23716,2,0
320603,4,2,-1,8,9503,10,0
320604,4,2,-1,8,28802,6,0
320605,4,1,-1,7,52402,16,0
320606,4,3,-1,5,44201,10,0
320607,2,4,-1,0,8567,13,3
320608,4,0,-1,4,23715,2,0
320609,4,3,-1,5,44201,10,0
320610,2,10,-1,0,20257,17,2
320611,2,4,-1,0,19741,13,3
320612,4,2,-1,8,12830,3,0
320613,4,3,-1,5,32890,10,0
320614,4,3,-1,5,56014,10,0
320615,4,3,-1,5,52487,10,0
320616,4,2,-1,8,27976,6,0
320617,4,6,-1,1,18694,14,4
320618,4,2,-1,8,16604,9,0
320619,2,0,-1,0,39608,13,3
320620,4,2,-1,8,28372,6,0
320621,4,3,-1,5,28332,10,0
320622,4,2,-1,8,38664,3,0
320623,4,3,-1,5,43159,6,0
320624,4,3,-1,5,42462,1,0
320625,4,0,-1,4,9845,11,0
320626,4,2,-1,8,10711,8,0
320627,4,3,-1,5,40254,10,0
320628,4,1,-1,7,28731,16,0
320629,4,3,-1,5,27293,1,0
320630,4,0,-1,4,46805,2,0
320631,4,3,-1,5,27150,7,0
320632,2,15,-1,0,38853,13,3
320633,4,0,-1,4,6486,11,0
320634,4,3,-1,5,54511,9,0
320635,4,3,-1,5,26122,9,0
320636,4,2,-1,8,28730,6,0
320637,4,0,-1,4,33288,2,0
320638,2,0,-1,0,19228,13,3
320639,4,3,-1,5,44268,6,0
320640,4,2,-1,8,7560,7,0
320641,2,4,-1,0,5212,13,3
320642,4,3,-1,5,27177,3,0
320643,4,3,-1,5,25740,6,0
320644,2,10,-1,0,42078,17,2
320645,2,4,-1,0,18312,13,3
320646,4,3,-1,5,48024,1,0
320647,4,2,-1,8,27954,9,0
320648,4,3,-1,5,58256,7,0
320649,4,0,-1,4,34491,2,0
320650,4,0,-1,4,30661,11,0
320651,4,3,-1,5,57051,5,0
320652,4,2,-1,8,6729,3,0
320653,4,3,-1,5,28435,6,0
320654,4,0,-1,4,9849,11,0
320655,4,9,-1,0,43198,28,0
320656,4,3,-1,5,40329,1,0
320657,4,3,-1,5,52151,3,0
320658,4,2,-1,8,14276,8,0
320659,4,3,-1,5,43726,9,0
320660,4,2,-1,8,46438,5,0
320661,4,3,-1,5,31403,7,0
320662,4,2,-1,8,14769,8,0
320663,4,3,-1,5,43741,7,0
320664,2,4,-1,0,38346,13,3
320665,4,2,-1,8,17008,9,0
320666,4,3,-1,5,27092,5,0
320667,4,2,-1,8,49990,8,0
320668,4,3,-1,5,51411,6,0
320669,2,4,-1,0,19778,13,3
320670,4,2,-1,8,19125,10,0
320671,2,4,-1,0,64755,13,3
320672,4,2,-1,8,17193,3,0
320673,4,3,-1,5,28234,7,0
320674,4,0,-1,4,36902,2,0
320675,4,3,-1,5,44407,1,0
320676,4,0,-1,4,39914,12,0
320677,2,4,-1,0,38418,13,3
320678,4,0,-1,4,6486,11,0
320679,4,2,-1,8,28077,10,0
320680,4,2,-1,8,18903,5,0
320681,4,3,-1,5,28684,6,0
320682,4,1,-1,7,23133,16,0
320683,4,3,-1,5,19720,7,0
320684,4,3,-1,5,52353,5,0
320685,4,2,-1,8,27582,9,0
320686,4,3,-1,5,52155,7,0
320687,4,2,-1,8,18386,5,0
320688,4,3,-1,5,54932,10,0
320689,4,0,-1,4,26391,11,0
320690,4,2,-1,8,16971,7,0
320691,2,10,-1,0,20329,17,2
320692,4,0,-1,4,51112,12,0
320693,4,3,-1,5,27147,5,0
320694,4,3,-1,5,28667,8,0
320695,4,3,-1,5,27310,6,0
320696,4,2,-1,8,9514,7,0
320697,4,3,-1,5,28721,3,0
320698,4,2,-1,8,11580,5,0
320699,4,3,-1,5,55991,10,0
320700,4,2,-1,8,18322,1,0
320701,4,1,-1,7,26215,16,0
320702,4,2,-1,8,13864,8,0
320703,4,2,-1,8,12788,8,0
320704,4,2,-1,8,17237,6,0
320705,4,1,-1,7,26118,16,0
320706,4,0,-1,4,59327,11,0
320707,4,0,-1,4,53194,2,0
320708,4,2,-1,8,31797,20,0
320709,4,2,-1,8,17149,7,0
320710,4,2,-1,8,14672,8,0
320711,4,2,-1,8,27880,6,0
320712,4,3,-1,5,45507,7,0
320713,4,3,-1,5,26327,5,0
320714,4,0,-1,4,9854,2,0
320715,4,3,-1,5,53371,1,0
320716,4,3,-1,5,26239,9,0
320717,4,0,-1,4,30696,2,0
320718,4,3,-1,5,37454,5,0
320719,4,3,-1,5,44028,6,0
320720,4,3,-1,5,44556,5,0
320721,2,0,-1,0,50063,13,3
320722,4,0,-1,4,7570,2,0
320723,4,3,-1,5,43744,3,0
320724,4,3,-1,5,31246,1,0
320725,2,15,-1,0,28327,13,3
320726,4,3,-1,5,48467,10,0
320727,4,2,-1,8,17189,10,0
320728,4,1,-1,7,23106,16,0
320729,4,2,-1,8,27882,5,0
320730,4,2,-1,8,18371,9,0
320731,4,3,-1,5,52408,10,0
320732,4,2,-1,8,17190,3,0
320733,4,3,-1,5,26310,8,0
320734,4,0,-1,4,9850,11,0
320735,4,3,-1,5,28443,3,0
320736,4,2,-1,8,27884,7,0
320737,4,2,-1,8,28683,10,0
320738,4,3,-1,5,48756,20,0
320739,4,3,-1,5,38338,1,0
320740,4,0,-1,4,1399,12,0
320741,4,2,-1,8,21298,1,0
320742,4,2,-1,8,14775,10,0
320743,4,3,-1,5,45731,3,0
320744,4,3,-1,5,31641,5,0
320745,4,2,-1,8,16999,8,0
320746,4,3,-1,5,31532,6,0
320747,4,2,-1,8,15299,1,0
320748,4,3,-1,5,26330,1,0
320749,4,1,-1,7,48871,16,0
320750,4,3,-1,5,42107,8,0
320751,4,2,-1,8,28286,9,0
320752,4,1,-1,7,26118,16,0
320753,4,3,-1,5,27133,7,0
320754,4,2,-1,8,28430,5,0
320755,4,0,-1,4,14432,11,0
320756,2,13,-1,0,26594,13,3
320757,4,3,-1,5,26269,10,0
320758,4,0,-1,4,6478,11,0
320759,4,2,-1,8,14773,5,0
320760,4,1,-1,7,38794,16,0
320761,4,2,-1,8,34393,8,0
320762,4,3,-1,5,52343,6,0
320763,4,3,-1,5,27318,8,0
320764,4,2,-1,8,8449,10,0
320765,4,3,-1,5,40745,6,0
320766,4,0,-1,4,34491,2,0
320767,2,0,-1,0,43655,13,3
320768,4,3,-1,5,30680,1,0
320769,4,3,-1,5,16521,8,0
320770,2,10,-1,0,20432,17,2
320771,2,4,-1,0,19648,13,3
320772,2,15,-1,0,20398,13,3
320773,4,0,-1,4,31481,12,0
320774,4,3,-1,5,28234,7,0
320775,4,0,-1,4,24087,11,0
320776,4,3,-1,5,53236,9,0
320777,4,3,-1,5,33122,7,0
320778,2,4,-1,0,28835,13,3
320779,4,0,-1,4,9086,2,0
320780,4,0,-1,4,9850,11,0
320781,4,3,-1,5,42571,1,0
320782,4,1,-1,7,44634,16,0
320783,4,0,-1,4,7397,12,0
320784,4,3,-1,5,51878,7,0
320785,4,2,-1,8,14758,5,0
320786,4,0,-1,4,30661,11,0
320787,4,3,-1,5,34558,3,0
320788,4,3,-1,5,25718,10,0
320789,4,3,-1,5,42585,8,0
320790,4,0,-1,4,34491,2,0
320791,4,0,-1,4,9835,11,0
320792,4,2,-1,8,36771,5,0
320793,4,3,-1,5,43241,5,0
320794,4,2,-1,8,17062,10,0
320795,4,2,-1,8,25864,9,0
320796,4,2,-1,8,16949,6,0
320797,4,3,-1,5,26313,9,0
320798,4,2,-1,8,11953,6,0
320799,4,3,-1,5,28684,6,0
320800,4,2,-1,8,19008,3,0
320801,4,0,-1,4,9849,11,0
320802,4,3,-1,5,52303,1,0
320803,2,15,-1,0,26602,13,3
320804,4,2,-1,8,6755,6,0
320805,4,6,-1,1,18694,14,4
320806,4,0,-1,4,9838,11,0
320807,4,0,-1,4,39920,12,0
320808,4,2,-1,8,31385,9,0
320809,4,0,-1,4,29712,12,0
320810,4,3,-1,5,43011,5,0
320811,4,6,-1,1,18819,14,4
320812,2,10,-1,0,51602,17,2
320813,4,2,-1,8,8437,9,0
320814,4,2,-1,8,28247,9,0
320815,2,10,-1,0,35563,17,2
320816,4,3,-1,5,25934,7,0
320817,2,4,-1,0,8570,13,3
320818,4,0,-1,4,57688,12,0
320819,2,10,-1,0,18368,17,2
320820,4,0,-1,4,33287,2,0
320821,4,3,-1,5,39706,8,0
320822,4,3,-1,5,28300,6,0
320823,4,2,-1,8,8905,6,0
320824,4,2,-1,8,27766,10,0
320825,4,2,-1,8,27681,7,0
320826,4,2,-1,8,28077,10,0
320827,4,3,-1,5,52484,3,0
320828,4,3,-1,5,41198,10,0
320829,4,0,-1,4,34491,2,0
320830,4,3,-1,5,25754,5,0
320831,4,0,-1,4,6497,2,0
320832,4,0,-1,4,51518,12,0
320833,4,2,-1,8,21900,5,0
320834,4,3,-1,5,26328,10,0
320835,4,2,-1,8,27958,6,0
320836,4,0,-1,4,18047,12,0
320837,4,3,-1,5,48762,7,0
320838,4,1,-1,7,23059,16,0
320839,4,2,-1,8,28744,3,0
320840,4,9,-1,0,62300,28,0
320841,4,1,-1,7,39277,16,0
320842,4,3,-1,5,44077,1,0
320843,4,2,-1,8,9503,10,0
320844,4,2,-1,8,41379,10,0
320845,4,3,-1,5,26160,8,0
320846,4,2,-1,8,15307,1,0
320847,4,2,-1,8,27955,10,0
320848,4,3,-1,5,56524,6,0
320849,4,2,-1,8,27999,8,0
320850,4,0,-1,4,21632,12,0
320851,4,2,-1,8,18367,8,0
320852,4,2,-1,8,12368,5,0
320853,4,2,-1,8,17152,7,0
320854,4,3,-1,5,42579,5,0
320855,4,3,-1,5,15340,1,0
320856,4,2,-1,8,1981,8,0
320857,4,3,-1,5,26204,5,0
320858,4,3,-1,5,26204,5,0
320859,4,1,-1,7,27679,16,0
320860,4,0,-1,4,23715,2,0
320861,4,2,-1,8,21298,1,0
320862,4,3,-1,5,56971,6,0
320863,4,0,-1,4,56035,11,0
320864,4,3,-1,5,42927,7,0
320865,4,3,-1,5,27150,7,0
320866,4,0,-1,4,9836,11,0
320867,4,2,-1,8,17160,7,0
320868,4,0,-1,4,51515,11,0
320869,4,2,-1,8,18930,9,0
320870,4,2,-1,8,13266,1,0
320871,4,2,-1,8,11373,8,0
320872,4,2,-1,8,13253,1,0
320873,4,2,-1,8,49985,10,0
320874,4,2,-1,8,27884,7,0
320875,4,1,-1,7,45050,16,0
320876,4,3,-1,5,59265,9,0
320877,4,3,-1,5,27129,5,0
320878,4,3,-1,5,16492,1,0
320879,4,3,-1,5,43695,1,0
320880,4,2,-1,8,21295,1,0
320881,4,0,-1,4,51279,11,0
320882,4,3,-1,5,39988,9,0
320883,4,1,-1,7,23014,16,0
320884,4,1,-1,7,46125,16,0
320885,4,3,-1,5,22860,5,0
320886,4,2,-1,8,27807,7,0
320887,4,2,-1,8,9169,8,0
320888,4,3,-1,5,41583,5,0
320889,4,1,-1,7,15156,16,0
320890,4,1,-1,7,26233,16,0
320891,4,2,-1,8,17113,6,0
320892,4,3,-1,5,44199,5,0
320893,4,2,-1,8,17093,5,0
320894,4,3,-1,5,45782,1,0
320895,4,0,-1,4,31576,11,0
320896,4,3,-1,5,52476,6,0
320897,4,3,-1,5,31832,20,0
320898,4,2,-1,8,17141,7,0
320899,4,3,-1,5,37454,5,0
320900,4,2,-1,8,14728,9,0
320901,4,1,-1,7,43086,16,0
320902,4,3,-1,5,28976,1,0
320903,4,3,-1,5,43744,3,0
320904,4,3,-1,5,56736,7,0
320905,4,3,-1,5,56014,10,0
320906,4,2,-1,8,19043,8,0
320907,4,3,-1,5,55825,3,0
320908,4,2,-1,8,6718,7,0
320909,4,3,-1,5,15501,1,0
320910,4,2,-1,8,17095,5,0
320911,4,9,-1,0,50537,28,0
320912,4,3,-1,5,51873,1,0
320913,2,10,-1,0,34894,17,2
320914,4,1,-1,7,56738,16,0
320915,4,2,-1,8,28287,7,0
320916,4,3,-1,5,39786,6,0
320917,4,0,-1,4,21115,12,0
320918,4,3,-1,5,41617,5,0
320919,4,3,-1,5,56948,6,0
320920,2,15,-1,0,40182,13,3
320921,4,2,-1,8,13026,10,0
320922,2,4,-1,0,3780,13,3
320923,4,2,-1,8,16922,6,0
320924,4,2,-1,8,11382,5,0
320925,4,2,-1,8,8905,6,0
320926,4,0,-1,4,17918,2,0
320927,2,10,-1,0,40650,17,2
320928,4,2,-1,8,11274,3,0
320929,4,2,-1,8,13253,1,0
320930,4,3,-1,5,27134,3,0
320931,4,1,-1,7,23012,16,0
320932,4,0,-1,4,64227,11,0
320933,4,2,-1,8,8676,5,0
320934,4,2,-1,8,12369,5,0
320935,4,9,-1,0,50537,28,0
320936,4,3,-1,5,53890,5,0
320937,4,0,-1,4,12643,11,0
320938,4,3,-1,5,38703,10,0
320939,4,3,-1,5,64712,7,0
320940,4,3,-1,5,56374,10,0
320941,4,3,-1,5,43045,6,0
320942,4,2,-1,8,15020,7,0
320943,4,3,-1,5,38868,8,0
320944,4,2,-1,8,44432,5,0
320945,4,6,-1,1,28017,14,4
320946,4,3,-1,5,16513,5,0
320947,2,4,-1,0,5205,13,3
320948,4,3,-1,5,34242,8,0
320949,4,3,-1,5,54306,3,0
320950,4,3,-1,5,55825,3,0
320951,4,2,-1,8,17181,10,0
320952,4,1,-1,7,28891,16,0
320953,4,3,-1,5,56499,10,0
320954,4,2,-1,8,28173,1,0
320955,4,3,-1,5,48024,1,0
320956,4,2,-1,8,21311,1,0
320957,4,0,-1,4,45112,12,0
320958,4,3,-1,5,58294,1,0
320959,4,3,-1,5,59652,8,0
320960,2,4,-1,0,50209,13,3
320961,4,3,-1,5,60344,6,0
320962,4,3,-1,5,51062,5,0
320963,4,3,-1,5,31599,6,0
320964,4,2,-1,8,21302,1,0
320965,4,0,-1,4,12984,11,0
320966,4,0,-1,4,33262,2,0
320967,4,0,-1,4,43104,11,0
320968,4,2,-1,8,16988,8,0
320969,4,6,-1,1,52190,14,4
320970,4,2,-1,8,16949,6,0
320971,4,2,-1,8,27966,10,0
320972,4,3,-1,5,30702,10,0
320973,4,2,-1,8,16981,8,0
320974,4,3,-1,5,61112,6,0
320975,4,0,-1,4,18308,2,0
320976,4,3,-1,5,61996,3,0
320977,4,0,-1,4,26391,11,0
320978,4,3,-1,5,51072,6,0
320979,4,2,-1,8,17224,6,0
320980,2,10,-1,0,20372,17,2
320981,4,3,-1,5,51320,6,0
320982,4,2,-1,8,12415,10,0
320983,2,10,-1,0,9122,17,2
320984,4,2,-1,8,28149,6,0
320985,4,3,-1,5,52496,1,0
320986,4,3,-1,5,27319,7,0
320987,4,3,-1,5,42461,1,0
320988,4,6,-1,1,52186,14,4
320989,4,0,-1,4,40413,12,0
320990,4,3,-1,5,31246,1,0
320991,4,3,-1,5,18382,5,0
320992,4,2,-1,8,28384,6,0
320993,2,4,-1,0,11453,13,3
320994,2,10,-1,0,28236,17,2
320995,4,2,-1,8,17223,10,0
320996,4,0,-1,4,32008,2,0
320997,4,2,-1,8,9550,9,0
320998,4,3,-1,5,48364,8,0
320999,4,0,-1,4,6486,11,0
340000,4,1,-1,7,52234,3,0
340001,2,19,-1,0,55720,26,0
340002,4,1,-1,7,50974,16,0
340003,4,0,-1,4,45362,11,0
340004,4,1,-1,7,44451,9,0
340005,4,1,-1,7,12388,7,0
340006,4,1,-1,7,13672,3,0
340007,4,1,-1,7,54508,10,0
340008,4,1,-1,7,51153,10,0
340009,4,1,-1,7,30588,1,0
340010,2,10,-1,0,20300,17,2
340011,4,1,-1,7,52216,20,0
340012,4,1,-1,7,28416,7,0
340013,4,0,-1,4,33288,2,0
340014,4,1,-1,7,34176,6,0
340015,4,0,-1,4,6502,12,0
340016,4,1,-1,7,16666,20,0
340017,4,1,-1,7,42574,20,0
340018,4,1,-1,7,28409,3,0
340019,4,1,-1,7,18976,1,0
340020,4,1,-1,7,28648,7,0
340021,4,1,-1,7,22998,16,0
340022,4,1,-1,7,42294,3,0
340023,4,1,-1,7,16583,6,0
340024,4,1,-1,7,11421,7,0
340025,4,1,-1,7,37446,10,0
340026,2,19,-1,0,20824,26,0
340027,4,0,-1,4,9658,2,0
340028,4,1,-1,7,53271,8,0
340029,4,1,-1,7,16848,7,0
340030,4,1,-1,7,57269,6,0
340031,4,1,-1,7,56612,8,0
340032,4,0,-1,4,53407,2,0
340033,4,1,-1,7,16607,20,0
340034,4,1,-1,7,23131,16,0
340035,4,1,-1,7,33127,7,0
340036,4,1,-1,7,11533,6,0
340037,4,0,-1,4,9658,2,0
340038,2,10,-1,0,28836,17,2
340039,4,0,-1,4,15422,11,0
340040,4,1,-1,7,43932,7,0
340041,4,1,-1,7,13649,7,0
340042,4,1,-1,7,42997,20,0
340043,4,1,-1,7,14750,9,0
340044,4,1,-1,7,61423,7,0
340045,2,10,-1,0,50141,17,2
340046,4,1,-1,7,44717,1,0
340047,4,0,-1,4,51458,11,0
340048,4,1,-1,7,4446,6,0
340049,4,1,-1,7,32927,7,0
340050,4,1,-1,7,15283,1,0
340051,4,0,-1,4,6494,2,0
340052,4,1,-1,7,37537,20,0
340053,4,1,-1,7,51154,5,0
340054,4,1,-1,7,27639,10,0
340055,4,1,-1,7,52344,10,0
340056,4,1,-1,7,52068,3,0
340057,4,1,-1,7,37556,16,0
340058,4,1,-1,7,56131,7,0
340059,4,1,-1,7,16828,3,0
340060,4,0,-1,4,19662,12,0
340061,4,1,-1,7,26619,1,0
340062,4,1,-1,7,24181,8,0
340063,2,7,-1,0,49221,13,3
340064,2,19,-1,0,21020,26,0
340065,4,1,-1,7,18120,20,0
340066,4,1,-1,7,44066,9,0
340067,2,19,-1,0,40816,26,0
340068,4,1,-1,7,10079,7,0
340069,4,1,-1,7,53253,6,0
340070,4,1,-1,7,36042,1,0
340071,4,1,-1,7,4301,8,0
340072,4,1,-1,7,27542,5,0
340073,4,1,-1,7,53238,20,0
340074,4,1,-1,7,18879,1,0
340075,4,1,-1,7,52453,16,0
340076,4,0,-1,4,41858,12,0
340077,4,1,-1,7,37308,10,0
340078,4,1,-1,7,18914,7,0
340079,4,1,-1,7,26302,1,0
340080,4,1,-1,7,51045,20,0
340081,4,1,-1,7,51781,7,0
340082,4,1,-1,7,43732,6,0
340083,4,1,-1,7,16723,6,0
340084,4,1,-1,7,23082,16,0
340085,4,1,-1,7,52068,3,0
340086,4,1,-1,7,51849,6,0
340087,2,15,-1,0,25611,13,3
340088,4,1,-1,7,42574,20,0
340089,4,1,-1,7,19397,1,0
340090,4,1,-1,7,12803,5,0
340091,4,1,-1,7,48384,20,0
340092,4,1,-1,7,25999,10,0
340093,4,1,-1,7,19011,20,0
340094,4,1,-1,7,53082,9,0
340095,4,1,-1,7,12070,8,0
340096,4,1,-1,7,18889,10,0
340097,4,0,-1,4,224,11,0
340098,4,1,-1,7,14499,5,0
340099,4,1,-1,7,52544,1,0
340100,4,0,-1,4,3026,12,0
340101,2,15,-1,0,20311,13,3
340102,4,1,-1,7,27870,9,0
340103,4,1,-1,7,43096,16,0
340104,4,0,-1,4,57688,12,0
340105,4,0,-1,4,30797,2,0
340106,4,1,-1,7,52337,20,0
340107,4,1,-1,7,28168,9,0
340108,4,1,-1,7,43346,3,0
340109,4,1,-1,7,26298,3,0
340110,4,1,-1,7,26081,10,0
340111,4,1,-1,7,13365,7,0
340112,4,1,-1,7,14499,5,0
340113,4,0,-1,4,9849,11,0
340114,4,1,-1,7,30744,20,0
340115,2,15,-1,0,20574,13,3
340116,4,1,-1,7,55336,16,0
340117,4,1,-1,7,50005,1,0
340118,4,1,-1,7,11060,8,0
340119,4,1,-1,7,23059,16,0
340120,4,1,-1,7,35283,9,0
340121,4,1,-1,7,16642,10,0
340122,2,10,-1,0,20258,17,2
340123,2,10,-1,0,50145,17,2
340124,4,0,-1,4,7570,2,0
340125,4,1,-1,7,34244,6,0
340126,4,1,-1,7,42984,10,0
340127,4,1,-1,7,31177,1,0
340128,4,1,-1,7,53381,1,0
340129,2,10,-1,0,22252,17,2
340130,4,1,-1,7,19055,10,0
340131,4,0,-1,4,15421,2,0
340132,4,1,-1,7,28871,20,0
340133,4,1,-1,7,26169,6,0
340134,4,0,-1,4,4006,2,0
340135,4,1,-1,7,19932,6,0
340136,4,0,-1,4,52454,2,0
340137,2,10,-1,0,20300,17,2
340138,4,1,-1,7,34595,8,0
340139,4,1,-1,7,37537,20,0
340140,4,1,-1,7,41828,20,0
340141,4,1,-1,7,25881,6,0
340142,4,1,-1,7,26175,16,0
340143,4,1,-1,7,48228,9,0
340144,4,1,-1,7,43094,16,0
340145,4,1,-1,7,19951,7,0
340146,4,1,-1,7,19061,7,0
340147,4,1,-1,7,14152,10,0
340148,4,1,-1,7,26206,8,0
340149,4,0,-1,4,45362,11,0
340150,2,19,-1,0,50366,26,0
340151,4,0,-1,4,56514,12,0
340152,4,0,-1,4,48511,2,0
340153,4,1,-1,7,37459,8,0
340154,4,1,-1,7,26053,20,0
340155,4,1,-1,7,64647,16,0
340156,4,0,-1,4,50547,12,0
340157,4,1,-1,7,48735,10,0
340158,4,1,-1,7,26134,8,0
340159,4,1,-1,7,42448,7,0
340160,4,1,-1,7,64258,1,0
340161,4,1,-1,7,52492,1,0
340162,4,1,-1,7,33098,8,0
340163,4,1,-1,7,16831,6,0
340164,4,1,-1,7,19109,20,0
340165,4,1,-1,7,52122,9,0
340166,4,1,-1,7,27974,16,0
340167,4,1,-1,7,18728,1,0
340168,4,1,-1,7,41221,3,0
340169,4,1,-1,7,48717,10,0
340170,4,1,-1,7,23060,16,0
340171,4,1,-1,7,39338,3,0
340172,4,1,-1,7,52216,20,0
340173,4,1,-1,7,19953,20,0
340174,4,1,-1,7,27584,16,0
340175,4,1,-1,7,51361,9,0
340176,4,1,-1,7,28061,7,0
340177,4,1,-1,7,14749,8,0
340178,4,1,-1,7,40042,10,0
340179,4,0,-1,4,53566,2,0
340180,4,1,-1,7,19113,3,0
340181,4,1,-1,7,27551,3,0
340182,4,1,-1,7,28951,16,0
340183,4,1,-1,7,56437,1,0
340184,4,1,-1,7,48735,10,0
340185,4,1,-1,7,14555,6,0
340186,4,1,-1,7,52225,10,0
340187,4,0,-1,4,63960,11,0
340188,4,0,-1,4,9854,2,0
340189,4,1,-1,7,25876,7,0
340190,4,1,-1,7,6277,6,0
340191,4,0,-1,4,39127,11,0
340192,4,1,-1,7,15012,6,0
340193,4,0,-1,4,40040,2,0
340194,4,1,-1,7,23066,16,0
340195,4,1,-1,7,4607,9,0
340196,4,0,-1,4,51230,11,0
340197,2,10,-1,0,18368,17,2
340198,4,1,-1,7,28736,7,0
340199,4,1,-1,7,53252,8,0
340200,4,1,-1,7,35380,8,0
340201,4,1,-1,7,25834,20,0
340202,4,0,-1,4,52405,11,0
340203,4,1,-1,7,43668,3,0
340204,4,1,-1,7,51043,7,0
340205,4,1,-1,7,43761,1,0
340206,4,1,-1,7,19000,1,0
340207,4,1,-1,7,42643,7,0
340208,4,1,-1,7,14652,9,0
340209,2,10,-1,0,50144,17,2
340210,2,19,-1,0,21014,26,0
340211,4,1,-1,7,16829,6,0
340212,4,0,-1,4,7271,2,0
340213,4,1,-1,7,13365,7,0
340214,4,1,-1,7,28612,3,0
340215,4,1,-1,7,16824,1,0
340216,4,1,-1,7,28417,20,0
340217,4,1,-1,7,15236,16,0
340218,4,1,-1,7,27072,16,0
340219,4,0,-1,4,40038,2,0
340220,4,1,-1,7,12387,5,0
340221,2,19,-1,0,28631,26,0
340222,4,1,-1,7,28649,6,0
340223,2,15,-1,0,6440,13,3
340224,2,15,-1,0,39029,13,3
340225,4,1,-1,7,26038,20,0
340226,2,10,-1,0,20360,17,2
340227,4,1,-1,7,28477,6,0
340228,4,0,-1,4,51277,11,0
340229,4,0,-1,4,18308,2,0
340230,4,0,-1,4,9845,11,0
340231,4,0,-1,4,14437,2,0
340232,4,1,-1,7,18444,8,0
340233,2,7,-1,0,20214,13,3
340234,4,1,-1,7,16849,7,0
340235,4,0,-1,4,9842,11,0
340236,4,1,-1,7,26230,6,0
340237,4,1,-1,7,52312,9,0
340238,4,1,-1,7,39977,5,0
340239,4,0,-1,4,20769,11,0
340240,4,1,-1,7,61806,6,0
340241,2,10,-1,0,20300,17,2
340242,4,1,-1,7,28242,6,0
340243,4,1,-1,7,51842,6,0
340244,4,1,-1,7,30774,10,0
340245,4,1,-1,7,43189,6,0
340246,4,1,-1,7,16966,10,0
340247,4,1,-1,7,27861,8,0
340248,4,1,-1,7,51574,7,0
340249,2,19,-1,0,31677,26,0
340250,4,1,-1,7,13023,6,0
340251,4,1,-1,7,53836,10,0
340252,4,1,-1,7,17271,3,0
340253,4,1,-1,7,23108,16,0
340254,4,1,-1,7,46872,7,0
340255,4,0,-1,4,9840,11,0
340256,2,10,-1,0,28580,17,2
340257,4,1,-1,7,12672,20,0
340258,2,10,-1,0,28345,17,2
340259,4,1,-1,7,52071,9,0
340260,4,1,-1,7,43183,20,0
340261,4,1,-1,7,12395,7,0
340262,4,0,-1,4,6551,12,0
340263,2,15,-1,0,22248,13,3
340264,4,0,-1,4,56664,11,0
340265,4,0,-1,4,57687,12,0
340266,4,1,-1,7,37046,20,0
340267,4,1,-1,7,28612,3,0
340268,4,1,-1,7,28736,7,0
340269,4,1,-1,7,26011,20,0
340270,4,0,-1,4,6539,2,0
340271,4,1,-1,7,35974,20,0
340272,4,1,-1,7,37199,20,0
340273,4,1,-1,7,15273,16,0
340274,4,0,-1,4,38098,2,0
340275,4,0,-1,4,32008,2,0
340276,4,1,-1,7,64162,20,0
340277,4,1,-1,7,55757,10,0
340278,4,0,-1,4,7570,2,0
340279,4,0,-1,4,6502,12,0
340280,4,1,-1,7,14590,7,0
340281,2,10,-1,0,22722,17,2
340282,4,1,-1,7,25571,5,0
340283,4,1,-1,7,19930,1,0
340284,4,1,-1,7,4904,3,0
340285,4,1,-1,7,25947,6,0
340286,4,1,-1,7,27861,8,0
340287,4,1,-1,7,28609,16,0
340288,2,19,-1,0,55698,26,0
340289,4,1,-1,7,35380,8,0
340290,4,1,-1,7,15401,7,0
340291,4,0,-1,4,6539,2,0
340292,4,1,-1,7,18992,1,0
340293,4,1,-1,7,17120,8,0
340294,4,0,-1,4,31631,12,0
340295,4,1,-1,7,52618,7,0
340296,4,0,-1,4,52454,2,0
340297,4,1,-1,7,28155,6,0
340298,2,15,-1,0,20605,13,3
340299,4,1,-1,7,16652,3,0
340300,4,1,-1,7,15248,16,0
340301,4,1,-1,7,20209,7,0
340302,4,1,-1,7,56093,6,0
340303,4,1,-1,7,19009,7,0
340304,4,1,-1,7,16719,7,0
340305,4,1,-1,7,19011,20,0
340306,4,1,-1,7,24983,9,0
340307,2,15,-1,0,35819,13,3
340308,4,1,-1,7,15089,16,0
340309,4,0,-1,4,43125,2,0
340310,4,1,-1,7,52340,6,0
340311,4,0,-1,4,7271,2,0
340312,4,1,-1,7,16522,20,0
340313,4,1,-1,7,13236,1,0
340314,4,1,-1,7,30693,9,0
340315,2,10,-1,0,20384,17,2
340316,4,1,-1,7,34788,7,0
340317,4,0,-1,4,7397,12,0
340318,4,1,-1,7,15863,1,0
340319,2,10,-1,0,20424,17,2
340320,4,1,-1,7,3179,7,0
340321,4,1,-1,7,50052,16,0
340322,4,1,-1,7,19910,6,0
340323,4,1,-1,7,12395,7,0
340324,4,1,-1,7,35380,8,0
340325,4,1,-1,7,12388,7,0
340326,4,1,-1,7,25998,6,0
340327,4,0,-1,4,6486,11,0
340328,4,1,-1,7,16695,20,0
340329,4,1,-1,7,34600,10,0
340330,4,1,-1,7,27472,20,0
340331,4,1,-1,7,56521,9,0
340332,4,1,-1,7,13357,7,0
340333,2,10,-1,0,28470,17,2
340334,4,1,-1,7,28068,3,0
340335,4,1,-1,7,28204,7,0
340336,2,15,-1,0,33107,13,3
340337,4,1,-1,7,13357,7,0
340338,4,1,-1,7,27796,3,0
340339,4,1,-1,7,52362,9,0
340340,4,0,-1,4,24087,11,0
340341,4,1,-1,7,54508,10,0
340342,4,1,-1,7,28746,6,0
340343,4,1,-1,7,13357,7,0
340344,2,19,-1,0,20790,26,0
340345,4,1,-1,7,12980,3,0
340346,4,0,-1,4,3258,11,0
340347,2,19,-1,0,24186,26,0
340348,4,1,-1,7,13365,7,0
340349,2,15,-1,0,51533,13,3
340350,4,1,-1,7,31063,8,0
340351,4,1,-1,7,28200,9,0
340352,4,0,-1,4,59327,11,0
340353,4,1,-1,7,51849,6,0
340354,4,1,-1,7,43191,20,0
340355,2,10,-1,0,28580,17,2
340356,4,0,-1,4,36444,12,0
340357,4,1,-1,7,15406,16,0
340358,4,1,-1,7,52529,1,0
340359,4,0,-1,4,6502,12,0
340360,4,0,-1,4,31631,12,0
340361,4,1,-1,7,56131,7,0
340362,4,1,-1,7,27472,20,0
340363,4,0,-1,4,21632,12,0
340364,4,1,-1,7,27477,20,0
340365,4,1,-1,7,16791,7,0
340366,4,1,-1,7,23043,16,0
340367,4,1,-1,7,16946,10,0
340368,2,10,-1,0,22144,17,2
340369,4,1,-1,7,16826,1,0
340370,2,19,-1,0,26412,26,0
340371,4,1,-1,7,16789,10,0
340372,4,1,-1,7,23139,16,0
340373,4,1,-1,7,18376,1,0
340374,4,1,-1,7,28204,7,0
340375,4,1,-1,7,48734,1,0
340376,4,1,-1,7,38064,6,0
340377,4,1,-1,7,65275,20,0
340378,4,1,-1,7,23025,16,0
340379,4,0,-1,4,33288,2,0
340380,4,1,-1,7,30639,8,0
340381,4,1,-1,7,43025,9,0
340382,4,1,-1,7,14679,8,0
340383,4,1,-1,7,42985,10,0
340384,4,1,-1,7,16531,20,0
340385,4,1,-1,7,19920,1,0
340386,2,15,-1,0,20451,13,3
340387,4,1,-1,7,51556,8,0
340388,4,1,-1,7,28657,6,0
340389,4,1,-1,7,16864,10,0
340390,4,1,-1,7,52069,6,0
340391,4,1,-1,7,18366,9,0
340392,4,1,-1,7,39885,5,0
340393,4,0,-1,4,1399,2,0
340394,4,0,-1,4,9854,2,0
340395,2,10,-1,0,20293,17,2
340396,4,0,-1,4,32008,2,0
340397,4,0,-1,4,1399,2,0
340398,4,1,-1,7,26142,20,0
340399,4,1,-1,7,55943,16,0
340400,4,0,-1,4,56027,11,0
340401,4,1,-1,7,15201,20,0
340402,4,1,-1,7,39700,6,0
340403,4,1,-1,7,28651,3,0
340404,4,1,-1,7,27755,7,0
340405,4,1,-1,7,9898,6,0
340406,4,1,-1,7,16604,9,0
340407,4,1,-1,7,13215,1,0
340408,4,0,-1,4,28831,11,0
340409,4,1,-1,7,20209,7,0
340410,4,1,-1,7,38266,5,0
340411,4,0,-1,4,24569,11,0
340412,4,0,-1,4,9854,2,0
340413,2,10,-1,0,20258,17,2
340414,4,1,-1,7,5116,3,0
340415,4,1,-1,7,15178,16,0
340416,4,1,-1,7,52400,10,0
340417,4,1,-1,7,56260,10,0
340418,4,1,-1,7,34792,8,0
340419,4,1,-1,7,40704,10,0
340420,4,1,-1,7,14555,6,0
340421,4,1,-1,7,14524,5,0
340422,4,1,-1,7,26171,8,0
340423,4,1,-1,7,51569,3,0
340424,4,1,-1,7,14323,10,0
340425,4,1,-1,7,17138,8,0
340426,4,1,-1,7,36539,6,0
340427,4,0,-1,4,7093,2,0
340428,4,0,-1,4,52454,2,0
340429,4,0,-1,4,38127,12,0
340430,4,1,-1,7,19932,6,0
340431,4,1,-1,7,16821,8,0
340432,4,1,-1,7,28342,10,0
340433,4,1,-1,7,7533,7,0
340434,2,15,-1,0,20291,13,3
340435,4,1,-1,7,16864,10,0
340436,4,1,-1,7,27693,16,0
340437,4,1,-1,7,43186,3,0
340438,4,1,-1,7,61912,10,0
340439,4,1,-1,7,25858,6,0
340440,4,0,-1,4,51278,11,0
340441,4,1,-1,7,32034,3,0
340442,2,10,-1,0,20356,17,2
340443,4,1,-1,7,26024,6,0
340444,2,7,-1,0,39752,13,3
340445,4,0,-1,4,23435,11,0
340446,4,1,-1,7,13236,1,0
340447,4,1,-1,7,41811,1,0
340448,4,1,-1,7,51854,20,0
340449,4,1,-1,7,23133,16,0
340450,4,1,-1,7,54512,16,0
340451,4,1,-1,7,28645,8,0
340452,4,1,-1,7,15295,1,0
340453,4,1,-1,7,33062,5,0
340454,4,1,-1,7,16850,7,0
340455,4,0,-1,4,40038,2,0
340456,4,1,-1,7,12399,7,0
340457,4,1,-1,7,44304,6,0
340458,4,1,-1,7,26023,5,0
340459,4,1,-1,7,39399,7,0
340460,4,1,-1,7,16856,8,0
340461,4,1,-1,7,25952,5,0
340462,2,19,-1,0,6140,26,0
340463,4,1,-1,7,32726,16,0
340464,4,1,-1,7,18415,1,0
340465,4,1,-1,7,28642,6,0
340466,4,1,-1,7,26229,3,0
340467,4,1,-1,7,16633,10,0
340468,2,15,-1,0,16130,13,3
340469,4,0,-1,4,15422,11,0
340470,4,0,-1,4,60692,12,0
340471,4,1,-1,7,52464,8,0
340472,4,1,-1,7,6295,10,0
340473,4,1,-1,7,23846,10,0
340474,4,1,-1,7,38737,8,0
340475,2,15,-1,0,44375,13,3
340476,4,1,-1,7,26235,9,0
340477,4,1,-1,7,28656,9,0
340478,4,1,-1,7,10454,8,0
340479,4,1,-1,7,26128,1,0
340480,4,1,-1,7,53823,6,0
340481,4,1,-1,7,28656,9,0
340482,4,1,-1,7,43096,16,0
340483,4,1,-1,7,24988,20,0
340484,4,1,-1,7,16918,9,0
340485,2,10,-1,0,55718,17,2
340486,2,10,-1,0,28231,17,2
340487,4,1,-1,7,26066,8,0
340488,4,1,-1,7,26206,8,0
340489,2,7,-1,0,7313,13,3
340490,4,1,-1,7,14750,9,0
340491,4,0,-1,4,39128,11,0
340492,4,1,-1,7,31625,10,0
340493,4,0,-1,4,38127,12,0
340494,4,1,-1,7,17120,8,0
340495,4,1,-1,7,38739,7,0
340496,4,1,-1,7,61168,10,0
340497,4,1,-1,7,19932,6,0
340498,4,1,-1,7,41223,7,0
340499,4,1,-1,7,42987,6,0
340500,4,1,-1,7,16901,9,0
340501,4,0,-1,4,43332,11,0
340502,4,1,-1,7,52234,3,0
340503,4,1,-1,7,43082,8,0
340504,4,1,-1,7,56539,8,0
340505,2,19,-1,0,28267,26,0
340506,2,15,-1,0,22721,13,3
340507,4,1,-1,7,6277,6,0
340508,4,1,-1,7,11060,8,0
340509,2,10,-1,0,20370,17,2
340510,4,1,-1,7,16946,10,0
340511,4,1,-1,7,52112,8,0
340512,4,1,-1,7,18906,8,0
340513,4,1,-1,7,9898,6,0
340514,4,1,-1,7,17229,9,0
340515,4,1,-1,7,34207,9,0
340516,4,1,-1,7,18991,10,0
340517,4,1,-1,7,19009,7,0
340518,4,1,-1,7,28050,9,0
340519,4,1,-1,7,53250,1,0
340520,4,1,-1,7,33999,1,0
340521,2,15,-1,0,46458,13,3
340522,4,1,-1,7,16831,6,0
340523,4,0,-1,4,15421,2,0
340524,4,0,-1,4,31199,12,0
340525,4,1,-1,7,3658,9,0
340526,4,1,-1,7,14736,9,0
340527,4,1,-1,7,26061,7,0
340528,4,1,-1,7,12473,3,0
340529,4,1,-1,7,20476,10,0
340530,2,19,-1,0,39743,26,0
340531,4,1,-1,7,51359,9,0
340532,4,0,-1,4,32008,2,0
340533,4,1,-1,7,43075,20,0
340534,4,1,-1,7,27304,16,0
340535,2,7,-1,0,51922,13,3
340536,4,1,-1,7,55363,20,0
340537,4,0,-1,4,31576,11,0
340538,4,1,-1,7,37537,20,0
340539,4,1,-1,7,25942,7,0
340540,4,1,-1,7,59034,16,0
340541,4,1,-1,7,12388,7,0
340542,4,1,-1,7,16966,10,0
340543,4,1,-1,7,28642,6,0
340544,4,1,-1,7,28123,3,0
340545,4,1,-1,7,18998,10,0
340546,4,1,-1,7,18376,1,0
340547,2,15,-1,0,22258,13,3
340548,4,0,-1,4,14437,2,0
340549,4,1,-1,7,39398,10,0
340550,4,1,-1,7,20476,10,0
340551,4,1,-1,7,28050,9,0
340552,4,0,-1,4,51001,12,0
340553,4,1,-1,7,64043,1,0
340554,4,1,-1,7,13672,3,0
340555,4,1,-1,7,19920,1,0
340556,4,1,-1,7,58284,1,0
340557,4,1,-1,7,18999,10,0
340558,4,1,-1,7,8089,9,0
340559,4,0,-1,4,40047,2,0
340560,2,10,-1,0,20335,17,2
340561,4,1,-1,7,25986,3,0
340562,4,1,-1,7,52114,7,0
340563,4,1,-1,7,17234,3,0
340564,4,1,-1,7,39782,3,0
340565,4,1,-1,7,6295,10,0
340566,4,1,-1,7,13236,1,0
340567,4,1,-1,7,14686,6,0
340568,4,1,-1,7,19710,7,0
340569,4,1,-1,7,26061,7,0
340570,4,1,-1,7,4904,3,0
340571,4,1,-1,7,27521,16,0
340572,4,1,-1,7,28477,6,0
340573,4,1,-1,7,15319,1,0
340574,4,1,-1,7,42443,3,0
340575,4,1,-1,7,25858,6,0
340576,4,1,-1,7,53093,8,0
340577,2,15,-1,0,33069,13,3
340578,4,1,-1,7,56951,8,0
340579,2,19,-1,0,29924,26,0
340580,4,0,-1,4,39121,11,0
340581,4,1,-1,7,39271,16,0
340582,4,1,-1,7,44112,10,0
340583,4,1,-1,7,28068,3,0
340584,4,1,-1,7,26054,3,0
340585,2,10,-1,0,20336,17,2
340586,4,1,-1,7,25858,6,0
340587,4,1,-1,7,52113,9,0
340588,4,1,-1,7,9077,3,0
340589,4,1,-1,7,54418,10,0
340590,4,0,-1,4,28830,11,0
340591,4,1,-1,7,26619,1,0
340592,4,1,-1,7,51301,3,0
340593,4,1,-1,7,27228,20,0
340594,4,0,-1,4,7841,12,0
340595,4,1,-1,7,36676,20,0
340596,4,1,-1,7,34240,8,0
340597,4,1,-1,7,28068,3,0
340598,4,1,-1,7,37199,20,0
340599,4,1,-1,7,43718,8,0
340600,4,1,-1,7,18579,1,0
340601,4,0,-1,4,7841,12,0
340602,4,1,-1,7,52227,7,0
340603,4,1,-1,7,64284,10,0
340604,2,15,-1,0,41872,13,3
340605,4,1,-1,7,37970,6,0
340606,4,1,-1,7,42578,7,0
340607,4,1,-1,7,28612,3,0
340608,2,15,-1,0,20435,13,3
340609,4,1,-1,7,4488,3,0
340610,4,1,-1,7,29927,8,0
340611,4,0,-1,4,7899,2,0
340612,2,7,-1,0,31526,13,3
340613,4,1,-1,7,25959,9,0
340614,4,1,-1,7,34061,20,0
340615,4,1,-1,7,28612,3,0
340616,4,1,-1,7,28057,9,0
340617,4,1,-1,7,61717,20,0
340618,4,1,-1,7,48736,20,0
340619,4,1,-1,7,28124,9,0
340620,4,1,-1,7,27108,16,0
340621,4,1,-1,7,12439,8,0
340622,4,1,-1,7,43894,1,0
340623,2,10,-1,0,43817,17,2
340624,4,1,-1,7,14555,6,0
340625,4,0,-1,4,26391,11,0
340626,4,1,-1,7,16952,10,0
340627,4,0,-1,4,30799,2,0
340628,4,1,-1,7,52069,6,0
340629,2,19,-1,0,55698,26,0
340630,2,19,-1,0,50361,26,0
340631,4,0,-1,4,3666,11,0
340632,4,1,-1,7,14735,6,0
340633,4,1,-1,7,11548,8,0
340634,4,0,-1,4,28733,11,0
340635,4,1,-1,7,19930,1,0
340636,4,0,-1,4,33287,2,0
340637,4,1,-1,7,19903,1,0
340638,4,1,-1,7,56538,16,0
340639,4,1,-1,7,58816,6,0
340640,4,1,-1,7,14749,8,0
340641,2,10,-1,0,20325,17,2
340642,4,1,-1,7,46514,1,0
340643,4,1,-1,7,6322,8,0
340644,4,1,-1,7,28645,8,0
340645,4,0,-1,4,64225,11,0
340646,4,1,-1,7,26145,8,0
340647,4,1,-1,7,26252,6,0
340648,4,0,-1,4,32713,2,0
340649,4,0,-1,4,44237,12,0
340650,4,0,-1,4,39920,12,0
340651,4,1,-1,7,27872,3,0
340652,2,7,-1,0,52928,13,3
340653,4,0,-1,4,38555,2,0
340654,4,1,-1,7,25974,7,0
340655,4,1,-1,7,43893,1,0
340656,4,1,-1,7,56924,1,0
340657,4,1,-1,7,26020,10,0
340658,4,1,-1,7,18120,20,0
340659,4,1,-1,7,22991,16,0
340660,4,1,-1,7,37311,1,0
340661,4,0,-1,4,58820,12,0
340662,4,1,-1,7,12439,8,0
340663,2,10,-1,0,20390,17,2
340664,4,1,-1,7,16826,1,0
340665,4,1,-1,7,55001,7,0
340666,4,1,-1,7,26513,20,0
340667,4,0,-1,4,7899,2,0
340668,2,10,-1,0,37054,17,2
340669,4,1,-1,7,56474,20,0
340670,4,1,-1,7,50062,16,0
340671,4,1,-1,7,51038,8,0
340672,4,1,-1,7,24616,10,0
340673,4,1,-1,7,39334,8,0
340674,4,1,-1,7,16716,6,0
340675,4,1,-1,7,17120,8,0
340676,4,1,-1,7,52395,6,0
340677,4,0,-1,4,24220,12,0
340678,4,1,-1,7,12652,20,0
340679,4,1,-1,7,56105,20,0
340680,4,1,-1,7,22422,1,0
340681,4,0,-1,4,28733,11,0
340682,4,1,-1,7,19932,6,0
340683,4,0,-1,4,6484,12,0
340684,4,0,-1,4,6539,2,0
340685,4,1,-1,7,37459,8,0
340686,4,1,-1,7,42902,8,0
340687,4,1,-1,7,4301,8,0
340688,2,10,-1,0,38666,17,2
340689,4,1,-1,7,25893,8,0
340690,4,1,-1,7,23133,16,0
340691,2,10,-1,0,28345,17,2
340692,4,1,-1,7,52222,8,0
340693,4,1,-1,7,16719,7,0
340694,4,1,-1,7,38941,5,0
340695,4,1,-1,7,34595,8,0
340696,4,1,-1,7,19813,10,0
340697,4,1,-1,7,52113,9,0
340698,4,1,-1,7,16652,3,0
340699,4,1,-1,7,28298,16,0
340700,4,1,-1,7,51301,3,0
340701,4,1,-1,7,16818,10,0
340702,4,1,-1,7,42897,6,0
340703,4,1,-1,7,14736,9,0
340704,2,10,-1,0,50345,17,2
340705,4,1,-1,7,28852,1,0
340706,4,1,-1,7,56011,3,0
340707,4,1,-1,7,22833,1,0
340708,4,1,-1,7,28746,6,0
340709,4,1,-1,7,27479,20,0
340710,4,1,-1,7,23031,16,0
340711,4,1,-1,7,19397,1,0
340712,4,0,-1,4,31604,2,0
340713,4,0,-1,4,56781,2,0
340714,2,10,-1,0,20384,17,2
340715,4,1,-1,7,28013,9,0
340716,4,0,-1,4,33534,11,0
340717,4,0,-1,4,14436,11,0
340718,4,0,-1,4,7093,2,0
340719,4,1,-1,7,51172,6,0
340720,4,1,-1,7,14127,10,0
340721,4,1,-1,7,10891,5,0
340722,4,1,-1,7,56428,3,0
340723,4,1,-1,7,12399,7,0
340724,4,1,-1,7,42681,7,0
340725,4,1,-1,7,18444,8,0
340726,4,1,-1,7,30697,6,0
340727,4,1,-1,7,16831,6,0
340728,4,1,-1,7,28785,9,0
340729,4,1,-1,7,27755,7,0
340730,4,1,-1,7,34897,3,0
340731,4,1,-1,7,28151,8,0
340732,4,1,-1,7,28067,1,0
340733,4,1,-1,7,14647,9,0
340734,4,1,-1,7,20476,10,0
340735,4,1,-1,7,59301,8,0
340736,4,1,-1,7,43220,10,0
340737,2,10,-1,0,20289,17,2
340738,4,1,-1,7,26082,16,0
340739,4,0,-1,4,49005,11,0
340740,4,1,-1,7,26169,6,0
340741,4,1,-1,7,25876,7,0
340742,4,1,-1,7,19917,8,0
340743,4,1,-1,7,62108,8,0
340744,4,1,-1,7,16850,7,0
340745,4,1,-1,7,26134,8,0
340746,4,1,-1,7,6295,10,0
340747,4,1,-1,7,25956,20,0
340748,4,1,-1,7,40545,1,0
340749,4,1,-1,7,28198,7,0
340750,4,0,-1,4,24087,11,0
340751,4,1,-1,7,16544,1,0
340752,2,19,-1,0,40139,26,0
340753,4,0,-1,4,31480,12,0
340754,4,1,-1,7,7533,7,0
340755,4,1,-1,7,53826,7,0
340756,4,1,-1,7,14498,7,0
340757,4,1,-1,7,43894,1,0
340758,4,1,-1,7,24895,7,0
340759,4,1,-1,7,34244,6,0
340760,4,1,-1,7,26298,3,0
340761,4,1,-1,7,52392,6,0
340762,4,1,-1,7,52068,3,0
340763,2,19,-1,0,57082,26,0
340764,4,1,-1,7,28730,6,0
340765,4,1,-1,7,16695,20,0
340766,4,1,-1,7,19000,1,0
340767,4,1,-1,7,11421,7,0
340768,4,1,-1,7,19921,8,0
340769,4,0,-1,4,26391,11,0
340770,2,10,-1,0,20356,17,2
340771,4,1,-1,7,23133,16,0
340772,4,1,-1,7,16787,6,0
340773,4,1,-1,7,17123,20,0
340774,4,1,-1,7,56105,20,0
340775,4,1,-1,7,49800,1,0
340776,4,0,-1,4,59327,11,0
340777,4,1,-1,7,23133,16,0
340778,4,1,-1,7,15267,16,0
340779,4,0,-1,4,9086,2,0
340780,4,1,-1,7,41223,7,0
340781,4,1,-1,7,28424,5,0
340782,2,19,-1,0,56896,26,0
340783,4,1,-1,7,16548,1,0
340784,4,1,-1,7,44557,5,0
340785,4,1,-1,7,23025,16,0
340786,2,19,-1,0,20786,26,0
340787,4,1,-1,7,38974,6,0
340788,4,1,-1,7,18337,9,0
340789,4,1,-1,7,43024,8,0
340790,4,0,-1,4,32713,2,0
340791,4,1,-1,7,53088,3,0
340792,4,1,-1,7,25228,5,0
340793,4,1,-1,7,26619,1,0
340794,4,1,-1,7,28168,9,0
340795,4,1,-1,7,43075,20,0
340796,4,1,-1,7,15909,1,0
340797,4,1,-1,7,44451,9,0
340798,4,1,-1,7,16789,10,0
340799,4,1,-1,7,61423,7,0
340800,4,1,-1,7,25880,5,0
340801,4,1,-1,7,52104,8,0
340802,4,1,-1,7,14738,7,0
340803,4,1,-1,7,55330,20,0
340804,4,1,-1,7,28050,9,0
340805,4,1,-1,7,24624,6,0
340806,4,1,-1,7,9898,6,0
340807,4,1,-1,7,25965,3,0
340808,4,1,-1,7,29918,20,0
340809,4,1,-1,7,44322,8,0
340810,2,15,-1,0,20472,13,3
340811,4,1,-1,7,56870,7,0
340812,4,1,-1,7,19056,10,0
340813,4,1,-1,7,51781,7,0
340814,4,1,-1,7,52544,1,0
340815,4,1,-1,7,13656,10,0
340816,4,1,-1,7,19918,7,0
340817,4,1,-1,7,19665,8,0
340818,4,0,-1,4,43423,2,0
340819,4,0,-1,4,9846,11,0
340820,4,1,-1,7,42447,3,0
340821,4,1,-1,7,14152,10,0
340822,4,1,-1,7,16790,9,0
340823,4,1,-1,7,16952,10,0
340824,4,1,-1,7,16845,7,0
340825,4,1,-1,7,61403,16,0
340826,4,1,-1,7,28200,9,0
340827,4,1,-1,7,16828,3,0
340828,4,1,-1,7,16881,8,0
340829,4,1,-1,7,35380,8,0
340830,4,1,-1,7,12387,5,0
340831,2,10,-1,0,50604,17,2
340832,4,1,-1,7,38665,16,0
340833,2,10,-1,0,43954,17,2
340834,4,1,-1,7,14765,10,0
340835,4,0,-1,4,6486,11,0
340836,4,0,-1,4,43706,11,0
340837,4,1,-1,7,11144,10,0
340838,4,1,-1,7,28051,6,0
340839,4,1,-1,7,26012,3,0
340840,2,7,-1,0,29897,13,3
340841,4,1,-1,7,52068,3,0
340842,4,1,-1,7,25858,6,0
340843,4,0,-1,4,9835,11,0
340844,2,15,-1,0,28568,13,3
340845,4,1,-1,7,19796,10,0
340846,4,1,-1,7,11166,7,0
340847,4,1,-1,7,52123,7,0
340848,4,1,-1,7,12696,20,0
340849,4,1,-1,7,28746,6,0
340850,4,0,-1,4,9839,11,0
340851,2,7,-1,0,26503,13,3
340852,4,0,-1,4,9823,11,0
340853,4,1,-1,7,45954,1,0
340854,4,1,-1,7,52071,9,0
340855,4,1,-1,7,14647,9,0
340856,4,1,-1,7,19910,6,0
340857,4,1,-1,7,13236,1,0
340858,2,7,-1,0,20214,13,3
340859,4,1,-1,7,24181,8,0
340860,4,1,-1,7,2311,7,0
340861,4,0,-1,4,31906,11,0
340862,4,1,-1,7,43894,1,0
340863,4,1,-1,7,26144,7,0
340864,4,1,-1,7,26117,8,0
340865,4,1,-1,7,15248,16,0
340866,2,10,-1,0,28578,17,2
340867,4,1,-1,7,13684,5,0
340868,4,1,-1,7,25247,3,0
340869,4,1,-1,7,28646,7,0
340870,4,1,-1,7,61806,6,0
340871,2,15,-1,0,42077,13,3
340872,4,0,-1,4,23897,11,0
340873,4,0,-1,4,50547,12,0
340874,4,0,-1,4,24187,12,0
340875,4,1,-1,7,56539,8,0
340876,2,7,-1,0,20114,13,3
340877,4,1,-1,7,16812,20,0
340878,4,1,-1,7,6295,10,0
340879,4,1,-1,7,26124,7,0
340880,4,0,-1,4,56514,12,0
340881,4,0,-1,4,33262,2,0
340882,4,1,-1,7,14737,10,0
340883,4,1,-1,7,53253,6,0
340884,4,1,-1,7,26280,6,0
340885,4,1,-1,7,17120,8,0
340886,4,0,-1,4,48512,2,0
340887,4,0,-1,4,43360,12,0
340888,4,1,-1,7,56572,3,0
340889,4,1,-1,7,8666,5,0
340890,4,1,-1,7,28852,1,0
340891,4,1,-1,7,43115,16,0
340892,4,1,-1,7,62083,20,0
340893,4,1,-1,7,42101,8,0
340894,4,1,-1,7,27872,3,0
340895,4,1,-1,7,12669,20,0
340896,4,1,-1,7,16789,10,0
340897,4,0,-1,4,9865,11,0
340898,4,0,-1,4,9838,11,0
340899,4,1,-1,7,26258,10,0
340900,4,1,-1,7,28990,20,0
340901,4,1,-1,7,28645,8,0
340902,4,0,-1,4,51515,11,0
340903,4,1,-1,7,55661,8,0
340904,4,1,-1,7,39507,7,0
340905,2,7,-1,0,7311,13,3
340906,4,1,-1,7,46871,1,0
340907,4,1,-1,7,45953,3,0
340908,4,1,-1,7,12420,10,0
340909,4,1,-1,7,14499,5,0
340910,4,1,-1,7,15314,1,0
340911,4,1,-1,7,15293,1,0
340912,4,1,-1,7,18866,3,0
340913,2,7,-1,0,61689,13,3
340914,4,1,-1,7,26174,20,0
340915,4,1,-1,7,48306,10,0
340916,4,1,-1,7,23133,16,0
340917,4,1,-1,7,19109,20,0
340918,2,10,-1,0,20449,17,2
340919,4,1,-1,7,28242,6,0
340920,4,1,-1,7,56105,20,0
340921,4,0,-1,4,9838,11,0
340922,4,1,-1,7,30860,1,0
340923,4,1,-1,7,26193,10,0
340924,4,1,-1,7,49474,1,0
340925,4,1,-1,7,16615,20,0
340926,4,1,-1,7,12973,7,0
340927,4,1,-1,7,19903,1,0
340928,4,1,-1,7,25987,10,0
340929,2,7,-1,0,56343,13,3
340930,4,1,-1,7,55364,7,0
340931,4,0,-1,4,9658,2,0
340932,4,1,-1,7,28645,8,0
340933,4,1,-1,7,25961,10,0
340934,4,0,-1,4,19785,12,0
340935,4,1,-1,7,27647,6,0
340936,4,1,-1,7,12388,7,0
340937,4,1,-1,7,40130,16,0
340938,4,1,-1,7,26253,9,0
340939,4,1,-1,7,57269,6,0
340940,4,1,-1,7,25987,10,0
340941,4,1,-1,7,13236,1,0
340942,4,1,-1,7,48921,20,0
340943,2,10,-1,0,21460,17,2
340944,4,1,-1,7,45702,1,0
340945,4,0,-1,4,14437,2,0
340946,2,7,-1,0,5154,13,3
340947,4,0,-1,4,7899,2,0
340948,4,1,-1,7,23097,16,0
340949,2,15,-1,0,20492,13,3
340950,4,0,-1,4,3666,11,0
340951,4,1,-1,7,19913,8,0
340952,2,19,-1,0,12601,26,0
340953,4,1,-1,7,59517,5,0
340954,4,0,-1,4,59327,11,0
340955,4,1,-1,7,28612,3,0
340956,4,0,-1,4,23949,12,0
340957,2,10,-1,0,53207,17,2
340958,4,1,-1,7,12387,5,0
340959,4,1,-1,7,22843,5,0
340960,4,1,-1,7,55072,10,0
340961,4,1,-1,7,7533,7,0
340962,4,0,-1,4,53407,2,0
340963,2,7,-1,0,40614,13,3
340964,4,0,-1,4,1103,12,0
340965,4,1,-1,7,26252,6,0
340966,4,1,-1,7,40042,10,0
340967,4,0,-1,4,31905,11,0
340968,4,1,-1,7,16787,6,0
340969,4,1,-1,7,17123,20,0
340970,4,1,-1,7,19910,6,0
340971,4,0,-1,4,20769,11,0
340972,4,1,-1,7,58327,7,0
340973,4,1,-1,7,52073,8,0
340974,4,1,-1,7,28165,20,0
340975,4,1,-1,7,44718,1,0
340976,4,1,-1,7,30806,9,0
340977,4,0,-1,4,12987,11,0
340978,4,1,-1,7,9898,6,0
340979,2,15,-1,0,20451,13,3
340980,4,1,-1,7,14645,8,0
340981,4,1,-1,7,51194,20,0
340982,2,10,-1,0,20384,17,2
340983,2,15,-1,0,44418,13,3
340984,4,1,-1,7,40700,8,0
340985,4,1,-1,7,52230,8,0
340986,4,1,-1,7,26212,7,0
340987,4,1,-1,7,15283,1,0
340988,4,1,-1,7,18423,10,0
340989,4,1,-1,7,43668,3,0
340990,4,1,-1,7,16561,7,0
340991,4,1,-1,7,28123,3,0
340992,2,10,-1,0,22252,17,2
340993,4,1,-1,7,56011,3,0
340994,4,1,-1,7,56429,1,0
340995,4,1,-1,7,17211,5,0
340996,4,1,-1,7,28645,8,0
340997,4,1,-1,7,16603,6,0
340998,4,1,-1,7,28124,9,0
340999,4,0,-1,4,6539,2,0
360000,4,0,-1,4,3666,11,0
360001,4,1,-1,7,50497,8,0
360002,4,1,-1,7,28083,10,0
360003,2,7,-1,0,28528,13,3
360004,4,1,-1,7,44161,7,0
360005,4,1,-1,7,38922,9,0
360006,4,0,-1,4,59308,2,0
360007,2,10,-1,0,20272,17,2
360008,4,1,-1,7,22422,1,0
360009,4,0,-1,4,53407,2,0
360010,2,10,-1,0,20420,17,2
360011,4,1,-1,7,6295,10,0
360012,4,1,-1,7,38922,9,0
360013,4,1,-1,7,19918,7,0
360014,4,1,-1,7,52613,10,0
360015,4,1,-1,7,27293,1,0
360016,4,1,-1,7,19113,3,0
360017,4,1,-1,7,3528,10,0
360018,2,10,-1,0,21460,17,2
360019,4,1,-1,7,16802,8,0
360020,4,1,-1,7,14542,10,0
360021,2,15,-1,0,46459,13,3
360022,4,1,-1,7,21964,7,0
360023,4,1,-1,7,46130,20,0
360024,4,1,-1,7,16561,7,0
360025,4,1,-1,7,15824,7,0
360026,4,1,-1,7,38741,3,0
360027,4,1,-1,7,27152,16,0
360028,4,1,-1,7,61405,16,0
360029,4,1,-1,7,37451,20,0
360030,4,1,-1,7,52069,6,0
360031,4,1,-1,7,26221,6,0
360032,4,1,-1,7,64377,10,0
360033,4,1,-1,7,48494,20,0
360034,4,1,-1,7,16652,3,0
360035,4,1,-1,7,19990,1,0
360036,4,0,-1,4,31475,12,0
360037,4,1,-1,7,28648,7,0
360038,4,1,-1,7,28972,5,0
360039,4,1,-1,7,45871,1,0
360040,4,1,-1,7,51040,5,0
360041,4,1,-1,7,53252,8,0
360042,4,1,-1,7,51534,16,0
360043,4,1,-1,7,52231,20,0
360044,4,1,-1,7,15823,7,0
360045,2,15,-1,0,6555,13,3
360046,4,1,-1,7,53087,6,0
360047,4,1,-1,7,38266,5,0
360048,4,1,-1,7,28305,9,0
360049,4,0,-1,4,9857,2,0
360050,4,0,-1,4,33287,2,0
360051,4,1,-1,7,4873,8,0
360052,4,1,-1,7,15232,20,0
360053,4,1,-1,7,52355,3,0
360054,4,1,-1,7,12695,20,0
360055,4,1,-1,7,14498,7,0
360056,4,1,-1,7,23131,16,0
360057,4,1,-1,7,28637,9,0
360058,4,1,-1,7,16592,10,0
360059,4,0,-1,4,38544,2,0
360060,4,1,-1,7,27755,7,0
360061,4,0,-1,4,64197,2,0
360062,4,1,-1,7,16831,6,0
360063,4,1,-1,7,7533,7,0
360064,4,1,-1,7,22996,16,0
360065,4,0,-1,4,34491,2,0
360066,4,1,-1,7,56496,8,0
360067,4,0,-1,4,7544,11,0
360068,2,10,-1,0,7524,17,2
360069,4,0,-1,4,38544,2,0
360070,2,15,-1,0,35961,13,3
360071,4,1,-1,7,32727,16,0
360072,4,1,-1,7,16826,1,0
360073,4,1,-1,7,23066,16,0
360074,4,1,-1,7,51941,7,0
360075,4,1,-1,7,52351,7,0
360076,4,1,-1,7,15824,7,0
360077,4,0,-1,4,6011,11,0
360078,4,1,-1,7,26066,8,0
360079,4,1,-1,7,28974,1,0
360080,4,1,-1,7,44016,9,0
360081,4,1,-1,7,30703,16,0
360082,4,1,-1,7,52387,9,0
360083,4,1,-1,7,12687,20,0
360084,4,1,-1,7,25996,1,0
360085,2,10,-1,0,57734,17,2
360086,4,0,-1,4,41916,12,0
360087,4,1,-1,7,57171,16,0
360088,4,0,-1,4,39023,2,0
360089,4,1,-1,7,31102,20,0
360090,4,1,-1,7,28298,16,0
360091,4,1,-1,7,19011,20,0
360092,4,1,-1,7,12439,8,0
360093,4,0,-1,4,54488,11,0
360094,4,1,-1,7,16849,7,0
360095,4,1,-1,7,8089,9,0
360096,4,0,-1,4,64225,11,0
360097,4,1,-1,7,26113,10,0
360098,4,0,-1,4,39920,12,0
360099,4,1,-1,7,13500,8,0
360100,2,7,-1,0,5154,13,3
360101,4,1,-1,7,19917,8,0
360102,4,0,-1,4,28733,11,0
360103,4,1,-1,7,38922,9,0
360104,4,1,-1,7,51569,3,0
360105,4,1,-1,7,41463,1,0
360106,4,0,-1,4,56513,12,0
360107,4,1,-1,7,41811,1,0
360108,2,10,-1,0,20356,17,2
360109,2,7,-1,0,50263,13,3
360110,2,10,-1,0,38713,17,2
360111,4,0,-1,4,12987,11,0
360112,4,1,-1,7,37310,7,0
360113,4,1,-1,7,26063,5,0
360114,4,1,-1,7,53082,9,0
360115,4,1,-1,7,13236,1,0
360116,2,10,-1,0,28502,17,2
360117,4,1,-1,7,52219,20,0
360118,4,1,-1,7,6277,6,0
360119,4,0,-1,4,9658,2,0
360120,2,10,-1,0,28467,17,2
360121,4,1,-1,7,38548,16,0
360122,4,1,-1,7,49230,16,0
360123,4,1,-1,7,25967,16,0
360124,4,1,-1,7,61484,9,0
360125,4,0,-1,4,40413,2,0
360126,4,1,-1,7,12389,20,0
360127,4,1,-1,7,26619,1,0
360128,4,1,-1,7,44307,3,0
360129,4,1,-1,7,43191,20,0
360130,4,1,-1,7,27753,10,0
360131,4,1,-1,7,18865,3,0
360132,4,1,-1,7,26157,20,0
360133,4,1,-1,7,26171,8,0
360134,4,0,-1,4,9840,11,0
360135,4,0,-1,4,53133,2,0
360136,4,0,-1,4,9859,2,0
360137,4,1,-1,7,28703,10,0
360138,4,1,-1,7,26151,9,0
360139,4,1,-1,7,13236,1,0
360140,2,10,-1,0,28580,17,2
360141,4,0,-1,4,15150,12,0
360142,4,1,-1,7,56692,3,0
360143,4,1,-1,7,16781,6,0
360144,4,1,-1,7,4631,8,0
360145,4,1,-1,7,16950,10,0
360146,4,1,-1,7,26131,20,0
360147,4,1,-1,7,28646,7,0
360148,4,1,-1,7,15063,16,0
360149,4,1,-1,7,44066,9,0
360150,4,1,-1,7,22998,16,0
360151,4,1,-1,7,31910,7,0
360152,4,1,-1,7,28342,10,0
360153,4,1,-1,7,16956,10,0
360154,4,0,-1,4,45197,12,0
360155,4,1,-1,7,26195,3,0
360156,4,1,-1,7,34244,6,0
360157,4,0,-1,4,56781,2,0
360158,4,1,-1,7,25994,9,0
360159,4,1,-1,7,18872,1,0
360160,4,0,-1,4,33262,2,0
360161,4,1,-1,7,25098,6,0
360162,4,0,-1,4,7248,12,0
360163,4,1,-1,7,56164,7,0
360164,4,1,-1,7,12682,20,0
360165,4,1,-1,7,9889,5,0
360166,4,1,-1,7,42573,3,0
360167,4,1,-1,7,56697,16,0
360168,4,1,-1,7,12696,20,0
360169,4,1,-1,7,26311,5,0
360170,4,1,-1,7,44161,7,0
360171,2,19,-1,0,28267,26,0
360172,2,7,-1,0,40686,13,3
360173,4,0,-1,4,15150,12,0
360174,4,1,-1,7,15863,1,0
360175,4,1,-1,7,42714,9,0
360176,4,0,-1,4,6001,12,0
360177,2,7,-1,0,40794,13,3
360178,4,1,-1,7,26435,6,0
360179,4,1,-1,7,43186,3,0
360180,4,0,-1,4,9658,2,0
360181,4,0,-1,4,31204,12,0
360182,2,19,-1,0,21098,26,0
360183,4,0,-1,4,26391,11,0
360184,4,0,-1,4,33287,2,0
360185,4,1,-1,7,52234,3,0
360186,4,0,-1,4,7570,2,0
360187,4,1,-1,7,11638,3,0
360188,4,1,-1,7,6291,10,0
360189,2,15,-1,0,32074,13,3
360190,4,1,-1,7,19991,3,0
360191,4,1,-1,7,13236,1,0
360192,2,19,-1,0,56614,26,0
360193,4,1,-1,7,28200,9,0
360194,4,1,-1,7,23029,16,0
360195,4,1,-1,7,13677,3,0
360196,4,1,-1,7,39886,7,0
360197,4,1,-1,7,44112,10,0
360198,2,10,-1,0,56080,17,2
360199,4,1,-1,7,35076,16,0
360200,4,0,-1,4,49267,2,0
360201,2,10,-1,0,34891,17,2
360202,4,1,-1,7,28788,3,0
360203,4,1,-1,7,28061,7,0
360204,4,1,-1,7,26247,3,0
360205,2,10,-1,0,22252,17,2
360206,4,1,-1,7,28642,6,0
360207,4,1,-1,7,40042,10,0
360208,4,1,-1,7,56301,6,0
360209,4,1,-1,7,56072,3,0
360210,4,1,-1,7,44483,8,0
360211,4,0,-1,4,30696,2,0
360212,4,1,-1,7,24291,8,0
360213,4,0,-1,4,31905,11,0
360214,4,1,-1,7,14661,10,0
360215,4,1,-1,7,55750,6,0
360216,4,1,-1,7,15399,6,0
360217,4,1,-1,7,24985,16,0
360218,4,1,-1,7,16830,6,0
360219,4,1,-1,7,23098,16,0
360220,4,1,-1,7,13357,7,0
360221,4,1,-1,7,15063,16,0
360222,4,1,-1,7,40702,10,0
360223,4,0,-1,4,16132,11,0
360224,4,1,-1,7,32724,6,0
360225,4,1,-1,7,43972,7,0
360226,4,0,-1,4,6486,11,0
360227,4,0,-1,4,33288,2,0
360228,4,1,-1,7,34599,6,0
360229,4,1,-1,7,18889,10,0
360230,4,1,-1,7,52544,1,0
360231,4,0,-1,4,31604,2,0
360232,4,1,-1,7,38787,7,0
360233,4,0,-1,4,6539,2,0
360234,4,0,-1,4,35367,11,0
360235,4,1,-1,7,12676,20,0
360236,4,0,-1,4,55012,12,0
360237,4,1,-1,7,19930,1,0
360238,4,1,-1,7,16856,8,0
360239,4,1,-1,7,25858,6,0
360240,4,1,-1,7,27800,20,0
360241,2,7,-1,0,20218,13,3
360242,4,1,-1,7,19506,5,0
360243,4,1,-1,7,26196,7,0
360244,4,0,-1,4,6521,12,0
360245,4,1,-1,7,16901,9,0
360246,4,0,-1,4,52417,2,0
360247,4,1,-1,7,60518,3,0
360248,4,1,-1,7,28298,16,0
360249,4,1,-1,7,14685,7,0
360250,4,1,-1,7,39976,5,0
360251,4,1,-1,7,37459,8,0
360252,4,0,-1,4,56339,11,0
360253,4,1,-1,7,28051,6,0
360254,4,1,-1,7,28170,6,0
360255,2,10,-1,0,50346,17,2
360256,4,1,-1,7,52458,20,0
360257,4,1,-1,7,16846,7,0
360258,4,1,-1,7,24893,5,0
360259,2,19,-1,0,28697,26,0
360260,4,1,-1,7,67049,1,0
360261,4,0,-1,4,38127,12,0
360262,4,1,-1,7,12395,7,0
360263,4,0,-1,4,31576,11,0
360264,4,1,-1,7,18832,8,0
360265,4,1,-1,7,34799,20,0
360266,4,1,-1,7,18376,1,0
360267,4,1,-1,7,3528,10,0
360268,2,19,-1,0,20821,26,0
360269,4,1,-1,7,56153,1,0
360270,4,1,-1,7,56537,16,0
360271,4,1,-1,7,4631,8,0
360272,4,1,-1,7,19921,8,0
360273,2,10,-1,0,28345,17,2
360274,4,1,-1,7,30697,6,0
360275,4,1,-1,7,43089,16,0
360276,4,1,-1,7,39782,3,0
360277,4,1,-1,7,4365,7,0
360278,2,15,-1,0,20398,13,3
360279,2,10,-1,0,47744,17,2
360280,4,1,-1,7,33150,20,0
360281,4,1,-1,7,43188,9,0
360282,2,15,-1,0,20472,13,3
360283,2,15,-1,0,20407,13,3
360284,4,1,-1,7,51783,6,0
360285,4,1,-1,7,53271,8,0
360286,4,1,-1,7,44255,3,0
360287,4,1,-1,7,26198,20,0
360288,4,1,-1,7,53642,10,0
360289,2,10,-1,0,20412,17,2
360290,4,1,-1,7,27033,16,0
360291,4,1,-1,7,23030,16,0
360292,4,1,-1,7,19110,20,0
360293,4,1,-1,7,52104,8,0
360294,4,1,-1,7,3179,7,0
360295,4,1,-1,7,43747,3,0
360296,4,1,-1,7,20476,10,0
360297,4,1,-1,7,37199,20,0
360298,4,0,-1,4,9859,2,0
360299,4,1,-1,7,29002,10,0
360300,4,1,-1,7,28061,7,0
360301,4,1,-1,7,52227,7,0
360302,4,1,-1,7,52361,20,0
360303,4,0,-1,4,38541,11,0
360304,4,1,-1,7,33999,1,0
360305,4,1,-1,7,19990,1,0
360306,4,1,-1,7,51044,9,0
360307,4,1,-1,7,43732,6,0
360308,4,1,-1,7,19932,6,0
360309,4,1,-1,7,26208,10,0
360310,4,1,-1,7,12388,7,0
360311,4,1,-1,7,14748,5,0
360312,4,1,-1,7,38276,7,0
360313,4,0,-1,4,9857,2,0
360314,4,1,-1,7,54508,10,0
360315,4,1,-1,7,26018,16,0
360316,4,1,-1,7,43759,1,0
360317,4,1,-1,7,26288,5,0
360318,4,1,-1,7,52110,6,0
360319,4,1,-1,7,16560,5,0
360320,4,1,-1,7,31534,6,0
360321,4,1,-1,7,19796,10,0
360322,4,1,-1,7,41811,1,0
360323,2,10,-1,0,20360,17,2
360324,4,1,-1,7,42568,10,0
360325,4,1,-1,7,19796,10,0
360326,4,0,-1,4,9857,2,0
360327,4,1,-1,7,37459,8,0
360328,2,7,-1,0,41950,13,3
360329,4,0,-1,4,6502,12,0
360330,4,0,-1,4,8232,12,0
360331,4,1,-1,7,28200,9,0
360332,4,0,-1,4,33288,2,0
360333,4,1,-1,7,28646,7,0
360334,4,1,-1,7,56696,16,0
360335,4,1,-1,7,43024,8,0
360336,4,1,-1,7,58331,10,0
360337,2,7,-1,0,28708,13,3
360338,4,1,-1,7,14152,10,0
360339,4,1,-1,7,16818,10,0
360340,4,1,-1,7,46065,6,0
360341,4,1,-1,7,16818,10,0
360342,4,1,-1,7,40645,3,0
360343,4,1,-1,7,61721,20,0
360344,4,1,-1,7,38942,7,0
360345,4,1,-1,7,19917,8,0
360346,2,15,-1,0,35961,13,3
360347,4,1,-1,7,18883,20,0
360348,2,15,-1,0,35245,13,3
360349,4,1,-1,7,25876,7,0
360350,4,0,-1,4,53194,2,0
360351,4,1,-1,7,39271,16,0
360352,4,0,-1,4,52454,2,0
360353,4,1,-1,7,44161,7,0
360354,2,15,-1,0,50126,13,3
360355,4,1,-1,7,15410,9,0
360356,4,1,-1,7,59517,5,0
360357,4,0,-1,4,51277,11,0
360358,4,1,-1,7,19953,20,0
360359,4,0,-1,4,56035,11,0
360360,4,1,-1,7,23053,16,0
360361,4,1,-1,7,57171,16,0
360362,4,1,-1,7,28411,5,0
360363,4,1,-1,7,20715,3,0
360364,4,1,-1,7,7533,7,0
360365,4,1,-1,7,52398,9,0
360366,4,1,-1,7,14613,7,0
360367,4,1,-1,7,25921,16,0
360368,4,1,-1,7,56953,9,0
360369,4,1,-1,7,19901,20,0
360370,4,0,-1,4,12987,11,0
360371,4,1,-1,7,4835,8,0
360372,4,1,-1,7,52220,20,0
360373,4,0,-1,4,33808,2,0
360374,4,1,-1,7,26260,7,0
360375,4,1,-1,7,56055,7,0
360376,4,1,-1,7,27220,16,0
360377,4,1,-1,7,28432,8,0
360378,4,1,-1,7,15863,1,0
360379,4,0,-1,4,39432,2,0
360380,4,1,-1,7,55943,16,0
360381,2,10,-1,0,28610,17,2
360382,4,0,-1,4,31499,12,0
360383,4,0,-1,4,64197,2,0
360384,4,0,-1,4,57689,12,0
360385,4,1,-1,7,56688,10,0
360386,4,0,-1,4,6006,12,0
360387,4,1,-1,7,14678,5,0
360388,2,10,-1,0,20420,17,2
360389,4,1,-1,7,16925,9,0
360390,4,1,-1,7,16561,7,0
360391,4,1,-1,7,56527,1,0
360392,4,1,-1,7,56093,6,0
360393,2,15,-1,0,26433,13,3
360394,2,19,-1,0,43774,26,0
360395,4,1,-1,7,23732,10,0
360396,4,1,-1,7,42681,7,0
360397,4,1,-1,7,48869,16,0
360398,4,1,-1,7,4511,6,0
360399,4,0,-1,4,56339,11,0
360400,4,1,-1,7,15248,16,0
360401,4,1,-1,7,48735,10,0
360402,4,1,-1,7,51301,3,0
360403,4,0,-1,4,38348,2,0
360404,4,1,-1,7,43082,8,0
360405,2,7,-1,0,7312,13,3
360406,4,1,-1,7,4511,6,0
360407,4,1,-1,7,16833,6,0
360408,4,1,-1,7,30667,8,0
360409,2,19,-1,0,39208,26,0
360410,4,0,-1,4,14433,11,0
360411,4,1,-1,7,30430,8,0
360412,2,19,-1,0,56893,26,0
360413,2,19,-1,0,6097,26,0
360414,4,1,-1,7,52068,3,0
360415,4,1,-1,7,14555,6,0
360416,4,1,-1,7,25970,9,0
360417,2,15,-1,0,22247,13,3
360418,2,15,-1,0,55573,13,3
360419,4,1,-1,7,13236,1,0
360420,4,1,-1,7,14735,6,0
360421,4,1,-1,7,52618,7,0
360422,4,0,-1,4,45351,2,0
360423,4,1,-1,7,42446,10,0
360424,4,1,-1,7,52210,8,0
360425,4,1,-1,7,34595,8,0
360426,2,19,-1,0,20793,26,0
360427,2,10,-1,0,15806,17,2
360428,4,1,-1,7,19796,10,0
360429,4,1,-1,7,16666,20,0
360430,4,1,-1,7,45480,16,0
360431,4,1,-1,7,53252,8,0
360432,4,1,-1,7,19951,7,0
360433,4,1,-1,7,42519,8,0
360434,4,1,-1,7,26136,6,0
360435,4,1,-1,7,23057,16,0
360436,4,1,-1,7,41548,3,0
360437,4,0,-1,4,14437,2,0
360438,2,19,-1,0,34636,26,0
360439,4,1,-1,7,32034,3,0
360440,4,1,-1,7,51783,6,0
360441,4,1,-1,7,24181,8,0
360442,4,1,-1,7,13357,7,0
360443,4,1,-1,7,37046,20,0
360444,4,1,-1,7,41463,1,0
360445,4,1,-1,7,19111,10,0
360446,4,1,-1,7,30425,6,0
360447,2,15,-1,0,43994,13,3
360448,4,0,-1,4,51230,11,0
360449,4,1,-1,7,16826,1,0
360450,4,1,-1,7,26225,8,0
360451,4,1,-1,7,19056,10,0
360452,4,1,-1,7,53097,20,0
360453,4,1,-1,7,51188,9,0
360454,4,0,-1,4,30799,2,0
360455,4,1,-1,7,56444,9,0
360456,4,1,-1,7,48387,10,0
360457,4,1,-1,7,34628,6,0
360458,4,1,-1,7,56011,3,0
360459,4,1,-1,7,23027,16,0
360460,4,1,-1,7,56070,16,0
360461,4,1,-1,7,51042,6,0
360462,4,1,-1,7,55001,7,0
360463,4,0,-1,4,2618,12,0
360464,4,1,-1,7,42448,7,0
360465,4,1,-1,7,19910,6,0
360466,4,1,-1,7,52387,9,0
360467,4,1,-1,7,3173,7,0
360468,4,0,-1,4,18397,11,0
360469,4,1,-1,7,28421,6,0
360470,4,1,-1,7,26083,7,0
360471,4,1,-1,7,44451,9,0
360472,4,1,-1,7,59433,8,0
360473,4,1,-1,7,44451,9,0
360474,4,1,-1,7,55570,3,0
360475,4,1,-1,7,48690,9,0
360476,2,15,-1,0,26464,13,3
360477,2,10,-1,0,64352,17,2
360478,4,1,-1,7,14615,7,0
360479,4,1,-1,7,39094,3,0
360480,4,1,-1,7,28200,9,0
360481,4,0,-1,4,9854,2,0
360482,4,1,-1,7,42102,6,0
360483,4,1,-1,7,26214,1,0
360484,4,1,-1,7,17143,10,0
360485,4,1,-1,7,39391,16,0
360486,4,1,-1,7,39368,8,0
360487,4,1,-1,7,26096,3,0
360488,4,1,-1,7,52348,10,0
360489,2,10,-1,0,20372,17,2
360490,4,1,-1,7,13672,3,0
360491,4,1,-1,7,11533,6,0
360492,4,1,-1,7,56056,7,0
360493,4,0,-1,4,9658,2,0
360494,4,1,-1,7,56691,7,0
360495,4,0,-1,4,6539,2,0
360496,4,1,-1,7,14711,7,0
360497,4,1,-1,7,17234,3,0
360498,4,1,-1,7,28079,6,0
360499,4,0,-1,4,39689,2,0
360500,4,0,-1,4,26391,11,0
360501,4,1,-1,7,19402,1,0
360502,4,1,-1,7,27479,20,0
360503,4,1,-1,7,12439,8,0
360504,4,1,-1,7,16850,7,0
360505,4,1,-1,7,43073,10,0
360506,4,1,-1,7,28170,6,0
360507,2,10,-1,0,20432,17,2
360508,4,0,-1,4,18397,11,0
360509,4,0,-1,4,20769,11,0
360510,4,1,-1,7,24932,20,0
360511,4,1,-1,7,38736,6,0
360512,4,0,-1,4,9853,2,0
360513,4,1,-1,7,56509,1,0
360514,4,1,-1,7,42572,7,0
360515,4,0,-1,4,51458,11,0
360516,4,1,-1,7,27473,20,0
360517,2,10,-1,0,39172,17,2
360518,4,0,-1,4,31387,12,0
360519,4,0,-1,4,41449,12,0
360520,4,1,-1,7,25884,16,0
360521,4,1,-1,7,56572,3,0
360522,4,1,-1,7,26208,10,0
360523,4,1,-1,7,37437,6,0
360524,2,15,-1,0,33069,13,3
360525,2,7,-1,0,48061,13,3
360526,4,1,-1,7,50059,16,0
360527,4,1,-1,7,16636,9,0
360528,4,1,-1,7,61421,20,0
360529,4,1,-1,7,43005,10,0
360530,4,1,-1,7,18883,20,0
360531,4,1,-1,7,43894,1,0
360532,4,1,-1,7,28715,7,0
360533,4,1,-1,7,29929,6,0
360534,4,1,-1,7,14749,8,0
360535,2,7,-1,0,53477,13,3
360536,4,1,-1,7,14323,10,0
360537,2,15,-1,0,46458,13,3
360538,4,1,-1,7,22991,16,0
360539,4,0,-1,4,9658,2,0
360540,4,1,-1,7,19932,6,0
360541,4,1,-1,7,28200,9,0
360542,4,1,-1,7,14735,6,0
360543,4,1,-1,7,25957,6,0
360544,4,0,-1,4,3673,12,0
360545,4,1,-1,7,59073,6,0
360546,2,10,-1,0,20424,17,2
360547,4,1,-1,7,16869,9,0
360548,4,1,-1,7,55878,10,0
360549,2,19,-1,0,34636,26,0
360550,4,1,-1,7,26171,8,0
360551,4,1,-1,7,48690,9,0
360552,2,10,-1,0,20293,17,2
360553,4,1,-1,7,25858,6,0
360554,4,1,-1,7,12653,20,0
360555,4,1,-1,7,9559,9,0
360556,4,1,-1,7,16809,8,0
360557,2,10,-1,0,20373,17,2
360558,4,1,-1,7,55607,20,0
360559,4,1,-1,7,53097,20,0
360560,4,0,-1,4,63958,11,0
360561,4,1,-1,7,28642,6,0
360562,4,0,-1,4,28831,11,0
360563,4,0,-1,4,43332,11,0
360564,4,1,-1,7,31135,10,0
360565,4,1,-1,7,56539,8,0
360566,4,1,-1,7,25231,10,0
360567,4,0,-1,4,12643,11,0
360568,4,1,-1,7,14625,7,0
360569,4,1,-1,7,14624,6,0
360570,4,1,-1,7,27862,1,0
360571,4,1,-1,7,25098,6,0
360572,4,1,-1,7,24928,16,0
360573,4,1,-1,7,15820,20,0
360574,4,1,-1,7,30698,7,0
360575,4,0,-1,4,31204,12,0
360576,4,1,-1,7,28619,9,0
360577,4,1,-1,7,16826,1,0
360578,4,1,-1,7,53381,1,0
360579,4,0,-1,4,39918,12,0
360580,4,1,-1,7,52441,8,0
360581,2,19,-1,0,56894,26,0
360582,4,1,-1,7,51842,6,0
360583,4,1,-1,7,56131,7,0
360584,4,1,-1,7,25999,10,0
360585,4,1,-1,7,26038,20,0
360586,2,15,-1,0,40158,13,3
360587,4,1,-1,7,16915,9,0
360588,4,0,-1,4,51458,11,0
360589,4,1,-1,7,19009,7,0
360590,4,1,-1,7,26298,3,0
360591,2,19,-1,0,57176,26,0
360592,4,0,-1,4,4284,11,0
360593,4,1,-1,7,30697,6,0
360594,4,1,-1,7,51534,16,0
360595,4,0,-1,4,33287,2,0
360596,4,1,-1,7,12673,20,0
360597,2,15,-1,0,20315,13,3
360598,4,1,-1,7,27542,5,0
360599,4,1,-1,7,38941,5,0
360600,4,1,-1,7,42567,20,0
360601,4,1,-1,7,56870,7,0
360602,4,1,-1,7,26284,6,0
360603,4,0,-1,4,43701,2,0
360604,4,1,-1,7,28299,16,0
360605,2,10,-1,0,58928,17,2
360606,4,0,-1,4,40034,11,0
360607,4,1,-1,7,15319,1,0
360608,4,1,-1,7,35380,8,0
360609,4,1,-1,7,27855,3,0
360610,4,0,-1,4,31604,2,0
360611,2,10,-1,0,53207,17,2
360612,4,1,-1,7,47433,1,0
360613,4,1,-1,7,39334,8,0
360614,4,1,-1,7,14685,7,0
360615,4,1,-1,7,55885,7,0
360616,4,1,-1,7,25998,6,0
360617,4,1,-1,7,25957,6,0
360618,4,1,-1,7,27673,16,0
360619,4,1,-1,7,15267,16,0
360620,4,0,-1,4,15150,12,0
360621,4,1,-1,7,56011,3,0
360622,4,1,-1,7,26284,6,0
360623,4,0,-1,4,6494,2,0
360624,4,1,-1,7,17123,20,0
360625,2,15,-1,0,6455,13,3
360626,2,15,-1,0,49207,13,3
360627,4,1,-1,7,40701,9,0
360628,4,1,-1,7,51842,6,0
360629,4,1,-1,7,19932,6,0
360630,4,1,-1,7,12653,20,0
360631,4,1,-1,7,15156,16,0
360632,4,1,-1,7,26008,8,0
360633,2,7,-1,0,46839,13,3
360634,4,1,-1,7,52464,8,0
360635,4,1,-1,7,34579,3,0
360636,4,1,-1,7,25857,8,0
360637,4,1,-1,7,17120,8,0
360638,2,15,-1,0,50119,13,3
360639,4,1,-1,7,12345,7,0
360640,4,0,-1,4,32008,2,0
360641,2,15,-1,0,56076,13,3
360642,4,1,-1,7,44372,16,0
360643,4,1,-1,7,55882,10,0
360644,4,1,-1,7,27754,3,0
360645,4,0,-1,4,6502,2,0
360646,2,10,-1,0,39429,17,2
360647,4,1,-1,7,19812,7,0
360648,4,1,-1,7,19899,10,0
360649,4,1,-1,7,52231,20,0
360650,4,1,-1,7,16224,1,0
360651,4,1,-1,7,44458,16,0
360652,4,1,-1,7,16856,8,0
360653,2,15,-1,0,20354,13,3
360654,4,1,-1,7,24977,10,0
360655,4,1,-1,7,22426,7,0
360656,4,1,-1,7,42372,3,0
360657,4,1,-1,7,28051,6,0
360658,4,1,-1,7,42110,7,0
360659,4,1,-1,7,55877,20,0
360660,2,10,-1,0,38345,17,2
360661,4,1,-1,7,16642,10,0
360662,4,1,-1,7,51109,20,0
360663,4,1,-1,7,43893,1,0
360664,2,15,-1,0,49373,13,3
360665,4,1,-1,7,64258,1,0
360666,4,1,-1,7,55364,7,0
360667,4,1,-1,7,9997,3,0
360668,4,1,-1,7,51837,10,0
360669,2,7,-1,0,43733,13,3
360670,4,1,-1,7,16603,6,0
360671,4,1,-1,7,22843,5,0
360672,4,1,-1,7,52472,7,0
360673,4,1,-1,7,9559,9,0
360674,4,1,-1,7,16642,10,0
360675,4,1,-1,7,28730,6,0
360676,4,1,-1,7,23133,16,0
360677,4,1,-1,7,56496,8,0
360678,4,1,-1,7,41972,1,0
360679,4,1,-1,7,56522,6,0
360680,4,1,-1,7,42571,1,0
360681,4,1,-1,7,16825,1,0
360682,4,1,-1,7,26142,20,0
360683,4,0,-1,4,16132,11,0
360684,4,1,-1,7,16723,6,0
360685,4,1,-1,7,43150,6,0
360686,4,1,-1,7,16572,3,0
360687,4,0,-1,4,51279,11,0
360688,4,1,-1,7,14498,7,0
360689,4,1,-1,7,37451,20,0
360690,4,1,-1,7,28079,6,0
360691,4,1,-1,7,23059,16,0
360692,4,1,-1,7,43893,1,0
360693,4,1,-1,7,27220,16,0
360694,4,0,-1,4,9823,11,0
360695,4,1,-1,7,16826,1,0
360696,4,1,-1,7,26027,16,0
360697,4,1,-1,7,56538,16,0
360698,4,1,-1,7,25098,6,0
360699,4,1,-1,7,28323,20,0
360700,4,1,-1,7,26149,6,0
360701,4,1,-1,7,26302,1,0
360702,4,1,-1,7,24943,7,0
360703,4,1,-1,7,46155,8,0
360704,4,1,-1,7,16826,1,0
360705,4,1,-1,7,31625,10,0
360706,4,1,-1,7,14601,9,0
360707,4,1,-1,7,18999,10,0
360708,4,1,-1,7,18949,5,0
360709,2,10,-1,0,64352,17,2
360710,4,1,-1,7,56072,3,0
360711,4,1,-1,7,25880,5,0
360712,4,1,-1,7,12393,20,0
360713,4,0,-1,4,52820,12,0
360714,4,1,-1,7,31602,6,0
360715,4,1,-1,7,26015,16,0
360716,4,1,-1,7,24616,10,0
360717,4,1,-1,7,24177,10,0
360718,4,1,-1,7,52448,3,0
360719,4,0,-1,4,35130,12,0
360720,4,1,-1,7,52227,7,0
360721,4,1,-1,7,39011,3,0
360722,4,0,-1,4,52417,2,0
360723,4,1,-1,7,12718,20,0
360724,4,1,-1,7,11946,3,0
360725,4,1,-1,7,52217,7,0
360726,2,10,-1,0,56080,17,2
360727,4,1,-1,7,51040,5,0
360728,4,1,-1,7,14152,10,0
360729,4,1,-1,7,4272,8,0
360730,4,1,-1,7,35974,20,0
360731,4,1,-1,7,28741,10,0
360732,4,1,-1,7,55896,20,0
360733,4,1,-1,7,52624,20,0
360734,4,1,-1,7,12672,20,0
360735,4,1,-1,7,22422,1,0
360736,4,1,-1,7,18376,1,0
360737,4,1,-1,7,23057,16,0
360738,4,1,-1,7,16791,7,0
360739,4,1,-1,7,55993,6,0
360740,4,1,-1,7,28974,1,0
360741,4,1,-1,7,65282,7,0
360742,4,0,-1,4,9853,2,0
360743,4,1,-1,7,4511,6,0
360744,4,0,-1,4,31908,11,0
360745,4,1,-1,7,28200,9,0
360746,4,1,-1,7,16823,1,0
360747,4,1,-1,7,20476,10,0
360748,4,1,-1,7,16787,6,0
360749,2,7,-1,0,50509,13,3
360750,4,1,-1,7,15223,20,0
360751,4,1,-1,7,38974,6,0
360752,4,0,-1,4,34491,2,0
360753,4,0,-1,4,6562,12,0
360754,4,1,-1,7,16572,3,0
360755,4,1,-1,7,43220,10,0
360756,2,15,-1,0,28199,13,3
360757,2,19,-1,0,20825,26,0
360758,4,1,-1,7,13236,1,0
360759,4,1,-1,7,39623,8,0
360760,4,1,-1,7,28140,7,0
360761,4,1,-1,7,27601,9,0
360762,4,0,-1,4,24060,12,0
360763,4,1,-1,7,55993,6,0
360764,4,1,-1,7,28657,6,0
360765,2,10,-1,0,28502,17,2
360766,4,1,-1,7,14679,8,0
360767,4,1,-1,7,16918,9,0
360768,4,1,-1,7,13236,1,0
360769,2,10,-1,0,20356,17,2
360770,4,0,-1,4,9854,2,0
360771,4,0,-1,4,51277,11,0
360772,4,1,-1,7,12687,20,0
360773,4,1,-1,7,56301,6,0
360774,4,1,-1,7,16838,6,0
360775,4,0,-1,4,9838,11,0
360776,4,1,-1,7,24896,10,0
360777,4,1,-1,7,44265,1,0
360778,4,1,-1,7,29908,3,0
360779,4,1,-1,7,14498,7,0
360780,4,1,-1,7,57706,1,0
360781,4,1,-1,7,58980,8,0
360782,4,1,-1,7,51781,7,0
360783,4,1,-1,7,30806,9,0
360784,4,1,-1,7,12386,20,0
360785,4,1,-1,7,26053,20,0
360786,4,1,-1,7,23066,16,0
360787,4,0,-1,4,7397,12,0
360788,4,1,-1,7,31135,10,0
360789,4,0,-1,4,56027,11,0
360790,4,1,-1,7,45177,1,0
360791,4,1,-1,7,51781,7,0
360792,4,0,-1,4,33534,11,0
360793,2,10,-1,0,28467,17,2
360794,2,15,-1,0,20292,13,3
360795,2,15,-1,0,56226,13,3
360796,4,0,-1,4,35472,11,0
360797,4,1,-1,7,18999,10,0
360798,4,1,-1,7,28612,3,0
360799,4,1,-1,7,16821,8,0
360800,4,0,-1,4,15422,11,0
360801,2,19,-1,0,43774,26,0
360802,2,10,-1,0,28699,17,2
360803,4,1,-1,7,15248,16,0
360804,4,1,-1,7,10169,3,0
360805,4,1,-1,7,54788,20,0
360806,4,1,-1,7,43004,3,0
360807,2,15,-1,0,35390,13,3
360808,2,10,-1,0,20432,17,2
360809,4,1,-1,7,26290,10,0
360810,4,1,-1,7,45770,1,0
360811,4,1,-1,7,51851,9,0
360812,4,1,-1,7,12394,5,0
360813,4,1,-1,7,28645,8,0
360814,4,1,-1,7,35974,20,0
360815,4,1,-1,7,12682,20,0
360816,4,1,-1,7,16866,6,0
360817,4,0,-1,4,52454,2,0
360818,4,1,-1,7,14752,6,0
360819,4,1,-1,7,23048,16,0
360820,4,1,-1,7,16838,6,0
360821,4,1,-1,7,39510,3,0
360822,4,1,-1,7,18337,9,0
360823,4,0,-1,4,38541,11,0
360824,4,0,-1,4,39916,12,0
360825,4,1,-1,7,31625,10,0
360826,4,1,-1,7,28067,1,0
360827,4,1,-1,7,51154,5,0
360828,4,1,-1,7,18271,10,0
360829,4,1,-1,7,28050,9,0
360830,4,1,-1,7,23136,16,0
360831,4,1,-1,7,43183,20,0
360832,4,1,-1,7,51413,6,0
360833,4,1,-1,7,14644,7,0
360834,4,1,-1,7,43221,1,0
360835,4,1,-1,7,28305,9,0
360836,4,1,-1,7,39885,5,0
360837,4,0,-1,4,43706,11,0
360838,4,1,-1,7,25885,10,0
360839,4,1,-1,7,24354,7,0
360840,2,19,-1,0,21011,26,0
360841,4,1,-1,7,52113,9,0
360842,2,7,-1,0,39025,13,3
360843,4,1,-1,7,44255,3,0
360844,2,7,-1,0,43090,13,3
360845,4,1,-1,7,41483,8,0
360846,4,1,-1,7,55943,16,0
360847,4,1,-1,7,61170,7,0
360848,4,0,-1,4,6539,2,0
360849,4,1,-1,7,18271,10,0
360850,2,10,-1,0,5111,17,2
360851,4,1,-1,7,28013,9,0
360852,4,0,-1,4,18087,12,0
360853,4,1,-1,7,6295,10,0
360854,4,1,-1,7,28597,8,0
360855,2,10,-1,0,20415,17,2
360856,4,1,-1,7,26275,10,0
360857,4,1,-1,7,11421,7,0
360858,4,0,-1,4,6502,2,0
360859,2,15,-1,0,6440,13,3
360860,4,1,-1,7,35380,8,0
360861,4,1,-1,7,27850,16,0
360862,4,1,-1,7,23133,16,0
360863,4,0,-1,4,28733,11,0
360864,4,1,-1,7,12345,7,0
360865,4,1,-1,7,48921,20,0
360866,4,0,-1,4,26391,11,0
360867,4,1,-1,7,16561,7,0
360868,4,1,-1,7,59670,1,0
360869,4,0,-1,4,39681,11,0
360870,4,0,-1,4,56782,12,0
360871,4,1,-1,7,28042,16,0
360872,4,0,-1,4,22415,11,0
360873,4,1,-1,7,28057,9,0
360874,2,7,-1,0,41179,13,3
360875,4,0,-1,4,15422,11,0
360876,4,1,-1,7,16642,10,0
360877,4,1,-1,7,19563,1,0
360878,4,1,-1,7,36676,20,0
360879,4,1,-1,7,52225,10,0
360880,4,1,-1,7,31625,10,0
360881,4,1,-1,7,26168,9,0
360882,4,1,-1,7,8677,5,0
360883,4,1,-1,7,30693,9,0
360884,4,0,-1,4,33262,2,0
360885,4,1,-1,7,36676,20,0
360886,4,1,-1,7,20476,10,0
360887,2,7,-1,0,31400,13,3
360888,4,1,-1,7,16632,7,0
360889,4,1,-1,7,19061,7,0
360890,4,0,-1,4,33262,2,0
360891,4,1,-1,7,14685,7,0
360892,4,1,-1,7,22420,1,0
360893,4,1,-1,7,16901,9,0
360894,4,1,-1,7,3173,7,0
360895,4,1,-1,7,18883,20,0
360896,4,1,-1,7,16946,10,0
360897,4,1,-1,7,16829,6,0
360898,4,1,-1,7,51359,9,0
360899,4,0,-1,4,54488,11,0
360900,4,0,-1,4,59327,11,0
360901,4,1,-1,7,45219,7,0
360902,4,1,-1,7,44066,9,0
360903,4,1,-1,7,15089,16,0
360904,4,1,-1,7,61423,7,0
360905,4,1,-1,7,27477,20,0
360906,4,0,-1,4,31906,11,0
360907,4,1,-1,7,28731,16,0
360908,4,1,-1,7,51045,20,0
360909,4,1,-1,7,43747,3,0
360910,4,1,-1,7,54189,7,0
360911,4,0,-1,4,40039,12,0
360912,4,1,-1,7,52420,7,0
360913,4,1,-1,7,38344,6,0
360914,4,0,-1,4,52454,2,0
360915,4,1,-1,7,16934,9,0
360916,4,1,-1,7,16918,9,0
360917,4,1,-1,7,51334,7,0
360918,4,0,-1,4,23949,12,0
360919,4,1,-1,7,61243,10,0
360920,4,1,-1,7,51191,8,0
360921,2,10,-1,0,20259,17,2
360922,4,1,-1,7,59297,9,0
360923,4,1,-1,7,59042,6,0
360924,4,1,-1,7,26119,20,0
360925,4,1,-1,7,18991,10,0
360926,4,1,-1,7,52337,20,0
360927,2,7,-1,0,44546,13,3
360928,4,1,-1,7,16642,10,0
360929,4,1,-1,7,27614,6,0
360930,4,1,-1,7,16717,6,0
360931,4,0,-1,4,43125,2,0
360932,2,7,-1,0,20030,13,3
360933,4,1,-1,7,26284,6,0
360934,4,1,-1,7,37446,10,0
360935,4,1,-1,7,12669,20,0
360936,4,1,-1,7,51154,5,0
360937,4,1,-1,7,25247,3,0
360938,2,19,-1,0,20834,26,0
360939,4,1,-1,7,46932,10,0
360940,4,1,-1,7,26154,10,0
360941,4,1,-1,7,16831,6,0
360942,4,1,-1,7,55987,8,0
360943,2,15,-1,0,53470,13,3
360944,4,1,-1,7,49230,16,0
360945,4,1,-1,7,16787,6,0
360946,4,1,-1,7,55663,16,0
360947,4,0,-1,4,28830,11,0
360948,4,1,-1,7,43747,3,0
360949,4,1,-1,7,60549,10,0
360950,2,15,-1,0,20425,13,3
360951,4,1,-1,7,38542,6,0
360952,4,0,-1,4,52439,11,0
360953,4,1,-1,7,23133,16,0
360954,4,1,-1,7,28656,9,0
360955,4,1,-1,7,10508,10,0
360956,4,0,-1,4,34491,2,0
360957,2,10,-1,0,38347,17,2
360958,4,1,-1,7,45263,6,0
360959,4,1,-1,7,23044,16,0
360960,2,7,-1,0,28607,13,3
360961,4,1,-1,7,24601,20,0
360962,4,1,-1,7,23025,16,0
360963,4,0,-1,4,9086,2,0
360964,2,19,-1,0,40146,26,0
360965,4,1,-1,7,28098,20,0
360966,4,1,-1,7,38276,7,0
360967,4,1,-1,7,25978,16,0
360968,4,1,-1,7,58331,10,0
360969,4,1,-1,7,27473,20,0
360970,4,1,-1,7,11060,8,0
360971,4,1,-1,7,53094,10,0
360972,4,1,-1,7,15247,16,0
360973,2,10,-1,0,50345,17,2
360974,4,1,-1,7,18863,8,0
360975,4,1,-1,7,16934,9,0
360976,4,1,-1,7,56953,9,0
360977,2,15,-1,0,16130,13,3
360978,4,1,-1,7,21964,7,0
360979,2,7,-1,0,56343,13,3
360980,2,19,-1,0,20851,26,0
360981,4,0,-1,4,6539,2,0
360982,4,1,-1,7,40701,9,0
360983,4,1,-1,7,16862,5,0
360984,4,1,-1,7,13500,8,0
360985,4,1,-1,7,49361,3,0
360986,4,1,-1,7,58332,7,0
360987,4,1,-1,7,32072,16,0
360988,4,1,-1,7,28612,3,0
360989,4,0,-1,4,41936,12,0
360990,4,1,-1,7,42980,7,0
360991,2,19,-1,0,61271,26,0
360992,4,1,-1,7,52225,10,0
360993,4,1,-1,7,52221,6,0
360994,4,1,-1,7,51293,1,0
360995,4,1,-1,7,31139,8,0
360996,4,1,-1,7,16673,20,0
360997,4,1,-1,7,51355,9,0
360998,4,1,-1,7,13673,3,0
360999,4,1,-1,7,26086,8,0
380000,2,10,-1,0,20269,17,2
380001,2,10,-1,0,20258,17,2
380002,4,2,-1,8,49849,3,0
380003,4,2,-1,8,38267,5,0
380004,2,5,-1,0,40904,17,1
380005,4,2,-1,8,61707,8,0
380006,4,2,-1,8,35381,8,0
380007,4,2,-1,8,41843,1,0
380008,4,0,-1,4,39916,12,0
380009,4,2,-1,8,14950,3,0
380010,4,1,-1,7,56190,16,0
380011,4,2,-1,8,56071,20,0
380012,4,1,-1,7,27161,16,0
380013,2,10,-1,0,51602,17,2
380014,2,10,-1,0,20356,17,2
380015,4,2,-1,8,8753,1,0
380016,4,0,-1,4,38560,2,0
380017,4,0,-1,4,32678,11,0
380018,4,0,-1,4,7841,12,0
380019,4,2,-1,8,49898,3,0
380020,4,0,-1,4,56513,12,0
380021,4,2,-1,8,28002,3,0
380022,2,4,-1,0,19673,13,3
380023,4,2,-1,8,7560,7,0
380024,4,2,-1,8,38356,7,0
380025,4,2,-1,8,56355,9,0
380026,4,0,-1,4,54513,11,0
380027,4,2,-1,8,31797,20,0
380028,4,8,-1,0,40048,28,0
380029,4,2,-1,8,64494,10,0
380030,4,0,-1,4,31906,11,0
380031,4,2,-1,8,8753,1,0
380032,2,10,-1,0,20420,17,2
380033,4,1,-1,7,15148,16,0
380034,2,6,-1,0,28764,17,1
380035,4,0,-1,4,7248,12,0
380036,4,2,-1,8,64373,9,0
380037,4,2,-1,8,38350,9,0
380038,4,2,-1,8,38267,5,0
380039,4,2,-1,8,45029,9,0
380040,4,0,-1,4,43701,2,0
380041,4,2,-1,8,6787,9,0
380042,4,2,-1,8,9538,6,0
380043,4,8,-1,0,34954,28,0
380044,4,2,-1,8,17199,1,0
380045,4,2,-1,8,43181,3,0
380046,4,0,-1,4,6539,2,0
380047,4,0,-1,4,15421,2,0
380048,4,2,-1,8,43222,5,0
380049,2,5,-1,0,5226,17,1
380050,4,2,-1,8,38416,8,0
380051,4,2,-1,8,38356,7,0
380052,4,2,-1,8,27990,10,0
380053,4,2,-1,8,64559,5,0
380054,4,2,-1,8,39701,6,0
380055,4,2,-1,8,27718,8,0
380056,4,2,-1,8,14996,8,0
380057,4,2,-1,8,9502,5,0
380058,4,2,-1,8,56610,10,0
380059,4,2,-1,8,28704,3,0
380060,4,2,-1,8,43066,3,0
380061,4,2,-1,8,14261,5,0
380062,2,5,-1,0,39527,17,1
380063,4,0,-1,4,22639,12,0
380064,4,2,-1,8,27634,8,0
380065,4,2,-1,8,17017,9,0
380066,4,2,-1,8,29941,1,0
380067,4,2,-1,8,44186,9,0
380068,2,5,-1,0,28524,17,1
380069,4,2,-1,8,51868,10,0
380070,4,2,-1,8,17159,8,0
380071,4,2,-1,8,14674,5,0
380072,4,2,-1,8,56349,8,0
380073,4,2,-1,8,16931,6,0
380074,4,2,-1,8,28014,7,0
380075,4,2,-1,8,56988,10,0
380076,4,1,-1,7,27143,16,0
380077,4,0,-1,4,31481,12,0
380078,4,2,-1,8,49925,6,0
380079,4,2,-1,8,54923,7,0
380080,4,2,-1,8,27523,3,0
380081,4,2,-1,8,39032,1,0
380082,4,1,-1,7,15079,16,0
380083,4,2,-1,8,42314,7,0
380084,2,10,-1,0,20424,17,2
380085,4,2,-1,8,38654,9,0
380086,4,2,-1,8,4485,10,0
380087,4,1,-1,7,32320,16,0
380088,4,2,-1,8,49912,10,0
380089,2,10,-1,0,50345,17,2
380090,4,0,-1,4,40047,2,0
380091,4,0,-1,4,53133,2,0
380092,2,5,-1,0,50252,17,1
380093,4,2,-1,8,18367,8,0
380094,4,2,-1,8,25689,5,0
380095,4,2,-1,8,15302,1,0
380096,4,2,-1,8,18471,5,0
380097,4,2,-1,8,48362,8,0
380098,4,0,-1,4,6011,11,0
380099,4,2,-1,8,28253,3,0
380100,4,1,-1,7,25958,16,0
380101,4,2,-1,8,48753,7,0
380102,4,1,-1,7,50061,16,0
380103,4,8,-1,0,51424,28,0
380104,4,0,-1,4,24569,11,0
380105,2,10,-1,0,20275,17,2
380106,4,0,-1,4,1103,12,0
380107,4,0,-1,4,26391,11,0
380108,2,10,-1,0,56248,17,2
380109,4,2,-1,8,28149,6,0
380110,2,5,-1,0,8586,17,1
380111,4,2,-1,8,13343,8,0
380112,4,2,-1,8,44482,3,0
380113,4,0,-1,4,9854,2,0
380114,4,2,-1,8,56701,1,0
380115,4,2,-1,8,56372,5,0
380116,4,0,-1,4,33808,2,0
380117,4,2,-1,8,27732,3,0
380118,4,2,-1,8,8908,5,0
380119,4,2,-1,8,703,8,0
380120,4,2,-1,8,43727,9,0
380121,4,2,-1,8,37433,9,0
380122,4,0,-1,4,7245,12,0
380123,4,2,-1,8,56679,5,0
380124,4,2,-1,8,6718,7,0
380125,2,10,-1,0,37290,17,2
380126,4,1,-1,7,50050,16,0
380127,4,0,-1,4,1399,2,0
380128,4,1,-1,7,44630,16,0
380129,4,2,-1,8,17099,5,0
380130,4,1,-1,7,18133,16,0
380131,4,2,-1,8,33132,10,0
380132,4,2,-1,8,21310,1,0
380133,4,2,-1,8,28176,3,0
380134,2,15,-1,0,20398,13,3
380135,2,5,-1,0,19627,17,1
380136,4,2,-1,8,18939,3,0
380137,4,2,-1,8,51319,6,0
380138,4,2,-1,8,28704,3,0
380139,4,2,-1,8,14698,10,0
380140,4,2,-1,8,21310,1,0
380141,4,2,-1,8,64423,5,0
380142,4,2,-1,8,6739,9,0
380143,4,2,-1,8,8098,3,0
380144,2,10,-1,0,22144,17,2
380145,4,2,-1,8,56703,5,0
380146,2,6,-1,0,28764,17,1
380147,4,2,-1,8,14316,3,0
380148,4,2,-1,8,42953,20,0
380149,2,5,-1,0,43531,17,1
380150,4,0,-1,4,51277,11,0
380151,4,2,-1,8,43071,8,0
380152,2,10,-1,0,59623,17,2
380153,4,0,-1,4,224,11,0
380154,4,2,-1,8,21294,1,0
380155,4,2,-1,8,39496,8,0
380156,4,2,-1,8,3169,3,0
380157,4,2,-1,8,27731,7,0
380158,4,0,-1,4,30799,2,0
380159,4,2,-1,8,56337,6,0
380160,4,2,-1,8,18935,7,0
380161,4,2,-1,8,18434,7,0
380162,2,6,-1,0,39894,17,1
380163,4,2,-1,8,29954,6,0
380164,4,2,-1,8,19911,3,0
380165,4,2,-1,8,43236,5,0
380166,4,1,-1,7,15248,16,0
380167,4,2,-1,8,39223,8,0
380168,4,2,-1,8,19043,8,0
380169,4,2,-1,8,1963,7,0
380170,4,2,-1,8,6718,7,0
380171,4,2,-1,8,51529,20,0
380172,4,0,-1,4,38127,12,0
380173,4,2,-1,8,9503,10,0
380174,2,15,-1,0,2708,13,3
380175,4,2,-1,8,25702,10,0
380176,4,2,-1,8,51715,3,0
380177,2,5,-1,0,45350,17,1
380178,4,2,-1,8,18322,1,0
380179,4,2,-1,8,44187,8,0
380180,4,2,-1,8,32036,9,0
380181,4,0,-1,4,224,11,0
380182,4,2,-1,8,28008,7,0
380183,4,0,-1,4,56567,11,0
380184,4,2,-1,8,16497,3,0
380185,4,8,-1,0,39635,28,0
380186,4,1,-1,7,50058,16,0
380187,4,2,-1,8,8676,5,0
380188,4,0,-1,4,4284,11,0
380189,4,2,-1,8,14537,7,0
380190,4,2,-1,8,31531,5,0
380191,4,2,-1,8,28745,3,0
380192,4,2,-1,8,45428,7,0
380193,2,5,-1,0,19646,17,1
380194,4,2,-1,8,43066,3,0
380195,4,0,-1,4,37552,12,0
380196,4,2,-1,8,59416,6,0
380197,4,0,-1,4,22639,12,0
380198,4,2,-1,8,60536,1,0
380199,4,1,-1,7,61563,16,0
380200,4,2,-1,8,25686,7,0
380201,4,2,-1,8,15415,10,0
380202,2,5,-1,0,6808,17,1
380203,4,2,-1,8,48746,1,0
380204,4,2,-1,8,56497,6,0
380205,4,2,-1,8,11368,5,0
380206,4,2,-1,8,17215,8,0
380207,4,2,-1,8,41852,1,0
380208,4,2,-1,8,34689,5,0
380209,2,5,-1,0,19612,17,1
380210,4,2,-1,8,14316,3,0
380211,4,2,-1,8,1978,7,0
380212,4,2,-1,8,55908,5,0
380213,4,2,-1,8,27578,7,0
380214,4,0,-1,4,53566,2,0
380215,4,8,-1,0,45315,28,0
380216,2,5,-1,0,16146,17,1
380217,4,2,-1,8,25709,8,0
380218,4,2,-1,8,43170,10,0
380219,4,2,-1,8,17127,6,0
380220,4,2,-1,8,40154,6,0
380221,4,2,-1,8,43177,5,0
380222,4,2,-1,8,37460,7,0
380223,4,2,-1,8,44006,5,0
380224,4,2,-1,8,55749,8,0
380225,4,2,-1,8,17160,7,0
380226,4,2,-1,8,30654,7,0
380227,4,0,-1,4,39128,11,0
380228,2,10,-1,0,30711,17,2
380229,4,2,-1,8,13259,1,0
380230,4,2,-1,8,46938,3,0
380231,4,2,-1,8,9380,7,0
380232,4,2,-1,8,11832,8,0
380233,4,2,-1,8,27886,1,0
380234,4,2,-1,8,27581,1,0
380235,4,2,-1,8,7545,6,0
380236,4,0,-1,4,39917,12,0
380237,4,2,-1,8,49264,1,0
380238,4,2,-1,8,27715,10,0
380239,4,0,-1,4,51719,2,0
380240,4,2,-1,8,19995,3,0
380241,4,2,-1,8,4385,8,0
380242,4,2,-1,8,9511,5,0
380243,2,6,-1,0,37410,17,1
380244,4,0,-1,4,33262,2,0
380245,4,0,-1,4,39023,2,0
380246,4,2,-1,8,14728,9,0
380247,4,2,-1,8,17122,6,0
380248,4,0,-1,4,23715,2,0
380249,4,2,-1,8,25864,9,0
380250,4,2,-1,8,27608,9,0
380251,2,10,-1,0,39429,17,2
380252,4,0,-1,4,2618,12,0
380253,4,2,-1,8,14444,8,0
380254,4,0,-1,4,32714,2,0
380255,2,10,-1,0,20390,17,2
380256,4,2,-1,8,27971,5,0
380257,4,2,-1,8,51217,3,0
380258,4,2,-1,8,17113,6,0
380259,4,2,-1,8,56680,7,0
380260,4,2,-1,8,4439,7,0
380261,4,2,-1,8,21302,1,0
380262,4,2,-1,8,21294,1,0
380263,4,2,-1,8,25691,3,0
380264,4,2,-1,8,56758,10,0
380265,4,2,-1,8,52565,6,0
380266,4,2,-1,8,31385,9,0
380267,4,0,-1,4,40044,11,0
380268,4,2,-1,8,51575,3,0
380269,4,0,-1,4,19785,2,0
380270,4,0,-1,4,7899,2,0
380271,2,10,-1,0,33172,17,2
380272,4,2,-1,8,49898,3,0
380273,4,2,-1,8,43181,3,0
380274,4,2,-1,8,38416,8,0
380275,4,2,-1,8,28522,10,0
380276,4,0,-1,4,22293,12,0
380277,4,0,-1,4,9865,11,0
380278,4,2,-1,8,16932,6,0
380279,4,2,-1,8,22393,5,0
380280,4,2,-1,8,6751,10,0
380281,4,2,-1,8,49925,6,0
380282,4,2,-1,8,1978,7,0
380283,4,2,-1,8,28683,10,0
380284,4,1,-1,7,42615,16,0
380285,4,0,-1,4,224,11,0
380286,4,2,-1,8,19030,7,0
380287,4,2,-1,8,7545,6,0
380288,4,2,-1,8,16984,8,0
380289,4,2,-1,8,44178,5,0
380290,4,2,-1,8,52517,1,0
380291,4,0,-1,4,20769,11,0
380292,4,2,-1,8,29930,7,0
380293,4,2,-1,8,37449,7,0
380294,4,2,-1,8,15299,1,0
380295,4,2,-1,8,13259,1,0
380296,4,2,-1,8,52223,8,0
380297,4,0,-1,4,39918,12,0
380298,4,2,-1,8,28149,6,0
380299,4,2,-1,8,27562,8,0
380300,4,2,-1,8,28429,7,0
380301,4,2,-1,8,27886,1,0
380302,4,2,-1,8,35065,7,0
380303,4,2,-1,8,46944,3,0
380304,4,2,-1,8,55404,3,0
380305,4,8,-1,0,51424,28,0
380306,4,0,-1,4,15853,12,0
380307,4,2,-1,8,45101,1,0
380308,2,10,-1,0,53207,17,2
380309,4,1,-1,7,42907,16,0
380310,4,2,-1,8,16942,6,0
380311,4,2,-1,8,15886,8,0
380312,2,10,-1,0,28236,17,2
380313,4,2,-1,8,44482,3,0
380314,4,2,-1,8,18985,1,0
380315,4,2,-1,8,17149,7,0
380316,4,2,-1,8,17150,7,0
380317,4,2,-1,8,64469,8,0
380318,4,2,-1,8,4385,8,0
380319,4,2,-1,8,43928,5,0
380320,4,2,-1,8,5406,10,0
380321,4,2,-1,8,18361,8,0
380322,4,2,-1,8,17218,6,0
380323,4,2,-1,8,9544,3,0
380324,2,10,-1,0,30711,17,2
380325,4,0,-1,4,51515,11,0
380326,4,2,-1,8,27740,9,0
380327,4,1,-1,7,23747,16,0
380328,4,2,-1,8,18433,3,0
380329,4,2,-1,8,8098,3,0
380330,4,1,-1,7,42907,16,0
380331,4,2,-1,8,18935,7,0
380332,4,2,-1,8,41806,8,0
380333,2,10,-1,0,20378,17,2
380334,4,2,-1,8,19912,8,0
380335,4,2,-1,8,9123,5,0
380336,4,2,-1,8,13864,8,0
380337,4,2,-1,8,48745,10,0
380338,4,2,-1,8,16482,5,0
380339,4,2,-1,8,21302,1,0
380340,4,2,-1,8,38664,3,0
380341,4,2,-1,8,54281,7,0
380342,4,0,-1,4,39689,2,0
380343,2,10,-1,0,53255,17,2
380344,4,2,-1,8,14728,9,0
380345,4,2,-1,8,48752,1,0
380346,4,2,-1,8,34392,6,0
380347,4,2,-1,8,14728,9,0
380348,2,5,-1,0,49203,17,1
380349,4,2,-1,8,17113,6,0
380350,4,0,-1,4,38571,12,0
380351,4,2,-1,8,16954,7,0
380352,4,0,-1,4,28682,11,0
380353,4,0,-1,4,32073,2,0
380354,4,2,-1,8,51701,3,0
380355,4,0,-1,4,34491,2,0
380356,4,2,-1,8,19125,10,0
380357,2,15,-1,0,20570,13,3
380358,2,4,-1,0,38827,13,3
380359,4,0,-1,4,29922,12,0
380360,4,2,-1,8,56605,5,0
380361,2,5,-1,0,39847,17,1
380362,4,2,-1,8,41024,10,0
380363,4,2,-1,8,25864,9,0
380364,4,2,-1,8,13259,1,0
380365,4,2,-1,8,49852,7,0
380366,4,2,-1,8,27964,9,0
380367,4,2,-1,8,35381,8,0
380368,2,10,-1,0,20381,17,2
380369,4,2,-1,8,46441,1,0
380370,4,2,-1,8,43681,5,0
380371,2,15,-1,0,50131,13,3
380372,4,0,-1,4,40034,11,0
380373,4,2,-1,8,56510,10,0
380374,4,2,-1,8,25864,9,0
380375,4,2,-1,8,28008,7,0
380376,4,2,-1,8,51307,5,0
380377,4,2,-1,8,14002,9,0
380378,4,1,-1,7,26299,16,0
380379,4,2,-1,8,12464,6,0
380380,4,2,-1,8,16922,6,0
380381,2,5,-1,0,6806,17,1
380382,4,2,-1,8,45019,7,0
380383,4,2,-1,8,14316,3,0
380384,4,0,-1,4,49229,11,0
380385,4,2,-1,8,43237,1,0
380386,4,2,-1,8,41379,10,0
380387,4,0,-1,4,6502,12,0
380388,4,0,-1,4,15421,2,0
380389,4,0,-1,4,45362,11,0
380390,4,2,-1,8,17127,6,0
380391,2,5,-1,0,56206,17,1
380392,4,2,-1,8,34244,6,0
380393,4,2,-1,8,28045,9,0
380394,4,1,-1,7,54512,16,0
380395,4,2,-1,8,65195,1,0
380396,4,2,-1,8,38657,8,0
380397,4,2,-1,8,39738,7,0
380398,4,0,-1,4,28831,11,0
380399,4,0,-1,4,9823,11,0
380400,4,2,-1,8,49263,1,0
380401,4,2,-1,8,46438,5,0
380402,4,2,-1,8,27975,7,0
380403,4,1,-1,7,26228,16,0
380404,4,2,-1,8,44550,6,0
380405,2,15,-1,0,20380,13,3
380406,4,2,-1,8,27969,8,0
380407,4,0,-1,4,6539,2,0
380408,4,2,-1,8,24178,6,0
380409,4,2,-1,8,30805,9,0
380410,4,2,-1,8,37547,6,0
380411,4,2,-1,8,3992,10,0
380412,4,1,-1,7,23039,16,0
380413,4,1,-1,7,57171,16,0
380414,2,4,-1,0,56241,13,3
380415,4,0,-1,4,9853,2,0
380416,2,15,-1,0,52429,13,3
380417,4,2,-1,8,54803,5,0
380418,4,2,-1,8,27914,5,0
380419,4,2,-1,8,43181,3,0
380420,2,10,-1,0,21968,17,2
380421,4,2,-1,8,18489,7,0
380422,4,0,-1,4,31476,12,0
380423,4,2,-1,8,28022,1,0
380424,4,2,-1,8,52280,1,0
380425,4,2,-1,8,17232,7,0
380426,4,2,-1,8,60465,3,0
380427,4,1,-1,7,28251,16,0
380428,4,2,-1,8,16949,6,0
380429,4,0,-1,4,9859,2,0
380430,4,2,-1,8,18392,1,0
380431,4,2,-1,8,27689,5,0
380432,4,2,-1,8,21302,1,0
380433,2,6,-1,0,5638,17,1
380434,4,2,-1,8,51575,3,0
380435,4,2,-1,8,13249,1,0
380436,4,2,-1,8,4439,7,0
380437,4,1,-1,7,27673,16,0
380438,4,2,-1,8,27732,3,0
380439,2,5,-1,0,51381,17,1
380440,4,2,-1,8,14757,7,0
380441,4,0,-1,4,21632,12,0
380442,4,1,-1,7,27693,16,0
380443,4,0,-1,4,6546,2,0
380444,4,2,-1,8,54841,1,0
380445,4,2,-1,8,28745,3,0
380446,4,0,-1,4,33534,11,0
380447,4,1,-1,7,26080,16,0
380448,4,2,-1,8,19019,6,0
380449,4,2,-1,8,13864,8,0
380450,4,0,-1,4,6539,2,0
380451,4,2,-1,8,14936,6,0
380452,2,5,-1,0,38269,17,1
380453,4,2,-1,8,14676,10,0
380454,4,2,-1,8,27683,5,0
380455,4,2,-1,8,17225,10,0
380456,4,2,-1,8,27717,6,0
380457,4,2,-1,8,24190,9,0
380458,4,2,-1,8,21256,20,0
380459,4,2,-1,8,27887,6,0
380460,4,1,-1,7,50054,16,0
380461,4,1,-1,7,46455,16,0
380462,4,0,-1,4,48007,12,0
380463,4,1,-1,7,27525,16,0
380464,4,2,-1,8,48452,10,0
380465,4,2,-1,8,21302,1,0
380466,4,2,-1,8,19010,1,0
380467,4,2,-1,8,28601,1,0
380468,4,2,-1,8,17258,8,0
380469,4,2,-1,8,56695,5,0
380470,4,2,-1,8,28008,7,0
380471,4,2,-1,8,17179,10,0
380472,4,2,-1,8,44881,1,0
380473,4,2,-1,8,43731,6,0
380474,4,2,-1,8,46445,8,0
380475,4,2,-1,8,38261,6,0
380476,4,2,-1,8,11953,6,0
380477,4,2,-1,8,36771,5,0
380478,4,2,-1,8,6739,9,0
380479,4,2,-1,8,30839,6,0
380480,4,2,-1,8,14002,9,0
380481,4,2,-1,8,9530,8,0
380482,4,2,-1,8,14997,9,0
380483,4,2,-1,8,49358,7,0
380484,2,5,-1,0,28499,17,1
380485,4,0,-1,4,38571,12,0
380486,4,2,-1,8,17277,1,0
380487,4,2,-1,8,30864,3,0
380488,2,6,-1,0,52449,17,1
380489,4,2,-1,8,16508,20,0
380490,4,1,-1,7,28609,16,0
380491,4,2,-1,8,28680,10,0
380492,2,5,-1,0,25626,17,1
380493,4,2,-1,8,43209,3,0
380494,4,2,-1,8,17199,1,0
380495,4,2,-1,8,18322,1,0
380496,4,2,-1,8,47060,6,0
380497,4,2,-1,8,41838,7,0
380498,4,2,-1,8,27675,9,0
380499,4,2,-1,8,52480,9,0
380500,4,0,-1,4,15422,11,0
380501,4,1,-1,7,24928,16,0
380502,4,2,-1,8,17115,6,0
380503,4,2,-1,8,6760,6,0
380504,4,2,-1,8,13253,1,0
380505,4,2,-1,8,16949,6,0
380506,4,2,-1,8,14536,10,0
380507,4,2,-1,8,28482,9,0
380508,4,0,-1,4,22037,12,0
380509,4,2,-1,8,28002,3,0
380510,4,0,-1,4,39124,11,0
380511,4,2,-1,8,30172,8,0
380512,4,2,-1,8,27670,7,0
380513,4,0,-1,4,39682,2,0
380514,4,2,-1,8,14539,5,0
380515,4,1,-1,7,56696,16,0
380516,4,0,-1,4,9846,11,0
380517,4,0,-1,4,23715,2,0
380518,2,5,-1,0,19617,17,1
380519,4,0,-1,4,59323,12,0
380520,4,0,-1,4,54488,11,0
380521,4,2,-1,8,19184,8,0
380522,4,2,-1,8,43169,3,0
380523,4,2,-1,8,54924,5,0
380524,4,2,-1,8,49979,8,0
380525,4,0,-1,4,45197,12,0
380526,4,1,-1,7,52005,16,0
380527,4,2,-1,8,27661,10,0
380528,4,0,-1,4,17918,2,0
380529,2,10,-1,0,20356,17,2
380530,4,2,-1,8,28149,6,0
380531,4,2,-1,8,45958,10,0
380532,4,2,-1,8,28253,3,0
380533,4,2,-1,8,60536,1,0
380534,4,0,-1,4,6502,2,0
380535,4,2,-1,8,34710,7,0
380536,4,2,-1,8,55608,5,0
380537,4,2,-1,8,59129,20,0
380538,4,2,-1,8,27703,3,0
380539,4,2,-1,8,21295,1,0
380540,4,2,-1,8,21298,1,0
380541,4,2,-1,8,49911,10,0
380542,4,2,-1,8,14697,7,0
380543,4,2,-1,8,25864,9,0
380544,4,2,-1,8,3606,9,0
380545,4,2,-1,8,53372,1,0
380546,2,5,-1,0,60652,17,1
380547,4,1,-1,7,47249,16,0
380548,2,10,-1,0,28836,17,2
380549,2,10,-1,0,20410,17,2
380550,4,2,-1,8,27921,10,0
380551,4,2,-1,8,9530,8,0
380552,4,2,-1,8,49983,9,0
380553,4,2,-1,8,37547,6,0
380554,4,2,-1,8,51933,9,0
380555,4,2,-1,8,28328,6,0
380556,4,2,-1,8,17218,6,0
380557,4,2,-1,8,39098,1,0
380558,4,2,-1,8,17061,10,0
380559,4,0,-1,4,43340,11,0
380560,4,2,-1,8,28700,5,0
380561,2,4,-1,0,50206,13,3
380562,4,2,-1,8,17008,9,0
380563,4,2,-1,8,51211,10,0
380564,4,2,-1,8,43020,10,0
380565,4,2,-1,8,5243,5,0
380566,4,2,-1,8,17225,10,0
380567,4,2,-1,8,25726,9,0
380568,4,0,-1,4,32713,2,0
380569,4,1,-1,7,26097,16,0
380570,4,2,-1,8,25864,9,0
380571,4,0,-1,4,38571,12,0
380572,4,2,-1,8,17159,8,0
380573,4,1,-1,7,37805,16,0
380574,4,2,-1,8,7545,6,0
380575,2,15,-1,0,32075,13,3
380576,4,1,-1,7,26215,16,0
380577,4,0,-1,4,9843,11,0
380578,4,2,-1,8,18429,7,0
380579,2,6,-1,0,60069,17,1
380580,4,2,-1,8,27565,9,0
380581,4,2,-1,8,8753,1,0
380582,4,2,-1,8,18979,8,0
380583,4,0,-1,4,24220,12,0
380584,4,2,-1,8,27708,6,0
380585,4,1,-1,7,25916,16,0
380586,4,2,-1,8,27975,7,0
380587,4,2,-1,8,5406,10,0
380588,4,1,-1,7,38973,16,0
380589,2,4,-1,0,41771,13,3
380590,4,2,-1,8,56705,7,0
380591,4,0,-1,4,34491,2,0
380592,4,2,-1,8,25739,1,0
380593,4,2,-1,8,17113,6,0
380594,4,2,-1,8,56715,7,0
380595,4,2,-1,8,17100,5,0
380596,4,2,-1,8,56324,8,0
380597,4,0,-1,4,24569,11,0
380598,4,2,-1,8,5243,5,0
380599,4,2,-1,8,15889,8,0
380600,4,2,-1,8,49919,3,0
380601,4,2,-1,8,28373,9,0
380602,4,0,-1,4,12643,11,0
380603,4,2,-1,8,64477,6,0
380604,4,2,-1,8,27947,7,0
380605,4,2,-1,8,17031,7,0
380606,2,10,-1,0,20424,17,2
380607,4,2,-1,8,49255,5,0
380608,4,2,-1,8,57270,6,0
380609,2,10,-1,0,20420,17,2
380610,4,2,-1,8,703,8,0
380611,4,2,-1,8,28014,7,0
380612,4,2,-1,8,17075,10,0
380613,4,2,-1,8,27568,8,0
380614,2,10,-1,0,28467,17,2
380615,4,2,-1,8,56337,6,0
380616,4,2,-1,8,44178,5,0
380617,4,2,-1,8,11953,6,0
380618,4,2,-1,8,42456,20,0
380619,4,0,-1,4,7093,2,0
380620,2,5,-1,0,8602,17,1
380621,4,0,-1,4,52417,2,0
380622,4,2,-1,8,57524,1,0
380623,4,2,-1,8,56359,8,0
380624,4,1,-1,7,23133,16,0
380625,4,2,-1,8,42969,20,0
380626,2,6,-1,0,47996,17,1
380627,4,2,-1,8,56678,7,0
380628,2,5,-1,0,19620,17,1
380629,4,2,-1,8,28149,6,0
380630,4,2,-1,8,16534,7,0
380631,4,1,-1,7,23066,16,0
380632,4,2,-1,8,28688,10,0
380633,4,0,-1,4,9851,11,0
380634,4,2,-1,8,37197,9,0
380635,4,2,-1,8,31529,5,0
380636,4,2,-1,8,28735,9,0
380637,2,15,-1,0,55573,13,3
380638,4,2,-1,8,21719,20,0
380639,4,2,-1,8,43704,6,0
380640,4,0,-1,4,6539,2,0
380641,4,2,-1,8,15304,1,0
380642,4,0,-1,4,39916,12,0
380643,4,0,-1,4,31906,11,0
380644,4,2,-1,8,11270,3,0
380645,4,2,-1,8,35629,1,0
380646,4,2,-1,8,17137,7,0
380647,4,2,-1,8,2563,3,0
380648,2,6,-1,0,5638,17,1
380649,2,10,-1,0,51713,17,2
380650,4,2,-1,8,14635,7,0
380651,2,5,-1,0,15467,17,1
380652,4,2,-1,8,21302,1,0
380653,2,10,-1,0,50146,17,2
380654,4,2,-1,8,28330,3,0
380655,4,2,-1,8,28039,8,0
380656,4,0,-1,4,45112,12,0
380657,4,2,-1,8,18284,5,0
380658,4,2,-1,8,50995,6,0
380659,4,2,-1,8,11382,5,0
380660,4,2,-1,8,27957,8,0
380661,4,1,-1,7,28609,16,0
380662,4,2,-1,8,28370,9,0
380663,4,2,-1,8,26072,10,0
380664,4,2,-1,8,56540,8,0
380665,4,2,-1,8,4440,8,0
380666,4,2,-1,8,56470,8,0
380667,4,2,-1,8,17155,7,0
380668,4,2,-1,8,64503,1,0
380669,2,10,-1,0,47434,17,2
380670,4,2,-1,8,51598,7,0
380671,4,2,-1,8,53054,7,0
380672,4,2,-1,8,56677,8,0
380673,4,2,-1,8,54704,3,0
380674,4,2,-1,8,43017,8,0
380675,4,2,-1,8,28176,3,0
380676,4,2,-1,8,14759,8,0
380677,4,0,-1,4,24187,12,0
380678,4,2,-1,8,14769,8,0
380679,4,2,-1,8,17199,1,0
380680,4,2,-1,8,16989,8,0
380681,4,0,-1,4,30696,12,0
380682,4,2,-1,8,29928,3,0
380683,4,2,-1,8,28427,9,0
380684,2,10,-1,0,51382,17,2
380685,2,6,-1,0,28758,17,1
380686,4,2,-1,8,55749,8,0
380687,4,1,-1,7,23012,16,0
380688,4,2,-1,8,64563,7,0
380689,2,4,-1,0,28689,13,3
380690,4,2,-1,8,9530,8,0
380691,4,1,-1,7,56697,16,0
380692,4,2,-1,8,51613,10,0
380693,4,1,-1,7,24928,16,0
380694,4,2,-1,8,45029,9,0
380695,4,2,-1,8,17193,3,0
380696,2,10,-1,0,20274,17,2
380697,4,2,-1,8,28749,8,0
380698,2,10,-1,0,20269,17,2
380699,4,2,-1,8,51603,6,0
380700,4,2,-1,8,50025,5,0
380701,4,2,-1,8,45176,1,0
380702,2,5,-1,0,5226,17,1
380703,4,2,-1,8,48352,6,0
380704,4,2,-1,8,25726,9,0
380705,4,1,-1,7,46490,16,0
380706,4,2,-1,8,42784,8,0
380707,4,0,-1,4,9857,2,0
380708,4,2,-1,8,51514,6,0
380709,4,2,-1,8,14832,6,0
380710,4,2,-1,8,13864,8,0
380711,4,2,-1,8,35395,7,0
380712,4,1,-1,7,50974,16,0
380713,4,2,-1,8,51262,10,0
380714,4,0,-1,4,39914,12,0
380715,4,1,-1,7,55943,16,0
380716,2,4,-1,0,5218,13,3
380717,4,2,-1,8,49919,3,0
380718,4,2,-1,8,3606,9,0
380719,4,2,-1,8,4438,10,0
380720,4,2,-1,8,32720,6,0
380721,4,2,-1,8,41569,7,0
380722,4,2,-1,8,27568,8,0
380723,4,2,-1,8,52938,5,0
380724,4,2,-1,8,30729,10,0
380725,4,2,-1,8,28046,10,0
380726,2,10,-1,0,23673,17,2
380727,4,2,-1,8,27560,6,0
380728,4,2,-1,8,27524,8,0
380729,4,2,-1,8,27759,3,0
380730,4,2,-1,8,44254,1,0
380731,4,8,-1,0,51424,28,0
380732,4,2,-1,8,55873,7,0
380733,4,2,-1,8,9513,6,0
380734,2,10,-1,0,20372,17,2
380735,4,2,-1,8,34247,8,0
380736,4,2,-1,8,49790,5,0
380737,4,2,-1,8,15304,1,0
380738,4,2,-1,8,21901,7,0
380739,4,2,-1,8,42945,7,0
380740,4,2,-1,8,55964,3,0
380741,4,2,-1,8,45960,7,0
380742,4,2,-1,8,30171,5,0
380743,4,2,-1,8,16920,6,0
380744,4,1,-1,7,25978,16,0
380745,4,2,-1,8,25864,9,0
380746,4,2,-1,8,27632,9,0
380747,4,2,-1,8,27733,3,0
380748,4,0,-1,4,9854,2,0
380749,4,2,-1,8,28219,6,0
380750,4,0,-1,4,53407,2,0
380751,2,5,-1,0,8602,17,1
380752,4,2,-1,8,48752,1,0
380753,4,2,-1,8,44876,1,0
380754,2,10,-1,0,20432,17,2
380755,4,1,-1,7,15089,16,0
380756,4,2,-1,8,27567,10,0
380757,4,2,-1,8,28008,7,0
380758,4,2,-1,8,14002,9,0
380759,2,5,-1,0,28468,17,1
380760,4,2,-1,8,28763,6,0
380761,4,2,-1,8,34244,6,0
380762,4,2,-1,8,17160,7,0
380763,4,0,-1,4,3258,11,0
380764,4,2,-1,8,38415,6,0
380765,4,2,-1,8,19030,7,0
380766,4,2,-1,8,14522,7,0
380767,4,0,-1,4,7841,12,0
380768,4,2,-1,8,16971,7,0
380769,4,1,-1,7,32072,16,0
380770,4,2,-1,8,30171,5,0
380771,4,2,-1,8,45915,8,0
380772,4,2,-1,8,14758,5,0
380773,4,2,-1,8,30654,7,0
380774,4,2,-1,8,64446,1,0
380775,4,2,-1,8,49369,3,0
380776,4,0,-1,4,6540,12,0
380777,4,2,-1,8,27703,3,0
380778,4,2,-1,8,17154,7,0
380779,4,0,-1,4,23715,2,0
380780,4,2,-1,8,54215,6,0
380781,4,0,-1,4,9854,2,0
380782,4,0,-1,4,6484,12,0
380783,4,0,-1,4,6484,12,0
380784,4,0,-1,4,1225,11,0
380785,4,2,-1,8,13266,1,0
380786,4,2,-1,8,54925,3,0
380787,4,2,-1,8,17166,9,0
380788,4,2,-1,8,57749,8,0
380789,2,5,-1,0,6806,17,1
380790,4,2,-1,8,14276,8,0
380791,4,0,-1,4,21115,12,0
380792,4,2,-1,8,28744,3,0
380793,4,2,-1,8,18921,1,0
380794,4,2,-1,8,28369,6,0
380795,4,2,-1,8,9503,10,0
380796,4,2,-1,8,16888,5,0
380797,2,5,-1,0,28540,17,1
380798,4,0,-1,4,15420,2,0
380799,4,2,-1,8,2362,10,0
380800,4,2,-1,8,49929,7,0
380801,4,2,-1,8,27566,6,0
380802,4,2,-1,8,49985,10,0
380803,4,2,-1,8,22393,5,0
380804,4,2,-1,8,17160,7,0
380805,4,0,-1,4,9854,2,0
380806,4,2,-1,8,54506,10,0
380807,4,2,-1,8,27702,8,0
380808,4,2,-1,8,28728,7,0
380809,4,2,-1,8,18944,8,0
380810,4,2,-1,8,17213,1,0
380811,4,1,-1,7,52453,16,0
380812,4,2,-1,8,17031,7,0
380813,4,2,-1,8,64469,8,0
380814,4,2,-1,8,18498,1,0
380815,4,8,-1,0,54349,28,0
380816,4,2,-1,8,5406,10,0
380817,2,10,-1,0,20395,17,2
380818,4,2,-1,8,28339,10,0
380819,4,0,-1,4,12643,11,0
380820,4,2,-1,8,18429,7,0
380821,4,2,-1,8,17062,10,0
380822,4,1,-1,7,37556,16,0
380823,4,1,-1,7,50053,16,0
380824,4,2,-1,8,14672,8,0
380825,4,2,-1,8,27728,5,0
380826,4,2,-1,8,9535,7,0
380827,4,2,-1,8,16971,7,0
380828,2,15,-1,0,20591,13,3
380829,4,2,-1,8,54509,6,0
380830,2,10,-1,0,51691,17,2
380831,4,2,-1,8,11253,6,0
380832,4,2,-1,8,28173,1,0
380833,4,2,-1,8,14002,9,0
380834,4,1,-1,7,27176,16,0
380835,2,10,-1,0,20272,17,2
380836,4,2,-1,8,61181,6,0
380837,4,2,-1,8,5243,5,0
380838,4,2,-1,8,27969,8,0
380839,4,2,-1,8,36771,5,0
380840,4,8,-1,0,54347,28,0
380841,2,15,-1,0,43097,13,3
380842,2,10,-1,0,20325,17,2
380843,4,1,-1,7,15248,16,0
380844,4,2,-1,8,54950,3,0
380845,4,2,-1,8,9513,6,0
380846,2,6,-1,0,22242,17,1
380847,4,2,-1,8,17316,9,0
380848,4,2,-1,8,13253,1,0
380849,4,0,-1,4,38674,11,0
380850,4,2,-1,8,13206,7,0
380851,4,2,-1,8,37473,8,0
380852,4,0,-1,4,57689,12,0
380853,4,2,-1,8,18929,10,0
380854,4,0,-1,4,9823,11,0
380855,4,2,-1,8,51217,3,0
380856,4,2,-1,8,28763,6,0
380857,4,1,-1,7,51925,16,0
380858,4,0,-1,4,7093,2,0
380859,4,0,-1,4,34282,12,0
380860,4,2,-1,8,43231,7,0
380861,4,8,-1,0,34955,28,0
380862,4,2,-1,8,25705,7,0
380863,4,0,-1,4,39877,2,0
380864,4,2,-1,8,51603,6,0
380865,4,2,-1,8,28763,6,0
380866,4,0,-1,4,32713,2,0
380867,4,2,-1,8,14276,8,0
380868,4,2,-1,8,17100,5,0
380869,4,0,-1,4,52417,2,0
380870,4,2,-1,8,14672,8,0
380871,4,0,-1,4,20625,12,0
380872,4,2,-1,8,37895,7,0
380873,4,2,-1,8,14536,10,0
380874,4,2,-1,8,16922,6,0
380875,4,2,-1,8,56516,9,0
380876,4,2,-1,8,38860,7,0
380877,4,2,-1,8,49848,3,0
380878,4,0,-1,4,30696,12,0
380879,4,2,-1,8,28368,5,0
380880,4,1,-1,7,28563,16,0
380881,4,2,-1,8,56591,3,0
380882,4,0,-1,4,9845,11,0
380883,4,2,-1,8,46443,6,0
380884,4,2,-1,8,14002,9,0
380885,2,10,-1,0,50988,17,2
380886,4,0,-1,4,7397,12,0
380887,4,2,-1,8,16980,8,0
380888,4,2,-1,8,27668,6,0
380889,4,2,-1,8,27682,3,0
380890,4,2,-1,8,16949,6,0
380891,4,2,-1,8,27632,9,0
380892,4,2,-1,8,27724,6,0
380893,4,2,-1,8,4439,7,0
380894,4,2,-1,8,44027,6,0
380895,4,2,-1,8,9169,8,0
380896,4,1,-1,7,27108,16,0
380897,4,2,-1,8,27578,7,0
380898,2,15,-1,0,16130,13,3
380899,2,4,-1,0,20953,13,3
380900,4,2,-1,8,45909,8,0
380901,4,0,-1,4,17918,2,0
380902,4,2,-1,8,54952,8,0
380903,4,2,-1,8,21404,7,0
380904,4,0,-1,4,48507,2,0
380905,4,2,-1,8,46803,3,0
380906,4,2,-1,8,21903,8,0
380907,4,2,-1,8,29977,9,0
380908,4,2,-1,8,49983,9,0
380909,4,2,-1,8,17103,5,0
380910,4,2,-1,8,41967,5,0
380911,4,2,-1,8,41549,9,0
380912,4,2,-1,8,27723,7,0
380913,4,2,-1,8,45503,10,0
380914,4,2,-1,8,19911,3,0
380915,4,0,-1,4,224,11,0
380916,4,2,-1,8,28654,8,0
380917,4,2,-1,8,14832,6,0
380918,4,2,-1,8,28039,8,0
380919,4,2,-1,8,51529,20,0
380920,4,2,-1,8,15001,7,0
380921,4,2,-1,8,56678,7,0
380922,4,2,-1,8,9541,7,0
380923,4,1,-1,7,28042,16,0
380924,4,2,-1,8,57268,8,0
380925,4,2,-1,8,28700,5,0
380926,4,2,-1,8,8676,5,0
380927,4,2,-1,8,54872,5,0
380928,4,2,-1,8,21298,1,0
380929,4,2,-1,8,49354,5,0
380930,4,0,-1,4,33288,2,0
380931,4,2,-1,8,16989,8,0
380932,2,10,-1,0,50345,17,2
380933,4,0,-1,4,48007,12,0
380934,4,2,-1,8,13864,8,0
380935,4,0,-1,4,17918,2,0
380936,4,2,-1,8,52517,1,0
380937,4,2,-1,8,56540,8,0
380938,4,2,-1,8,21313,1,0
380939,4,2,-1,8,17160,7,0
380940,4,2,-1,8,34900,5,0
380941,4,2,-1,8,27689,5,0
380942,4,1,-1,7,52004,16,0
380943,4,0,-1,4,24569,11,0
380944,4,0,-1,4,9849,11,0
380945,4,2,-1,8,18498,1,0
380946,4,2,-1,8,21304,1,0
380947,4,2,-1,8,25688,5,0
380948,2,4,-1,0,19699,13,3
380949,4,1,-1,7,28614,16,0
380950,4,2,-1,8,44305,10,0
380951,4,2,-1,8,35381,8,0
380952,2,10,-1,0,20402,17,2
380953,4,2,-1,8,27734,1,0
380954,4,2,-1,8,40727,5,0
380955,2,5,-1,0,56905,17,1
380956,4,0,-1,4,51230,11,0
380957,4,0,-1,4,31387,12,0
380958,4,2,-1,8,46939,5,0
380959,4,2,-1,8,19012,5,0
380960,4,2,-1,8,38857,8,0
380961,4,2,-1,8,24190,9,0
380962,4,0,-1,4,52405,11,0
380963,4,2,-1,8,27764,3,0
380964,4,1,-1,7,23014,16,0
380965,4,2,-1,8,16921,6,0
380966,4,2,-1,8,27962,5,0
380967,4,2,-1,8,17099,5,0
380968,4,2,-1,8,13864,8,0
380969,4,2,-1,8,18429,7,0
380970,2,10,-1,0,50988,17,2
380971,4,1,-1,7,23025,16,0
380972,4,2,-1,8,37606,10,0
380973,4,2,-1,8,19184,8,0
380974,4,1,-1,7,27631,16,0
380975,4,0,-1,4,39128,11,0
380976,4,2,-1,8,28749,8,0
380977,4,0,-1,4,31476,12,0
380978,4,0,-1,4,9840,11,0
380979,2,10,-1,0,20432,17,2
380980,4,2,-1,8,9123,5,0
380981,4,2,-1,8,47050,5,0
380982,4,2,-1,8,19017,10,0
380983,4,2,-1,8,27990,10,0
380984,4,0,-1,4,14437,11,0
380985,4,2,-1,8,27959,1,0
380986,4,2,-1,8,33148,7,0
380987,4,2,-1,8,51709,20,0
380988,2,10,-1,0,22144,17,2
380989,2,5,-1,0,39633,17,1
380990,4,1,-1,7,23025,16,0
380991,4,2,-1,8,27660,1,0
380992,4,2,-1,8,14996,8,0
380993,4,2,-1,8,11387,9,0
380994,4,2,-1,8,29981,8,0
380995,4,2,-1,8,28802,6,0
380996,4,0,-1,4,2854,11,0
380997,4,2,-1,8,1978,7,0
380998,4,2,-1,8,19012,5,0
380999,4,2,-1,8,16982,8,0
